job_id,job_title,normalized_skills
JOB00001,Machine Learning Engineer,"['Docker', 'Machine Learning', 'Python', 'Scikit-learn', 'TensorFlow']"
JOB00002,Product Analyst,"['Cloud Computing', 'Excel', 'Product Analytics', 'Python', 'SQL']"
JOB00003,Web Developer,"['CSS', 'Git', 'HTML', 'Java', 'JavaScript', 'Machine Learning', 'React']"
JOB00004,Web Developer,"['CSS', 'Git', 'HTML', 'Java', 'JavaScript', 'Machine Learning', 'React']"
JOB00005,Database Administrator,"['Database', 'Database Administration', 'MySQL', 'Oracle', 'PostgreSQL', 'SQL']"
JOB00006,Machine Learning Engineer,"['Docker', 'Machine Learning', 'Python', 'Scikit-learn', 'TensorFlow']"
JOB00007,Product Analyst,"['Excel', 'Product Analytics', 'Python', 'SQL']"
JOB00008,QA Engineer,"['Automation Testing', 'Java', 'Python', 'SQL', 'Selenium']"
JOB00009,Web Developer,"['CSS', 'Git', 'HTML', 'Java', 'JavaScript', 'Machine Learning', 'React']"
JOB00010,BI Analyst,"['DAX', 'Data Visualization', 'Excel', 'Power BI', 'SQL']"
JOB00011,Product Analyst,"['Excel', 'Product Analytics', 'Python', 'SQL']"
JOB00012,Database Administrator,"['Database', 'Database Administration', 'MySQL', 'Oracle', 'PostgreSQL', 'SQL']"
JOB00013,SQL Developer,"['Database', 'ETL', 'MySQL', 'PostgreSQL', 'SQL']"
JOB00014,Software Engineer,"['Git', 'Java', 'Python', 'REST API', 'SQL']"
JOB00015,QA Engineer,"['Automation Testing', 'Java', 'Python', 'SQL', 'Selenium']"
JOB00016,Machine Learning Engineer,"['Docker', 'Machine Learning', 'Python', 'Scikit-learn', 'TensorFlow']"
JOB00017,Power BI Developer,"['DAX', 'Excel', 'Power BI', 'Power Query', 'SQL']"
JOB00018,Machine Learning Engineer,"['Docker', 'Machine Learning', 'Python', 'Scikit-learn', 'TensorFlow']"
JOB00019,Data Engineer,"['AWS', 'ETL', 'Python', 'SQL', 'Spark']"
JOB00020,Marketing Analyst,"['Excel', 'Marketing Analytics', 'Power BI', 'Python', 'SQL']"
JOB00021,Python Developer,"['Django', 'Flask', 'Git', 'Python', 'SQL']"
JOB00022,Machine Learning Engineer,"['Docker', 'Machine Learning', 'Python', 'Scikit-learn', 'TensorFlow']"
JOB00023,Data Scientist,"['Machine Learning', 'Oracle', 'Pandas', 'Python', 'SQL', 'Statistics']"
JOB00024,Product Analyst,"['Excel', 'Product Analytics', 'Python', 'SQL']"
JOB00025,DevOps Engineer,"['AWS', 'Docker', 'Jenkins', 'Kubernetes', 'Linux']"
JOB00026,Web Developer,"['CSS', 'Cloud Computing', 'Git', 'HTML', 'Java', 'JavaScript', 'Machine Learning', 'React']"
JOB00027,Data Analyst,"['Cloud Computing', 'Excel', 'Power BI', 'Python', 'SQL', 'Tableau']"
JOB00028,Data Scientist,"['Machine Learning', 'Pandas', 'Python', 'SQL', 'Statistics']"
JOB00029,QA Engineer,"['Automation Testing', 'Java', 'Python', 'SQL', 'Selenium']"
JOB00030,Machine Learning Engineer,"['Docker', 'Machine Learning', 'Python', 'Scikit-learn', 'TensorFlow']"
JOB00031,Machine Learning Engineer,"['Docker', 'Machine Learning', 'Python', 'Scikit-learn', 'TensorFlow']"
JOB00032,Product Analyst,"['Excel', 'Product Analytics', 'Python', 'SQL']"
JOB00033,Data Scientist,"['Machine Learning', 'Pandas', 'Python', 'SQL', 'Statistics']"
JOB00034,Data Scientist,"['Machine Learning', 'Pandas', 'Python', 'SQL', 'Statistics']"
JOB00035,Business Analyst,"['Business Analysis', 'Excel', 'Power BI', 'Requirements Gathering', 'SQL']"
JOB00036,Data Engineer,"['AWS', 'ETL', 'Python', 'SQL', 'Spark']"
JOB00037,Business Analyst,"['Business Analysis', 'Excel', 'Power BI', 'Requirements Gathering', 'SQL']"
JOB00038,QA Engineer,"['Automation Testing', 'Java', 'Oracle', 'Python', 'SQL', 'Selenium']"
JOB00039,Python Developer,"['Cloud Computing', 'Django', 'Flask', 'Git', 'Python', 'SQL']"
JOB00040,QA Engineer,"['Automation Testing', 'Java', 'Python', 'SQL', 'Selenium']"
JOB00041,Cloud Engineer,"['AWS', 'Azure', 'Cloud Computing', 'Docker', 'Linux']"
JOB00042,DevOps Engineer,"['AWS', 'Docker', 'Jenkins', 'Kubernetes', 'Linux']"
JOB00043,Data Scientist,"['Machine Learning', 'Pandas', 'Python', 'SQL', 'Statistics']"
JOB00044,Web Developer,"['CSS', 'Git', 'HTML', 'Java', 'JavaScript', 'Machine Learning', 'React']"
JOB00045,Product Analyst,"['Excel', 'Product Analytics', 'Python', 'SQL']"
JOB00046,Product Analyst,"['Excel', 'Product Analytics', 'Python', 'SQL']"
JOB00047,SQL Developer,"['Database', 'ETL', 'MySQL', 'PostgreSQL', 'SQL']"
JOB00048,Cloud Engineer,"['AWS', 'Azure', 'Cloud Computing', 'Docker', 'Linux']"
JOB00049,Product Analyst,"['Excel', 'Product Analytics', 'Python', 'SQL']"
JOB00050,Product Analyst,"['Excel', 'Product Analytics', 'Python', 'SQL']"
JOB00051,Business Analyst,"['Business Analysis', 'Excel', 'Power BI', 'Requirements Gathering', 'SQL']"
JOB00052,Machine Learning Engineer,"['Docker', 'Machine Learning', 'Python', 'Scikit-learn', 'TensorFlow']"
JOB00053,Python Developer,"['Django', 'Flask', 'Git', 'Python', 'SQL']"
JOB00054,Cloud Engineer,"['AWS', 'Azure', 'Cloud Computing', 'Docker', 'Linux']"
JOB00055,SQL Developer,"['Database', 'ETL', 'MySQL', 'PostgreSQL', 'SQL']"
JOB00056,Power BI Developer,"['DAX', 'Excel', 'Power BI', 'Power Query', 'SQL']"
JOB00057,Product Analyst,"['Excel', 'Product Analytics', 'Python', 'SQL']"
JOB00058,Business Analyst,"['Business Analysis', 'Excel', 'Power BI', 'Requirements Gathering', 'SQL']"
JOB00059,Power BI Developer,"['DAX', 'Excel', 'Power BI', 'Power Query', 'SQL']"
JOB00060,BI Analyst,"['DAX', 'Data Visualization', 'Excel', 'Power BI', 'SQL']"
JOB00061,DevOps Engineer,"['AWS', 'Docker', 'Jenkins', 'Kubernetes', 'Linux']"
JOB00062,Product Analyst,"['Excel', 'Product Analytics', 'Python', 'SQL']"
JOB00063,Full Stack Developer,"['CSS', 'HTML', 'Java', 'JavaScript', 'Machine Learning', 'Node', 'React']"
JOB00064,SQL Developer,"['Database', 'ETL', 'MySQL', 'PostgreSQL', 'SQL']"
JOB00065,HR Analyst,"['Data Analysis', 'Excel', 'HR Analytics', 'Power BI', 'SQL']"
JOB00066,DevOps Engineer,"['AWS', 'Docker', 'Jenkins', 'Kubernetes', 'Linux']"
JOB00067,Web Developer,"['CSS', 'Git', 'HTML', 'Java', 'JavaScript', 'Machine Learning', 'React']"
JOB00068,HR Analyst,"['Data Analysis', 'Excel', 'HR Analytics', 'Power BI', 'SQL']"
JOB00069,Web Developer,"['CSS', 'Git', 'HTML', 'Java', 'JavaScript', 'Machine Learning', 'React']"
JOB00070,Marketing Analyst,"['Excel', 'Marketing Analytics', 'Power BI', 'Python', 'SQL']"
JOB00071,HR Analyst,"['Data Analysis', 'Excel', 'HR Analytics', 'Power BI', 'SQL']"
JOB00072,Product Analyst,"['Excel', 'Product Analytics', 'Python', 'SQL']"
JOB00073,Web Developer,"['CSS', 'Git', 'HTML', 'Java', 'JavaScript', 'Machine Learning', 'React']"
JOB00074,Data Scientist,"['Machine Learning', 'Pandas', 'Python', 'SQL', 'Statistics']"
JOB00075,Software Engineer,"['Git', 'Java', 'Python', 'REST API', 'SQL']"
JOB00076,Data Scientist,"['Machine Learning', 'Pandas', 'Python', 'SQL', 'Statistics']"
JOB00077,SQL Developer,"['Database', 'ETL', 'MySQL', 'PostgreSQL', 'SQL']"
JOB00078,Financial Analyst,"['Excel', 'Financial Modeling', 'Power BI', 'SQL', 'Statistics']"
JOB00079,Financial Analyst,"['Excel', 'Financial Modeling', 'Power BI', 'SQL', 'Statistics']"
JOB00080,Power BI Developer,"['DAX', 'Excel', 'Power BI', 'Power Query', 'SQL']"
JOB00081,Data Scientist,"['Machine Learning', 'Pandas', 'Python', 'SQL', 'Statistics']"
JOB00082,Database Administrator,"['Database', 'Database Administration', 'MySQL', 'Oracle', 'PostgreSQL', 'SQL']"
JOB00083,Cloud Engineer,"['AWS', 'Azure', 'Cloud Computing', 'Docker', 'Linux']"
JOB00084,Data Scientist,"['Machine Learning', 'Pandas', 'Python', 'SQL', 'Statistics']"
JOB00085,Web Developer,"['CSS', 'Git', 'HTML', 'Java', 'JavaScript', 'Machine Learning', 'React']"
JOB00086,BI Analyst,"['DAX', 'Data Visualization', 'Excel', 'Power BI', 'SQL']"
JOB00087,Machine Learning Engineer,"['Docker', 'Machine Learning', 'Python', 'Scikit-learn', 'TensorFlow']"
JOB00088,Data Scientist,"['Machine Learning', 'Pandas', 'Python', 'SQL', 'Statistics']"
JOB00089,QA Engineer,"['Automation Testing', 'Java', 'Python', 'SQL', 'Selenium']"
JOB00090,Data Analyst,"['Excel', 'Power BI', 'Python', 'SQL', 'Tableau']"
JOB00091,Software Engineer,"['Git', 'Java', 'Python', 'REST API', 'SQL']"
JOB00092,HR Analyst,"['Data Analysis', 'Excel', 'HR Analytics', 'Power BI', 'SQL']"
JOB00093,Cloud Engineer,"['AWS', 'Azure', 'Cloud Computing', 'Docker', 'Linux']"
JOB00094,Financial Analyst,"['Excel', 'Financial Modeling', 'Power BI', 'SQL', 'Statistics']"
JOB00095,Cloud Engineer,"['AWS', 'Azure', 'Cloud Computing', 'Docker', 'Linux']"
JOB00096,Data Scientist,"['Machine Learning', 'Pandas', 'Python', 'SQL', 'Statistics']"
JOB00097,Financial Analyst,"['Excel', 'Financial Modeling', 'Power BI', 'SQL', 'Statistics']"
JOB00098,Web Developer,"['CSS', 'Git', 'HTML', 'Java', 'JavaScript', 'Machine Learning', 'React']"
JOB00099,Data Engineer,"['AWS', 'ETL', 'Python', 'SQL', 'Spark']"
JOB00100,Cloud Engineer,"['AWS', 'Azure', 'Cloud Computing', 'Docker', 'Linux']"
JOB00101,SQL Developer,"['Database', 'ETL', 'MySQL', 'PostgreSQL', 'SQL']"
JOB00102,DevOps Engineer,"['AWS', 'Docker', 'Jenkins', 'Kubernetes', 'Linux']"
JOB00103,Cloud Engineer,"['AWS', 'Azure', 'Cloud Computing', 'Docker', 'Linux']"
JOB00104,Machine Learning Engineer,"['Docker', 'Machine Learning', 'Python', 'Scikit-learn', 'TensorFlow']"
JOB00105,Python Developer,"['Django', 'Flask', 'Git', 'Python', 'SQL']"
JOB00106,Data Scientist,"['Machine Learning', 'Pandas', 'Python', 'SQL', 'Statistics']"
JOB00107,Data Scientist,"['Machine Learning', 'Pandas', 'Python', 'SQL', 'Statistics']"
JOB00108,HR Analyst,"['Data Analysis', 'Excel', 'HR Analytics', 'Power BI', 'SQL']"
JOB00109,Full Stack Developer,"['CSS', 'HTML', 'Java', 'JavaScript', 'Machine Learning', 'Node', 'React']"
JOB00110,Python Developer,"['Django', 'Flask', 'Git', 'Python', 'SQL']"
JOB00111,HR Analyst,"['Data Analysis', 'Excel', 'HR Analytics', 'Power BI', 'SQL']"
JOB00112,HR Analyst,"['Cloud Computing', 'Data Analysis', 'Excel', 'HR Analytics', 'Power BI', 'SQL']"
JOB00113,Product Analyst,"['Excel', 'Product Analytics', 'Python', 'SQL']"
JOB00114,Python Developer,"['Django', 'Flask', 'Git', 'Python', 'SQL']"
JOB00115,DevOps Engineer,"['AWS', 'Docker', 'Jenkins', 'Kubernetes', 'Linux']"
JOB00116,Full Stack Developer,"['CSS', 'HTML', 'Java', 'JavaScript', 'Machine Learning', 'Node', 'React']"
JOB00117,Data Analyst,"['Cloud Computing', 'Excel', 'Power BI', 'Python', 'SQL', 'Tableau']"
JOB00118,QA Engineer,"['Automation Testing', 'Java', 'Python', 'SQL', 'Selenium']"
JOB00119,QA Engineer,"['Automation Testing', 'Java', 'Python', 'SQL', 'Selenium']"
JOB00120,Database Administrator,"['Database', 'Database Administration', 'MySQL', 'Oracle', 'PostgreSQL', 'SQL']"
JOB00121,DevOps Engineer,"['AWS', 'Docker', 'Jenkins', 'Kubernetes', 'Linux']"
JOB00122,Cloud Engineer,"['AWS', 'Azure', 'Cloud Computing', 'Docker', 'Linux']"
JOB00123,Data Engineer,"['AWS', 'ETL', 'Python', 'SQL', 'Spark']"
JOB00124,Business Analyst,"['Business Analysis', 'Excel', 'Power BI', 'Requirements Gathering', 'SQL']"
JOB00125,Machine Learning Engineer,"['Docker', 'Machine Learning', 'Python', 'Scikit-learn', 'TensorFlow']"
JOB00126,Product Analyst,"['Excel', 'Product Analytics', 'Python', 'SQL']"
JOB00127,Financial Analyst,"['Excel', 'Financial Modeling', 'Power BI', 'SQL', 'Statistics']"
JOB00128,HR Analyst,"['Data Analysis', 'Excel', 'HR Analytics', 'Power BI', 'SQL']"
JOB00129,Data Engineer,"['AWS', 'ETL', 'Python', 'SQL', 'Spark']"
JOB00130,QA Engineer,"['Automation Testing', 'Java', 'Python', 'SQL', 'Selenium']"
JOB00131,BI Analyst,"['DAX', 'Data Visualization', 'Excel', 'Power BI', 'SQL']"
JOB00132,Web Developer,"['CSS', 'Git', 'HTML', 'Java', 'JavaScript', 'Machine Learning', 'React']"
JOB00133,Power BI Developer,"['DAX', 'Excel', 'Power BI', 'Power Query', 'SQL']"
JOB00134,Machine Learning Engineer,"['Docker', 'Machine Learning', 'Python', 'Scikit-learn', 'TensorFlow']"
JOB00135,Data Engineer,"['AWS', 'ETL', 'Python', 'SQL', 'Spark']"
JOB00136,Data Scientist,"['Machine Learning', 'Pandas', 'Python', 'SQL', 'Statistics']"
JOB00137,Product Analyst,"['Excel', 'Product Analytics', 'Python', 'SQL']"
JOB00138,Data Engineer,"['AWS', 'ETL', 'Python', 'SQL', 'Spark']"
JOB00139,Data Analyst,"['Excel', 'Power BI', 'Python', 'SQL', 'Tableau']"
JOB00140,Software Engineer,"['Git', 'Java', 'Python', 'REST API', 'SQL']"
JOB00141,Data Scientist,"['Machine Learning', 'Pandas', 'Python', 'SQL', 'Statistics']"
JOB00142,Web Developer,"['CSS', 'Git', 'HTML', 'Java', 'JavaScript', 'Machine Learning', 'React']"
JOB00143,HR Analyst,"['Data Analysis', 'Excel', 'HR Analytics', 'Power BI', 'SQL']"
JOB00144,QA Engineer,"['Automation Testing', 'Java', 'Python', 'SQL', 'Selenium']"
JOB00145,SQL Developer,"['Database', 'ETL', 'MySQL', 'PostgreSQL', 'SQL']"
JOB00146,QA Engineer,"['Automation Testing', 'Java', 'Python', 'SQL', 'Selenium']"
JOB00147,QA Engineer,"['Automation Testing', 'Java', 'Python', 'SQL', 'Selenium']"
JOB00148,Full Stack Developer,"['CSS', 'HTML', 'Java', 'JavaScript', 'Machine Learning', 'Node', 'React']"
JOB00149,Machine Learning Engineer,"['Docker', 'Machine Learning', 'Python', 'Scikit-learn', 'TensorFlow']"
JOB00150,Data Scientist,"['Machine Learning', 'Pandas', 'Python', 'SQL', 'Statistics']"
JOB00151,Marketing Analyst,"['Excel', 'Marketing Analytics', 'Power BI', 'Python', 'SQL']"
JOB00152,Database Administrator,"['Database', 'Database Administration', 'MySQL', 'Oracle', 'PostgreSQL', 'SQL']"
JOB00153,Product Analyst,"['Excel', 'Product Analytics', 'Python', 'SQL']"
JOB00154,HR Analyst,"['Data Analysis', 'Excel', 'HR Analytics', 'Power BI', 'SQL']"
JOB00155,Machine Learning Engineer,"['Docker', 'Machine Learning', 'Python', 'Scikit-learn', 'TensorFlow']"
JOB00156,Data Scientist,"['Machine Learning', 'Pandas', 'Python', 'SQL', 'Statistics']"
JOB00157,Business Analyst,"['Business Analysis', 'Excel', 'Power BI', 'Requirements Gathering', 'SQL']"
JOB00158,Power BI Developer,"['DAX', 'Excel', 'Power BI', 'Power Query', 'SQL']"
JOB00159,Financial Analyst,"['Excel', 'Financial Modeling', 'Power BI', 'SQL', 'Statistics']"
JOB00160,HR Analyst,"['Data Analysis', 'Excel', 'HR Analytics', 'Power BI', 'SQL']"
JOB00161,Business Analyst,"['Business Analysis', 'Excel', 'Power BI', 'Requirements Gathering', 'SQL']"
JOB00162,Full Stack Developer,"['CSS', 'HTML', 'Java', 'JavaScript', 'Machine Learning', 'Node', 'React']"
JOB00163,Data Scientist,"['Machine Learning', 'Pandas', 'Python', 'SQL', 'Statistics']"
JOB00164,Full Stack Developer,"['CSS', 'HTML', 'Java', 'JavaScript', 'Machine Learning', 'Node', 'React']"
JOB00165,Data Analyst,"['Excel', 'Power BI', 'Python', 'SQL', 'Tableau']"
JOB00166,Cloud Engineer,"['AWS', 'Azure', 'Cloud Computing', 'Docker', 'Linux']"
JOB00167,Financial Analyst,"['Excel', 'Financial Modeling', 'Power BI', 'SQL', 'Statistics']"
JOB00168,Full Stack Developer,"['CSS', 'HTML', 'Java', 'JavaScript', 'Machine Learning', 'Node', 'React']"
JOB00169,Business Analyst,"['Business Analysis', 'Excel', 'Oracle', 'Power BI', 'Requirements Gathering', 'SQL']"
JOB00170,Data Scientist,"['Cloud Computing', 'Machine Learning', 'Pandas', 'Python', 'SQL', 'Statistics']"
JOB00171,Full Stack Developer,"['CSS', 'HTML', 'Java', 'JavaScript', 'Machine Learning', 'Node', 'React']"
JOB00172,Machine Learning Engineer,"['Docker', 'Machine Learning', 'Python', 'Scikit-learn', 'TensorFlow']"
JOB00173,Web Developer,"['CSS', 'Git', 'HTML', 'Java', 'JavaScript', 'Machine Learning', 'React']"
JOB00174,Database Administrator,"['Database', 'Database Administration', 'MySQL', 'Oracle', 'PostgreSQL', 'SQL']"
JOB00175,Data Scientist,"['Cloud Computing', 'Machine Learning', 'Pandas', 'Python', 'SQL', 'Statistics']"
JOB00176,Software Engineer,"['Git', 'Java', 'Python', 'REST API', 'SQL']"
JOB00177,Data Engineer,"['AWS', 'ETL', 'Python', 'SQL', 'Spark']"
JOB00178,BI Analyst,"['DAX', 'Data Visualization', 'Excel', 'Power BI', 'SQL']"
JOB00179,Web Developer,"['CSS', 'Git', 'HTML', 'Java', 'JavaScript', 'Machine Learning', 'React']"
JOB00180,Data Engineer,"['AWS', 'ETL', 'Python', 'SQL', 'Spark']"
JOB00181,Data Analyst,"['Excel', 'Power BI', 'Python', 'SQL', 'Tableau']"
JOB00182,Software Engineer,"['Git', 'Java', 'Python', 'REST API', 'SQL']"
JOB00183,Data Scientist,"['Machine Learning', 'Pandas', 'Python', 'SQL', 'Statistics']"
JOB00184,BI Analyst,"['DAX', 'Data Visualization', 'Excel', 'Power BI', 'SQL']"
JOB00185,Python Developer,"['Django', 'Flask', 'Git', 'Python', 'SQL']"
JOB00186,Financial Analyst,"['Excel', 'Financial Modeling', 'Power BI', 'SQL', 'Statistics']"
JOB00187,BI Analyst,"['DAX', 'Data Visualization', 'Excel', 'Power BI', 'SQL']"
JOB00188,Business Analyst,"['Business Analysis', 'Excel', 'Power BI', 'Requirements Gathering', 'SQL']"
JOB00189,SQL Developer,"['Database', 'ETL', 'MySQL', 'PostgreSQL', 'SQL']"
JOB00190,Financial Analyst,"['Excel', 'Financial Modeling', 'Power BI', 'SQL', 'Statistics']"
JOB00191,Data Scientist,"['Machine Learning', 'Pandas', 'Python', 'SQL', 'Statistics']"
JOB00192,Database Administrator,"['Database', 'Database Administration', 'MySQL', 'Oracle', 'PostgreSQL', 'SQL']"
JOB00193,Power BI Developer,"['DAX', 'Excel', 'Power BI', 'Power Query', 'SQL']"
JOB00194,Data Scientist,"['Machine Learning', 'Pandas', 'Python', 'SQL', 'Statistics']"
JOB00195,Marketing Analyst,"['Cloud Computing', 'Excel', 'Marketing Analytics', 'Power BI', 'Python', 'SQL']"
JOB00196,Python Developer,"['Cloud Computing', 'Django', 'Flask', 'Git', 'Python', 'SQL']"
JOB00197,Software Engineer,"['Git', 'Java', 'Python', 'REST API', 'SQL']"
JOB00198,Data Scientist,"['Machine Learning', 'Pandas', 'Python', 'SQL', 'Statistics']"
JOB00199,Database Administrator,"['Database', 'Database Administration', 'MySQL', 'Oracle', 'PostgreSQL', 'SQL']"
JOB00200,Cloud Engineer,"['AWS', 'Azure', 'Cloud Computing', 'Docker', 'Linux']"
JOB00201,HR Analyst,"['Data Analysis', 'Excel', 'HR Analytics', 'Power BI', 'SQL']"
JOB00202,Full Stack Developer,"['CSS', 'HTML', 'Java', 'JavaScript', 'Machine Learning', 'Node', 'React']"
JOB00203,Database Administrator,"['Database', 'Database Administration', 'MySQL', 'Oracle', 'PostgreSQL', 'SQL']"
JOB00204,Database Administrator,"['Cloud Computing', 'Database', 'Database Administration', 'MySQL', 'Oracle', 'PostgreSQL', 'SQL']"
JOB00205,HR Analyst,"['Data Analysis', 'Excel', 'HR Analytics', 'Power BI', 'SQL']"
JOB00206,Power BI Developer,"['DAX', 'Excel', 'Power BI', 'Power Query', 'SQL']"
JOB00207,Data Scientist,"['Machine Learning', 'Pandas', 'Python', 'SQL', 'Statistics']"
JOB00208,Full Stack Developer,"['CSS', 'HTML', 'Java', 'JavaScript', 'Machine Learning', 'Node', 'React']"
JOB00209,Power BI Developer,"['DAX', 'Excel', 'Power BI', 'Power Query', 'SQL']"
JOB00210,Software Engineer,"['Git', 'Java', 'Python', 'REST API', 'SQL']"
JOB00211,DevOps Engineer,"['AWS', 'Docker', 'Jenkins', 'Kubernetes', 'Linux']"
JOB00212,Software Engineer,"['Cloud Computing', 'Git', 'Java', 'Python', 'REST API', 'SQL']"
JOB00213,Full Stack Developer,"['CSS', 'HTML', 'Java', 'JavaScript', 'Machine Learning', 'Node', 'React']"
JOB00214,HR Analyst,"['Data Analysis', 'Excel', 'HR Analytics', 'Power BI', 'SQL']"
JOB00215,HR Analyst,"['Data Analysis', 'Excel', 'HR Analytics', 'Power BI', 'SQL']"
JOB00216,QA Engineer,"['Automation Testing', 'Java', 'Python', 'SQL', 'Selenium']"
JOB00217,Full Stack Developer,"['CSS', 'HTML', 'Java', 'JavaScript', 'Machine Learning', 'Node', 'React']"
JOB00218,Marketing Analyst,"['Excel', 'Marketing Analytics', 'Power BI', 'Python', 'SQL']"
JOB00219,Data Engineer,"['AWS', 'Cloud Computing', 'ETL', 'Python', 'SQL', 'Spark']"
JOB00220,Business Analyst,"['Business Analysis', 'Excel', 'Power BI', 'Requirements Gathering', 'SQL']"
JOB00221,Web Developer,"['CSS', 'Git', 'HTML', 'Java', 'JavaScript', 'Machine Learning', 'React']"
JOB00222,Business Analyst,"['Business Analysis', 'Excel', 'Power BI', 'Requirements Gathering', 'SQL']"
JOB00223,HR Analyst,"['Data Analysis', 'Excel', 'HR Analytics', 'Power BI', 'SQL']"
JOB00224,Product Analyst,"['Excel', 'Product Analytics', 'Python', 'SQL']"
JOB00225,Machine Learning Engineer,"['Docker', 'Machine Learning', 'Python', 'Scikit-learn', 'TensorFlow']"
JOB00226,Financial Analyst,"['Excel', 'Financial Modeling', 'Power BI', 'SQL', 'Statistics']"
JOB00227,DevOps Engineer,"['AWS', 'Docker', 'Jenkins', 'Kubernetes', 'Linux']"
JOB00228,Python Developer,"['Cloud Computing', 'Django', 'Flask', 'Git', 'Python', 'SQL']"
JOB00229,Business Analyst,"['Business Analysis', 'Excel', 'Power BI', 'Requirements Gathering', 'SQL']"
JOB00230,BI Analyst,"['DAX', 'Data Visualization', 'Excel', 'Power BI', 'SQL']"
JOB00231,BI Analyst,"['DAX', 'Data Visualization', 'Excel', 'Power BI', 'SQL']"
JOB00232,Python Developer,"['Django', 'Flask', 'Git', 'Python', 'SQL']"
JOB00233,SQL Developer,"['Database', 'ETL', 'MySQL', 'PostgreSQL', 'SQL']"
JOB00234,Cloud Engineer,"['AWS', 'Azure', 'Cloud Computing', 'Docker', 'Linux']"
JOB00235,Cloud Engineer,"['AWS', 'Azure', 'Cloud Computing', 'Docker', 'Linux']"
JOB00236,Power BI Developer,"['DAX', 'Excel', 'Power BI', 'Power Query', 'SQL']"
JOB00237,Data Scientist,"['Machine Learning', 'Pandas', 'Python', 'SQL', 'Statistics']"
JOB00238,Database Administrator,"['Database', 'Database Administration', 'MySQL', 'Oracle', 'PostgreSQL', 'SQL']"
JOB00239,Full Stack Developer,"['CSS', 'HTML', 'Java', 'JavaScript', 'Machine Learning', 'Node', 'React']"
JOB00240,Full Stack Developer,"['CSS', 'HTML', 'Java', 'JavaScript', 'Machine Learning', 'Node', 'React']"
JOB00241,Data Analyst,"['Excel', 'Power BI', 'Python', 'SQL', 'Tableau']"
JOB00242,Data Scientist,"['Machine Learning', 'Pandas', 'Python', 'SQL', 'Statistics']"
JOB00243,Full Stack Developer,"['CSS', 'HTML', 'Java', 'JavaScript', 'Machine Learning', 'Node', 'React']"
JOB00244,QA Engineer,"['Automation Testing', 'Java', 'Python', 'SQL', 'Selenium']"
JOB00245,Web Developer,"['CSS', 'Git', 'HTML', 'Java', 'JavaScript', 'Machine Learning', 'React']"
JOB00246,Cloud Engineer,"['AWS', 'Azure', 'Cloud Computing', 'Docker', 'Linux']"
JOB00247,SQL Developer,"['Database', 'ETL', 'MySQL', 'PostgreSQL', 'SQL']"
JOB00248,Data Scientist,"['Machine Learning', 'Pandas', 'Python', 'SQL', 'Statistics']"
JOB00249,DevOps Engineer,"['AWS', 'Docker', 'Jenkins', 'Kubernetes', 'Linux']"
JOB00250,Software Engineer,"['Git', 'Java', 'Python', 'REST API', 'SQL']"
JOB00251,HR Analyst,"['Data Analysis', 'Excel', 'HR Analytics', 'Power BI', 'SQL']"
JOB00252,Financial Analyst,"['Excel', 'Financial Modeling', 'Power BI', 'SQL', 'Statistics']"
JOB00253,Data Scientist,"['Machine Learning', 'Pandas', 'Python', 'SQL', 'Statistics']"
JOB00254,Software Engineer,"['Git', 'Java', 'Python', 'REST API', 'SQL']"
JOB00255,Python Developer,"['Django', 'Flask', 'Git', 'Python', 'SQL']"
JOB00256,SQL Developer,"['Database', 'ETL', 'MySQL', 'PostgreSQL', 'SQL']"
JOB00257,Marketing Analyst,"['Excel', 'Marketing Analytics', 'Power BI', 'Python', 'SQL']"
JOB00258,QA Engineer,"['Automation Testing', 'Java', 'Python', 'SQL', 'Selenium']"
JOB00259,SQL Developer,"['Database', 'ETL', 'MySQL', 'PostgreSQL', 'SQL']"
JOB00260,DevOps Engineer,"['AWS', 'Docker', 'Jenkins', 'Kubernetes', 'Linux', 'Oracle']"
JOB00261,Python Developer,"['Django', 'Flask', 'Git', 'Python', 'SQL']"
JOB00262,Database Administrator,"['Database', 'Database Administration', 'MySQL', 'Oracle', 'PostgreSQL', 'SQL']"
JOB00263,Database Administrator,"['Database', 'Database Administration', 'MySQL', 'Oracle', 'PostgreSQL', 'SQL']"
JOB00264,Machine Learning Engineer,"['Docker', 'Machine Learning', 'Python', 'Scikit-learn', 'TensorFlow']"
JOB00265,Database Administrator,"['Database', 'Database Administration', 'MySQL', 'Oracle', 'PostgreSQL', 'SQL']"
JOB00266,Financial Analyst,"['Excel', 'Financial Modeling', 'Power BI', 'SQL', 'Statistics']"
JOB00267,Web Developer,"['CSS', 'Git', 'HTML', 'Java', 'JavaScript', 'Machine Learning', 'React']"
JOB00268,Full Stack Developer,"['CSS', 'HTML', 'Java', 'JavaScript', 'Machine Learning', 'Node', 'Oracle', 'React']"
JOB00269,Cloud Engineer,"['AWS', 'Azure', 'Cloud Computing', 'Docker', 'Linux']"
JOB00270,QA Engineer,"['Automation Testing', 'Java', 'Python', 'SQL', 'Selenium']"
JOB00271,Marketing Analyst,"['Excel', 'Marketing Analytics', 'Power BI', 'Python', 'SQL']"
JOB00272,Power BI Developer,"['DAX', 'Excel', 'Power BI', 'Power Query', 'SQL']"
JOB00273,Full Stack Developer,"['CSS', 'HTML', 'Java', 'JavaScript', 'Machine Learning', 'Node', 'React']"
JOB00274,Database Administrator,"['Database', 'Database Administration', 'MySQL', 'Oracle', 'PostgreSQL', 'SQL']"
JOB00275,Python Developer,"['Django', 'Flask', 'Git', 'Python', 'SQL']"
JOB00276,QA Engineer,"['Automation Testing', 'Java', 'Python', 'SQL', 'Selenium']"
JOB00277,Data Engineer,"['AWS', 'ETL', 'Python', 'SQL', 'Spark']"
JOB00278,Business Analyst,"['Business Analysis', 'Excel', 'Power BI', 'Requirements Gathering', 'SQL']"
JOB00279,Business Analyst,"['Business Analysis', 'Excel', 'Power BI', 'Requirements Gathering', 'SQL']"
JOB00280,Data Engineer,"['AWS', 'ETL', 'Python', 'SQL', 'Spark']"
JOB00281,Software Engineer,"['Git', 'Java', 'Python', 'REST API', 'SQL']"
JOB00282,Database Administrator,"['Database', 'Database Administration', 'MySQL', 'Oracle', 'PostgreSQL', 'SQL']"
JOB00283,Full Stack Developer,"['CSS', 'HTML', 'Java', 'JavaScript', 'Machine Learning', 'Node', 'Oracle', 'React']"
JOB00284,DevOps Engineer,"['AWS', 'Docker', 'Jenkins', 'Kubernetes', 'Linux']"
JOB00285,DevOps Engineer,"['AWS', 'Docker', 'Jenkins', 'Kubernetes', 'Linux']"
JOB00286,DevOps Engineer,"['AWS', 'Docker', 'Jenkins', 'Kubernetes', 'Linux']"
JOB00287,Financial Analyst,"['Excel', 'Financial Modeling', 'Power BI', 'SQL', 'Statistics']"
JOB00288,Full Stack Developer,"['CSS', 'HTML', 'Java', 'JavaScript', 'Machine Learning', 'Node', 'React']"
JOB00289,Business Analyst,"['Business Analysis', 'Excel', 'Power BI', 'Requirements Gathering', 'SQL']"
JOB00290,Data Analyst,"['Excel', 'Power BI', 'Python', 'SQL', 'Tableau']"
JOB00291,DevOps Engineer,"['AWS', 'Docker', 'Jenkins', 'Kubernetes', 'Linux']"
JOB00292,Python Developer,"['Django', 'Flask', 'Git', 'Python', 'SQL']"
JOB00293,DevOps Engineer,"['AWS', 'Docker', 'Jenkins', 'Kubernetes', 'Linux']"
JOB00294,HR Analyst,"['Data Analysis', 'Excel', 'HR Analytics', 'Power BI', 'SQL']"
JOB00295,Machine Learning Engineer,"['Docker', 'Machine Learning', 'Python', 'Scikit-learn', 'TensorFlow']"
JOB00296,Data Analyst,"['Excel', 'Power BI', 'Python', 'SQL', 'Tableau']"
JOB00297,Data Engineer,"['AWS', 'ETL', 'Python', 'SQL', 'Spark']"
JOB00298,Financial Analyst,"['Excel', 'Financial Modeling', 'Power BI', 'SQL', 'Statistics']"
JOB00299,HR Analyst,"['Data Analysis', 'Excel', 'HR Analytics', 'Power BI', 'SQL']"
JOB00300,Web Developer,"['CSS', 'Git', 'HTML', 'Java', 'JavaScript', 'Machine Learning', 'React']"
JOB00301,Marketing Analyst,"['Excel', 'Marketing Analytics', 'Power BI', 'Python', 'SQL']"
JOB00302,Web Developer,"['CSS', 'Git', 'HTML', 'Java', 'JavaScript', 'Machine Learning', 'React']"
JOB00303,Product Analyst,"['Excel', 'Product Analytics', 'Python', 'SQL']"
JOB00304,Marketing Analyst,"['Excel', 'Marketing Analytics', 'Power BI', 'Python', 'SQL']"
JOB00305,QA Engineer,"['Automation Testing', 'Java', 'Python', 'SQL', 'Selenium']"
JOB00306,QA Engineer,"['Automation Testing', 'Java', 'Oracle', 'Python', 'SQL', 'Selenium']"
JOB00307,Marketing Analyst,"['Excel', 'Marketing Analytics', 'Power BI', 'Python', 'SQL']"
JOB00308,Data Analyst,"['Excel', 'Power BI', 'Python', 'SQL', 'Tableau']"
JOB00309,Business Analyst,"['Business Analysis', 'Excel', 'Power BI', 'Requirements Gathering', 'SQL']"
JOB00310,Business Analyst,"['Business Analysis', 'Excel', 'Power BI', 'Requirements Gathering', 'SQL']"
JOB00311,HR Analyst,"['Data Analysis', 'Excel', 'HR Analytics', 'Power BI', 'SQL']"
JOB00312,Machine Learning Engineer,"['Docker', 'Machine Learning', 'Python', 'Scikit-learn', 'TensorFlow']"
JOB00313,Data Analyst,"['Excel', 'Power BI', 'Python', 'SQL', 'Tableau']"
JOB00314,Web Developer,"['CSS', 'Git', 'HTML', 'Java', 'JavaScript', 'Machine Learning', 'React']"
JOB00315,Business Analyst,"['Business Analysis', 'Excel', 'Power BI', 'Requirements Gathering', 'SQL']"
JOB00316,Full Stack Developer,"['CSS', 'HTML', 'Java', 'JavaScript', 'Machine Learning', 'Node', 'React']"
JOB00317,Power BI Developer,"['DAX', 'Excel', 'Power BI', 'Power Query', 'SQL']"
JOB00318,Web Developer,"['CSS', 'Git', 'HTML', 'Java', 'JavaScript', 'Machine Learning', 'React']"
JOB00319,Software Engineer,"['Git', 'Java', 'Python', 'REST API', 'SQL']"
JOB00320,Data Engineer,"['AWS', 'ETL', 'Python', 'SQL', 'Spark']"
JOB00321,Data Engineer,"['AWS', 'ETL', 'Python', 'SQL', 'Spark']"
JOB00322,Web Developer,"['CSS', 'Git', 'HTML', 'Java', 'JavaScript', 'Machine Learning', 'React']"
JOB00323,Data Engineer,"['AWS', 'ETL', 'Python', 'SQL', 'Spark']"
JOB00324,Database Administrator,"['Cloud Computing', 'Database', 'Database Administration', 'MySQL', 'Oracle', 'PostgreSQL', 'SQL']"
JOB00325,Business Analyst,"['Business Analysis', 'Excel', 'Power BI', 'Requirements Gathering', 'SQL']"
JOB00326,QA Engineer,"['Automation Testing', 'Java', 'Python', 'SQL', 'Selenium']"
JOB00327,SQL Developer,"['Database', 'ETL', 'MySQL', 'PostgreSQL', 'SQL']"
JOB00328,Power BI Developer,"['DAX', 'Excel', 'Power BI', 'Power Query', 'SQL']"
JOB00329,DevOps Engineer,"['AWS', 'Docker', 'Jenkins', 'Kubernetes', 'Linux']"
JOB00330,Database Administrator,"['Database', 'Database Administration', 'MySQL', 'Oracle', 'PostgreSQL', 'SQL']"
JOB00331,Software Engineer,"['Git', 'Java', 'Python', 'REST API', 'SQL']"
JOB00332,SQL Developer,"['Database', 'ETL', 'MySQL', 'PostgreSQL', 'SQL']"
JOB00333,Cloud Engineer,"['AWS', 'Azure', 'Cloud Computing', 'Docker', 'Linux', 'Oracle']"
JOB00334,Python Developer,"['Django', 'Flask', 'Git', 'Python', 'SQL']"
JOB00335,Marketing Analyst,"['Excel', 'Marketing Analytics', 'Power BI', 'Python', 'SQL']"
JOB00336,Software Engineer,"['Git', 'Java', 'Python', 'REST API', 'SQL']"
JOB00337,BI Analyst,"['DAX', 'Data Visualization', 'Excel', 'Power BI', 'SQL']"
JOB00338,Product Analyst,"['Excel', 'Product Analytics', 'Python', 'SQL']"
JOB00339,Data Analyst,"['Excel', 'Power BI', 'Python', 'SQL', 'Tableau']"
JOB00340,Web Developer,"['CSS', 'Git', 'HTML', 'Java', 'JavaScript', 'Machine Learning', 'React']"
JOB00341,Data Scientist,"['Machine Learning', 'Pandas', 'Python', 'SQL', 'Statistics']"
JOB00342,DevOps Engineer,"['AWS', 'Cloud Computing', 'Docker', 'Jenkins', 'Kubernetes', 'Linux']"
JOB00343,Product Analyst,"['Excel', 'Oracle', 'Product Analytics', 'Python', 'SQL']"
JOB00344,Data Engineer,"['AWS', 'ETL', 'Python', 'SQL', 'Spark']"
JOB00345,QA Engineer,"['Automation Testing', 'Java', 'Oracle', 'Python', 'SQL', 'Selenium']"
JOB00346,Python Developer,"['Django', 'Flask', 'Git', 'Python', 'SQL']"
JOB00347,Data Scientist,"['Machine Learning', 'Pandas', 'Python', 'SQL', 'Statistics']"
JOB00348,Power BI Developer,"['DAX', 'Excel', 'Power BI', 'Power Query', 'SQL']"
JOB00349,Data Engineer,"['AWS', 'ETL', 'Python', 'SQL', 'Spark']"
JOB00350,Cloud Engineer,"['AWS', 'Azure', 'Cloud Computing', 'Docker', 'Linux']"
JOB00351,QA Engineer,"['Automation Testing', 'Java', 'Python', 'SQL', 'Selenium']"
JOB00352,Data Scientist,"['Machine Learning', 'Pandas', 'Python', 'SQL', 'Statistics']"
JOB00353,Database Administrator,"['Database', 'Database Administration', 'MySQL', 'Oracle', 'PostgreSQL', 'SQL']"
JOB00354,Cloud Engineer,"['AWS', 'Azure', 'Cloud Computing', 'Docker', 'Linux']"
JOB00355,Machine Learning Engineer,"['Docker', 'Machine Learning', 'Python', 'Scikit-learn', 'TensorFlow']"
JOB00356,Power BI Developer,"['DAX', 'Excel', 'Power BI', 'Power Query', 'SQL']"
JOB00357,QA Engineer,"['Automation Testing', 'Java', 'Python', 'SQL', 'Selenium']"
JOB00358,Cloud Engineer,"['AWS', 'Azure', 'Cloud Computing', 'Docker', 'Linux', 'Oracle']"
JOB00359,DevOps Engineer,"['AWS', 'Docker', 'Jenkins', 'Kubernetes', 'Linux', 'Oracle']"
JOB00360,Full Stack Developer,"['CSS', 'HTML', 'Java', 'JavaScript', 'Machine Learning', 'Node', 'React']"
JOB00361,Power BI Developer,"['DAX', 'Excel', 'Power BI', 'Power Query', 'SQL']"
JOB00362,Data Engineer,"['AWS', 'ETL', 'Python', 'SQL', 'Spark']"
JOB00363,Python Developer,"['Django', 'Flask', 'Git', 'Python', 'SQL']"
JOB00364,Database Administrator,"['Database', 'Database Administration', 'MySQL', 'Oracle', 'PostgreSQL', 'SQL']"
JOB00365,QA Engineer,"['Automation Testing', 'Java', 'Python', 'SQL', 'Selenium']"
JOB00366,HR Analyst,"['Data Analysis', 'Excel', 'HR Analytics', 'Power BI', 'SQL']"
JOB00367,Web Developer,"['CSS', 'Git', 'HTML', 'Java', 'JavaScript', 'Machine Learning', 'React']"
JOB00368,HR Analyst,"['Data Analysis', 'Excel', 'HR Analytics', 'Power BI', 'SQL']"
JOB00369,BI Analyst,"['DAX', 'Data Visualization', 'Excel', 'Power BI', 'SQL']"
JOB00370,Python Developer,"['Django', 'Flask', 'Git', 'Python', 'SQL']"
JOB00371,Machine Learning Engineer,"['Docker', 'Machine Learning', 'Python', 'Scikit-learn', 'TensorFlow']"
JOB00372,Power BI Developer,"['DAX', 'Excel', 'Power BI', 'Power Query', 'SQL']"
JOB00373,Financial Analyst,"['Excel', 'Financial Modeling', 'Power BI', 'SQL', 'Statistics']"
JOB00374,BI Analyst,"['DAX', 'Data Visualization', 'Excel', 'Power BI', 'SQL']"
JOB00375,Machine Learning Engineer,"['Docker', 'Machine Learning', 'Python', 'Scikit-learn', 'TensorFlow']"
JOB00376,Machine Learning Engineer,"['Docker', 'Machine Learning', 'Python', 'Scikit-learn', 'TensorFlow']"
JOB00377,Web Developer,"['CSS', 'Git', 'HTML', 'Java', 'JavaScript', 'Machine Learning', 'React']"
JOB00378,HR Analyst,"['Data Analysis', 'Excel', 'HR Analytics', 'Power BI', 'SQL']"
JOB00379,Power BI Developer,"['DAX', 'Excel', 'Power BI', 'Power Query', 'SQL']"
JOB00380,Power BI Developer,"['DAX', 'Excel', 'Power BI', 'Power Query', 'SQL']"
JOB00381,QA Engineer,"['Automation Testing', 'Java', 'Python', 'SQL', 'Selenium']"
JOB00382,HR Analyst,"['Data Analysis', 'Excel', 'HR Analytics', 'Power BI', 'SQL']"
JOB00383,Full Stack Developer,"['CSS', 'HTML', 'Java', 'JavaScript', 'Machine Learning', 'Node', 'React']"
JOB00384,DevOps Engineer,"['AWS', 'Docker', 'Jenkins', 'Kubernetes', 'Linux']"
JOB00385,Web Developer,"['CSS', 'Git', 'HTML', 'Java', 'JavaScript', 'Machine Learning', 'React']"
JOB00386,Data Engineer,"['AWS', 'ETL', 'Python', 'SQL', 'Spark']"
JOB00387,Product Analyst,"['Excel', 'Product Analytics', 'Python', 'SQL']"
JOB00388,Database Administrator,"['Database', 'Database Administration', 'MySQL', 'Oracle', 'PostgreSQL', 'SQL']"
JOB00389,SQL Developer,"['Database', 'ETL', 'MySQL', 'PostgreSQL', 'SQL']"
JOB00390,Data Engineer,"['AWS', 'ETL', 'Python', 'SQL', 'Spark']"
JOB00391,Business Analyst,"['Business Analysis', 'Excel', 'Power BI', 'Requirements Gathering', 'SQL']"
JOB00392,Product Analyst,"['Excel', 'Product Analytics', 'Python', 'SQL']"
JOB00393,Product Analyst,"['Excel', 'Product Analytics', 'Python', 'SQL']"
JOB00394,Web Developer,"['CSS', 'Git', 'HTML', 'Java', 'JavaScript', 'Machine Learning', 'React']"
JOB00395,HR Analyst,"['Data Analysis', 'Excel', 'HR Analytics', 'Power BI', 'SQL']"
JOB00396,Python Developer,"['Django', 'Flask', 'Git', 'Python', 'SQL']"
JOB00397,Product Analyst,"['Excel', 'Product Analytics', 'Python', 'SQL']"
JOB00398,DevOps Engineer,"['AWS', 'Docker', 'Jenkins', 'Kubernetes', 'Linux']"
JOB00399,Business Analyst,"['Business Analysis', 'Excel', 'Power BI', 'Requirements Gathering', 'SQL']"
JOB00400,Database Administrator,"['Database', 'Database Administration', 'MySQL', 'Oracle', 'PostgreSQL', 'SQL']"
JOB00401,Data Engineer,"['AWS', 'ETL', 'Python', 'SQL', 'Spark']"
JOB00402,BI Analyst,"['DAX', 'Data Visualization', 'Excel', 'Power BI', 'SQL']"
JOB00403,HR Analyst,"['Data Analysis', 'Excel', 'HR Analytics', 'Power BI', 'SQL']"
JOB00404,SQL Developer,"['Database', 'ETL', 'MySQL', 'Oracle', 'PostgreSQL', 'SQL']"
JOB00405,QA Engineer,"['Automation Testing', 'Java', 'Oracle', 'Python', 'SQL', 'Selenium']"
JOB00406,HR Analyst,"['Data Analysis', 'Excel', 'HR Analytics', 'Power BI', 'SQL']"
JOB00407,SQL Developer,"['Database', 'ETL', 'MySQL', 'PostgreSQL', 'SQL']"
JOB00408,Cloud Engineer,"['AWS', 'Azure', 'Cloud Computing', 'Docker', 'Linux']"
JOB00409,Web Developer,"['CSS', 'Git', 'HTML', 'Java', 'JavaScript', 'Machine Learning', 'React']"
JOB00410,Financial Analyst,"['Cloud Computing', 'Excel', 'Financial Modeling', 'Power BI', 'SQL', 'Statistics']"
JOB00411,Database Administrator,"['Database', 'Database Administration', 'MySQL', 'Oracle', 'PostgreSQL', 'SQL']"
JOB00412,Web Developer,"['CSS', 'Git', 'HTML', 'Java', 'JavaScript', 'Machine Learning', 'React']"
JOB00413,Software Engineer,"['Git', 'Java', 'Python', 'REST API', 'SQL']"
JOB00414,Full Stack Developer,"['CSS', 'HTML', 'Java', 'JavaScript', 'Machine Learning', 'Node', 'React']"
JOB00415,Data Engineer,"['AWS', 'ETL', 'Python', 'SQL', 'Spark']"
JOB00416,Machine Learning Engineer,"['Docker', 'Machine Learning', 'Python', 'Scikit-learn', 'TensorFlow']"
JOB00417,Web Developer,"['CSS', 'Git', 'HTML', 'Java', 'JavaScript', 'Machine Learning', 'React']"
JOB00418,DevOps Engineer,"['AWS', 'Docker', 'Jenkins', 'Kubernetes', 'Linux']"
JOB00419,DevOps Engineer,"['AWS', 'Docker', 'Jenkins', 'Kubernetes', 'Linux']"
JOB00420,Financial Analyst,"['Excel', 'Financial Modeling', 'Power BI', 'SQL', 'Statistics']"
JOB00421,Power BI Developer,"['DAX', 'Excel', 'Power BI', 'Power Query', 'SQL']"
JOB00422,Data Analyst,"['Excel', 'Power BI', 'Python', 'SQL', 'Tableau']"
JOB00423,Power BI Developer,"['DAX', 'Excel', 'Power BI', 'Power Query', 'SQL']"
JOB00424,Data Scientist,"['Machine Learning', 'Pandas', 'Python', 'SQL', 'Statistics']"
JOB00425,Data Scientist,"['Machine Learning', 'Pandas', 'Python', 'SQL', 'Statistics']"
JOB00426,DevOps Engineer,"['AWS', 'Docker', 'Jenkins', 'Kubernetes', 'Linux']"
JOB00427,Machine Learning Engineer,"['Docker', 'Machine Learning', 'Python', 'Scikit-learn', 'TensorFlow']"
JOB00428,Machine Learning Engineer,"['Docker', 'Machine Learning', 'Python', 'Scikit-learn', 'TensorFlow']"
JOB00429,BI Analyst,"['DAX', 'Data Visualization', 'Excel', 'Power BI', 'SQL']"
JOB00430,Machine Learning Engineer,"['Docker', 'Machine Learning', 'Python', 'Scikit-learn', 'TensorFlow']"
JOB00431,Financial Analyst,"['Excel', 'Financial Modeling', 'Power BI', 'SQL', 'Statistics']"
JOB00432,BI Analyst,"['DAX', 'Data Visualization', 'Excel', 'Power BI', 'SQL']"
JOB00433,Business Analyst,"['Business Analysis', 'Excel', 'Power BI', 'Requirements Gathering', 'SQL']"
JOB00434,Python Developer,"['Django', 'Flask', 'Git', 'Python', 'SQL']"
JOB00435,Database Administrator,"['Database', 'Database Administration', 'MySQL', 'Oracle', 'PostgreSQL', 'SQL']"
JOB00436,Python Developer,"['Django', 'Flask', 'Git', 'Python', 'SQL']"
JOB00437,DevOps Engineer,"['AWS', 'Docker', 'Jenkins', 'Kubernetes', 'Linux']"
JOB00438,SQL Developer,"['Database', 'ETL', 'MySQL', 'PostgreSQL', 'SQL']"
JOB00439,QA Engineer,"['Automation Testing', 'Java', 'Oracle', 'Python', 'SQL', 'Selenium']"
JOB00440,Data Engineer,"['AWS', 'ETL', 'Python', 'SQL', 'Spark']"
JOB00441,Power BI Developer,"['DAX', 'Excel', 'Power BI', 'Power Query', 'SQL']"
JOB00442,Business Analyst,"['Business Analysis', 'Excel', 'Power BI', 'Requirements Gathering', 'SQL']"
JOB00443,BI Analyst,"['DAX', 'Data Visualization', 'Excel', 'Power BI', 'SQL']"
JOB00444,Power BI Developer,"['Cloud Computing', 'DAX', 'Excel', 'Power BI', 'Power Query', 'SQL']"
JOB00445,Web Developer,"['CSS', 'Git', 'HTML', 'Java', 'JavaScript', 'Machine Learning', 'React']"
JOB00446,Cloud Engineer,"['AWS', 'Azure', 'Cloud Computing', 'Docker', 'Linux']"
JOB00447,Python Developer,"['Django', 'Flask', 'Git', 'Python', 'SQL']"
JOB00448,SQL Developer,"['Database', 'ETL', 'MySQL', 'PostgreSQL', 'SQL']"
JOB00449,DevOps Engineer,"['AWS', 'Docker', 'Jenkins', 'Kubernetes', 'Linux']"
JOB00450,BI Analyst,"['DAX', 'Data Visualization', 'Excel', 'Power BI', 'SQL']"
JOB00451,Data Analyst,"['Excel', 'Power BI', 'Python', 'SQL', 'Tableau']"
JOB00452,Machine Learning Engineer,"['Docker', 'Machine Learning', 'Python', 'Scikit-learn', 'TensorFlow']"
JOB00453,Power BI Developer,"['DAX', 'Excel', 'Power BI', 'Power Query', 'SQL']"
JOB00454,Data Scientist,"['Machine Learning', 'Pandas', 'Python', 'SQL', 'Statistics']"
JOB00455,Business Analyst,"['Business Analysis', 'Excel', 'Power BI', 'Requirements Gathering', 'SQL']"
JOB00456,Financial Analyst,"['Excel', 'Financial Modeling', 'Power BI', 'SQL', 'Statistics']"
JOB00457,Cloud Engineer,"['AWS', 'Azure', 'Cloud Computing', 'Docker', 'Linux']"
JOB00458,Financial Analyst,"['Excel', 'Financial Modeling', 'Power BI', 'SQL', 'Statistics']"
JOB00459,Power BI Developer,"['DAX', 'Excel', 'Power BI', 'Power Query', 'SQL']"
JOB00460,Power BI Developer,"['DAX', 'Excel', 'Power BI', 'Power Query', 'SQL']"
JOB00461,Power BI Developer,"['DAX', 'Excel', 'Power BI', 'Power Query', 'SQL']"
JOB00462,Business Analyst,"['Business Analysis', 'Excel', 'Oracle', 'Power BI', 'Requirements Gathering', 'SQL']"
JOB00463,Web Developer,"['CSS', 'Git', 'HTML', 'Java', 'JavaScript', 'Machine Learning', 'React']"
JOB00464,BI Analyst,"['DAX', 'Data Visualization', 'Excel', 'Power BI', 'SQL']"
JOB00465,QA Engineer,"['Automation Testing', 'Java', 'Python', 'SQL', 'Selenium']"
JOB00466,Financial Analyst,"['Excel', 'Financial Modeling', 'Power BI', 'SQL', 'Statistics']"
JOB00467,Web Developer,"['CSS', 'Git', 'HTML', 'Java', 'JavaScript', 'Machine Learning', 'React']"
JOB00468,Full Stack Developer,"['CSS', 'HTML', 'Java', 'JavaScript', 'Machine Learning', 'Node', 'React']"
JOB00469,Data Analyst,"['Excel', 'Power BI', 'Python', 'SQL', 'Tableau']"
JOB00470,Power BI Developer,"['DAX', 'Excel', 'Power BI', 'Power Query', 'SQL']"
JOB00471,Data Engineer,"['AWS', 'ETL', 'Oracle', 'Python', 'SQL', 'Spark']"
JOB00472,Power BI Developer,"['DAX', 'Excel', 'Power BI', 'Power Query', 'SQL']"
JOB00473,QA Engineer,"['Automation Testing', 'Java', 'Python', 'SQL', 'Selenium']"
JOB00474,Full Stack Developer,"['CSS', 'HTML', 'Java', 'JavaScript', 'Machine Learning', 'Node', 'React']"
JOB00475,Data Scientist,"['Machine Learning', 'Pandas', 'Python', 'SQL', 'Statistics']"
JOB00476,HR Analyst,"['Data Analysis', 'Excel', 'HR Analytics', 'Power BI', 'SQL']"
JOB00477,Machine Learning Engineer,"['Docker', 'Machine Learning', 'Python', 'Scikit-learn', 'TensorFlow']"
JOB00478,Financial Analyst,"['Excel', 'Financial Modeling', 'Power BI', 'SQL', 'Statistics']"
JOB00479,Python Developer,"['Django', 'Flask', 'Git', 'Python', 'SQL']"
JOB00480,Machine Learning Engineer,"['Cloud Computing', 'Docker', 'Machine Learning', 'Python', 'Scikit-learn', 'TensorFlow']"
JOB00481,Product Analyst,"['Cloud Computing', 'Excel', 'Product Analytics', 'Python', 'SQL']"
JOB00482,Data Engineer,"['AWS', 'ETL', 'Python', 'SQL', 'Spark']"
JOB00483,SQL Developer,"['Database', 'ETL', 'MySQL', 'PostgreSQL', 'SQL']"
JOB00484,DevOps Engineer,"['AWS', 'Docker', 'Jenkins', 'Kubernetes', 'Linux']"
JOB00485,BI Analyst,"['DAX', 'Data Visualization', 'Excel', 'Power BI', 'SQL']"
JOB00486,Data Analyst,"['Excel', 'Power BI', 'Python', 'SQL', 'Tableau']"
JOB00487,Power BI Developer,"['DAX', 'Excel', 'Oracle', 'Power BI', 'Power Query', 'SQL']"
JOB00488,Power BI Developer,"['DAX', 'Excel', 'Power BI', 'Power Query', 'SQL']"
JOB00489,Cloud Engineer,"['AWS', 'Azure', 'Cloud Computing', 'Docker', 'Linux']"
JOB00490,Data Scientist,"['Machine Learning', 'Pandas', 'Python', 'SQL', 'Statistics']"
JOB00491,Power BI Developer,"['DAX', 'Excel', 'Power BI', 'Power Query', 'SQL']"
JOB00492,Financial Analyst,"['Excel', 'Financial Modeling', 'Power BI', 'SQL', 'Statistics']"
JOB00493,Machine Learning Engineer,"['Docker', 'Machine Learning', 'Python', 'Scikit-learn', 'TensorFlow']"
JOB00494,Data Engineer,"['AWS', 'Cloud Computing', 'ETL', 'Python', 'SQL', 'Spark']"
JOB00495,Database Administrator,"['Cloud Computing', 'Database', 'Database Administration', 'MySQL', 'Oracle', 'PostgreSQL', 'SQL']"
JOB00496,Cloud Engineer,"['AWS', 'Azure', 'Cloud Computing', 'Docker', 'Linux']"
JOB00497,Software Engineer,"['Git', 'Java', 'Python', 'REST API', 'SQL']"
JOB00498,DevOps Engineer,"['AWS', 'Docker', 'Jenkins', 'Kubernetes', 'Linux']"
JOB00499,QA Engineer,"['Automation Testing', 'Java', 'Python', 'SQL', 'Selenium']"
JOB00500,Full Stack Developer,"['CSS', 'HTML', 'Java', 'JavaScript', 'Machine Learning', 'Node', 'React']"
JOB00501,Business Analyst,"['Business Analysis', 'Excel', 'Oracle', 'Power BI', 'Requirements Gathering', 'SQL']"
JOB00502,DevOps Engineer,"['AWS', 'Docker', 'Jenkins', 'Kubernetes', 'Linux']"
JOB00503,DevOps Engineer,"['AWS', 'Docker', 'Jenkins', 'Kubernetes', 'Linux']"
JOB00504,SQL Developer,"['Database', 'ETL', 'MySQL', 'PostgreSQL', 'SQL']"
JOB00505,Business Analyst,"['Business Analysis', 'Excel', 'Power BI', 'Requirements Gathering', 'SQL']"
JOB00506,Software Engineer,"['Git', 'Java', 'Python', 'REST API', 'SQL']"
JOB00507,Business Analyst,"['Business Analysis', 'Excel', 'Power BI', 'Requirements Gathering', 'SQL']"
JOB00508,Cloud Engineer,"['AWS', 'Azure', 'Cloud Computing', 'Docker', 'Linux']"
JOB00509,Data Analyst,"['Excel', 'Power BI', 'Python', 'SQL', 'Tableau']"
JOB00510,QA Engineer,"['Automation Testing', 'Java', 'Python', 'SQL', 'Selenium']"
JOB00511,DevOps Engineer,"['AWS', 'Docker', 'Jenkins', 'Kubernetes', 'Linux']"
JOB00512,SQL Developer,"['Database', 'ETL', 'MySQL', 'PostgreSQL', 'SQL']"
JOB00513,Financial Analyst,"['Excel', 'Financial Modeling', 'Power BI', 'SQL', 'Statistics']"
JOB00514,Full Stack Developer,"['CSS', 'HTML', 'Java', 'JavaScript', 'Machine Learning', 'Node', 'React']"
JOB00515,Cloud Engineer,"['AWS', 'Azure', 'Cloud Computing', 'Docker', 'Linux']"
JOB00516,Data Analyst,"['Excel', 'Power BI', 'Python', 'SQL', 'Tableau']"
JOB00517,Financial Analyst,"['Cloud Computing', 'Excel', 'Financial Modeling', 'Power BI', 'SQL', 'Statistics']"
JOB00518,DevOps Engineer,"['AWS', 'Docker', 'Jenkins', 'Kubernetes', 'Linux']"
JOB00519,Database Administrator,"['Database', 'Database Administration', 'MySQL', 'Oracle', 'PostgreSQL', 'SQL']"
JOB00520,Data Engineer,"['AWS', 'ETL', 'Python', 'SQL', 'Spark']"
JOB00521,Product Analyst,"['Excel', 'Oracle', 'Product Analytics', 'Python', 'SQL']"
JOB00522,DevOps Engineer,"['AWS', 'Docker', 'Jenkins', 'Kubernetes', 'Linux']"
JOB00523,Database Administrator,"['Cloud Computing', 'Database', 'Database Administration', 'MySQL', 'Oracle', 'PostgreSQL', 'SQL']"
JOB00524,BI Analyst,"['DAX', 'Data Visualization', 'Excel', 'Power BI', 'SQL']"
JOB00525,QA Engineer,"['Automation Testing', 'Java', 'Python', 'SQL', 'Selenium']"
JOB00526,Power BI Developer,"['DAX', 'Excel', 'Power BI', 'Power Query', 'SQL']"
JOB00527,Database Administrator,"['Database', 'Database Administration', 'MySQL', 'Oracle', 'PostgreSQL', 'SQL']"
JOB00528,Data Scientist,"['Machine Learning', 'Oracle', 'Pandas', 'Python', 'SQL', 'Statistics']"
JOB00529,Cloud Engineer,"['AWS', 'Azure', 'Cloud Computing', 'Docker', 'Linux']"
JOB00530,Software Engineer,"['Git', 'Java', 'Python', 'REST API', 'SQL']"
JOB00531,Data Analyst,"['Excel', 'Power BI', 'Python', 'SQL', 'Tableau']"
JOB00532,Marketing Analyst,"['Excel', 'Marketing Analytics', 'Power BI', 'Python', 'SQL']"
JOB00533,DevOps Engineer,"['AWS', 'Docker', 'Jenkins', 'Kubernetes', 'Linux']"
JOB00534,Business Analyst,"['Business Analysis', 'Excel', 'Power BI', 'Requirements Gathering', 'SQL']"
JOB00535,Database Administrator,"['Database', 'Database Administration', 'MySQL', 'Oracle', 'PostgreSQL', 'SQL']"
JOB00536,Web Developer,"['CSS', 'Git', 'HTML', 'Java', 'JavaScript', 'Machine Learning', 'React']"
JOB00537,Business Analyst,"['Business Analysis', 'Excel', 'Power BI', 'Requirements Gathering', 'SQL']"
JOB00538,Machine Learning Engineer,"['Docker', 'Machine Learning', 'Python', 'Scikit-learn', 'TensorFlow']"
JOB00539,Product Analyst,"['Excel', 'Product Analytics', 'Python', 'SQL']"
JOB00540,Machine Learning Engineer,"['Docker', 'Machine Learning', 'Python', 'Scikit-learn', 'TensorFlow']"
JOB00541,Marketing Analyst,"['Excel', 'Marketing Analytics', 'Power BI', 'Python', 'SQL']"
JOB00542,Full Stack Developer,"['CSS', 'HTML', 'Java', 'JavaScript', 'Machine Learning', 'Node', 'React']"
JOB00543,DevOps Engineer,"['AWS', 'Docker', 'Jenkins', 'Kubernetes', 'Linux']"
JOB00544,Database Administrator,"['Database', 'Database Administration', 'MySQL', 'Oracle', 'PostgreSQL', 'SQL']"
JOB00545,Software Engineer,"['Cloud Computing', 'Git', 'Java', 'Python', 'REST API', 'SQL']"
JOB00546,HR Analyst,"['Data Analysis', 'Excel', 'HR Analytics', 'Power BI', 'SQL']"
JOB00547,DevOps Engineer,"['AWS', 'Docker', 'Jenkins', 'Kubernetes', 'Linux']"
JOB00548,Data Analyst,"['Excel', 'Power BI', 'Python', 'SQL', 'Tableau']"
JOB00549,Data Scientist,"['Machine Learning', 'Pandas', 'Python', 'SQL', 'Statistics']"
JOB00550,HR Analyst,"['Data Analysis', 'Excel', 'HR Analytics', 'Power BI', 'SQL']"
JOB00551,Machine Learning Engineer,"['Docker', 'Machine Learning', 'Python', 'Scikit-learn', 'TensorFlow']"
JOB00552,QA Engineer,"['Automation Testing', 'Java', 'Python', 'SQL', 'Selenium']"
JOB00553,Software Engineer,"['Git', 'Java', 'Oracle', 'Python', 'REST API', 'SQL']"
JOB00554,Data Scientist,"['Machine Learning', 'Pandas', 'Python', 'SQL', 'Statistics']"
JOB00555,Marketing Analyst,"['Excel', 'Marketing Analytics', 'Power BI', 'Python', 'SQL']"
JOB00556,Financial Analyst,"['Excel', 'Financial Modeling', 'Power BI', 'SQL', 'Statistics']"
JOB00557,Marketing Analyst,"['Excel', 'Marketing Analytics', 'Oracle', 'Power BI', 'Python', 'SQL']"
JOB00558,Web Developer,"['CSS', 'Git', 'HTML', 'Java', 'JavaScript', 'Machine Learning', 'React']"
JOB00559,Power BI Developer,"['DAX', 'Excel', 'Power BI', 'Power Query', 'SQL']"
JOB00560,HR Analyst,"['Data Analysis', 'Excel', 'HR Analytics', 'Power BI', 'SQL']"
JOB00561,Data Engineer,"['AWS', 'ETL', 'Python', 'SQL', 'Spark']"
JOB00562,Marketing Analyst,"['Excel', 'Marketing Analytics', 'Power BI', 'Python', 'SQL']"
JOB00563,HR Analyst,"['Data Analysis', 'Excel', 'HR Analytics', 'Power BI', 'SQL']"
JOB00564,HR Analyst,"['Data Analysis', 'Excel', 'HR Analytics', 'Power BI', 'SQL']"
JOB00565,Product Analyst,"['Excel', 'Product Analytics', 'Python', 'SQL']"
JOB00566,Data Engineer,"['AWS', 'ETL', 'Python', 'SQL', 'Spark']"
JOB00567,SQL Developer,"['Database', 'ETL', 'MySQL', 'PostgreSQL', 'SQL']"
JOB00568,Business Analyst,"['Business Analysis', 'Excel', 'Power BI', 'Requirements Gathering', 'SQL']"
JOB00569,Marketing Analyst,"['Excel', 'Marketing Analytics', 'Power BI', 'Python', 'SQL']"
JOB00570,QA Engineer,"['Automation Testing', 'Java', 'Python', 'SQL', 'Selenium']"
JOB00571,Marketing Analyst,"['Excel', 'Marketing Analytics', 'Power BI', 'Python', 'SQL']"
JOB00572,Database Administrator,"['Database', 'Database Administration', 'MySQL', 'Oracle', 'PostgreSQL', 'SQL']"
JOB00573,Product Analyst,"['Excel', 'Product Analytics', 'Python', 'SQL']"
JOB00574,Full Stack Developer,"['CSS', 'HTML', 'Java', 'JavaScript', 'Machine Learning', 'Node', 'React']"
JOB00575,Marketing Analyst,"['Excel', 'Marketing Analytics', 'Power BI', 'Python', 'SQL']"
JOB00576,QA Engineer,"['Automation Testing', 'Java', 'Python', 'SQL', 'Selenium']"
JOB00577,Marketing Analyst,"['Excel', 'Marketing Analytics', 'Power BI', 'Python', 'SQL']"
JOB00578,SQL Developer,"['Database', 'ETL', 'MySQL', 'PostgreSQL', 'SQL']"
JOB00579,DevOps Engineer,"['AWS', 'Docker', 'Jenkins', 'Kubernetes', 'Linux']"
JOB00580,Full Stack Developer,"['CSS', 'HTML', 'Java', 'JavaScript', 'Machine Learning', 'Node', 'React']"
JOB00581,Business Analyst,"['Business Analysis', 'Excel', 'Power BI', 'Requirements Gathering', 'SQL']"
JOB00582,Data Analyst,"['Excel', 'Power BI', 'Python', 'SQL', 'Tableau']"
JOB00583,QA Engineer,"['Automation Testing', 'Java', 'Python', 'SQL', 'Selenium']"
JOB00584,Python Developer,"['Cloud Computing', 'Django', 'Flask', 'Git', 'Python', 'SQL']"
JOB00585,Data Engineer,"['AWS', 'ETL', 'Python', 'SQL', 'Spark']"
JOB00586,Data Analyst,"['Excel', 'Power BI', 'Python', 'SQL', 'Tableau']"
JOB00587,Full Stack Developer,"['CSS', 'HTML', 'Java', 'JavaScript', 'Machine Learning', 'Node', 'React']"
JOB00588,Marketing Analyst,"['Excel', 'Marketing Analytics', 'Power BI', 'Python', 'SQL']"
JOB00589,Data Scientist,"['Machine Learning', 'Pandas', 'Python', 'SQL', 'Statistics']"
JOB00590,DevOps Engineer,"['AWS', 'Docker', 'Jenkins', 'Kubernetes', 'Linux']"
JOB00591,Machine Learning Engineer,"['Docker', 'Machine Learning', 'Python', 'Scikit-learn', 'TensorFlow']"
JOB00592,Power BI Developer,"['DAX', 'Excel', 'Power BI', 'Power Query', 'SQL']"
JOB00593,Marketing Analyst,"['Excel', 'Marketing Analytics', 'Power BI', 'Python', 'SQL']"
JOB00594,Database Administrator,"['Database', 'Database Administration', 'MySQL', 'Oracle', 'PostgreSQL', 'SQL']"
JOB00595,SQL Developer,"['Database', 'ETL', 'MySQL', 'PostgreSQL', 'SQL']"
JOB00596,Data Scientist,"['Machine Learning', 'Pandas', 'Python', 'SQL', 'Statistics']"
JOB00597,Data Scientist,"['Machine Learning', 'Pandas', 'Python', 'SQL', 'Statistics']"
JOB00598,Cloud Engineer,"['AWS', 'Azure', 'Cloud Computing', 'Docker', 'Linux']"
JOB00599,Data Analyst,"['Excel', 'Power BI', 'Python', 'SQL', 'Tableau']"
JOB00600,QA Engineer,"['Automation Testing', 'Java', 'Python', 'SQL', 'Selenium']"
JOB00601,Full Stack Developer,"['CSS', 'Cloud Computing', 'HTML', 'Java', 'JavaScript', 'Machine Learning', 'Node', 'React']"
JOB00602,Financial Analyst,"['Excel', 'Financial Modeling', 'Power BI', 'SQL', 'Statistics']"
JOB00603,Software Engineer,"['Git', 'Java', 'Python', 'REST API', 'SQL']"
JOB00604,Data Analyst,"['Excel', 'Power BI', 'Python', 'SQL', 'Tableau']"
JOB00605,BI Analyst,"['DAX', 'Data Visualization', 'Excel', 'Power BI', 'SQL']"
JOB00606,Full Stack Developer,"['CSS', 'HTML', 'Java', 'JavaScript', 'Machine Learning', 'Node', 'React']"
JOB00607,Product Analyst,"['Cloud Computing', 'Excel', 'Product Analytics', 'Python', 'SQL']"
JOB00608,Database Administrator,"['Database', 'Database Administration', 'MySQL', 'Oracle', 'PostgreSQL', 'SQL']"
JOB00609,SQL Developer,"['Database', 'ETL', 'MySQL', 'PostgreSQL', 'SQL']"
JOB00610,QA Engineer,"['Automation Testing', 'Java', 'Python', 'SQL', 'Selenium']"
JOB00611,Web Developer,"['CSS', 'Git', 'HTML', 'Java', 'JavaScript', 'Machine Learning', 'React']"
JOB00612,Financial Analyst,"['Excel', 'Financial Modeling', 'Power BI', 'SQL', 'Statistics']"
JOB00613,Python Developer,"['Django', 'Flask', 'Git', 'Python', 'SQL']"
JOB00614,Data Scientist,"['Machine Learning', 'Pandas', 'Python', 'SQL', 'Statistics']"
JOB00615,QA Engineer,"['Automation Testing', 'Java', 'Python', 'SQL', 'Selenium']"
JOB00616,Software Engineer,"['Git', 'Java', 'Python', 'REST API', 'SQL']"
JOB00617,Marketing Analyst,"['Excel', 'Marketing Analytics', 'Power BI', 'Python', 'SQL']"
JOB00618,Full Stack Developer,"['CSS', 'HTML', 'Java', 'JavaScript', 'Machine Learning', 'Node', 'React']"
JOB00619,QA Engineer,"['Automation Testing', 'Java', 'Python', 'SQL', 'Selenium']"
JOB00620,Web Developer,"['CSS', 'Git', 'HTML', 'Java', 'JavaScript', 'Machine Learning', 'Oracle', 'React']"
JOB00621,SQL Developer,"['Database', 'ETL', 'MySQL', 'PostgreSQL', 'SQL']"
JOB00622,Business Analyst,"['Business Analysis', 'Excel', 'Power BI', 'Requirements Gathering', 'SQL']"
JOB00623,QA Engineer,"['Automation Testing', 'Java', 'Python', 'SQL', 'Selenium']"
JOB00624,Marketing Analyst,"['Excel', 'Marketing Analytics', 'Power BI', 'Python', 'SQL']"
JOB00625,Financial Analyst,"['Excel', 'Financial Modeling', 'Oracle', 'Power BI', 'SQL', 'Statistics']"
JOB00626,Web Developer,"['CSS', 'Cloud Computing', 'Git', 'HTML', 'Java', 'JavaScript', 'Machine Learning', 'React']"
JOB00627,BI Analyst,"['DAX', 'Data Visualization', 'Excel', 'Power BI', 'SQL']"
JOB00628,Machine Learning Engineer,"['Docker', 'Machine Learning', 'Oracle', 'Python', 'Scikit-learn', 'TensorFlow']"
JOB00629,Data Engineer,"['AWS', 'ETL', 'Python', 'SQL', 'Spark']"
JOB00630,QA Engineer,"['Automation Testing', 'Java', 'Python', 'SQL', 'Selenium']"
JOB00631,Full Stack Developer,"['CSS', 'HTML', 'Java', 'JavaScript', 'Machine Learning', 'Node', 'React']"
JOB00632,HR Analyst,"['Data Analysis', 'Excel', 'HR Analytics', 'Power BI', 'SQL']"
JOB00633,QA Engineer,"['Automation Testing', 'Java', 'Python', 'SQL', 'Selenium']"
JOB00634,HR Analyst,"['Data Analysis', 'Excel', 'HR Analytics', 'Power BI', 'SQL']"
JOB00635,Machine Learning Engineer,"['Docker', 'Machine Learning', 'Python', 'Scikit-learn', 'TensorFlow']"
JOB00636,Python Developer,"['Django', 'Flask', 'Git', 'Oracle', 'Python', 'SQL']"
JOB00637,Data Scientist,"['Machine Learning', 'Oracle', 'Pandas', 'Python', 'SQL', 'Statistics']"
JOB00638,Marketing Analyst,"['Excel', 'Marketing Analytics', 'Power BI', 'Python', 'SQL']"
JOB00639,Power BI Developer,"['DAX', 'Excel', 'Power BI', 'Power Query', 'SQL']"
JOB00640,Financial Analyst,"['Excel', 'Financial Modeling', 'Power BI', 'SQL', 'Statistics']"
JOB00641,Data Analyst,"['Excel', 'Power BI', 'Python', 'SQL', 'Tableau']"
JOB00642,Database Administrator,"['Database', 'Database Administration', 'MySQL', 'Oracle', 'PostgreSQL', 'SQL']"
JOB00643,Cloud Engineer,"['AWS', 'Azure', 'Cloud Computing', 'Docker', 'Linux']"
JOB00644,SQL Developer,"['Database', 'ETL', 'MySQL', 'PostgreSQL', 'SQL']"
JOB00645,Cloud Engineer,"['AWS', 'Azure', 'Cloud Computing', 'Docker', 'Linux']"
JOB00646,Machine Learning Engineer,"['Docker', 'Machine Learning', 'Python', 'Scikit-learn', 'TensorFlow']"
JOB00647,Database Administrator,"['Database', 'Database Administration', 'MySQL', 'Oracle', 'PostgreSQL', 'SQL']"
JOB00648,Data Scientist,"['Machine Learning', 'Pandas', 'Python', 'SQL', 'Statistics']"
JOB00649,Web Developer,"['CSS', 'Git', 'HTML', 'Java', 'JavaScript', 'Machine Learning', 'React']"
JOB00650,Full Stack Developer,"['CSS', 'HTML', 'Java', 'JavaScript', 'Machine Learning', 'Node', 'React']"
JOB00651,SQL Developer,"['Database', 'ETL', 'MySQL', 'PostgreSQL', 'SQL']"
JOB00652,Business Analyst,"['Business Analysis', 'Excel', 'Power BI', 'Requirements Gathering', 'SQL']"
JOB00653,BI Analyst,"['DAX', 'Data Visualization', 'Excel', 'Power BI', 'SQL']"
JOB00654,Data Scientist,"['Machine Learning', 'Pandas', 'Python', 'SQL', 'Statistics']"
JOB00655,Web Developer,"['CSS', 'Git', 'HTML', 'Java', 'JavaScript', 'Machine Learning', 'React']"
JOB00656,Data Engineer,"['AWS', 'ETL', 'Python', 'SQL', 'Spark']"
JOB00657,Marketing Analyst,"['Excel', 'Marketing Analytics', 'Power BI', 'Python', 'SQL']"
JOB00658,Power BI Developer,"['DAX', 'Excel', 'Power BI', 'Power Query', 'SQL']"
JOB00659,QA Engineer,"['Automation Testing', 'Java', 'Python', 'SQL', 'Selenium']"
JOB00660,Web Developer,"['CSS', 'Git', 'HTML', 'Java', 'JavaScript', 'Machine Learning', 'React']"
JOB00661,Web Developer,"['CSS', 'Git', 'HTML', 'Java', 'JavaScript', 'Machine Learning', 'React']"
JOB00662,Financial Analyst,"['Excel', 'Financial Modeling', 'Power BI', 'SQL', 'Statistics']"
JOB00663,Financial Analyst,"['Excel', 'Financial Modeling', 'Power BI', 'SQL', 'Statistics']"
JOB00664,Web Developer,"['CSS', 'Git', 'HTML', 'Java', 'JavaScript', 'Machine Learning', 'React']"
JOB00665,Full Stack Developer,"['CSS', 'HTML', 'Java', 'JavaScript', 'Machine Learning', 'Node', 'React']"
JOB00666,Financial Analyst,"['Excel', 'Financial Modeling', 'Power BI', 'SQL', 'Statistics']"
JOB00667,Power BI Developer,"['DAX', 'Excel', 'Power BI', 'Power Query', 'SQL']"
JOB00668,Financial Analyst,"['Excel', 'Financial Modeling', 'Power BI', 'SQL', 'Statistics']"
JOB00669,HR Analyst,"['Data Analysis', 'Excel', 'HR Analytics', 'Power BI', 'SQL']"
JOB00670,Data Analyst,"['Excel', 'Power BI', 'Python', 'SQL', 'Tableau']"
JOB00671,Python Developer,"['Django', 'Flask', 'Git', 'Python', 'SQL']"
JOB00672,BI Analyst,"['DAX', 'Data Visualization', 'Excel', 'Power BI', 'SQL']"
JOB00673,BI Analyst,"['DAX', 'Data Visualization', 'Excel', 'Power BI', 'SQL']"
JOB00674,Machine Learning Engineer,"['Docker', 'Machine Learning', 'Python', 'Scikit-learn', 'TensorFlow']"
JOB00675,Software Engineer,"['Git', 'Java', 'Python', 'REST API', 'SQL']"
JOB00676,Marketing Analyst,"['Excel', 'Marketing Analytics', 'Power BI', 'Python', 'SQL']"
JOB00677,Power BI Developer,"['DAX', 'Excel', 'Power BI', 'Power Query', 'SQL']"
JOB00678,Machine Learning Engineer,"['Docker', 'Machine Learning', 'Python', 'Scikit-learn', 'TensorFlow']"
JOB00679,BI Analyst,"['DAX', 'Data Visualization', 'Excel', 'Power BI', 'SQL']"
JOB00680,DevOps Engineer,"['AWS', 'Docker', 'Jenkins', 'Kubernetes', 'Linux']"
JOB00681,Full Stack Developer,"['CSS', 'HTML', 'Java', 'JavaScript', 'Machine Learning', 'Node', 'React']"
JOB00682,Data Scientist,"['Cloud Computing', 'Machine Learning', 'Pandas', 'Python', 'SQL', 'Statistics']"
JOB00683,Cloud Engineer,"['AWS', 'Azure', 'Cloud Computing', 'Docker', 'Linux']"
JOB00684,Data Engineer,"['AWS', 'ETL', 'Python', 'SQL', 'Spark']"
JOB00685,Data Scientist,"['Machine Learning', 'Pandas', 'Python', 'SQL', 'Statistics']"
JOB00686,Product Analyst,"['Excel', 'Product Analytics', 'Python', 'SQL']"
JOB00687,Full Stack Developer,"['CSS', 'HTML', 'Java', 'JavaScript', 'Machine Learning', 'Node', 'React']"
JOB00688,HR Analyst,"['Data Analysis', 'Excel', 'HR Analytics', 'Power BI', 'SQL']"
JOB00689,Database Administrator,"['Database', 'Database Administration', 'MySQL', 'Oracle', 'PostgreSQL', 'SQL']"
JOB00690,QA Engineer,"['Automation Testing', 'Java', 'Python', 'SQL', 'Selenium']"
JOB00691,Product Analyst,"['Excel', 'Product Analytics', 'Python', 'SQL']"
JOB00692,Cloud Engineer,"['AWS', 'Azure', 'Cloud Computing', 'Docker', 'Linux']"
JOB00693,Financial Analyst,"['Excel', 'Financial Modeling', 'Power BI', 'SQL', 'Statistics']"
JOB00694,DevOps Engineer,"['AWS', 'Docker', 'Jenkins', 'Kubernetes', 'Linux']"
JOB00695,Product Analyst,"['Excel', 'Product Analytics', 'Python', 'SQL']"
JOB00696,Cloud Engineer,"['AWS', 'Azure', 'Cloud Computing', 'Docker', 'Linux']"
JOB00697,Data Engineer,"['AWS', 'ETL', 'Python', 'SQL', 'Spark']"
JOB00698,HR Analyst,"['Data Analysis', 'Excel', 'HR Analytics', 'Power BI', 'SQL']"
JOB00699,Data Analyst,"['Excel', 'Power BI', 'Python', 'SQL', 'Tableau']"
JOB00700,Cloud Engineer,"['AWS', 'Azure', 'Cloud Computing', 'Docker', 'Linux']"
JOB00701,Software Engineer,"['Git', 'Java', 'Python', 'REST API', 'SQL']"
JOB00702,BI Analyst,"['DAX', 'Data Visualization', 'Excel', 'Power BI', 'SQL']"
JOB00703,Cloud Engineer,"['AWS', 'Azure', 'Cloud Computing', 'Docker', 'Linux']"
JOB00704,Power BI Developer,"['DAX', 'Excel', 'Power BI', 'Power Query', 'SQL']"
JOB00705,SQL Developer,"['Database', 'ETL', 'MySQL', 'PostgreSQL', 'SQL']"
JOB00706,DevOps Engineer,"['AWS', 'Docker', 'Jenkins', 'Kubernetes', 'Linux']"
JOB00707,DevOps Engineer,"['AWS', 'Docker', 'Jenkins', 'Kubernetes', 'Linux']"
JOB00708,Data Engineer,"['AWS', 'ETL', 'Python', 'SQL', 'Spark']"
JOB00709,Data Analyst,"['Excel', 'Power BI', 'Python', 'SQL', 'Tableau']"
JOB00710,Web Developer,"['CSS', 'Git', 'HTML', 'Java', 'JavaScript', 'Machine Learning', 'React']"
JOB00711,Business Analyst,"['Business Analysis', 'Excel', 'Power BI', 'Requirements Gathering', 'SQL']"
JOB00712,Web Developer,"['CSS', 'Git', 'HTML', 'Java', 'JavaScript', 'Machine Learning', 'React']"
JOB00713,BI Analyst,"['DAX', 'Data Visualization', 'Excel', 'Power BI', 'SQL']"
JOB00714,Product Analyst,"['Excel', 'Oracle', 'Product Analytics', 'Python', 'SQL']"
JOB00715,Cloud Engineer,"['AWS', 'Azure', 'Cloud Computing', 'Docker', 'Linux']"
JOB00716,HR Analyst,"['Data Analysis', 'Excel', 'HR Analytics', 'Power BI', 'SQL']"
JOB00717,Marketing Analyst,"['Excel', 'Marketing Analytics', 'Power BI', 'Python', 'SQL']"
JOB00718,Database Administrator,"['Cloud Computing', 'Database', 'Database Administration', 'MySQL', 'Oracle', 'PostgreSQL', 'SQL']"
JOB00719,Product Analyst,"['Excel', 'Product Analytics', 'Python', 'SQL']"
JOB00720,Machine Learning Engineer,"['Docker', 'Machine Learning', 'Python', 'Scikit-learn', 'TensorFlow']"
JOB00721,SQL Developer,"['Database', 'ETL', 'MySQL', 'PostgreSQL', 'SQL']"
JOB00722,Financial Analyst,"['Excel', 'Financial Modeling', 'Power BI', 'SQL', 'Statistics']"
JOB00723,Full Stack Developer,"['CSS', 'Cloud Computing', 'HTML', 'Java', 'JavaScript', 'Machine Learning', 'Node', 'React']"
JOB00724,Business Analyst,"['Business Analysis', 'Excel', 'Power BI', 'Requirements Gathering', 'SQL']"
JOB00725,Marketing Analyst,"['Excel', 'Marketing Analytics', 'Power BI', 'Python', 'SQL']"
JOB00726,Machine Learning Engineer,"['Docker', 'Machine Learning', 'Python', 'Scikit-learn', 'TensorFlow']"
JOB00727,QA Engineer,"['Automation Testing', 'Java', 'Python', 'SQL', 'Selenium']"
JOB00728,HR Analyst,"['Data Analysis', 'Excel', 'HR Analytics', 'Power BI', 'SQL']"
JOB00729,Marketing Analyst,"['Excel', 'Marketing Analytics', 'Power BI', 'Python', 'SQL']"
JOB00730,Product Analyst,"['Excel', 'Product Analytics', 'Python', 'SQL']"
JOB00731,Full Stack Developer,"['CSS', 'HTML', 'Java', 'JavaScript', 'Machine Learning', 'Node', 'React']"
JOB00732,BI Analyst,"['DAX', 'Data Visualization', 'Excel', 'Power BI', 'SQL']"
JOB00733,Marketing Analyst,"['Excel', 'Marketing Analytics', 'Power BI', 'Python', 'SQL']"
JOB00734,Database Administrator,"['Database', 'Database Administration', 'MySQL', 'Oracle', 'PostgreSQL', 'SQL']"
JOB00735,HR Analyst,"['Data Analysis', 'Excel', 'HR Analytics', 'Power BI', 'SQL']"
JOB00736,Web Developer,"['CSS', 'Git', 'HTML', 'Java', 'JavaScript', 'Machine Learning', 'React']"
JOB00737,Data Scientist,"['Machine Learning', 'Pandas', 'Python', 'SQL', 'Statistics']"
JOB00738,Full Stack Developer,"['CSS', 'HTML', 'Java', 'JavaScript', 'Machine Learning', 'Node', 'React']"
JOB00739,BI Analyst,"['DAX', 'Data Visualization', 'Excel', 'Power BI', 'SQL']"
JOB00740,Business Analyst,"['Business Analysis', 'Excel', 'Power BI', 'Requirements Gathering', 'SQL']"
JOB00741,Software Engineer,"['Git', 'Java', 'Python', 'REST API', 'SQL']"
JOB00742,DevOps Engineer,"['AWS', 'Docker', 'Jenkins', 'Kubernetes', 'Linux']"
JOB00743,Product Analyst,"['Excel', 'Product Analytics', 'Python', 'SQL']"
JOB00744,Software Engineer,"['Git', 'Java', 'Oracle', 'Python', 'REST API', 'SQL']"
JOB00745,Product Analyst,"['Excel', 'Product Analytics', 'Python', 'SQL']"
JOB00746,Data Engineer,"['AWS', 'ETL', 'Python', 'SQL', 'Spark']"
JOB00747,Data Engineer,"['AWS', 'ETL', 'Python', 'SQL', 'Spark']"
JOB00748,DevOps Engineer,"['AWS', 'Docker', 'Jenkins', 'Kubernetes', 'Linux']"
JOB00749,Web Developer,"['CSS', 'Git', 'HTML', 'Java', 'JavaScript', 'Machine Learning', 'React']"
JOB00750,Web Developer,"['CSS', 'Git', 'HTML', 'Java', 'JavaScript', 'Machine Learning', 'React']"
JOB00751,DevOps Engineer,"['AWS', 'Docker', 'Jenkins', 'Kubernetes', 'Linux']"
JOB00752,SQL Developer,"['Database', 'ETL', 'MySQL', 'PostgreSQL', 'SQL']"
JOB00753,Data Analyst,"['Excel', 'Power BI', 'Python', 'SQL', 'Tableau']"
JOB00754,DevOps Engineer,"['AWS', 'Docker', 'Jenkins', 'Kubernetes', 'Linux']"
JOB00755,Data Scientist,"['Machine Learning', 'Pandas', 'Python', 'SQL', 'Statistics']"
JOB00756,DevOps Engineer,"['AWS', 'Docker', 'Jenkins', 'Kubernetes', 'Linux']"
JOB00757,Full Stack Developer,"['CSS', 'HTML', 'Java', 'JavaScript', 'Machine Learning', 'Node', 'React']"
JOB00758,Business Analyst,"['Business Analysis', 'Excel', 'Power BI', 'Requirements Gathering', 'SQL']"
JOB00759,Python Developer,"['Django', 'Flask', 'Git', 'Python', 'SQL']"
JOB00760,Business Analyst,"['Business Analysis', 'Excel', 'Power BI', 'Requirements Gathering', 'SQL']"
JOB00761,Database Administrator,"['Database', 'Database Administration', 'MySQL', 'Oracle', 'PostgreSQL', 'SQL']"
JOB00762,Data Engineer,"['AWS', 'ETL', 'Python', 'SQL', 'Spark']"
JOB00763,HR Analyst,"['Data Analysis', 'Excel', 'HR Analytics', 'Power BI', 'SQL']"
JOB00764,Software Engineer,"['Git', 'Java', 'Python', 'REST API', 'SQL']"
JOB00765,Database Administrator,"['Cloud Computing', 'Database', 'Database Administration', 'MySQL', 'Oracle', 'PostgreSQL', 'SQL']"
JOB00766,Software Engineer,"['Git', 'Java', 'Python', 'REST API', 'SQL']"
JOB00767,Cloud Engineer,"['AWS', 'Azure', 'Cloud Computing', 'Docker', 'Linux']"
JOB00768,Full Stack Developer,"['CSS', 'HTML', 'Java', 'JavaScript', 'Machine Learning', 'Node', 'React']"
JOB00769,Web Developer,"['CSS', 'Git', 'HTML', 'Java', 'JavaScript', 'Machine Learning', 'React']"
JOB00770,BI Analyst,"['DAX', 'Data Visualization', 'Excel', 'Power BI', 'SQL']"
JOB00771,SQL Developer,"['Database', 'ETL', 'MySQL', 'PostgreSQL', 'SQL']"
JOB00772,SQL Developer,"['Database', 'ETL', 'MySQL', 'PostgreSQL', 'SQL']"
JOB00773,HR Analyst,"['Data Analysis', 'Excel', 'HR Analytics', 'Power BI', 'SQL']"
JOB00774,Power BI Developer,"['DAX', 'Excel', 'Power BI', 'Power Query', 'SQL']"
JOB00775,HR Analyst,"['Data Analysis', 'Excel', 'HR Analytics', 'Power BI', 'SQL']"
JOB00776,Product Analyst,"['Excel', 'Product Analytics', 'Python', 'SQL']"
JOB00777,DevOps Engineer,"['AWS', 'Docker', 'Jenkins', 'Kubernetes', 'Linux']"
JOB00778,Marketing Analyst,"['Excel', 'Marketing Analytics', 'Power BI', 'Python', 'SQL']"
JOB00779,Power BI Developer,"['DAX', 'Excel', 'Power BI', 'Power Query', 'SQL']"
JOB00780,HR Analyst,"['Cloud Computing', 'Data Analysis', 'Excel', 'HR Analytics', 'Power BI', 'SQL']"
JOB00781,Data Scientist,"['Machine Learning', 'Pandas', 'Python', 'SQL', 'Statistics']"
JOB00782,Marketing Analyst,"['Excel', 'Marketing Analytics', 'Power BI', 'Python', 'SQL']"
JOB00783,Database Administrator,"['Database', 'Database Administration', 'MySQL', 'Oracle', 'PostgreSQL', 'SQL']"
JOB00784,Data Engineer,"['AWS', 'ETL', 'Python', 'SQL', 'Spark']"
JOB00785,SQL Developer,"['Database', 'ETL', 'MySQL', 'PostgreSQL', 'SQL']"
JOB00786,Product Analyst,"['Excel', 'Product Analytics', 'Python', 'SQL']"
JOB00787,HR Analyst,"['Data Analysis', 'Excel', 'HR Analytics', 'Power BI', 'SQL']"
JOB00788,Full Stack Developer,"['CSS', 'HTML', 'Java', 'JavaScript', 'Machine Learning', 'Node', 'React']"
JOB00789,BI Analyst,"['DAX', 'Data Visualization', 'Excel', 'Power BI', 'SQL']"
JOB00790,Business Analyst,"['Business Analysis', 'Excel', 'Power BI', 'Requirements Gathering', 'SQL']"
JOB00791,HR Analyst,"['Data Analysis', 'Excel', 'HR Analytics', 'Power BI', 'SQL']"
JOB00792,Power BI Developer,"['Cloud Computing', 'DAX', 'Excel', 'Power BI', 'Power Query', 'SQL']"
JOB00793,Software Engineer,"['Git', 'Java', 'Python', 'REST API', 'SQL']"
JOB00794,SQL Developer,"['Database', 'ETL', 'MySQL', 'PostgreSQL', 'SQL']"
JOB00795,Data Engineer,"['AWS', 'ETL', 'Python', 'SQL', 'Spark']"
JOB00796,Marketing Analyst,"['Excel', 'Marketing Analytics', 'Oracle', 'Power BI', 'Python', 'SQL']"
JOB00797,SQL Developer,"['Database', 'ETL', 'MySQL', 'PostgreSQL', 'SQL']"
JOB00798,Full Stack Developer,"['CSS', 'HTML', 'Java', 'JavaScript', 'Machine Learning', 'Node', 'React']"
JOB00799,Data Analyst,"['Excel', 'Power BI', 'Python', 'SQL', 'Tableau']"
JOB00800,Marketing Analyst,"['Excel', 'Marketing Analytics', 'Power BI', 'Python', 'SQL']"
JOB00801,QA Engineer,"['Automation Testing', 'Java', 'Python', 'SQL', 'Selenium']"
JOB00802,Financial Analyst,"['Excel', 'Financial Modeling', 'Power BI', 'SQL', 'Statistics']"
JOB00803,Product Analyst,"['Excel', 'Product Analytics', 'Python', 'SQL']"
JOB00804,QA Engineer,"['Automation Testing', 'Java', 'Python', 'SQL', 'Selenium']"
JOB00805,BI Analyst,"['Cloud Computing', 'DAX', 'Data Visualization', 'Excel', 'Power BI', 'SQL']"
JOB00806,QA Engineer,"['Automation Testing', 'Java', 'Python', 'SQL', 'Selenium']"
JOB00807,Business Analyst,"['Business Analysis', 'Excel', 'Power BI', 'Requirements Gathering', 'SQL']"
JOB00808,DevOps Engineer,"['AWS', 'Docker', 'Jenkins', 'Kubernetes', 'Linux']"
JOB00809,SQL Developer,"['Cloud Computing', 'Database', 'ETL', 'MySQL', 'PostgreSQL', 'SQL']"
JOB00810,SQL Developer,"['Database', 'ETL', 'MySQL', 'PostgreSQL', 'SQL']"
JOB00811,Machine Learning Engineer,"['Docker', 'Machine Learning', 'Python', 'Scikit-learn', 'TensorFlow']"
JOB00812,Marketing Analyst,"['Excel', 'Marketing Analytics', 'Power BI', 'Python', 'SQL']"
JOB00813,Business Analyst,"['Business Analysis', 'Excel', 'Power BI', 'Requirements Gathering', 'SQL']"
JOB00814,Database Administrator,"['Database', 'Database Administration', 'MySQL', 'Oracle', 'PostgreSQL', 'SQL']"
JOB00815,Cloud Engineer,"['AWS', 'Azure', 'Cloud Computing', 'Docker', 'Linux']"
JOB00816,SQL Developer,"['Database', 'ETL', 'MySQL', 'PostgreSQL', 'SQL']"
JOB00817,QA Engineer,"['Automation Testing', 'Java', 'Python', 'SQL', 'Selenium']"
JOB00818,Business Analyst,"['Business Analysis', 'Excel', 'Power BI', 'Requirements Gathering', 'SQL']"
JOB00819,Business Analyst,"['Business Analysis', 'Cloud Computing', 'Excel', 'Power BI', 'Requirements Gathering', 'SQL']"
JOB00820,DevOps Engineer,"['AWS', 'Docker', 'Jenkins', 'Kubernetes', 'Linux']"
JOB00821,Data Scientist,"['Machine Learning', 'Pandas', 'Python', 'SQL', 'Statistics']"
JOB00822,Web Developer,"['CSS', 'Git', 'HTML', 'Java', 'JavaScript', 'Machine Learning', 'React']"
JOB00823,Database Administrator,"['Database', 'Database Administration', 'MySQL', 'Oracle', 'PostgreSQL', 'SQL']"
JOB00824,BI Analyst,"['DAX', 'Data Visualization', 'Excel', 'Oracle', 'Power BI', 'SQL']"
JOB00825,Marketing Analyst,"['Excel', 'Marketing Analytics', 'Power BI', 'Python', 'SQL']"
JOB00826,Power BI Developer,"['DAX', 'Excel', 'Power BI', 'Power Query', 'SQL']"
JOB00827,Financial Analyst,"['Excel', 'Financial Modeling', 'Power BI', 'SQL', 'Statistics']"
JOB00828,Product Analyst,"['Excel', 'Product Analytics', 'Python', 'SQL']"
JOB00829,Database Administrator,"['Database', 'Database Administration', 'MySQL', 'Oracle', 'PostgreSQL', 'SQL']"
JOB00830,Full Stack Developer,"['CSS', 'HTML', 'Java', 'JavaScript', 'Machine Learning', 'Node', 'React']"
JOB00831,Data Scientist,"['Machine Learning', 'Pandas', 'Python', 'SQL', 'Statistics']"
JOB00832,HR Analyst,"['Data Analysis', 'Excel', 'HR Analytics', 'Power BI', 'SQL']"
JOB00833,Database Administrator,"['Database', 'Database Administration', 'MySQL', 'Oracle', 'PostgreSQL', 'SQL']"
JOB00834,Full Stack Developer,"['CSS', 'HTML', 'Java', 'JavaScript', 'Machine Learning', 'Node', 'React']"
JOB00835,Data Analyst,"['Excel', 'Power BI', 'Python', 'SQL', 'Tableau']"
JOB00836,Data Engineer,"['AWS', 'ETL', 'Python', 'SQL', 'Spark']"
JOB00837,Data Engineer,"['AWS', 'ETL', 'Python', 'SQL', 'Spark']"
JOB00838,BI Analyst,"['DAX', 'Data Visualization', 'Excel', 'Power BI', 'SQL']"
JOB00839,Data Scientist,"['Machine Learning', 'Pandas', 'Python', 'SQL', 'Statistics']"
JOB00840,Software Engineer,"['Git', 'Java', 'Python', 'REST API', 'SQL']"
JOB00841,HR Analyst,"['Data Analysis', 'Excel', 'HR Analytics', 'Power BI', 'SQL']"
JOB00842,Python Developer,"['Django', 'Flask', 'Git', 'Python', 'SQL']"
JOB00843,Marketing Analyst,"['Excel', 'Marketing Analytics', 'Power BI', 'Python', 'SQL']"
JOB00844,QA Engineer,"['Automation Testing', 'Java', 'Oracle', 'Python', 'SQL', 'Selenium']"
JOB00845,Software Engineer,"['Git', 'Java', 'Python', 'REST API', 'SQL']"
JOB00846,Web Developer,"['CSS', 'Git', 'HTML', 'Java', 'JavaScript', 'Machine Learning', 'Oracle', 'React']"
JOB00847,Database Administrator,"['Database', 'Database Administration', 'MySQL', 'Oracle', 'PostgreSQL', 'SQL']"
JOB00848,QA Engineer,"['Automation Testing', 'Java', 'Python', 'SQL', 'Selenium']"
JOB00849,Full Stack Developer,"['CSS', 'HTML', 'Java', 'JavaScript', 'Machine Learning', 'Node', 'React']"
JOB00850,QA Engineer,"['Automation Testing', 'Java', 'Python', 'SQL', 'Selenium']"
JOB00851,DevOps Engineer,"['AWS', 'Docker', 'Jenkins', 'Kubernetes', 'Linux', 'Oracle']"
JOB00852,Software Engineer,"['Git', 'Java', 'Python', 'REST API', 'SQL']"
JOB00853,Full Stack Developer,"['CSS', 'HTML', 'Java', 'JavaScript', 'Machine Learning', 'Node', 'React']"
JOB00854,BI Analyst,"['DAX', 'Data Visualization', 'Excel', 'Power BI', 'SQL']"
JOB00855,Database Administrator,"['Cloud Computing', 'Database', 'Database Administration', 'MySQL', 'Oracle', 'PostgreSQL', 'SQL']"
JOB00856,Web Developer,"['CSS', 'Git', 'HTML', 'Java', 'JavaScript', 'Machine Learning', 'React']"
JOB00857,Machine Learning Engineer,"['Docker', 'Machine Learning', 'Python', 'Scikit-learn', 'TensorFlow']"
JOB00858,Product Analyst,"['Excel', 'Product Analytics', 'Python', 'SQL']"
JOB00859,Data Analyst,"['Excel', 'Power BI', 'Python', 'SQL', 'Tableau']"
JOB00860,Machine Learning Engineer,"['Docker', 'Machine Learning', 'Python', 'Scikit-learn', 'TensorFlow']"
JOB00861,Cloud Engineer,"['AWS', 'Azure', 'Cloud Computing', 'Docker', 'Linux']"
JOB00862,QA Engineer,"['Automation Testing', 'Java', 'Python', 'SQL', 'Selenium']"
JOB00863,Data Analyst,"['Cloud Computing', 'Excel', 'Power BI', 'Python', 'SQL', 'Tableau']"
JOB00864,BI Analyst,"['DAX', 'Data Visualization', 'Excel', 'Power BI', 'SQL']"
JOB00865,Full Stack Developer,"['CSS', 'Cloud Computing', 'HTML', 'Java', 'JavaScript', 'Machine Learning', 'Node', 'React']"
JOB00866,Machine Learning Engineer,"['Cloud Computing', 'Docker', 'Machine Learning', 'Python', 'Scikit-learn', 'TensorFlow']"
JOB00867,Machine Learning Engineer,"['Docker', 'Machine Learning', 'Python', 'Scikit-learn', 'TensorFlow']"
JOB00868,Cloud Engineer,"['AWS', 'Azure', 'Cloud Computing', 'Docker', 'Linux']"
JOB00869,Business Analyst,"['Business Analysis', 'Excel', 'Power BI', 'Requirements Gathering', 'SQL']"
JOB00870,HR Analyst,"['Cloud Computing', 'Data Analysis', 'Excel', 'HR Analytics', 'Power BI', 'SQL']"
JOB00871,Machine Learning Engineer,"['Docker', 'Machine Learning', 'Python', 'Scikit-learn', 'TensorFlow']"
JOB00872,Machine Learning Engineer,"['Docker', 'Machine Learning', 'Python', 'Scikit-learn', 'TensorFlow']"
JOB00873,Financial Analyst,"['Excel', 'Financial Modeling', 'Power BI', 'SQL', 'Statistics']"
JOB00874,Database Administrator,"['Database', 'Database Administration', 'MySQL', 'Oracle', 'PostgreSQL', 'SQL']"
JOB00875,Power BI Developer,"['Cloud Computing', 'DAX', 'Excel', 'Power BI', 'Power Query', 'SQL']"
JOB00876,Machine Learning Engineer,"['Docker', 'Machine Learning', 'Python', 'Scikit-learn', 'TensorFlow']"
JOB00877,Data Scientist,"['Machine Learning', 'Pandas', 'Python', 'SQL', 'Statistics']"
JOB00878,Python Developer,"['Django', 'Flask', 'Git', 'Python', 'SQL']"
JOB00879,Machine Learning Engineer,"['Docker', 'Machine Learning', 'Python', 'Scikit-learn', 'TensorFlow']"
JOB00880,Software Engineer,"['Git', 'Java', 'Python', 'REST API', 'SQL']"
JOB00881,Data Scientist,"['Machine Learning', 'Pandas', 'Python', 'SQL', 'Statistics']"
JOB00882,Database Administrator,"['Database', 'Database Administration', 'MySQL', 'Oracle', 'PostgreSQL', 'SQL']"
JOB00883,Product Analyst,"['Excel', 'Product Analytics', 'Python', 'SQL']"
JOB00884,Financial Analyst,"['Excel', 'Financial Modeling', 'Power BI', 'SQL', 'Statistics']"
JOB00885,Data Analyst,"['Excel', 'Power BI', 'Python', 'SQL', 'Tableau']"
JOB00886,QA Engineer,"['Automation Testing', 'Cloud Computing', 'Java', 'Python', 'SQL', 'Selenium']"
JOB00887,Data Scientist,"['Machine Learning', 'Pandas', 'Python', 'SQL', 'Statistics']"
JOB00888,QA Engineer,"['Automation Testing', 'Java', 'Python', 'SQL', 'Selenium']"
JOB00889,Database Administrator,"['Cloud Computing', 'Database', 'Database Administration', 'MySQL', 'Oracle', 'PostgreSQL', 'SQL']"
JOB00890,Product Analyst,"['Excel', 'Product Analytics', 'Python', 'SQL']"
JOB00891,Full Stack Developer,"['CSS', 'HTML', 'Java', 'JavaScript', 'Machine Learning', 'Node', 'React']"
JOB00892,Data Analyst,"['Excel', 'Power BI', 'Python', 'SQL', 'Tableau']"
JOB00893,Software Engineer,"['Git', 'Java', 'Python', 'REST API', 'SQL']"
JOB00894,Python Developer,"['Django', 'Flask', 'Git', 'Python', 'SQL']"
JOB00895,Full Stack Developer,"['CSS', 'Cloud Computing', 'HTML', 'Java', 'JavaScript', 'Machine Learning', 'Node', 'React']"
JOB00896,SQL Developer,"['Database', 'ETL', 'MySQL', 'PostgreSQL', 'SQL']"
JOB00897,HR Analyst,"['Data Analysis', 'Excel', 'HR Analytics', 'Power BI', 'SQL']"
JOB00898,Financial Analyst,"['Excel', 'Financial Modeling', 'Power BI', 'SQL', 'Statistics']"
JOB00899,Data Engineer,"['AWS', 'ETL', 'Python', 'SQL', 'Spark']"
JOB00900,Product Analyst,"['Excel', 'Product Analytics', 'Python', 'SQL']"
JOB00901,HR Analyst,"['Data Analysis', 'Excel', 'HR Analytics', 'Power BI', 'SQL']"
JOB00902,Web Developer,"['CSS', 'Git', 'HTML', 'Java', 'JavaScript', 'Machine Learning', 'React']"
JOB00903,SQL Developer,"['Database', 'ETL', 'MySQL', 'PostgreSQL', 'SQL']"
JOB00904,Business Analyst,"['Business Analysis', 'Excel', 'Power BI', 'Requirements Gathering', 'SQL']"
JOB00905,BI Analyst,"['DAX', 'Data Visualization', 'Excel', 'Power BI', 'SQL']"
JOB00906,Database Administrator,"['Database', 'Database Administration', 'MySQL', 'Oracle', 'PostgreSQL', 'SQL']"
JOB00907,HR Analyst,"['Data Analysis', 'Excel', 'HR Analytics', 'Power BI', 'SQL']"
JOB00908,Full Stack Developer,"['CSS', 'HTML', 'Java', 'JavaScript', 'Machine Learning', 'Node', 'React']"
JOB00909,SQL Developer,"['Database', 'ETL', 'MySQL', 'PostgreSQL', 'SQL']"
JOB00910,Web Developer,"['CSS', 'Git', 'HTML', 'Java', 'JavaScript', 'Machine Learning', 'React']"
JOB00911,QA Engineer,"['Automation Testing', 'Java', 'Python', 'SQL', 'Selenium']"
JOB00912,Data Engineer,"['AWS', 'ETL', 'Python', 'SQL', 'Spark']"
JOB00913,Web Developer,"['CSS', 'Cloud Computing', 'Git', 'HTML', 'Java', 'JavaScript', 'Machine Learning', 'React']"
JOB00914,BI Analyst,"['DAX', 'Data Visualization', 'Excel', 'Power BI', 'SQL']"
JOB00915,Python Developer,"['Django', 'Flask', 'Git', 'Python', 'SQL']"
JOB00916,Software Engineer,"['Git', 'Java', 'Python', 'REST API', 'SQL']"
JOB00917,Data Scientist,"['Machine Learning', 'Pandas', 'Python', 'SQL', 'Statistics']"
JOB00918,Cloud Engineer,"['AWS', 'Azure', 'Cloud Computing', 'Docker', 'Linux']"
JOB00919,Business Analyst,"['Business Analysis', 'Excel', 'Power BI', 'Requirements Gathering', 'SQL']"
JOB00920,HR Analyst,"['Data Analysis', 'Excel', 'HR Analytics', 'Power BI', 'SQL']"
JOB00921,Product Analyst,"['Excel', 'Product Analytics', 'Python', 'SQL']"
JOB00922,QA Engineer,"['Automation Testing', 'Java', 'Python', 'SQL', 'Selenium']"
JOB00923,Cloud Engineer,"['AWS', 'Azure', 'Cloud Computing', 'Docker', 'Linux']"
JOB00924,Financial Analyst,"['Excel', 'Financial Modeling', 'Power BI', 'SQL', 'Statistics']"
JOB00925,Data Scientist,"['Machine Learning', 'Pandas', 'Python', 'SQL', 'Statistics']"
JOB00926,DevOps Engineer,"['AWS', 'Cloud Computing', 'Docker', 'Jenkins', 'Kubernetes', 'Linux']"
JOB00927,Financial Analyst,"['Excel', 'Financial Modeling', 'Power BI', 'SQL', 'Statistics']"
JOB00928,Product Analyst,"['Excel', 'Product Analytics', 'Python', 'SQL']"
JOB00929,DevOps Engineer,"['AWS', 'Docker', 'Jenkins', 'Kubernetes', 'Linux']"
JOB00930,Database Administrator,"['Database', 'Database Administration', 'MySQL', 'Oracle', 'PostgreSQL', 'SQL']"
JOB00931,QA Engineer,"['Automation Testing', 'Java', 'Python', 'SQL', 'Selenium']"
JOB00932,BI Analyst,"['DAX', 'Data Visualization', 'Excel', 'Power BI', 'SQL']"
JOB00933,Python Developer,"['Django', 'Flask', 'Git', 'Python', 'SQL']"
JOB00934,Software Engineer,"['Git', 'Java', 'Python', 'REST API', 'SQL']"
JOB00935,HR Analyst,"['Data Analysis', 'Excel', 'HR Analytics', 'Power BI', 'SQL']"
JOB00936,BI Analyst,"['DAX', 'Data Visualization', 'Excel', 'Power BI', 'SQL']"
JOB00937,Machine Learning Engineer,"['Docker', 'Machine Learning', 'Python', 'Scikit-learn', 'TensorFlow']"
JOB00938,Data Analyst,"['Excel', 'Power BI', 'Python', 'SQL', 'Tableau']"
JOB00939,QA Engineer,"['Automation Testing', 'Java', 'Python', 'SQL', 'Selenium']"
JOB00940,Financial Analyst,"['Excel', 'Financial Modeling', 'Power BI', 'SQL', 'Statistics']"
JOB00941,Full Stack Developer,"['CSS', 'HTML', 'Java', 'JavaScript', 'Machine Learning', 'Node', 'React']"
JOB00942,QA Engineer,"['Automation Testing', 'Java', 'Python', 'SQL', 'Selenium']"
JOB00943,Data Scientist,"['Machine Learning', 'Pandas', 'Python', 'SQL', 'Statistics']"
JOB00944,BI Analyst,"['DAX', 'Data Visualization', 'Excel', 'Power BI', 'SQL']"
JOB00945,DevOps Engineer,"['AWS', 'Docker', 'Jenkins', 'Kubernetes', 'Linux']"
JOB00946,Data Engineer,"['AWS', 'ETL', 'Python', 'SQL', 'Spark']"
JOB00947,Software Engineer,"['Git', 'Java', 'Python', 'REST API', 'SQL']"
JOB00948,Marketing Analyst,"['Excel', 'Marketing Analytics', 'Power BI', 'Python', 'SQL']"
JOB00949,Cloud Engineer,"['AWS', 'Azure', 'Cloud Computing', 'Docker', 'Linux']"
JOB00950,Power BI Developer,"['DAX', 'Excel', 'Power BI', 'Power Query', 'SQL']"
JOB00951,Financial Analyst,"['Excel', 'Financial Modeling', 'Power BI', 'SQL', 'Statistics']"
JOB00952,Cloud Engineer,"['AWS', 'Azure', 'Cloud Computing', 'Docker', 'Linux']"
JOB00953,Financial Analyst,"['Excel', 'Financial Modeling', 'Power BI', 'SQL', 'Statistics']"
JOB00954,QA Engineer,"['Automation Testing', 'Java', 'Oracle', 'Python', 'SQL', 'Selenium']"
JOB00955,BI Analyst,"['DAX', 'Data Visualization', 'Excel', 'Power BI', 'SQL']"
JOB00956,Software Engineer,"['Git', 'Java', 'Python', 'REST API', 'SQL']"
JOB00957,BI Analyst,"['DAX', 'Data Visualization', 'Excel', 'Power BI', 'SQL']"
JOB00958,Marketing Analyst,"['Excel', 'Marketing Analytics', 'Power BI', 'Python', 'SQL']"
JOB00959,Database Administrator,"['Database', 'Database Administration', 'MySQL', 'Oracle', 'PostgreSQL', 'SQL']"
JOB00960,Software Engineer,"['Git', 'Java', 'Python', 'REST API', 'SQL']"
JOB00961,Machine Learning Engineer,"['Docker', 'Machine Learning', 'Python', 'Scikit-learn', 'TensorFlow']"
JOB00962,Data Engineer,"['AWS', 'ETL', 'Python', 'SQL', 'Spark']"
JOB00963,BI Analyst,"['DAX', 'Data Visualization', 'Excel', 'Power BI', 'SQL']"
JOB00964,Python Developer,"['Django', 'Flask', 'Git', 'Python', 'SQL']"
JOB00965,Web Developer,"['CSS', 'Git', 'HTML', 'Java', 'JavaScript', 'Machine Learning', 'React']"
JOB00966,Data Scientist,"['Machine Learning', 'Pandas', 'Python', 'SQL', 'Statistics']"
JOB00967,Business Analyst,"['Business Analysis', 'Excel', 'Power BI', 'Requirements Gathering', 'SQL']"
JOB00968,Data Scientist,"['Machine Learning', 'Pandas', 'Python', 'SQL', 'Statistics']"
JOB00969,QA Engineer,"['Automation Testing', 'Java', 'Python', 'SQL', 'Selenium']"
JOB00970,QA Engineer,"['Automation Testing', 'Java', 'Python', 'SQL', 'Selenium']"
JOB00971,Machine Learning Engineer,"['Docker', 'Machine Learning', 'Python', 'Scikit-learn', 'TensorFlow']"
JOB00972,DevOps Engineer,"['AWS', 'Docker', 'Jenkins', 'Kubernetes', 'Linux']"
JOB00973,BI Analyst,"['DAX', 'Data Visualization', 'Excel', 'Power BI', 'SQL']"
JOB00974,Power BI Developer,"['DAX', 'Excel', 'Power BI', 'Power Query', 'SQL']"
JOB00975,Machine Learning Engineer,"['Docker', 'Machine Learning', 'Python', 'Scikit-learn', 'TensorFlow']"
JOB00976,Product Analyst,"['Excel', 'Product Analytics', 'Python', 'SQL']"
JOB00977,HR Analyst,"['Data Analysis', 'Excel', 'HR Analytics', 'Power BI', 'SQL']"
JOB00978,DevOps Engineer,"['AWS', 'Docker', 'Jenkins', 'Kubernetes', 'Linux']"
JOB00979,Financial Analyst,"['Excel', 'Financial Modeling', 'Power BI', 'SQL', 'Statistics']"
JOB00980,Power BI Developer,"['DAX', 'Excel', 'Power BI', 'Power Query', 'SQL']"
JOB00981,SQL Developer,"['Database', 'ETL', 'MySQL', 'PostgreSQL', 'SQL']"
JOB00982,Financial Analyst,"['Excel', 'Financial Modeling', 'Power BI', 'SQL', 'Statistics']"
JOB00983,BI Analyst,"['DAX', 'Data Visualization', 'Excel', 'Oracle', 'Power BI', 'SQL']"
JOB00984,Software Engineer,"['Git', 'Java', 'Python', 'REST API', 'SQL']"
JOB00985,Software Engineer,"['Git', 'Java', 'Python', 'REST API', 'SQL']"
JOB00986,Python Developer,"['Django', 'Flask', 'Git', 'Python', 'SQL']"
JOB00987,Data Scientist,"['Machine Learning', 'Pandas', 'Python', 'SQL', 'Statistics']"
JOB00988,Financial Analyst,"['Excel', 'Financial Modeling', 'Power BI', 'SQL', 'Statistics']"
JOB00989,Machine Learning Engineer,"['Docker', 'Machine Learning', 'Python', 'Scikit-learn', 'TensorFlow']"
JOB00990,Business Analyst,"['Business Analysis', 'Excel', 'Power BI', 'Requirements Gathering', 'SQL']"
JOB00991,Software Engineer,"['Git', 'Java', 'Python', 'REST API', 'SQL']"
JOB00992,Product Analyst,"['Excel', 'Product Analytics', 'Python', 'SQL']"
JOB00993,Power BI Developer,"['DAX', 'Excel', 'Power BI', 'Power Query', 'SQL']"
JOB00994,Business Analyst,"['Business Analysis', 'Excel', 'Power BI', 'Requirements Gathering', 'SQL']"
JOB00995,Database Administrator,"['Database', 'Database Administration', 'MySQL', 'Oracle', 'PostgreSQL', 'SQL']"
JOB00996,Business Analyst,"['Business Analysis', 'Excel', 'Power BI', 'Requirements Gathering', 'SQL']"
JOB00997,Data Scientist,"['Machine Learning', 'Pandas', 'Python', 'SQL', 'Statistics']"
JOB00998,Business Analyst,"['Business Analysis', 'Excel', 'Power BI', 'Requirements Gathering', 'SQL']"
JOB00999,Financial Analyst,"['Excel', 'Financial Modeling', 'Power BI', 'SQL', 'Statistics']"
JOB01000,Financial Analyst,"['Excel', 'Financial Modeling', 'Power BI', 'SQL', 'Statistics']"
JOB01001,Python Developer,"['Django', 'Flask', 'Git', 'Python', 'SQL']"
JOB01002,Product Analyst,"['Excel', 'Product Analytics', 'Python', 'SQL']"
JOB01003,Web Developer,"['CSS', 'Git', 'HTML', 'Java', 'JavaScript', 'Machine Learning', 'React']"
JOB01004,Cloud Engineer,"['AWS', 'Azure', 'Cloud Computing', 'Docker', 'Linux']"
JOB01005,Data Scientist,"['Machine Learning', 'Pandas', 'Python', 'SQL', 'Statistics']"
JOB01006,Power BI Developer,"['DAX', 'Excel', 'Power BI', 'Power Query', 'SQL']"
JOB01007,QA Engineer,"['Automation Testing', 'Java', 'Oracle', 'Python', 'SQL', 'Selenium']"
JOB01008,Marketing Analyst,"['Excel', 'Marketing Analytics', 'Power BI', 'Python', 'SQL']"
JOB01009,Data Engineer,"['AWS', 'ETL', 'Python', 'SQL', 'Spark']"
JOB01010,DevOps Engineer,"['AWS', 'Docker', 'Jenkins', 'Kubernetes', 'Linux']"
JOB01011,Software Engineer,"['Git', 'Java', 'Python', 'REST API', 'SQL']"
JOB01012,Data Engineer,"['AWS', 'ETL', 'Python', 'SQL', 'Spark']"
JOB01013,Cloud Engineer,"['AWS', 'Azure', 'Cloud Computing', 'Docker', 'Linux']"
JOB01014,Data Scientist,"['Machine Learning', 'Pandas', 'Python', 'SQL', 'Statistics']"
JOB01015,Power BI Developer,"['DAX', 'Excel', 'Power BI', 'Power Query', 'SQL']"
JOB01016,Financial Analyst,"['Cloud Computing', 'Excel', 'Financial Modeling', 'Power BI', 'SQL', 'Statistics']"
JOB01017,Web Developer,"['CSS', 'Git', 'HTML', 'Java', 'JavaScript', 'Machine Learning', 'React']"
JOB01018,HR Analyst,"['Data Analysis', 'Excel', 'HR Analytics', 'Power BI', 'SQL']"
JOB01019,Machine Learning Engineer,"['Docker', 'Machine Learning', 'Python', 'Scikit-learn', 'TensorFlow']"
JOB01020,BI Analyst,"['DAX', 'Data Visualization', 'Excel', 'Oracle', 'Power BI', 'SQL']"
JOB01021,Business Analyst,"['Business Analysis', 'Excel', 'Power BI', 'Requirements Gathering', 'SQL']"
JOB01022,Machine Learning Engineer,"['Docker', 'Machine Learning', 'Python', 'Scikit-learn', 'TensorFlow']"
JOB01023,Cloud Engineer,"['AWS', 'Azure', 'Cloud Computing', 'Docker', 'Linux']"
JOB01024,Database Administrator,"['Database', 'Database Administration', 'MySQL', 'Oracle', 'PostgreSQL', 'SQL']"
JOB01025,Data Engineer,"['AWS', 'ETL', 'Python', 'SQL', 'Spark']"
JOB01026,Marketing Analyst,"['Cloud Computing', 'Excel', 'Marketing Analytics', 'Power BI', 'Python', 'SQL']"
JOB01027,Business Analyst,"['Business Analysis', 'Excel', 'Power BI', 'Requirements Gathering', 'SQL']"
JOB01028,SQL Developer,"['Database', 'ETL', 'MySQL', 'PostgreSQL', 'SQL']"
JOB01029,Marketing Analyst,"['Excel', 'Marketing Analytics', 'Power BI', 'Python', 'SQL']"
JOB01030,Financial Analyst,"['Excel', 'Financial Modeling', 'Power BI', 'SQL', 'Statistics']"
JOB01031,Data Scientist,"['Machine Learning', 'Pandas', 'Python', 'SQL', 'Statistics']"
JOB01032,Data Analyst,"['Excel', 'Power BI', 'Python', 'SQL', 'Tableau']"
JOB01033,SQL Developer,"['Database', 'ETL', 'MySQL', 'PostgreSQL', 'SQL']"
JOB01034,Full Stack Developer,"['CSS', 'HTML', 'Java', 'JavaScript', 'Machine Learning', 'Node', 'React']"
JOB01035,Data Analyst,"['Excel', 'Power BI', 'Python', 'SQL', 'Tableau']"
JOB01036,SQL Developer,"['Database', 'ETL', 'MySQL', 'PostgreSQL', 'SQL']"
JOB01037,Data Engineer,"['AWS', 'ETL', 'Python', 'SQL', 'Spark']"
JOB01038,Data Engineer,"['AWS', 'ETL', 'Python', 'SQL', 'Spark']"
JOB01039,Web Developer,"['CSS', 'Git', 'HTML', 'Java', 'JavaScript', 'Machine Learning', 'React']"
JOB01040,Database Administrator,"['Database', 'Database Administration', 'MySQL', 'Oracle', 'PostgreSQL', 'SQL']"
JOB01041,Full Stack Developer,"['CSS', 'HTML', 'Java', 'JavaScript', 'Machine Learning', 'Node', 'React']"
JOB01042,Web Developer,"['CSS', 'Git', 'HTML', 'Java', 'JavaScript', 'Machine Learning', 'Oracle', 'React']"
JOB01043,Marketing Analyst,"['Excel', 'Marketing Analytics', 'Power BI', 'Python', 'SQL']"
JOB01044,QA Engineer,"['Automation Testing', 'Java', 'Python', 'SQL', 'Selenium']"
JOB01045,Software Engineer,"['Cloud Computing', 'Git', 'Java', 'Python', 'REST API', 'SQL']"
JOB01046,Database Administrator,"['Database', 'Database Administration', 'MySQL', 'Oracle', 'PostgreSQL', 'SQL']"
JOB01047,Cloud Engineer,"['AWS', 'Azure', 'Cloud Computing', 'Docker', 'Linux']"
JOB01048,Database Administrator,"['Database', 'Database Administration', 'MySQL', 'Oracle', 'PostgreSQL', 'SQL']"
JOB01049,Software Engineer,"['Git', 'Java', 'Python', 'REST API', 'SQL']"
JOB01050,HR Analyst,"['Data Analysis', 'Excel', 'HR Analytics', 'Power BI', 'SQL']"
JOB01051,HR Analyst,"['Data Analysis', 'Excel', 'HR Analytics', 'Oracle', 'Power BI', 'SQL']"
JOB01052,DevOps Engineer,"['AWS', 'Docker', 'Jenkins', 'Kubernetes', 'Linux']"
JOB01053,QA Engineer,"['Automation Testing', 'Java', 'Python', 'SQL', 'Selenium']"
JOB01054,Financial Analyst,"['Excel', 'Financial Modeling', 'Power BI', 'SQL', 'Statistics']"
JOB01055,Power BI Developer,"['DAX', 'Excel', 'Power BI', 'Power Query', 'SQL']"
JOB01056,HR Analyst,"['Data Analysis', 'Excel', 'HR Analytics', 'Oracle', 'Power BI', 'SQL']"
JOB01057,Full Stack Developer,"['CSS', 'HTML', 'Java', 'JavaScript', 'Machine Learning', 'Node', 'React']"
JOB01058,Database Administrator,"['Database', 'Database Administration', 'MySQL', 'Oracle', 'PostgreSQL', 'SQL']"
JOB01059,Cloud Engineer,"['AWS', 'Azure', 'Cloud Computing', 'Docker', 'Linux']"
JOB01060,Power BI Developer,"['DAX', 'Excel', 'Power BI', 'Power Query', 'SQL']"
JOB01061,DevOps Engineer,"['AWS', 'Docker', 'Jenkins', 'Kubernetes', 'Linux']"
JOB01062,Financial Analyst,"['Excel', 'Financial Modeling', 'Power BI', 'SQL', 'Statistics']"
JOB01063,Data Scientist,"['Machine Learning', 'Pandas', 'Python', 'SQL', 'Statistics']"
JOB01064,Data Scientist,"['Machine Learning', 'Pandas', 'Python', 'SQL', 'Statistics']"
JOB01065,Financial Analyst,"['Excel', 'Financial Modeling', 'Power BI', 'SQL', 'Statistics']"
JOB01066,Data Scientist,"['Machine Learning', 'Oracle', 'Pandas', 'Python', 'SQL', 'Statistics']"
JOB01067,DevOps Engineer,"['AWS', 'Docker', 'Jenkins', 'Kubernetes', 'Linux']"
JOB01068,Marketing Analyst,"['Excel', 'Marketing Analytics', 'Power BI', 'Python', 'SQL']"
JOB01069,QA Engineer,"['Automation Testing', 'Cloud Computing', 'Java', 'Python', 'SQL', 'Selenium']"
JOB01070,Python Developer,"['Django', 'Flask', 'Git', 'Python', 'SQL']"
JOB01071,Database Administrator,"['Database', 'Database Administration', 'MySQL', 'Oracle', 'PostgreSQL', 'SQL']"
JOB01072,Database Administrator,"['Database', 'Database Administration', 'MySQL', 'Oracle', 'PostgreSQL', 'SQL']"
JOB01073,Data Engineer,"['AWS', 'ETL', 'Python', 'SQL', 'Spark']"
JOB01074,Financial Analyst,"['Excel', 'Financial Modeling', 'Power BI', 'SQL', 'Statistics']"
JOB01075,Power BI Developer,"['DAX', 'Excel', 'Power BI', 'Power Query', 'SQL']"
JOB01076,Data Analyst,"['Excel', 'Power BI', 'Python', 'SQL', 'Tableau']"
JOB01077,Web Developer,"['CSS', 'Git', 'HTML', 'Java', 'JavaScript', 'Machine Learning', 'React']"
JOB01078,Software Engineer,"['Git', 'Java', 'Oracle', 'Python', 'REST API', 'SQL']"
JOB01079,Financial Analyst,"['Excel', 'Financial Modeling', 'Oracle', 'Power BI', 'SQL', 'Statistics']"
JOB01080,QA Engineer,"['Automation Testing', 'Java', 'Python', 'SQL', 'Selenium']"
JOB01081,Data Engineer,"['AWS', 'ETL', 'Oracle', 'Python', 'SQL', 'Spark']"
JOB01082,Power BI Developer,"['DAX', 'Excel', 'Oracle', 'Power BI', 'Power Query', 'SQL']"
JOB01083,Marketing Analyst,"['Excel', 'Marketing Analytics', 'Power BI', 'Python', 'SQL']"
JOB01084,Financial Analyst,"['Excel', 'Financial Modeling', 'Power BI', 'SQL', 'Statistics']"
JOB01085,Data Analyst,"['Excel', 'Power BI', 'Python', 'SQL', 'Tableau']"
JOB01086,Marketing Analyst,"['Excel', 'Marketing Analytics', 'Power BI', 'Python', 'SQL']"
JOB01087,Power BI Developer,"['DAX', 'Excel', 'Power BI', 'Power Query', 'SQL']"
JOB01088,DevOps Engineer,"['AWS', 'Cloud Computing', 'Docker', 'Jenkins', 'Kubernetes', 'Linux']"
JOB01089,Full Stack Developer,"['CSS', 'HTML', 'Java', 'JavaScript', 'Machine Learning', 'Node', 'Oracle', 'React']"
JOB01090,Product Analyst,"['Excel', 'Product Analytics', 'Python', 'SQL']"
JOB01091,Python Developer,"['Django', 'Flask', 'Git', 'Python', 'SQL']"
JOB01092,Machine Learning Engineer,"['Docker', 'Machine Learning', 'Python', 'Scikit-learn', 'TensorFlow']"
JOB01093,Product Analyst,"['Excel', 'Product Analytics', 'Python', 'SQL']"
JOB01094,HR Analyst,"['Data Analysis', 'Excel', 'HR Analytics', 'Power BI', 'SQL']"
JOB01095,Marketing Analyst,"['Excel', 'Marketing Analytics', 'Power BI', 'Python', 'SQL']"
JOB01096,HR Analyst,"['Data Analysis', 'Excel', 'HR Analytics', 'Power BI', 'SQL']"
JOB01097,Machine Learning Engineer,"['Docker', 'Machine Learning', 'Python', 'Scikit-learn', 'TensorFlow']"
JOB01098,DevOps Engineer,"['AWS', 'Docker', 'Jenkins', 'Kubernetes', 'Linux']"
JOB01099,BI Analyst,"['DAX', 'Data Visualization', 'Excel', 'Power BI', 'SQL']"
JOB01100,Data Engineer,"['AWS', 'ETL', 'Python', 'SQL', 'Spark']"
JOB01101,Software Engineer,"['Git', 'Java', 'Python', 'REST API', 'SQL']"
JOB01102,Power BI Developer,"['DAX', 'Excel', 'Power BI', 'Power Query', 'SQL']"
JOB01103,QA Engineer,"['Automation Testing', 'Java', 'Python', 'SQL', 'Selenium']"
JOB01104,Database Administrator,"['Database', 'Database Administration', 'MySQL', 'Oracle', 'PostgreSQL', 'SQL']"
JOB01105,HR Analyst,"['Data Analysis', 'Excel', 'HR Analytics', 'Power BI', 'SQL']"
JOB01106,Power BI Developer,"['DAX', 'Excel', 'Power BI', 'Power Query', 'SQL']"
JOB01107,Power BI Developer,"['DAX', 'Excel', 'Power BI', 'Power Query', 'SQL']"
JOB01108,Marketing Analyst,"['Excel', 'Marketing Analytics', 'Power BI', 'Python', 'SQL']"
JOB01109,Web Developer,"['CSS', 'Git', 'HTML', 'Java', 'JavaScript', 'Machine Learning', 'React']"
JOB01110,BI Analyst,"['DAX', 'Data Visualization', 'Excel', 'Power BI', 'SQL']"
JOB01111,HR Analyst,"['Data Analysis', 'Excel', 'HR Analytics', 'Power BI', 'SQL']"
JOB01112,BI Analyst,"['DAX', 'Data Visualization', 'Excel', 'Power BI', 'SQL']"
JOB01113,Marketing Analyst,"['Excel', 'Marketing Analytics', 'Power BI', 'Python', 'SQL']"
JOB01114,Machine Learning Engineer,"['Docker', 'Machine Learning', 'Python', 'Scikit-learn', 'TensorFlow']"
JOB01115,Data Engineer,"['AWS', 'ETL', 'Python', 'SQL', 'Spark']"
JOB01116,QA Engineer,"['Automation Testing', 'Java', 'Python', 'SQL', 'Selenium']"
JOB01117,HR Analyst,"['Data Analysis', 'Excel', 'HR Analytics', 'Oracle', 'Power BI', 'SQL']"
JOB01118,Financial Analyst,"['Excel', 'Financial Modeling', 'Power BI', 'SQL', 'Statistics']"
JOB01119,HR Analyst,"['Data Analysis', 'Excel', 'HR Analytics', 'Oracle', 'Power BI', 'SQL']"
JOB01120,Machine Learning Engineer,"['Docker', 'Machine Learning', 'Python', 'Scikit-learn', 'TensorFlow']"
JOB01121,Machine Learning Engineer,"['Docker', 'Machine Learning', 'Python', 'Scikit-learn', 'TensorFlow']"
JOB01122,Software Engineer,"['Git', 'Java', 'Python', 'REST API', 'SQL']"
JOB01123,SQL Developer,"['Database', 'ETL', 'MySQL', 'PostgreSQL', 'SQL']"
JOB01124,Data Scientist,"['Machine Learning', 'Pandas', 'Python', 'SQL', 'Statistics']"
JOB01125,Database Administrator,"['Database', 'Database Administration', 'MySQL', 'Oracle', 'PostgreSQL', 'SQL']"
JOB01126,HR Analyst,"['Data Analysis', 'Excel', 'HR Analytics', 'Power BI', 'SQL']"
JOB01127,Power BI Developer,"['DAX', 'Excel', 'Power BI', 'Power Query', 'SQL']"
JOB01128,Data Scientist,"['Machine Learning', 'Pandas', 'Python', 'SQL', 'Statistics']"
JOB01129,Product Analyst,"['Cloud Computing', 'Excel', 'Product Analytics', 'Python', 'SQL']"
JOB01130,Financial Analyst,"['Excel', 'Financial Modeling', 'Power BI', 'SQL', 'Statistics']"
JOB01131,SQL Developer,"['Database', 'ETL', 'MySQL', 'PostgreSQL', 'SQL']"
JOB01132,Power BI Developer,"['DAX', 'Excel', 'Power BI', 'Power Query', 'SQL']"
JOB01133,Data Engineer,"['AWS', 'ETL', 'Python', 'SQL', 'Spark']"
JOB01134,Machine Learning Engineer,"['Docker', 'Machine Learning', 'Python', 'Scikit-learn', 'TensorFlow']"
JOB01135,Data Scientist,"['Machine Learning', 'Pandas', 'Python', 'SQL', 'Statistics']"
JOB01136,Python Developer,"['Django', 'Flask', 'Git', 'Python', 'SQL']"
JOB01137,Software Engineer,"['Git', 'Java', 'Python', 'REST API', 'SQL']"
JOB01138,SQL Developer,"['Database', 'ETL', 'MySQL', 'PostgreSQL', 'SQL']"
JOB01139,Machine Learning Engineer,"['Docker', 'Machine Learning', 'Python', 'Scikit-learn', 'TensorFlow']"
JOB01140,Data Analyst,"['Excel', 'Power BI', 'Python', 'SQL', 'Tableau']"
JOB01141,Web Developer,"['CSS', 'Git', 'HTML', 'Java', 'JavaScript', 'Machine Learning', 'React']"
JOB01142,Marketing Analyst,"['Excel', 'Marketing Analytics', 'Power BI', 'Python', 'SQL']"
JOB01143,Product Analyst,"['Excel', 'Product Analytics', 'Python', 'SQL']"
JOB01144,Data Analyst,"['Excel', 'Power BI', 'Python', 'SQL', 'Tableau']"
JOB01145,BI Analyst,"['DAX', 'Data Visualization', 'Excel', 'Power BI', 'SQL']"
JOB01146,DevOps Engineer,"['AWS', 'Cloud Computing', 'Docker', 'Jenkins', 'Kubernetes', 'Linux']"
JOB01147,Full Stack Developer,"['CSS', 'HTML', 'Java', 'JavaScript', 'Machine Learning', 'Node', 'React']"
JOB01148,HR Analyst,"['Data Analysis', 'Excel', 'HR Analytics', 'Power BI', 'SQL']"
JOB01149,Data Analyst,"['Excel', 'Power BI', 'Python', 'SQL', 'Tableau']"
JOB01150,Python Developer,"['Django', 'Flask', 'Git', 'Python', 'SQL']"
JOB01151,Product Analyst,"['Excel', 'Product Analytics', 'Python', 'SQL']"
JOB01152,Full Stack Developer,"['CSS', 'HTML', 'Java', 'JavaScript', 'Machine Learning', 'Node', 'React']"
JOB01153,BI Analyst,"['DAX', 'Data Visualization', 'Excel', 'Power BI', 'SQL']"
JOB01154,SQL Developer,"['Cloud Computing', 'Database', 'ETL', 'MySQL', 'PostgreSQL', 'SQL']"
JOB01155,Web Developer,"['CSS', 'Git', 'HTML', 'Java', 'JavaScript', 'Machine Learning', 'Oracle', 'React']"
JOB01156,Data Analyst,"['Excel', 'Power BI', 'Python', 'SQL', 'Tableau']"
JOB01157,Python Developer,"['Django', 'Flask', 'Git', 'Python', 'SQL']"
JOB01158,Data Scientist,"['Machine Learning', 'Pandas', 'Python', 'SQL', 'Statistics']"
JOB01159,Product Analyst,"['Excel', 'Product Analytics', 'Python', 'SQL']"
JOB01160,Database Administrator,"['Database', 'Database Administration', 'MySQL', 'Oracle', 'PostgreSQL', 'SQL']"
JOB01161,Financial Analyst,"['Excel', 'Financial Modeling', 'Power BI', 'SQL', 'Statistics']"
JOB01162,Data Engineer,"['AWS', 'ETL', 'Python', 'SQL', 'Spark']"
JOB01163,Data Scientist,"['Machine Learning', 'Pandas', 'Python', 'SQL', 'Statistics']"
JOB01164,Data Scientist,"['Machine Learning', 'Pandas', 'Python', 'SQL', 'Statistics']"
JOB01165,Data Analyst,"['Excel', 'Oracle', 'Power BI', 'Python', 'SQL', 'Tableau']"
JOB01166,Machine Learning Engineer,"['Docker', 'Machine Learning', 'Oracle', 'Python', 'Scikit-learn', 'TensorFlow']"
JOB01167,Data Scientist,"['Machine Learning', 'Pandas', 'Python', 'SQL', 'Statistics']"
JOB01168,Data Scientist,"['Machine Learning', 'Pandas', 'Python', 'SQL', 'Statistics']"
JOB01169,Software Engineer,"['Git', 'Java', 'Python', 'REST API', 'SQL']"
JOB01170,Data Scientist,"['Machine Learning', 'Pandas', 'Python', 'SQL', 'Statistics']"
JOB01171,Power BI Developer,"['DAX', 'Excel', 'Power BI', 'Power Query', 'SQL']"
JOB01172,HR Analyst,"['Data Analysis', 'Excel', 'HR Analytics', 'Power BI', 'SQL']"
JOB01173,HR Analyst,"['Data Analysis', 'Excel', 'HR Analytics', 'Power BI', 'SQL']"
JOB01174,Full Stack Developer,"['CSS', 'Cloud Computing', 'HTML', 'Java', 'JavaScript', 'Machine Learning', 'Node', 'React']"
JOB01175,BI Analyst,"['DAX', 'Data Visualization', 'Excel', 'Power BI', 'SQL']"
JOB01176,Business Analyst,"['Business Analysis', 'Excel', 'Power BI', 'Requirements Gathering', 'SQL']"
JOB01177,DevOps Engineer,"['AWS', 'Docker', 'Jenkins', 'Kubernetes', 'Linux']"
JOB01178,Full Stack Developer,"['CSS', 'HTML', 'Java', 'JavaScript', 'Machine Learning', 'Node', 'React']"
JOB01179,Marketing Analyst,"['Excel', 'Marketing Analytics', 'Power BI', 'Python', 'SQL']"
JOB01180,SQL Developer,"['Cloud Computing', 'Database', 'ETL', 'MySQL', 'PostgreSQL', 'SQL']"
JOB01181,Full Stack Developer,"['CSS', 'HTML', 'Java', 'JavaScript', 'Machine Learning', 'Node', 'React']"
JOB01182,Data Engineer,"['AWS', 'ETL', 'Python', 'SQL', 'Spark']"
JOB01183,Data Analyst,"['Excel', 'Power BI', 'Python', 'SQL', 'Tableau']"
JOB01184,Database Administrator,"['Database', 'Database Administration', 'MySQL', 'Oracle', 'PostgreSQL', 'SQL']"
JOB01185,Data Scientist,"['Machine Learning', 'Pandas', 'Python', 'SQL', 'Statistics']"
JOB01186,SQL Developer,"['Database', 'ETL', 'MySQL', 'PostgreSQL', 'SQL']"
JOB01187,DevOps Engineer,"['AWS', 'Docker', 'Jenkins', 'Kubernetes', 'Linux']"
JOB01188,Python Developer,"['Django', 'Flask', 'Git', 'Python', 'SQL']"
JOB01189,Power BI Developer,"['DAX', 'Excel', 'Power BI', 'Power Query', 'SQL']"
JOB01190,BI Analyst,"['DAX', 'Data Visualization', 'Excel', 'Power BI', 'SQL']"
JOB01191,Software Engineer,"['Git', 'Java', 'Python', 'REST API', 'SQL']"
JOB01192,Web Developer,"['CSS', 'Git', 'HTML', 'Java', 'JavaScript', 'Machine Learning', 'React']"
JOB01193,Software Engineer,"['Git', 'Java', 'Python', 'REST API', 'SQL']"
JOB01194,SQL Developer,"['Cloud Computing', 'Database', 'ETL', 'MySQL', 'PostgreSQL', 'SQL']"
JOB01195,Marketing Analyst,"['Excel', 'Marketing Analytics', 'Power BI', 'Python', 'SQL']"
JOB01196,Marketing Analyst,"['Excel', 'Marketing Analytics', 'Oracle', 'Power BI', 'Python', 'SQL']"
JOB01197,QA Engineer,"['Automation Testing', 'Java', 'Python', 'SQL', 'Selenium']"
JOB01198,SQL Developer,"['Database', 'ETL', 'MySQL', 'PostgreSQL', 'SQL']"
JOB01199,Product Analyst,"['Cloud Computing', 'Excel', 'Product Analytics', 'Python', 'SQL']"
JOB01200,Web Developer,"['CSS', 'Git', 'HTML', 'Java', 'JavaScript', 'Machine Learning', 'React']"
JOB01201,HR Analyst,"['Data Analysis', 'Excel', 'HR Analytics', 'Power BI', 'SQL']"
JOB01202,Data Analyst,"['Excel', 'Power BI', 'Python', 'SQL', 'Tableau']"
JOB01203,DevOps Engineer,"['AWS', 'Docker', 'Jenkins', 'Kubernetes', 'Linux']"
JOB01204,Machine Learning Engineer,"['Docker', 'Machine Learning', 'Python', 'Scikit-learn', 'TensorFlow']"
JOB01205,Database Administrator,"['Database', 'Database Administration', 'MySQL', 'Oracle', 'PostgreSQL', 'SQL']"
JOB01206,Data Analyst,"['Excel', 'Power BI', 'Python', 'SQL', 'Tableau']"
JOB01207,Financial Analyst,"['Excel', 'Financial Modeling', 'Power BI', 'SQL', 'Statistics']"
JOB01208,Financial Analyst,"['Excel', 'Financial Modeling', 'Power BI', 'SQL', 'Statistics']"
JOB01209,Database Administrator,"['Cloud Computing', 'Database', 'Database Administration', 'MySQL', 'Oracle', 'PostgreSQL', 'SQL']"
JOB01210,HR Analyst,"['Data Analysis', 'Excel', 'HR Analytics', 'Power BI', 'SQL']"
JOB01211,Financial Analyst,"['Excel', 'Financial Modeling', 'Power BI', 'SQL', 'Statistics']"
JOB01212,Product Analyst,"['Excel', 'Product Analytics', 'Python', 'SQL']"
JOB01213,Database Administrator,"['Database', 'Database Administration', 'MySQL', 'Oracle', 'PostgreSQL', 'SQL']"
JOB01214,Power BI Developer,"['Cloud Computing', 'DAX', 'Excel', 'Power BI', 'Power Query', 'SQL']"
JOB01215,QA Engineer,"['Automation Testing', 'Java', 'Python', 'SQL', 'Selenium']"
JOB01216,Business Analyst,"['Business Analysis', 'Excel', 'Power BI', 'Requirements Gathering', 'SQL']"
JOB01217,DevOps Engineer,"['AWS', 'Docker', 'Jenkins', 'Kubernetes', 'Linux']"
JOB01218,BI Analyst,"['DAX', 'Data Visualization', 'Excel', 'Power BI', 'SQL']"
JOB01219,Machine Learning Engineer,"['Docker', 'Machine Learning', 'Python', 'Scikit-learn', 'TensorFlow']"
JOB01220,Software Engineer,"['Git', 'Java', 'Python', 'REST API', 'SQL']"
JOB01221,QA Engineer,"['Automation Testing', 'Java', 'Python', 'SQL', 'Selenium']"
JOB01222,HR Analyst,"['Cloud Computing', 'Data Analysis', 'Excel', 'HR Analytics', 'Power BI', 'SQL']"
JOB01223,QA Engineer,"['Automation Testing', 'Java', 'Oracle', 'Python', 'SQL', 'Selenium']"
JOB01224,DevOps Engineer,"['AWS', 'Docker', 'Jenkins', 'Kubernetes', 'Linux']"
JOB01225,Python Developer,"['Django', 'Flask', 'Git', 'Python', 'SQL']"
JOB01226,QA Engineer,"['Automation Testing', 'Java', 'Python', 'SQL', 'Selenium']"
JOB01227,Data Scientist,"['Machine Learning', 'Pandas', 'Python', 'SQL', 'Statistics']"
JOB01228,Machine Learning Engineer,"['Docker', 'Machine Learning', 'Python', 'Scikit-learn', 'TensorFlow']"
JOB01229,SQL Developer,"['Database', 'ETL', 'MySQL', 'PostgreSQL', 'SQL']"
JOB01230,Power BI Developer,"['DAX', 'Excel', 'Power BI', 'Power Query', 'SQL']"
JOB01231,Cloud Engineer,"['AWS', 'Azure', 'Cloud Computing', 'Docker', 'Linux']"
JOB01232,Data Scientist,"['Cloud Computing', 'Machine Learning', 'Pandas', 'Python', 'SQL', 'Statistics']"
JOB01233,Cloud Engineer,"['AWS', 'Azure', 'Cloud Computing', 'Docker', 'Linux']"
JOB01234,Machine Learning Engineer,"['Docker', 'Machine Learning', 'Python', 'Scikit-learn', 'TensorFlow']"
JOB01235,Cloud Engineer,"['AWS', 'Azure', 'Cloud Computing', 'Docker', 'Linux']"
JOB01236,Product Analyst,"['Excel', 'Product Analytics', 'Python', 'SQL']"
JOB01237,HR Analyst,"['Data Analysis', 'Excel', 'HR Analytics', 'Power BI', 'SQL']"
JOB01238,BI Analyst,"['DAX', 'Data Visualization', 'Excel', 'Power BI', 'SQL']"
JOB01239,Database Administrator,"['Database', 'Database Administration', 'MySQL', 'Oracle', 'PostgreSQL', 'SQL']"
JOB01240,Python Developer,"['Django', 'Flask', 'Git', 'Python', 'SQL']"
JOB01241,Full Stack Developer,"['CSS', 'HTML', 'Java', 'JavaScript', 'Machine Learning', 'Node', 'React']"
JOB01242,SQL Developer,"['Database', 'ETL', 'MySQL', 'PostgreSQL', 'SQL']"
JOB01243,Data Analyst,"['Excel', 'Power BI', 'Python', 'SQL', 'Tableau']"
JOB01244,Full Stack Developer,"['CSS', 'HTML', 'Java', 'JavaScript', 'Machine Learning', 'Node', 'React']"
JOB01245,Machine Learning Engineer,"['Docker', 'Machine Learning', 'Python', 'Scikit-learn', 'TensorFlow']"
JOB01246,Power BI Developer,"['DAX', 'Excel', 'Power BI', 'Power Query', 'SQL']"
JOB01247,Data Scientist,"['Machine Learning', 'Pandas', 'Python', 'SQL', 'Statistics']"
JOB01248,Marketing Analyst,"['Excel', 'Marketing Analytics', 'Power BI', 'Python', 'SQL']"
JOB01249,DevOps Engineer,"['AWS', 'Docker', 'Jenkins', 'Kubernetes', 'Linux']"
JOB01250,BI Analyst,"['DAX', 'Data Visualization', 'Excel', 'Oracle', 'Power BI', 'SQL']"
JOB01251,Web Developer,"['CSS', 'Git', 'HTML', 'Java', 'JavaScript', 'Machine Learning', 'React']"
JOB01252,Marketing Analyst,"['Excel', 'Marketing Analytics', 'Power BI', 'Python', 'SQL']"
JOB01253,Database Administrator,"['Database', 'Database Administration', 'MySQL', 'Oracle', 'PostgreSQL', 'SQL']"
JOB01254,Full Stack Developer,"['CSS', 'HTML', 'Java', 'JavaScript', 'Machine Learning', 'Node', 'React']"
JOB01255,Data Scientist,"['Machine Learning', 'Oracle', 'Pandas', 'Python', 'SQL', 'Statistics']"
JOB01256,Data Scientist,"['Machine Learning', 'Pandas', 'Python', 'SQL', 'Statistics']"
JOB01257,Data Engineer,"['AWS', 'ETL', 'Python', 'SQL', 'Spark']"
JOB01258,Python Developer,"['Django', 'Flask', 'Git', 'Python', 'SQL']"
JOB01259,Cloud Engineer,"['AWS', 'Azure', 'Cloud Computing', 'Docker', 'Linux', 'Oracle']"
JOB01260,HR Analyst,"['Data Analysis', 'Excel', 'HR Analytics', 'Power BI', 'SQL']"
JOB01261,Data Analyst,"['Excel', 'Power BI', 'Python', 'SQL', 'Tableau']"
JOB01262,Cloud Engineer,"['AWS', 'Azure', 'Cloud Computing', 'Docker', 'Linux']"
JOB01263,Data Scientist,"['Machine Learning', 'Pandas', 'Python', 'SQL', 'Statistics']"
JOB01264,Data Analyst,"['Excel', 'Power BI', 'Python', 'SQL', 'Tableau']"
JOB01265,BI Analyst,"['DAX', 'Data Visualization', 'Excel', 'Power BI', 'SQL']"
JOB01266,Machine Learning Engineer,"['Docker', 'Machine Learning', 'Python', 'Scikit-learn', 'TensorFlow']"
JOB01267,BI Analyst,"['DAX', 'Data Visualization', 'Excel', 'Power BI', 'SQL']"
JOB01268,Power BI Developer,"['DAX', 'Excel', 'Power BI', 'Power Query', 'SQL']"
JOB01269,Data Analyst,"['Excel', 'Power BI', 'Python', 'SQL', 'Tableau']"
JOB01270,Full Stack Developer,"['CSS', 'HTML', 'Java', 'JavaScript', 'Machine Learning', 'Node', 'React']"
JOB01271,Power BI Developer,"['DAX', 'Excel', 'Power BI', 'Power Query', 'SQL']"
JOB01272,Data Engineer,"['AWS', 'ETL', 'Python', 'SQL', 'Spark']"
JOB01273,Data Engineer,"['AWS', 'Cloud Computing', 'ETL', 'Python', 'SQL', 'Spark']"
JOB01274,Power BI Developer,"['DAX', 'Excel', 'Power BI', 'Power Query', 'SQL']"
JOB01275,Data Engineer,"['AWS', 'ETL', 'Python', 'SQL', 'Spark']"
JOB01276,BI Analyst,"['DAX', 'Data Visualization', 'Excel', 'Power BI', 'SQL']"
JOB01277,HR Analyst,"['Data Analysis', 'Excel', 'HR Analytics', 'Power BI', 'SQL']"
JOB01278,SQL Developer,"['Database', 'ETL', 'MySQL', 'PostgreSQL', 'SQL']"
JOB01279,Data Scientist,"['Machine Learning', 'Pandas', 'Python', 'SQL', 'Statistics']"
JOB01280,Data Analyst,"['Excel', 'Power BI', 'Python', 'SQL', 'Tableau']"
JOB01281,Cloud Engineer,"['AWS', 'Azure', 'Cloud Computing', 'Docker', 'Linux']"
JOB01282,Power BI Developer,"['DAX', 'Excel', 'Power BI', 'Power Query', 'SQL']"
JOB01283,Database Administrator,"['Database', 'Database Administration', 'MySQL', 'Oracle', 'PostgreSQL', 'SQL']"
JOB01284,Power BI Developer,"['DAX', 'Excel', 'Power BI', 'Power Query', 'SQL']"
JOB01285,Power BI Developer,"['DAX', 'Excel', 'Power BI', 'Power Query', 'SQL']"
JOB01286,BI Analyst,"['DAX', 'Data Visualization', 'Excel', 'Power BI', 'SQL']"
JOB01287,Data Analyst,"['Excel', 'Power BI', 'Python', 'SQL', 'Tableau']"
JOB01288,Web Developer,"['CSS', 'Git', 'HTML', 'Java', 'JavaScript', 'Machine Learning', 'React']"
JOB01289,Financial Analyst,"['Excel', 'Financial Modeling', 'Power BI', 'SQL', 'Statistics']"
JOB01290,Marketing Analyst,"['Excel', 'Marketing Analytics', 'Power BI', 'Python', 'SQL']"
JOB01291,DevOps Engineer,"['AWS', 'Docker', 'Jenkins', 'Kubernetes', 'Linux']"
JOB01292,Product Analyst,"['Excel', 'Product Analytics', 'Python', 'SQL']"
JOB01293,Data Analyst,"['Excel', 'Power BI', 'Python', 'SQL', 'Tableau']"
JOB01294,Financial Analyst,"['Excel', 'Financial Modeling', 'Power BI', 'SQL', 'Statistics']"
JOB01295,Web Developer,"['CSS', 'Git', 'HTML', 'Java', 'JavaScript', 'Machine Learning', 'React']"
JOB01296,Product Analyst,"['Excel', 'Product Analytics', 'Python', 'SQL']"
JOB01297,Data Scientist,"['Machine Learning', 'Pandas', 'Python', 'SQL', 'Statistics']"
JOB01298,QA Engineer,"['Automation Testing', 'Java', 'Python', 'SQL', 'Selenium']"
JOB01299,QA Engineer,"['Automation Testing', 'Java', 'Python', 'SQL', 'Selenium']"
JOB01300,Marketing Analyst,"['Excel', 'Marketing Analytics', 'Power BI', 'Python', 'SQL']"
JOB01301,Database Administrator,"['Database', 'Database Administration', 'MySQL', 'Oracle', 'PostgreSQL', 'SQL']"
JOB01302,Software Engineer,"['Git', 'Java', 'Python', 'REST API', 'SQL']"
JOB01303,DevOps Engineer,"['AWS', 'Docker', 'Jenkins', 'Kubernetes', 'Linux']"
JOB01304,Financial Analyst,"['Excel', 'Financial Modeling', 'Power BI', 'SQL', 'Statistics']"
JOB01305,Web Developer,"['CSS', 'Git', 'HTML', 'Java', 'JavaScript', 'Machine Learning', 'React']"
JOB01306,Data Analyst,"['Excel', 'Power BI', 'Python', 'SQL', 'Tableau']"
JOB01307,Power BI Developer,"['Cloud Computing', 'DAX', 'Excel', 'Power BI', 'Power Query', 'SQL']"
JOB01308,Machine Learning Engineer,"['Docker', 'Machine Learning', 'Python', 'Scikit-learn', 'TensorFlow']"
JOB01309,QA Engineer,"['Automation Testing', 'Java', 'Python', 'SQL', 'Selenium']"
JOB01310,SQL Developer,"['Database', 'ETL', 'MySQL', 'PostgreSQL', 'SQL']"
JOB01311,Python Developer,"['Django', 'Flask', 'Git', 'Python', 'SQL']"
JOB01312,Marketing Analyst,"['Excel', 'Marketing Analytics', 'Power BI', 'Python', 'SQL']"
JOB01313,Machine Learning Engineer,"['Docker', 'Machine Learning', 'Python', 'Scikit-learn', 'TensorFlow']"
JOB01314,Data Scientist,"['Machine Learning', 'Pandas', 'Python', 'SQL', 'Statistics']"
JOB01315,Machine Learning Engineer,"['Docker', 'Machine Learning', 'Python', 'Scikit-learn', 'TensorFlow']"
JOB01316,Cloud Engineer,"['AWS', 'Azure', 'Cloud Computing', 'Docker', 'Linux']"
JOB01317,DevOps Engineer,"['AWS', 'Docker', 'Jenkins', 'Kubernetes', 'Linux']"
JOB01318,Power BI Developer,"['DAX', 'Excel', 'Power BI', 'Power Query', 'SQL']"
JOB01319,SQL Developer,"['Database', 'ETL', 'MySQL', 'PostgreSQL', 'SQL']"
JOB01320,Database Administrator,"['Database', 'Database Administration', 'MySQL', 'Oracle', 'PostgreSQL', 'SQL']"
JOB01321,Data Scientist,"['Machine Learning', 'Pandas', 'Python', 'SQL', 'Statistics']"
JOB01322,BI Analyst,"['DAX', 'Data Visualization', 'Excel', 'Power BI', 'SQL']"
JOB01323,Business Analyst,"['Business Analysis', 'Excel', 'Power BI', 'Requirements Gathering', 'SQL']"
JOB01324,Database Administrator,"['Database', 'Database Administration', 'MySQL', 'Oracle', 'PostgreSQL', 'SQL']"
JOB01325,Business Analyst,"['Business Analysis', 'Excel', 'Power BI', 'Requirements Gathering', 'SQL']"
JOB01326,Full Stack Developer,"['CSS', 'HTML', 'Java', 'JavaScript', 'Machine Learning', 'Node', 'React']"
JOB01327,Data Scientist,"['Machine Learning', 'Pandas', 'Python', 'SQL', 'Statistics']"
JOB01328,Data Scientist,"['Machine Learning', 'Pandas', 'Python', 'SQL', 'Statistics']"
JOB01329,Data Scientist,"['Machine Learning', 'Pandas', 'Python', 'SQL', 'Statistics']"
JOB01330,Data Engineer,"['AWS', 'ETL', 'Python', 'SQL', 'Spark']"
JOB01331,Data Scientist,"['Machine Learning', 'Pandas', 'Python', 'SQL', 'Statistics']"
JOB01332,Data Scientist,"['Machine Learning', 'Pandas', 'Python', 'SQL', 'Statistics']"
JOB01333,Data Analyst,"['Excel', 'Power BI', 'Python', 'SQL', 'Tableau']"
JOB01334,Marketing Analyst,"['Excel', 'Marketing Analytics', 'Power BI', 'Python', 'SQL']"
JOB01335,Product Analyst,"['Excel', 'Product Analytics', 'Python', 'SQL']"
JOB01336,Python Developer,"['Django', 'Flask', 'Git', 'Python', 'SQL']"
JOB01337,Cloud Engineer,"['AWS', 'Azure', 'Cloud Computing', 'Docker', 'Linux']"
JOB01338,Software Engineer,"['Git', 'Java', 'Python', 'REST API', 'SQL']"
JOB01339,Full Stack Developer,"['CSS', 'HTML', 'Java', 'JavaScript', 'Machine Learning', 'Node', 'React']"
JOB01340,Marketing Analyst,"['Excel', 'Marketing Analytics', 'Power BI', 'Python', 'SQL']"
JOB01341,DevOps Engineer,"['AWS', 'Docker', 'Jenkins', 'Kubernetes', 'Linux']"
JOB01342,Data Scientist,"['Machine Learning', 'Pandas', 'Python', 'SQL', 'Statistics']"
JOB01343,Data Analyst,"['Excel', 'Power BI', 'Python', 'SQL', 'Tableau']"
JOB01344,Marketing Analyst,"['Excel', 'Marketing Analytics', 'Power BI', 'Python', 'SQL']"
JOB01345,Data Analyst,"['Excel', 'Power BI', 'Python', 'SQL', 'Tableau']"
JOB01346,Full Stack Developer,"['CSS', 'HTML', 'Java', 'JavaScript', 'Machine Learning', 'Node', 'React']"
JOB01347,Software Engineer,"['Git', 'Java', 'Python', 'REST API', 'SQL']"
JOB01348,BI Analyst,"['DAX', 'Data Visualization', 'Excel', 'Power BI', 'SQL']"
JOB01349,Financial Analyst,"['Excel', 'Financial Modeling', 'Power BI', 'SQL', 'Statistics']"
JOB01350,Marketing Analyst,"['Excel', 'Marketing Analytics', 'Power BI', 'Python', 'SQL']"
JOB01351,Data Analyst,"['Excel', 'Power BI', 'Python', 'SQL', 'Tableau']"
JOB01352,BI Analyst,"['DAX', 'Data Visualization', 'Excel', 'Power BI', 'SQL']"
JOB01353,SQL Developer,"['Cloud Computing', 'Database', 'ETL', 'MySQL', 'PostgreSQL', 'SQL']"
JOB01354,Data Analyst,"['Excel', 'Power BI', 'Python', 'SQL', 'Tableau']"
JOB01355,DevOps Engineer,"['AWS', 'Docker', 'Jenkins', 'Kubernetes', 'Linux']"
JOB01356,HR Analyst,"['Data Analysis', 'Excel', 'HR Analytics', 'Power BI', 'SQL']"
JOB01357,SQL Developer,"['Database', 'ETL', 'MySQL', 'PostgreSQL', 'SQL']"
JOB01358,Database Administrator,"['Database', 'Database Administration', 'MySQL', 'Oracle', 'PostgreSQL', 'SQL']"
JOB01359,Financial Analyst,"['Excel', 'Financial Modeling', 'Power BI', 'SQL', 'Statistics']"
JOB01360,Software Engineer,"['Git', 'Java', 'Python', 'REST API', 'SQL']"
JOB01361,Web Developer,"['CSS', 'Git', 'HTML', 'Java', 'JavaScript', 'Machine Learning', 'React']"
JOB01362,DevOps Engineer,"['AWS', 'Docker', 'Jenkins', 'Kubernetes', 'Linux']"
JOB01363,Marketing Analyst,"['Excel', 'Marketing Analytics', 'Power BI', 'Python', 'SQL']"
JOB01364,Data Engineer,"['AWS', 'ETL', 'Python', 'SQL', 'Spark']"
JOB01365,Web Developer,"['CSS', 'Git', 'HTML', 'Java', 'JavaScript', 'Machine Learning', 'React']"
JOB01366,Data Engineer,"['AWS', 'ETL', 'Python', 'SQL', 'Spark']"
JOB01367,Marketing Analyst,"['Excel', 'Marketing Analytics', 'Power BI', 'Python', 'SQL']"
JOB01368,Business Analyst,"['Business Analysis', 'Excel', 'Power BI', 'Requirements Gathering', 'SQL']"
JOB01369,Cloud Engineer,"['AWS', 'Azure', 'Cloud Computing', 'Docker', 'Linux']"
JOB01370,Business Analyst,"['Business Analysis', 'Excel', 'Power BI', 'Requirements Gathering', 'SQL']"
JOB01371,Full Stack Developer,"['CSS', 'HTML', 'Java', 'JavaScript', 'Machine Learning', 'Node', 'React']"
JOB01372,DevOps Engineer,"['AWS', 'Docker', 'Jenkins', 'Kubernetes', 'Linux']"
JOB01373,BI Analyst,"['DAX', 'Data Visualization', 'Excel', 'Power BI', 'SQL']"
JOB01374,SQL Developer,"['Database', 'ETL', 'MySQL', 'PostgreSQL', 'SQL']"
JOB01375,Business Analyst,"['Business Analysis', 'Excel', 'Power BI', 'Requirements Gathering', 'SQL']"
JOB01376,Product Analyst,"['Excel', 'Product Analytics', 'Python', 'SQL']"
JOB01377,Business Analyst,"['Business Analysis', 'Excel', 'Power BI', 'Requirements Gathering', 'SQL']"
JOB01378,BI Analyst,"['DAX', 'Data Visualization', 'Excel', 'Power BI', 'SQL']"
JOB01379,Marketing Analyst,"['Excel', 'Marketing Analytics', 'Power BI', 'Python', 'SQL']"
JOB01380,DevOps Engineer,"['AWS', 'Docker', 'Jenkins', 'Kubernetes', 'Linux']"
JOB01381,Financial Analyst,"['Excel', 'Financial Modeling', 'Power BI', 'SQL', 'Statistics']"
JOB01382,Product Analyst,"['Excel', 'Product Analytics', 'Python', 'SQL']"
JOB01383,Python Developer,"['Django', 'Flask', 'Git', 'Python', 'SQL']"
JOB01384,Marketing Analyst,"['Excel', 'Marketing Analytics', 'Power BI', 'Python', 'SQL']"
JOB01385,Product Analyst,"['Excel', 'Product Analytics', 'Python', 'SQL']"
JOB01386,Software Engineer,"['Git', 'Java', 'Python', 'REST API', 'SQL']"
JOB01387,SQL Developer,"['Database', 'ETL', 'MySQL', 'PostgreSQL', 'SQL']"
JOB01388,Database Administrator,"['Cloud Computing', 'Database', 'Database Administration', 'MySQL', 'Oracle', 'PostgreSQL', 'SQL']"
JOB01389,Database Administrator,"['Database', 'Database Administration', 'MySQL', 'Oracle', 'PostgreSQL', 'SQL']"
JOB01390,Python Developer,"['Django', 'Flask', 'Git', 'Python', 'SQL']"
JOB01391,Cloud Engineer,"['AWS', 'Azure', 'Cloud Computing', 'Docker', 'Linux']"
JOB01392,SQL Developer,"['Database', 'ETL', 'MySQL', 'PostgreSQL', 'SQL']"
JOB01393,BI Analyst,"['DAX', 'Data Visualization', 'Excel', 'Power BI', 'SQL']"
JOB01394,Python Developer,"['Django', 'Flask', 'Git', 'Python', 'SQL']"
JOB01395,Data Analyst,"['Excel', 'Power BI', 'Python', 'SQL', 'Tableau']"
JOB01396,Data Scientist,"['Machine Learning', 'Pandas', 'Python', 'SQL', 'Statistics']"
JOB01397,Data Analyst,"['Excel', 'Power BI', 'Python', 'SQL', 'Tableau']"
JOB01398,Business Analyst,"['Business Analysis', 'Excel', 'Power BI', 'Requirements Gathering', 'SQL']"
JOB01399,Data Analyst,"['Excel', 'Power BI', 'Python', 'SQL', 'Tableau']"
JOB01400,Financial Analyst,"['Excel', 'Financial Modeling', 'Power BI', 'SQL', 'Statistics']"
JOB01401,Software Engineer,"['Git', 'Java', 'Python', 'REST API', 'SQL']"
JOB01402,Data Analyst,"['Excel', 'Power BI', 'Python', 'SQL', 'Tableau']"
JOB01403,Software Engineer,"['Git', 'Java', 'Python', 'REST API', 'SQL']"
JOB01404,Software Engineer,"['Git', 'Java', 'Python', 'REST API', 'SQL']"
JOB01405,Financial Analyst,"['Excel', 'Financial Modeling', 'Power BI', 'SQL', 'Statistics']"
JOB01406,Full Stack Developer,"['CSS', 'HTML', 'Java', 'JavaScript', 'Machine Learning', 'Node', 'React']"
JOB01407,Python Developer,"['Django', 'Flask', 'Git', 'Python', 'SQL']"
JOB01408,Software Engineer,"['Git', 'Java', 'Python', 'REST API', 'SQL']"
JOB01409,BI Analyst,"['DAX', 'Data Visualization', 'Excel', 'Power BI', 'SQL']"
JOB01410,Database Administrator,"['Database', 'Database Administration', 'MySQL', 'Oracle', 'PostgreSQL', 'SQL']"
JOB01411,QA Engineer,"['Automation Testing', 'Java', 'Python', 'SQL', 'Selenium']"
JOB01412,Python Developer,"['Django', 'Flask', 'Git', 'Python', 'SQL']"
JOB01413,Full Stack Developer,"['CSS', 'HTML', 'Java', 'JavaScript', 'Machine Learning', 'Node', 'React']"
JOB01414,Product Analyst,"['Excel', 'Product Analytics', 'Python', 'SQL']"
JOB01415,QA Engineer,"['Automation Testing', 'Java', 'Python', 'SQL', 'Selenium']"
JOB01416,Web Developer,"['CSS', 'Git', 'HTML', 'Java', 'JavaScript', 'Machine Learning', 'React']"
JOB01417,Software Engineer,"['Git', 'Java', 'Python', 'REST API', 'SQL']"
JOB01418,Software Engineer,"['Git', 'Java', 'Python', 'REST API', 'SQL']"
JOB01419,Software Engineer,"['Git', 'Java', 'Python', 'REST API', 'SQL']"
JOB01420,BI Analyst,"['DAX', 'Data Visualization', 'Excel', 'Power BI', 'SQL']"
JOB01421,Data Analyst,"['Excel', 'Power BI', 'Python', 'SQL', 'Tableau']"
JOB01422,QA Engineer,"['Automation Testing', 'Java', 'Python', 'SQL', 'Selenium']"
JOB01423,Financial Analyst,"['Excel', 'Financial Modeling', 'Power BI', 'SQL', 'Statistics']"
JOB01424,Software Engineer,"['Git', 'Java', 'Python', 'REST API', 'SQL']"
JOB01425,Data Analyst,"['Excel', 'Power BI', 'Python', 'SQL', 'Tableau']"
JOB01426,QA Engineer,"['Automation Testing', 'Java', 'Python', 'SQL', 'Selenium']"
JOB01427,Marketing Analyst,"['Excel', 'Marketing Analytics', 'Power BI', 'Python', 'SQL']"
JOB01428,Python Developer,"['Django', 'Flask', 'Git', 'Python', 'SQL']"
JOB01429,Power BI Developer,"['DAX', 'Excel', 'Power BI', 'Power Query', 'SQL']"
JOB01430,Machine Learning Engineer,"['Docker', 'Machine Learning', 'Python', 'Scikit-learn', 'TensorFlow']"
JOB01431,DevOps Engineer,"['AWS', 'Docker', 'Jenkins', 'Kubernetes', 'Linux']"
JOB01432,DevOps Engineer,"['AWS', 'Docker', 'Jenkins', 'Kubernetes', 'Linux']"
JOB01433,Data Scientist,"['Machine Learning', 'Pandas', 'Python', 'SQL', 'Statistics']"
JOB01434,Database Administrator,"['Cloud Computing', 'Database', 'Database Administration', 'MySQL', 'Oracle', 'PostgreSQL', 'SQL']"
JOB01435,Database Administrator,"['Database', 'Database Administration', 'MySQL', 'Oracle', 'PostgreSQL', 'SQL']"
JOB01436,Marketing Analyst,"['Excel', 'Marketing Analytics', 'Power BI', 'Python', 'SQL']"
JOB01437,DevOps Engineer,"['AWS', 'Docker', 'Jenkins', 'Kubernetes', 'Linux']"
JOB01438,SQL Developer,"['Database', 'ETL', 'MySQL', 'PostgreSQL', 'SQL']"
JOB01439,Database Administrator,"['Database', 'Database Administration', 'MySQL', 'Oracle', 'PostgreSQL', 'SQL']"
JOB01440,Web Developer,"['CSS', 'Git', 'HTML', 'Java', 'JavaScript', 'Machine Learning', 'React']"
JOB01441,Machine Learning Engineer,"['Docker', 'Machine Learning', 'Python', 'Scikit-learn', 'TensorFlow']"
JOB01442,HR Analyst,"['Data Analysis', 'Excel', 'HR Analytics', 'Power BI', 'SQL']"
JOB01443,BI Analyst,"['Cloud Computing', 'DAX', 'Data Visualization', 'Excel', 'Power BI', 'SQL']"
JOB01444,Cloud Engineer,"['AWS', 'Azure', 'Cloud Computing', 'Docker', 'Linux']"
JOB01445,DevOps Engineer,"['AWS', 'Docker', 'Jenkins', 'Kubernetes', 'Linux']"
JOB01446,Marketing Analyst,"['Excel', 'Marketing Analytics', 'Power BI', 'Python', 'SQL']"
JOB01447,Cloud Engineer,"['AWS', 'Azure', 'Cloud Computing', 'Docker', 'Linux']"
JOB01448,Software Engineer,"['Git', 'Java', 'Python', 'REST API', 'SQL']"
JOB01449,Power BI Developer,"['DAX', 'Excel', 'Power BI', 'Power Query', 'SQL']"
JOB01450,Machine Learning Engineer,"['Cloud Computing', 'Docker', 'Machine Learning', 'Python', 'Scikit-learn', 'TensorFlow']"
JOB01451,Database Administrator,"['Cloud Computing', 'Database', 'Database Administration', 'MySQL', 'Oracle', 'PostgreSQL', 'SQL']"
JOB01452,Machine Learning Engineer,"['Docker', 'Machine Learning', 'Python', 'Scikit-learn', 'TensorFlow']"
JOB01453,SQL Developer,"['Database', 'ETL', 'MySQL', 'PostgreSQL', 'SQL']"
JOB01454,Data Engineer,"['AWS', 'ETL', 'Oracle', 'Python', 'SQL', 'Spark']"
JOB01455,Cloud Engineer,"['AWS', 'Azure', 'Cloud Computing', 'Docker', 'Linux']"
JOB01456,Power BI Developer,"['Cloud Computing', 'DAX', 'Excel', 'Power BI', 'Power Query', 'SQL']"
JOB01457,Python Developer,"['Django', 'Flask', 'Git', 'Python', 'SQL']"
JOB01458,BI Analyst,"['DAX', 'Data Visualization', 'Excel', 'Power BI', 'SQL']"
JOB01459,BI Analyst,"['DAX', 'Data Visualization', 'Excel', 'Power BI', 'SQL']"
JOB01460,Database Administrator,"['Database', 'Database Administration', 'MySQL', 'Oracle', 'PostgreSQL', 'SQL']"
JOB01461,Machine Learning Engineer,"['Docker', 'Machine Learning', 'Python', 'Scikit-learn', 'TensorFlow']"
JOB01462,HR Analyst,"['Data Analysis', 'Excel', 'HR Analytics', 'Power BI', 'SQL']"
JOB01463,Full Stack Developer,"['CSS', 'HTML', 'Java', 'JavaScript', 'Machine Learning', 'Node', 'React']"
JOB01464,BI Analyst,"['DAX', 'Data Visualization', 'Excel', 'Power BI', 'SQL']"
JOB01465,HR Analyst,"['Data Analysis', 'Excel', 'HR Analytics', 'Power BI', 'SQL']"
JOB01466,Machine Learning Engineer,"['Docker', 'Machine Learning', 'Python', 'Scikit-learn', 'TensorFlow']"
JOB01467,Product Analyst,"['Excel', 'Product Analytics', 'Python', 'SQL']"
JOB01468,Full Stack Developer,"['CSS', 'HTML', 'Java', 'JavaScript', 'Machine Learning', 'Node', 'React']"
JOB01469,Machine Learning Engineer,"['Docker', 'Machine Learning', 'Oracle', 'Python', 'Scikit-learn', 'TensorFlow']"
JOB01470,Marketing Analyst,"['Excel', 'Marketing Analytics', 'Power BI', 'Python', 'SQL']"
JOB01471,Web Developer,"['CSS', 'Git', 'HTML', 'Java', 'JavaScript', 'Machine Learning', 'React']"
JOB01472,BI Analyst,"['DAX', 'Data Visualization', 'Excel', 'Power BI', 'SQL']"
JOB01473,Cloud Engineer,"['AWS', 'Azure', 'Cloud Computing', 'Docker', 'Linux']"
JOB01474,Business Analyst,"['Business Analysis', 'Excel', 'Power BI', 'Requirements Gathering', 'SQL']"
JOB01475,QA Engineer,"['Automation Testing', 'Java', 'Python', 'SQL', 'Selenium']"
JOB01476,Business Analyst,"['Business Analysis', 'Excel', 'Power BI', 'Requirements Gathering', 'SQL']"
JOB01477,Power BI Developer,"['DAX', 'Excel', 'Power BI', 'Power Query', 'SQL']"
JOB01478,Marketing Analyst,"['Excel', 'Marketing Analytics', 'Power BI', 'Python', 'SQL']"
JOB01479,Database Administrator,"['Database', 'Database Administration', 'MySQL', 'Oracle', 'PostgreSQL', 'SQL']"
JOB01480,Data Analyst,"['Excel', 'Power BI', 'Python', 'SQL', 'Tableau']"
JOB01481,HR Analyst,"['Data Analysis', 'Excel', 'HR Analytics', 'Power BI', 'SQL']"
JOB01482,Product Analyst,"['Excel', 'Product Analytics', 'Python', 'SQL']"
JOB01483,Software Engineer,"['Git', 'Java', 'Python', 'REST API', 'SQL']"
JOB01484,Machine Learning Engineer,"['Docker', 'Machine Learning', 'Python', 'Scikit-learn', 'TensorFlow']"
JOB01485,BI Analyst,"['DAX', 'Data Visualization', 'Excel', 'Power BI', 'SQL']"
JOB01486,Financial Analyst,"['Cloud Computing', 'Excel', 'Financial Modeling', 'Power BI', 'SQL', 'Statistics']"
JOB01487,Python Developer,"['Django', 'Flask', 'Git', 'Python', 'SQL']"
JOB01488,BI Analyst,"['DAX', 'Data Visualization', 'Excel', 'Oracle', 'Power BI', 'SQL']"
JOB01489,Machine Learning Engineer,"['Docker', 'Machine Learning', 'Python', 'Scikit-learn', 'TensorFlow']"
JOB01490,SQL Developer,"['Database', 'ETL', 'MySQL', 'PostgreSQL', 'SQL']"
JOB01491,Data Scientist,"['Machine Learning', 'Pandas', 'Python', 'SQL', 'Statistics']"
JOB01492,Product Analyst,"['Excel', 'Product Analytics', 'Python', 'SQL']"
JOB01493,Python Developer,"['Django', 'Flask', 'Git', 'Python', 'SQL']"
JOB01494,Python Developer,"['Django', 'Flask', 'Git', 'Python', 'SQL']"
JOB01495,Database Administrator,"['Database', 'Database Administration', 'MySQL', 'Oracle', 'PostgreSQL', 'SQL']"
JOB01496,BI Analyst,"['Cloud Computing', 'DAX', 'Data Visualization', 'Excel', 'Power BI', 'SQL']"
JOB01497,DevOps Engineer,"['AWS', 'Docker', 'Jenkins', 'Kubernetes', 'Linux']"
JOB01498,Python Developer,"['Django', 'Flask', 'Git', 'Python', 'SQL']"
JOB01499,BI Analyst,"['DAX', 'Data Visualization', 'Excel', 'Power BI', 'SQL']"
JOB01500,Database Administrator,"['Database', 'Database Administration', 'MySQL', 'Oracle', 'PostgreSQL', 'SQL']"
JOB01501,Power BI Developer,"['DAX', 'Excel', 'Power BI', 'Power Query', 'SQL']"
JOB01502,Full Stack Developer,"['CSS', 'Cloud Computing', 'HTML', 'Java', 'JavaScript', 'Machine Learning', 'Node', 'React']"
JOB01503,SQL Developer,"['Database', 'ETL', 'MySQL', 'PostgreSQL', 'SQL']"
JOB01504,Machine Learning Engineer,"['Docker', 'Machine Learning', 'Python', 'Scikit-learn', 'TensorFlow']"
JOB01505,Web Developer,"['CSS', 'Git', 'HTML', 'Java', 'JavaScript', 'Machine Learning', 'React']"
JOB01506,Software Engineer,"['Git', 'Java', 'Python', 'REST API', 'SQL']"
JOB01507,Data Scientist,"['Machine Learning', 'Oracle', 'Pandas', 'Python', 'SQL', 'Statistics']"
JOB01508,BI Analyst,"['DAX', 'Data Visualization', 'Excel', 'Power BI', 'SQL']"
JOB01509,Power BI Developer,"['DAX', 'Excel', 'Power BI', 'Power Query', 'SQL']"
JOB01510,Data Analyst,"['Excel', 'Power BI', 'Python', 'SQL', 'Tableau']"
JOB01511,Web Developer,"['CSS', 'Git', 'HTML', 'Java', 'JavaScript', 'Machine Learning', 'React']"
JOB01512,Business Analyst,"['Business Analysis', 'Excel', 'Power BI', 'Requirements Gathering', 'SQL']"
JOB01513,Cloud Engineer,"['AWS', 'Azure', 'Cloud Computing', 'Docker', 'Linux']"
JOB01514,Software Engineer,"['Git', 'Java', 'Python', 'REST API', 'SQL']"
JOB01515,HR Analyst,"['Data Analysis', 'Excel', 'HR Analytics', 'Power BI', 'SQL']"
JOB01516,Cloud Engineer,"['AWS', 'Azure', 'Cloud Computing', 'Docker', 'Linux']"
JOB01517,Data Scientist,"['Machine Learning', 'Pandas', 'Python', 'SQL', 'Statistics']"
JOB01518,Data Scientist,"['Machine Learning', 'Oracle', 'Pandas', 'Python', 'SQL', 'Statistics']"
JOB01519,SQL Developer,"['Database', 'ETL', 'MySQL', 'Oracle', 'PostgreSQL', 'SQL']"
JOB01520,Software Engineer,"['Git', 'Java', 'Python', 'REST API', 'SQL']"
JOB01521,Full Stack Developer,"['CSS', 'HTML', 'Java', 'JavaScript', 'Machine Learning', 'Node', 'React']"
JOB01522,Python Developer,"['Django', 'Flask', 'Git', 'Python', 'SQL']"
JOB01523,Machine Learning Engineer,"['Docker', 'Machine Learning', 'Python', 'Scikit-learn', 'TensorFlow']"
JOB01524,Financial Analyst,"['Excel', 'Financial Modeling', 'Power BI', 'SQL', 'Statistics']"
JOB01525,BI Analyst,"['DAX', 'Data Visualization', 'Excel', 'Power BI', 'SQL']"
JOB01526,Business Analyst,"['Business Analysis', 'Excel', 'Power BI', 'Requirements Gathering', 'SQL']"
JOB01527,Data Engineer,"['AWS', 'ETL', 'Python', 'SQL', 'Spark']"
JOB01528,Marketing Analyst,"['Excel', 'Marketing Analytics', 'Power BI', 'Python', 'SQL']"
JOB01529,Web Developer,"['CSS', 'Git', 'HTML', 'Java', 'JavaScript', 'Machine Learning', 'React']"
JOB01530,Web Developer,"['CSS', 'Cloud Computing', 'Git', 'HTML', 'Java', 'JavaScript', 'Machine Learning', 'React']"
JOB01531,Power BI Developer,"['DAX', 'Excel', 'Power BI', 'Power Query', 'SQL']"
JOB01532,Python Developer,"['Django', 'Flask', 'Git', 'Python', 'SQL']"
JOB01533,Machine Learning Engineer,"['Docker', 'Machine Learning', 'Python', 'Scikit-learn', 'TensorFlow']"
JOB01534,Python Developer,"['Django', 'Flask', 'Git', 'Python', 'SQL']"
JOB01535,Software Engineer,"['Git', 'Java', 'Python', 'REST API', 'SQL']"
JOB01536,Cloud Engineer,"['AWS', 'Azure', 'Cloud Computing', 'Docker', 'Linux']"
JOB01537,Financial Analyst,"['Excel', 'Financial Modeling', 'Power BI', 'SQL', 'Statistics']"
JOB01538,Web Developer,"['CSS', 'Git', 'HTML', 'Java', 'JavaScript', 'Machine Learning', 'React']"
JOB01539,Database Administrator,"['Database', 'Database Administration', 'MySQL', 'Oracle', 'PostgreSQL', 'SQL']"
JOB01540,Cloud Engineer,"['AWS', 'Azure', 'Cloud Computing', 'Docker', 'Linux']"
JOB01541,Marketing Analyst,"['Excel', 'Marketing Analytics', 'Power BI', 'Python', 'SQL']"
JOB01542,Web Developer,"['CSS', 'Git', 'HTML', 'Java', 'JavaScript', 'Machine Learning', 'React']"
JOB01543,BI Analyst,"['DAX', 'Data Visualization', 'Excel', 'Power BI', 'SQL']"
JOB01544,Cloud Engineer,"['AWS', 'Azure', 'Cloud Computing', 'Docker', 'Linux']"
JOB01545,Database Administrator,"['Database', 'Database Administration', 'MySQL', 'Oracle', 'PostgreSQL', 'SQL']"
JOB01546,QA Engineer,"['Automation Testing', 'Java', 'Python', 'SQL', 'Selenium']"
JOB01547,QA Engineer,"['Automation Testing', 'Java', 'Python', 'SQL', 'Selenium']"
JOB01548,HR Analyst,"['Data Analysis', 'Excel', 'HR Analytics', 'Power BI', 'SQL']"
JOB01549,DevOps Engineer,"['AWS', 'Cloud Computing', 'Docker', 'Jenkins', 'Kubernetes', 'Linux']"
JOB01550,DevOps Engineer,"['AWS', 'Docker', 'Jenkins', 'Kubernetes', 'Linux']"
JOB01551,BI Analyst,"['DAX', 'Data Visualization', 'Excel', 'Power BI', 'SQL']"
JOB01552,Data Scientist,"['Machine Learning', 'Pandas', 'Python', 'SQL', 'Statistics']"
JOB01553,Business Analyst,"['Business Analysis', 'Excel', 'Oracle', 'Power BI', 'Requirements Gathering', 'SQL']"
JOB01554,Machine Learning Engineer,"['Docker', 'Machine Learning', 'Python', 'Scikit-learn', 'TensorFlow']"
JOB01555,Database Administrator,"['Database', 'Database Administration', 'MySQL', 'Oracle', 'PostgreSQL', 'SQL']"
JOB01556,DevOps Engineer,"['AWS', 'Docker', 'Jenkins', 'Kubernetes', 'Linux']"
JOB01557,Power BI Developer,"['DAX', 'Excel', 'Power BI', 'Power Query', 'SQL']"
JOB01558,Marketing Analyst,"['Excel', 'Marketing Analytics', 'Power BI', 'Python', 'SQL']"
JOB01559,HR Analyst,"['Data Analysis', 'Excel', 'HR Analytics', 'Power BI', 'SQL']"
JOB01560,Full Stack Developer,"['CSS', 'HTML', 'Java', 'JavaScript', 'Machine Learning', 'Node', 'React']"
JOB01561,Business Analyst,"['Business Analysis', 'Excel', 'Power BI', 'Requirements Gathering', 'SQL']"
JOB01562,Business Analyst,"['Business Analysis', 'Cloud Computing', 'Excel', 'Power BI', 'Requirements Gathering', 'SQL']"
JOB01563,DevOps Engineer,"['AWS', 'Docker', 'Jenkins', 'Kubernetes', 'Linux']"
JOB01564,SQL Developer,"['Database', 'ETL', 'MySQL', 'PostgreSQL', 'SQL']"
JOB01565,Software Engineer,"['Git', 'Java', 'Python', 'REST API', 'SQL']"
JOB01566,Machine Learning Engineer,"['Cloud Computing', 'Docker', 'Machine Learning', 'Python', 'Scikit-learn', 'TensorFlow']"
JOB01567,Web Developer,"['CSS', 'Git', 'HTML', 'Java', 'JavaScript', 'Machine Learning', 'React']"
JOB01568,Machine Learning Engineer,"['Docker', 'Machine Learning', 'Python', 'Scikit-learn', 'TensorFlow']"
JOB01569,Full Stack Developer,"['CSS', 'HTML', 'Java', 'JavaScript', 'Machine Learning', 'Node', 'React']"
JOB01570,Python Developer,"['Django', 'Flask', 'Git', 'Python', 'SQL']"
JOB01571,DevOps Engineer,"['AWS', 'Docker', 'Jenkins', 'Kubernetes', 'Linux']"
JOB01572,Power BI Developer,"['DAX', 'Excel', 'Power BI', 'Power Query', 'SQL']"
JOB01573,Data Analyst,"['Excel', 'Power BI', 'Python', 'SQL', 'Tableau']"
JOB01574,Business Analyst,"['Business Analysis', 'Excel', 'Power BI', 'Requirements Gathering', 'SQL']"
JOB01575,Cloud Engineer,"['AWS', 'Azure', 'Cloud Computing', 'Docker', 'Linux']"
JOB01576,Marketing Analyst,"['Cloud Computing', 'Excel', 'Marketing Analytics', 'Power BI', 'Python', 'SQL']"
JOB01577,Cloud Engineer,"['AWS', 'Azure', 'Cloud Computing', 'Docker', 'Linux']"
JOB01578,Full Stack Developer,"['CSS', 'HTML', 'Java', 'JavaScript', 'Machine Learning', 'Node', 'React']"
JOB01579,QA Engineer,"['Automation Testing', 'Java', 'Python', 'SQL', 'Selenium']"
JOB01580,Data Analyst,"['Excel', 'Power BI', 'Python', 'SQL', 'Tableau']"
JOB01581,Database Administrator,"['Database', 'Database Administration', 'MySQL', 'Oracle', 'PostgreSQL', 'SQL']"
JOB01582,Data Engineer,"['AWS', 'Cloud Computing', 'ETL', 'Python', 'SQL', 'Spark']"
JOB01583,HR Analyst,"['Data Analysis', 'Excel', 'HR Analytics', 'Power BI', 'SQL']"
JOB01584,Power BI Developer,"['DAX', 'Excel', 'Power BI', 'Power Query', 'SQL']"
JOB01585,Financial Analyst,"['Excel', 'Financial Modeling', 'Power BI', 'SQL', 'Statistics']"
JOB01586,Data Engineer,"['AWS', 'ETL', 'Python', 'SQL', 'Spark']"
JOB01587,SQL Developer,"['Database', 'ETL', 'MySQL', 'PostgreSQL', 'SQL']"
JOB01588,Database Administrator,"['Database', 'Database Administration', 'MySQL', 'Oracle', 'PostgreSQL', 'SQL']"
JOB01589,Marketing Analyst,"['Excel', 'Marketing Analytics', 'Power BI', 'Python', 'SQL']"
JOB01590,Data Engineer,"['AWS', 'ETL', 'Python', 'SQL', 'Spark']"
JOB01591,Machine Learning Engineer,"['Docker', 'Machine Learning', 'Python', 'Scikit-learn', 'TensorFlow']"
JOB01592,DevOps Engineer,"['AWS', 'Docker', 'Jenkins', 'Kubernetes', 'Linux']"
JOB01593,Product Analyst,"['Excel', 'Product Analytics', 'Python', 'SQL']"
JOB01594,Product Analyst,"['Excel', 'Product Analytics', 'Python', 'SQL']"
JOB01595,Data Engineer,"['AWS', 'ETL', 'Python', 'SQL', 'Spark']"
JOB01596,Business Analyst,"['Business Analysis', 'Excel', 'Power BI', 'Requirements Gathering', 'SQL']"
JOB01597,Data Engineer,"['AWS', 'ETL', 'Python', 'SQL', 'Spark']"
JOB01598,Business Analyst,"['Business Analysis', 'Excel', 'Power BI', 'Requirements Gathering', 'SQL']"
JOB01599,Data Engineer,"['AWS', 'ETL', 'Oracle', 'Python', 'SQL', 'Spark']"
JOB01600,Product Analyst,"['Excel', 'Product Analytics', 'Python', 'SQL']"
JOB01601,Business Analyst,"['Business Analysis', 'Excel', 'Power BI', 'Requirements Gathering', 'SQL']"
JOB01602,Product Analyst,"['Excel', 'Product Analytics', 'Python', 'SQL']"
JOB01603,Database Administrator,"['Database', 'Database Administration', 'MySQL', 'Oracle', 'PostgreSQL', 'SQL']"
JOB01604,Web Developer,"['CSS', 'Git', 'HTML', 'Java', 'JavaScript', 'Machine Learning', 'React']"
JOB01605,Business Analyst,"['Business Analysis', 'Cloud Computing', 'Excel', 'Power BI', 'Requirements Gathering', 'SQL']"
JOB01606,Database Administrator,"['Database', 'Database Administration', 'MySQL', 'Oracle', 'PostgreSQL', 'SQL']"
JOB01607,Financial Analyst,"['Excel', 'Financial Modeling', 'Power BI', 'SQL', 'Statistics']"
JOB01608,Financial Analyst,"['Excel', 'Financial Modeling', 'Power BI', 'SQL', 'Statistics']"
JOB01609,Web Developer,"['CSS', 'Git', 'HTML', 'Java', 'JavaScript', 'Machine Learning', 'React']"
JOB01610,Data Engineer,"['AWS', 'ETL', 'Python', 'SQL', 'Spark']"
JOB01611,DevOps Engineer,"['AWS', 'Docker', 'Jenkins', 'Kubernetes', 'Linux']"
JOB01612,HR Analyst,"['Data Analysis', 'Excel', 'HR Analytics', 'Power BI', 'SQL']"
JOB01613,QA Engineer,"['Automation Testing', 'Java', 'Python', 'SQL', 'Selenium']"
JOB01614,Financial Analyst,"['Excel', 'Financial Modeling', 'Power BI', 'SQL', 'Statistics']"
JOB01615,SQL Developer,"['Database', 'ETL', 'MySQL', 'PostgreSQL', 'SQL']"
JOB01616,Business Analyst,"['Business Analysis', 'Excel', 'Power BI', 'Requirements Gathering', 'SQL']"
JOB01617,Data Analyst,"['Excel', 'Power BI', 'Python', 'SQL', 'Tableau']"
JOB01618,Machine Learning Engineer,"['Docker', 'Machine Learning', 'Python', 'Scikit-learn', 'TensorFlow']"
JOB01619,Python Developer,"['Django', 'Flask', 'Git', 'Python', 'SQL']"
JOB01620,Data Scientist,"['Machine Learning', 'Pandas', 'Python', 'SQL', 'Statistics']"
JOB01621,Business Analyst,"['Business Analysis', 'Excel', 'Power BI', 'Requirements Gathering', 'SQL']"
JOB01622,Machine Learning Engineer,"['Docker', 'Machine Learning', 'Python', 'Scikit-learn', 'TensorFlow']"
JOB01623,Data Analyst,"['Excel', 'Power BI', 'Python', 'SQL', 'Tableau']"
JOB01624,Data Engineer,"['AWS', 'ETL', 'Python', 'SQL', 'Spark']"
JOB01625,Python Developer,"['Django', 'Flask', 'Git', 'Python', 'SQL']"
JOB01626,Python Developer,"['Django', 'Flask', 'Git', 'Python', 'SQL']"
JOB01627,Business Analyst,"['Business Analysis', 'Excel', 'Power BI', 'Requirements Gathering', 'SQL']"
JOB01628,Business Analyst,"['Business Analysis', 'Excel', 'Power BI', 'Requirements Gathering', 'SQL']"
JOB01629,Full Stack Developer,"['CSS', 'HTML', 'Java', 'JavaScript', 'Machine Learning', 'Node', 'React']"
JOB01630,Web Developer,"['CSS', 'Git', 'HTML', 'Java', 'JavaScript', 'Machine Learning', 'React']"
JOB01631,DevOps Engineer,"['AWS', 'Docker', 'Jenkins', 'Kubernetes', 'Linux']"
JOB01632,BI Analyst,"['DAX', 'Data Visualization', 'Excel', 'Oracle', 'Power BI', 'SQL']"
JOB01633,DevOps Engineer,"['AWS', 'Docker', 'Jenkins', 'Kubernetes', 'Linux']"
JOB01634,Database Administrator,"['Database', 'Database Administration', 'MySQL', 'Oracle', 'PostgreSQL', 'SQL']"
JOB01635,QA Engineer,"['Automation Testing', 'Java', 'Python', 'SQL', 'Selenium']"
JOB01636,QA Engineer,"['Automation Testing', 'Java', 'Python', 'SQL', 'Selenium']"
JOB01637,Marketing Analyst,"['Excel', 'Marketing Analytics', 'Power BI', 'Python', 'SQL']"
JOB01638,SQL Developer,"['Database', 'ETL', 'MySQL', 'PostgreSQL', 'SQL']"
JOB01639,HR Analyst,"['Data Analysis', 'Excel', 'HR Analytics', 'Power BI', 'SQL']"
JOB01640,BI Analyst,"['Cloud Computing', 'DAX', 'Data Visualization', 'Excel', 'Power BI', 'SQL']"
JOB01641,Full Stack Developer,"['CSS', 'HTML', 'Java', 'JavaScript', 'Machine Learning', 'Node', 'React']"
JOB01642,Data Engineer,"['AWS', 'ETL', 'Python', 'SQL', 'Spark']"
JOB01643,Database Administrator,"['Database', 'Database Administration', 'MySQL', 'Oracle', 'PostgreSQL', 'SQL']"
JOB01644,SQL Developer,"['Database', 'ETL', 'MySQL', 'PostgreSQL', 'SQL']"
JOB01645,Cloud Engineer,"['AWS', 'Azure', 'Cloud Computing', 'Docker', 'Linux']"
JOB01646,Data Engineer,"['AWS', 'ETL', 'Python', 'SQL', 'Spark']"
JOB01647,Data Engineer,"['AWS', 'ETL', 'Python', 'SQL', 'Spark']"
JOB01648,Machine Learning Engineer,"['Docker', 'Machine Learning', 'Python', 'Scikit-learn', 'TensorFlow']"
JOB01649,Data Scientist,"['Machine Learning', 'Pandas', 'Python', 'SQL', 'Statistics']"
JOB01650,DevOps Engineer,"['AWS', 'Docker', 'Jenkins', 'Kubernetes', 'Linux', 'Oracle']"
JOB01651,Software Engineer,"['Git', 'Java', 'Python', 'REST API', 'SQL']"
JOB01652,HR Analyst,"['Data Analysis', 'Excel', 'HR Analytics', 'Power BI', 'SQL']"
JOB01653,Financial Analyst,"['Excel', 'Financial Modeling', 'Power BI', 'SQL', 'Statistics']"
JOB01654,Power BI Developer,"['DAX', 'Excel', 'Power BI', 'Power Query', 'SQL']"
JOB01655,Data Engineer,"['AWS', 'ETL', 'Python', 'SQL', 'Spark']"
JOB01656,DevOps Engineer,"['AWS', 'Docker', 'Jenkins', 'Kubernetes', 'Linux']"
JOB01657,Python Developer,"['Django', 'Flask', 'Git', 'Python', 'SQL']"
JOB01658,Software Engineer,"['Git', 'Java', 'Python', 'REST API', 'SQL']"
JOB01659,Product Analyst,"['Excel', 'Product Analytics', 'Python', 'SQL']"
JOB01660,SQL Developer,"['Database', 'ETL', 'MySQL', 'PostgreSQL', 'SQL']"
JOB01661,HR Analyst,"['Data Analysis', 'Excel', 'HR Analytics', 'Power BI', 'SQL']"
JOB01662,Financial Analyst,"['Excel', 'Financial Modeling', 'Power BI', 'SQL', 'Statistics']"
JOB01663,Web Developer,"['CSS', 'Cloud Computing', 'Git', 'HTML', 'Java', 'JavaScript', 'Machine Learning', 'React']"
JOB01664,Marketing Analyst,"['Cloud Computing', 'Excel', 'Marketing Analytics', 'Power BI', 'Python', 'SQL']"
JOB01665,SQL Developer,"['Database', 'ETL', 'MySQL', 'PostgreSQL', 'SQL']"
JOB01666,QA Engineer,"['Automation Testing', 'Java', 'Python', 'SQL', 'Selenium']"
JOB01667,Software Engineer,"['Git', 'Java', 'Oracle', 'Python', 'REST API', 'SQL']"
JOB01668,SQL Developer,"['Cloud Computing', 'Database', 'ETL', 'MySQL', 'PostgreSQL', 'SQL']"
JOB01669,Product Analyst,"['Excel', 'Product Analytics', 'Python', 'SQL']"
JOB01670,Full Stack Developer,"['CSS', 'HTML', 'Java', 'JavaScript', 'Machine Learning', 'Node', 'React']"
JOB01671,DevOps Engineer,"['AWS', 'Docker', 'Jenkins', 'Kubernetes', 'Linux']"
JOB01672,Full Stack Developer,"['CSS', 'HTML', 'Java', 'JavaScript', 'Machine Learning', 'Node', 'React']"
JOB01673,DevOps Engineer,"['AWS', 'Docker', 'Jenkins', 'Kubernetes', 'Linux']"
JOB01674,HR Analyst,"['Data Analysis', 'Excel', 'HR Analytics', 'Power BI', 'SQL']"
JOB01675,Financial Analyst,"['Excel', 'Financial Modeling', 'Oracle', 'Power BI', 'SQL', 'Statistics']"
JOB01676,Cloud Engineer,"['AWS', 'Azure', 'Cloud Computing', 'Docker', 'Linux']"
JOB01677,Data Engineer,"['AWS', 'ETL', 'Python', 'SQL', 'Spark']"
JOB01678,Cloud Engineer,"['AWS', 'Azure', 'Cloud Computing', 'Docker', 'Linux', 'Oracle']"
JOB01679,Data Engineer,"['AWS', 'ETL', 'Python', 'SQL', 'Spark']"
JOB01680,Full Stack Developer,"['CSS', 'HTML', 'Java', 'JavaScript', 'Machine Learning', 'Node', 'React']"
JOB01681,Power BI Developer,"['Cloud Computing', 'DAX', 'Excel', 'Power BI', 'Power Query', 'SQL']"
JOB01682,Marketing Analyst,"['Excel', 'Marketing Analytics', 'Power BI', 'Python', 'SQL']"
JOB01683,Web Developer,"['CSS', 'Git', 'HTML', 'Java', 'JavaScript', 'Machine Learning', 'React']"
JOB01684,Product Analyst,"['Excel', 'Product Analytics', 'Python', 'SQL']"
JOB01685,Financial Analyst,"['Excel', 'Financial Modeling', 'Power BI', 'SQL', 'Statistics']"
JOB01686,Business Analyst,"['Business Analysis', 'Excel', 'Power BI', 'Requirements Gathering', 'SQL']"
JOB01687,Data Scientist,"['Cloud Computing', 'Machine Learning', 'Pandas', 'Python', 'SQL', 'Statistics']"
JOB01688,Product Analyst,"['Excel', 'Product Analytics', 'Python', 'SQL']"
JOB01689,Database Administrator,"['Database', 'Database Administration', 'MySQL', 'Oracle', 'PostgreSQL', 'SQL']"
JOB01690,Machine Learning Engineer,"['Docker', 'Machine Learning', 'Python', 'Scikit-learn', 'TensorFlow']"
JOB01691,Data Scientist,"['Machine Learning', 'Pandas', 'Python', 'SQL', 'Statistics']"
JOB01692,Power BI Developer,"['DAX', 'Excel', 'Power BI', 'Power Query', 'SQL']"
JOB01693,QA Engineer,"['Automation Testing', 'Java', 'Python', 'SQL', 'Selenium']"
JOB01694,DevOps Engineer,"['AWS', 'Docker', 'Jenkins', 'Kubernetes', 'Linux']"
JOB01695,QA Engineer,"['Automation Testing', 'Java', 'Python', 'SQL', 'Selenium']"
JOB01696,Business Analyst,"['Business Analysis', 'Excel', 'Oracle', 'Power BI', 'Requirements Gathering', 'SQL']"
JOB01697,Database Administrator,"['Database', 'Database Administration', 'MySQL', 'Oracle', 'PostgreSQL', 'SQL']"
JOB01698,Product Analyst,"['Excel', 'Oracle', 'Product Analytics', 'Python', 'SQL']"
JOB01699,Financial Analyst,"['Excel', 'Financial Modeling', 'Power BI', 'SQL', 'Statistics']"
JOB01700,Power BI Developer,"['DAX', 'Excel', 'Power BI', 'Power Query', 'SQL']"
JOB01701,HR Analyst,"['Data Analysis', 'Excel', 'HR Analytics', 'Power BI', 'SQL']"
JOB01702,Software Engineer,"['Git', 'Java', 'Python', 'REST API', 'SQL']"
JOB01703,DevOps Engineer,"['AWS', 'Docker', 'Jenkins', 'Kubernetes', 'Linux']"
JOB01704,Software Engineer,"['Git', 'Java', 'Python', 'REST API', 'SQL']"
JOB01705,Financial Analyst,"['Excel', 'Financial Modeling', 'Power BI', 'SQL', 'Statistics']"
JOB01706,Data Analyst,"['Excel', 'Power BI', 'Python', 'SQL', 'Tableau']"
JOB01707,DevOps Engineer,"['AWS', 'Docker', 'Jenkins', 'Kubernetes', 'Linux']"
JOB01708,Business Analyst,"['Business Analysis', 'Excel', 'Power BI', 'Requirements Gathering', 'SQL']"
JOB01709,BI Analyst,"['DAX', 'Data Visualization', 'Excel', 'Power BI', 'SQL']"
JOB01710,BI Analyst,"['DAX', 'Data Visualization', 'Excel', 'Power BI', 'SQL']"
JOB01711,Machine Learning Engineer,"['Docker', 'Machine Learning', 'Python', 'Scikit-learn', 'TensorFlow']"
JOB01712,Database Administrator,"['Database', 'Database Administration', 'MySQL', 'Oracle', 'PostgreSQL', 'SQL']"
JOB01713,SQL Developer,"['Database', 'ETL', 'MySQL', 'PostgreSQL', 'SQL']"
JOB01714,Software Engineer,"['Git', 'Java', 'Python', 'REST API', 'SQL']"
JOB01715,Marketing Analyst,"['Excel', 'Marketing Analytics', 'Power BI', 'Python', 'SQL']"
JOB01716,Web Developer,"['CSS', 'Git', 'HTML', 'Java', 'JavaScript', 'Machine Learning', 'React']"
JOB01717,Marketing Analyst,"['Excel', 'Marketing Analytics', 'Power BI', 'Python', 'SQL']"
JOB01718,Software Engineer,"['Git', 'Java', 'Python', 'REST API', 'SQL']"
JOB01719,Product Analyst,"['Excel', 'Product Analytics', 'Python', 'SQL']"
JOB01720,BI Analyst,"['DAX', 'Data Visualization', 'Excel', 'Power BI', 'SQL']"
JOB01721,Python Developer,"['Django', 'Flask', 'Git', 'Python', 'SQL']"
JOB01722,Database Administrator,"['Database', 'Database Administration', 'MySQL', 'Oracle', 'PostgreSQL', 'SQL']"
JOB01723,Business Analyst,"['Business Analysis', 'Excel', 'Power BI', 'Requirements Gathering', 'SQL']"
JOB01724,Cloud Engineer,"['AWS', 'Azure', 'Cloud Computing', 'Docker', 'Linux']"
JOB01725,Financial Analyst,"['Excel', 'Financial Modeling', 'Power BI', 'SQL', 'Statistics']"
JOB01726,Full Stack Developer,"['CSS', 'HTML', 'Java', 'JavaScript', 'Machine Learning', 'Node', 'React']"
JOB01727,Business Analyst,"['Business Analysis', 'Excel', 'Power BI', 'Requirements Gathering', 'SQL']"
JOB01728,SQL Developer,"['Database', 'ETL', 'MySQL', 'PostgreSQL', 'SQL']"
JOB01729,QA Engineer,"['Automation Testing', 'Java', 'Python', 'SQL', 'Selenium']"
JOB01730,Data Scientist,"['Machine Learning', 'Pandas', 'Python', 'SQL', 'Statistics']"
JOB01731,HR Analyst,"['Data Analysis', 'Excel', 'HR Analytics', 'Power BI', 'SQL']"
JOB01732,DevOps Engineer,"['AWS', 'Docker', 'Jenkins', 'Kubernetes', 'Linux']"
JOB01733,QA Engineer,"['Automation Testing', 'Java', 'Python', 'SQL', 'Selenium']"
JOB01734,Python Developer,"['Django', 'Flask', 'Git', 'Python', 'SQL']"
JOB01735,HR Analyst,"['Cloud Computing', 'Data Analysis', 'Excel', 'HR Analytics', 'Power BI', 'SQL']"
JOB01736,DevOps Engineer,"['AWS', 'Docker', 'Jenkins', 'Kubernetes', 'Linux']"
JOB01737,Data Engineer,"['AWS', 'ETL', 'Python', 'SQL', 'Spark']"
JOB01738,Cloud Engineer,"['AWS', 'Azure', 'Cloud Computing', 'Docker', 'Linux']"
JOB01739,BI Analyst,"['DAX', 'Data Visualization', 'Excel', 'Power BI', 'SQL']"
JOB01740,Data Engineer,"['AWS', 'ETL', 'Python', 'SQL', 'Spark']"
JOB01741,Data Scientist,"['Machine Learning', 'Pandas', 'Python', 'SQL', 'Statistics']"
JOB01742,Business Analyst,"['Business Analysis', 'Excel', 'Power BI', 'Requirements Gathering', 'SQL']"
JOB01743,BI Analyst,"['DAX', 'Data Visualization', 'Excel', 'Power BI', 'SQL']"
JOB01744,BI Analyst,"['DAX', 'Data Visualization', 'Excel', 'Power BI', 'SQL']"
JOB01745,Python Developer,"['Django', 'Flask', 'Git', 'Python', 'SQL']"
JOB01746,Full Stack Developer,"['CSS', 'HTML', 'Java', 'JavaScript', 'Machine Learning', 'Node', 'React']"
JOB01747,Financial Analyst,"['Excel', 'Financial Modeling', 'Power BI', 'SQL', 'Statistics']"
JOB01748,DevOps Engineer,"['AWS', 'Docker', 'Jenkins', 'Kubernetes', 'Linux']"
JOB01749,Cloud Engineer,"['AWS', 'Azure', 'Cloud Computing', 'Docker', 'Linux']"
JOB01750,DevOps Engineer,"['AWS', 'Docker', 'Jenkins', 'Kubernetes', 'Linux']"
JOB01751,Business Analyst,"['Business Analysis', 'Cloud Computing', 'Excel', 'Power BI', 'Requirements Gathering', 'SQL']"
JOB01752,HR Analyst,"['Data Analysis', 'Excel', 'HR Analytics', 'Power BI', 'SQL']"
JOB01753,Data Scientist,"['Machine Learning', 'Pandas', 'Python', 'SQL', 'Statistics']"
JOB01754,Software Engineer,"['Git', 'Java', 'Python', 'REST API', 'SQL']"
JOB01755,Machine Learning Engineer,"['Docker', 'Machine Learning', 'Oracle', 'Python', 'Scikit-learn', 'TensorFlow']"
JOB01756,HR Analyst,"['Data Analysis', 'Excel', 'HR Analytics', 'Power BI', 'SQL']"
JOB01757,Power BI Developer,"['DAX', 'Excel', 'Power BI', 'Power Query', 'SQL']"
JOB01758,Product Analyst,"['Cloud Computing', 'Excel', 'Product Analytics', 'Python', 'SQL']"
JOB01759,Web Developer,"['CSS', 'Git', 'HTML', 'Java', 'JavaScript', 'Machine Learning', 'React']"
JOB01760,Data Scientist,"['Machine Learning', 'Pandas', 'Python', 'SQL', 'Statistics']"
JOB01761,Data Engineer,"['AWS', 'Cloud Computing', 'ETL', 'Python', 'SQL', 'Spark']"
JOB01762,DevOps Engineer,"['AWS', 'Docker', 'Jenkins', 'Kubernetes', 'Linux']"
JOB01763,Python Developer,"['Django', 'Flask', 'Git', 'Python', 'SQL']"
JOB01764,Machine Learning Engineer,"['Docker', 'Machine Learning', 'Python', 'Scikit-learn', 'TensorFlow']"
JOB01765,HR Analyst,"['Data Analysis', 'Excel', 'HR Analytics', 'Power BI', 'SQL']"
JOB01766,Cloud Engineer,"['AWS', 'Azure', 'Cloud Computing', 'Docker', 'Linux']"
JOB01767,Product Analyst,"['Excel', 'Product Analytics', 'Python', 'SQL']"
JOB01768,Software Engineer,"['Git', 'Java', 'Python', 'REST API', 'SQL']"
JOB01769,Data Engineer,"['AWS', 'ETL', 'Python', 'SQL', 'Spark']"
JOB01770,BI Analyst,"['DAX', 'Data Visualization', 'Excel', 'Power BI', 'SQL']"
JOB01771,Database Administrator,"['Database', 'Database Administration', 'MySQL', 'Oracle', 'PostgreSQL', 'SQL']"
JOB01772,BI Analyst,"['DAX', 'Data Visualization', 'Excel', 'Power BI', 'SQL']"
JOB01773,Full Stack Developer,"['CSS', 'HTML', 'Java', 'JavaScript', 'Machine Learning', 'Node', 'React']"
JOB01774,Data Scientist,"['Machine Learning', 'Pandas', 'Python', 'SQL', 'Statistics']"
JOB01775,Data Engineer,"['AWS', 'ETL', 'Python', 'SQL', 'Spark']"
JOB01776,Business Analyst,"['Business Analysis', 'Cloud Computing', 'Excel', 'Power BI', 'Requirements Gathering', 'SQL']"
JOB01777,Power BI Developer,"['DAX', 'Excel', 'Power BI', 'Power Query', 'SQL']"
JOB01778,Data Analyst,"['Excel', 'Power BI', 'Python', 'SQL', 'Tableau']"
JOB01779,SQL Developer,"['Database', 'ETL', 'MySQL', 'PostgreSQL', 'SQL']"
JOB01780,BI Analyst,"['DAX', 'Data Visualization', 'Excel', 'Power BI', 'SQL']"
JOB01781,Cloud Engineer,"['AWS', 'Azure', 'Cloud Computing', 'Docker', 'Linux']"
JOB01782,Cloud Engineer,"['AWS', 'Azure', 'Cloud Computing', 'Docker', 'Linux']"
JOB01783,Cloud Engineer,"['AWS', 'Azure', 'Cloud Computing', 'Docker', 'Linux']"
JOB01784,Web Developer,"['CSS', 'Git', 'HTML', 'Java', 'JavaScript', 'Machine Learning', 'React']"
JOB01785,Full Stack Developer,"['CSS', 'HTML', 'Java', 'JavaScript', 'Machine Learning', 'Node', 'React']"
JOB01786,Financial Analyst,"['Excel', 'Financial Modeling', 'Power BI', 'SQL', 'Statistics']"
JOB01787,Software Engineer,"['Git', 'Java', 'Python', 'REST API', 'SQL']"
JOB01788,Cloud Engineer,"['AWS', 'Azure', 'Cloud Computing', 'Docker', 'Linux']"
JOB01789,Data Scientist,"['Machine Learning', 'Pandas', 'Python', 'SQL', 'Statistics']"
JOB01790,HR Analyst,"['Data Analysis', 'Excel', 'HR Analytics', 'Power BI', 'SQL']"
JOB01791,QA Engineer,"['Automation Testing', 'Java', 'Python', 'SQL', 'Selenium']"
JOB01792,Product Analyst,"['Excel', 'Product Analytics', 'Python', 'SQL']"
JOB01793,SQL Developer,"['Database', 'ETL', 'MySQL', 'PostgreSQL', 'SQL']"
JOB01794,Product Analyst,"['Excel', 'Product Analytics', 'Python', 'SQL']"
JOB01795,Machine Learning Engineer,"['Docker', 'Machine Learning', 'Python', 'Scikit-learn', 'TensorFlow']"
JOB01796,Financial Analyst,"['Excel', 'Financial Modeling', 'Power BI', 'SQL', 'Statistics']"
JOB01797,Data Analyst,"['Excel', 'Power BI', 'Python', 'SQL', 'Tableau']"
JOB01798,Power BI Developer,"['DAX', 'Excel', 'Power BI', 'Power Query', 'SQL']"
JOB01799,Full Stack Developer,"['CSS', 'HTML', 'Java', 'JavaScript', 'Machine Learning', 'Node', 'React']"
JOB01800,Data Analyst,"['Excel', 'Power BI', 'Python', 'SQL', 'Tableau']"
JOB01801,BI Analyst,"['DAX', 'Data Visualization', 'Excel', 'Power BI', 'SQL']"
JOB01802,Python Developer,"['Django', 'Flask', 'Git', 'Python', 'SQL']"
JOB01803,Database Administrator,"['Database', 'Database Administration', 'MySQL', 'Oracle', 'PostgreSQL', 'SQL']"
JOB01804,HR Analyst,"['Data Analysis', 'Excel', 'HR Analytics', 'Power BI', 'SQL']"
JOB01805,Marketing Analyst,"['Excel', 'Marketing Analytics', 'Power BI', 'Python', 'SQL']"
JOB01806,Data Scientist,"['Machine Learning', 'Pandas', 'Python', 'SQL', 'Statistics']"
JOB01807,Power BI Developer,"['Cloud Computing', 'DAX', 'Excel', 'Power BI', 'Power Query', 'SQL']"
JOB01808,HR Analyst,"['Data Analysis', 'Excel', 'HR Analytics', 'Oracle', 'Power BI', 'SQL']"
JOB01809,BI Analyst,"['DAX', 'Data Visualization', 'Excel', 'Power BI', 'SQL']"
JOB01810,Machine Learning Engineer,"['Docker', 'Machine Learning', 'Python', 'Scikit-learn', 'TensorFlow']"
JOB01811,BI Analyst,"['DAX', 'Data Visualization', 'Excel', 'Power BI', 'SQL']"
JOB01812,Cloud Engineer,"['AWS', 'Azure', 'Cloud Computing', 'Docker', 'Linux']"
JOB01813,Database Administrator,"['Database', 'Database Administration', 'MySQL', 'Oracle', 'PostgreSQL', 'SQL']"
JOB01814,QA Engineer,"['Automation Testing', 'Java', 'Python', 'SQL', 'Selenium']"
JOB01815,Data Analyst,"['Excel', 'Power BI', 'Python', 'SQL', 'Tableau']"
JOB01816,DevOps Engineer,"['AWS', 'Docker', 'Jenkins', 'Kubernetes', 'Linux']"
JOB01817,Software Engineer,"['Git', 'Java', 'Python', 'REST API', 'SQL']"
JOB01818,Data Analyst,"['Excel', 'Power BI', 'Python', 'SQL', 'Tableau']"
JOB01819,Marketing Analyst,"['Excel', 'Marketing Analytics', 'Power BI', 'Python', 'SQL']"
JOB01820,QA Engineer,"['Automation Testing', 'Java', 'Python', 'SQL', 'Selenium']"
JOB01821,Marketing Analyst,"['Excel', 'Marketing Analytics', 'Oracle', 'Power BI', 'Python', 'SQL']"
JOB01822,Database Administrator,"['Database', 'Database Administration', 'MySQL', 'Oracle', 'PostgreSQL', 'SQL']"
JOB01823,SQL Developer,"['Database', 'ETL', 'MySQL', 'PostgreSQL', 'SQL']"
JOB01824,SQL Developer,"['Database', 'ETL', 'MySQL', 'PostgreSQL', 'SQL']"
JOB01825,Cloud Engineer,"['AWS', 'Azure', 'Cloud Computing', 'Docker', 'Linux']"
JOB01826,Web Developer,"['CSS', 'Git', 'HTML', 'Java', 'JavaScript', 'Machine Learning', 'React']"
JOB01827,Python Developer,"['Django', 'Flask', 'Git', 'Python', 'SQL']"
JOB01828,Data Scientist,"['Machine Learning', 'Pandas', 'Python', 'SQL', 'Statistics']"
JOB01829,QA Engineer,"['Automation Testing', 'Java', 'Python', 'SQL', 'Selenium']"
JOB01830,SQL Developer,"['Database', 'ETL', 'MySQL', 'Oracle', 'PostgreSQL', 'SQL']"
JOB01831,Product Analyst,"['Excel', 'Product Analytics', 'Python', 'SQL']"
JOB01832,QA Engineer,"['Automation Testing', 'Java', 'Python', 'SQL', 'Selenium']"
JOB01833,QA Engineer,"['Automation Testing', 'Java', 'Python', 'SQL', 'Selenium']"
JOB01834,Financial Analyst,"['Excel', 'Financial Modeling', 'Power BI', 'SQL', 'Statistics']"
JOB01835,Cloud Engineer,"['AWS', 'Azure', 'Cloud Computing', 'Docker', 'Linux']"
JOB01836,Machine Learning Engineer,"['Docker', 'Machine Learning', 'Python', 'Scikit-learn', 'TensorFlow']"
JOB01837,Python Developer,"['Cloud Computing', 'Django', 'Flask', 'Git', 'Python', 'SQL']"
JOB01838,Database Administrator,"['Database', 'Database Administration', 'MySQL', 'Oracle', 'PostgreSQL', 'SQL']"
JOB01839,DevOps Engineer,"['AWS', 'Docker', 'Jenkins', 'Kubernetes', 'Linux']"
JOB01840,Full Stack Developer,"['CSS', 'HTML', 'Java', 'JavaScript', 'Machine Learning', 'Node', 'React']"
JOB01841,Python Developer,"['Django', 'Flask', 'Git', 'Python', 'SQL']"
JOB01842,Cloud Engineer,"['AWS', 'Azure', 'Cloud Computing', 'Docker', 'Linux']"
JOB01843,DevOps Engineer,"['AWS', 'Docker', 'Jenkins', 'Kubernetes', 'Linux']"
JOB01844,Data Engineer,"['AWS', 'ETL', 'Python', 'SQL', 'Spark']"
JOB01845,BI Analyst,"['DAX', 'Data Visualization', 'Excel', 'Power BI', 'SQL']"
JOB01846,DevOps Engineer,"['AWS', 'Docker', 'Jenkins', 'Kubernetes', 'Linux']"
JOB01847,SQL Developer,"['Database', 'ETL', 'MySQL', 'PostgreSQL', 'SQL']"
JOB01848,Python Developer,"['Django', 'Flask', 'Git', 'Python', 'SQL']"
JOB01849,Financial Analyst,"['Excel', 'Financial Modeling', 'Power BI', 'SQL', 'Statistics']"
JOB01850,Business Analyst,"['Business Analysis', 'Excel', 'Power BI', 'Requirements Gathering', 'SQL']"
JOB01851,Financial Analyst,"['Excel', 'Financial Modeling', 'Power BI', 'SQL', 'Statistics']"
JOB01852,QA Engineer,"['Automation Testing', 'Java', 'Python', 'SQL', 'Selenium']"
JOB01853,Database Administrator,"['Database', 'Database Administration', 'MySQL', 'Oracle', 'PostgreSQL', 'SQL']"
JOB01854,Software Engineer,"['Cloud Computing', 'Git', 'Java', 'Python', 'REST API', 'SQL']"
JOB01855,Python Developer,"['Django', 'Flask', 'Git', 'Python', 'SQL']"
JOB01856,Cloud Engineer,"['AWS', 'Azure', 'Cloud Computing', 'Docker', 'Linux']"
JOB01857,Data Engineer,"['AWS', 'ETL', 'Python', 'SQL', 'Spark']"
JOB01858,Data Analyst,"['Excel', 'Power BI', 'Python', 'SQL', 'Tableau']"
JOB01859,DevOps Engineer,"['AWS', 'Docker', 'Jenkins', 'Kubernetes', 'Linux']"
JOB01860,Product Analyst,"['Excel', 'Product Analytics', 'Python', 'SQL']"
JOB01861,Full Stack Developer,"['CSS', 'HTML', 'Java', 'JavaScript', 'Machine Learning', 'Node', 'React']"
JOB01862,HR Analyst,"['Data Analysis', 'Excel', 'HR Analytics', 'Power BI', 'SQL']"
JOB01863,HR Analyst,"['Data Analysis', 'Excel', 'HR Analytics', 'Power BI', 'SQL']"
JOB01864,Data Analyst,"['Excel', 'Power BI', 'Python', 'SQL', 'Tableau']"
JOB01865,Data Engineer,"['AWS', 'ETL', 'Python', 'SQL', 'Spark']"
JOB01866,SQL Developer,"['Database', 'ETL', 'MySQL', 'PostgreSQL', 'SQL']"
JOB01867,SQL Developer,"['Database', 'ETL', 'MySQL', 'PostgreSQL', 'SQL']"
JOB01868,Data Scientist,"['Machine Learning', 'Pandas', 'Python', 'SQL', 'Statistics']"
JOB01869,Python Developer,"['Django', 'Flask', 'Git', 'Python', 'SQL']"
JOB01870,HR Analyst,"['Data Analysis', 'Excel', 'HR Analytics', 'Power BI', 'SQL']"
JOB01871,Power BI Developer,"['DAX', 'Excel', 'Power BI', 'Power Query', 'SQL']"
JOB01872,QA Engineer,"['Automation Testing', 'Java', 'Python', 'SQL', 'Selenium']"
JOB01873,Machine Learning Engineer,"['Docker', 'Machine Learning', 'Oracle', 'Python', 'Scikit-learn', 'TensorFlow']"
JOB01874,SQL Developer,"['Cloud Computing', 'Database', 'ETL', 'MySQL', 'PostgreSQL', 'SQL']"
JOB01875,HR Analyst,"['Data Analysis', 'Excel', 'HR Analytics', 'Power BI', 'SQL']"
JOB01876,BI Analyst,"['DAX', 'Data Visualization', 'Excel', 'Power BI', 'SQL']"
JOB01877,Power BI Developer,"['DAX', 'Excel', 'Oracle', 'Power BI', 'Power Query', 'SQL']"
JOB01878,Web Developer,"['CSS', 'Git', 'HTML', 'Java', 'JavaScript', 'Machine Learning', 'React']"
JOB01879,Business Analyst,"['Business Analysis', 'Excel', 'Power BI', 'Requirements Gathering', 'SQL']"
JOB01880,Python Developer,"['Django', 'Flask', 'Git', 'Python', 'SQL']"
JOB01881,BI Analyst,"['DAX', 'Data Visualization', 'Excel', 'Power BI', 'SQL']"
JOB01882,Power BI Developer,"['DAX', 'Excel', 'Power BI', 'Power Query', 'SQL']"
JOB01883,Database Administrator,"['Database', 'Database Administration', 'MySQL', 'Oracle', 'PostgreSQL', 'SQL']"
JOB01884,Product Analyst,"['Excel', 'Product Analytics', 'Python', 'SQL']"
JOB01885,Data Analyst,"['Excel', 'Power BI', 'Python', 'SQL', 'Tableau']"
JOB01886,Financial Analyst,"['Excel', 'Financial Modeling', 'Power BI', 'SQL', 'Statistics']"
JOB01887,DevOps Engineer,"['AWS', 'Docker', 'Jenkins', 'Kubernetes', 'Linux', 'Oracle']"
JOB01888,Full Stack Developer,"['CSS', 'HTML', 'Java', 'JavaScript', 'Machine Learning', 'Node', 'React']"
JOB01889,Marketing Analyst,"['Excel', 'Marketing Analytics', 'Power BI', 'Python', 'SQL']"
JOB01890,Power BI Developer,"['DAX', 'Excel', 'Power BI', 'Power Query', 'SQL']"
JOB01891,Python Developer,"['Django', 'Flask', 'Git', 'Python', 'SQL']"
JOB01892,Data Engineer,"['AWS', 'ETL', 'Python', 'SQL', 'Spark']"
JOB01893,Business Analyst,"['Business Analysis', 'Excel', 'Power BI', 'Requirements Gathering', 'SQL']"
JOB01894,Power BI Developer,"['DAX', 'Excel', 'Power BI', 'Power Query', 'SQL']"
JOB01895,QA Engineer,"['Automation Testing', 'Java', 'Python', 'SQL', 'Selenium']"
JOB01896,Machine Learning Engineer,"['Docker', 'Machine Learning', 'Python', 'Scikit-learn', 'TensorFlow']"
JOB01897,Database Administrator,"['Database', 'Database Administration', 'MySQL', 'Oracle', 'PostgreSQL', 'SQL']"
JOB01898,Marketing Analyst,"['Excel', 'Marketing Analytics', 'Power BI', 'Python', 'SQL']"
JOB01899,Machine Learning Engineer,"['Docker', 'Machine Learning', 'Python', 'Scikit-learn', 'TensorFlow']"
JOB01900,DevOps Engineer,"['AWS', 'Docker', 'Jenkins', 'Kubernetes', 'Linux']"
JOB01901,Software Engineer,"['Git', 'Java', 'Python', 'REST API', 'SQL']"
JOB01902,QA Engineer,"['Automation Testing', 'Java', 'Python', 'SQL', 'Selenium']"
JOB01903,Marketing Analyst,"['Excel', 'Marketing Analytics', 'Power BI', 'Python', 'SQL']"
JOB01904,Software Engineer,"['Git', 'Java', 'Python', 'REST API', 'SQL']"
JOB01905,DevOps Engineer,"['AWS', 'Docker', 'Jenkins', 'Kubernetes', 'Linux']"
JOB01906,Software Engineer,"['Git', 'Java', 'Python', 'REST API', 'SQL']"
JOB01907,Business Analyst,"['Business Analysis', 'Excel', 'Power BI', 'Requirements Gathering', 'SQL']"
JOB01908,Python Developer,"['Django', 'Flask', 'Git', 'Python', 'SQL']"
JOB01909,Web Developer,"['CSS', 'Git', 'HTML', 'Java', 'JavaScript', 'Machine Learning', 'React']"
JOB01910,Software Engineer,"['Git', 'Java', 'Python', 'REST API', 'SQL']"
JOB01911,Marketing Analyst,"['Excel', 'Marketing Analytics', 'Power BI', 'Python', 'SQL']"
JOB01912,DevOps Engineer,"['AWS', 'Docker', 'Jenkins', 'Kubernetes', 'Linux']"
JOB01913,Cloud Engineer,"['AWS', 'Azure', 'Cloud Computing', 'Docker', 'Linux']"
JOB01914,Financial Analyst,"['Excel', 'Financial Modeling', 'Power BI', 'SQL', 'Statistics']"
JOB01915,Web Developer,"['CSS', 'Git', 'HTML', 'Java', 'JavaScript', 'Machine Learning', 'Oracle', 'React']"
JOB01916,Cloud Engineer,"['AWS', 'Azure', 'Cloud Computing', 'Docker', 'Linux']"
JOB01917,BI Analyst,"['Cloud Computing', 'DAX', 'Data Visualization', 'Excel', 'Power BI', 'SQL']"
JOB01918,Web Developer,"['CSS', 'Git', 'HTML', 'Java', 'JavaScript', 'Machine Learning', 'React']"
JOB01919,Full Stack Developer,"['CSS', 'HTML', 'Java', 'JavaScript', 'Machine Learning', 'Node', 'React']"
JOB01920,QA Engineer,"['Automation Testing', 'Java', 'Python', 'SQL', 'Selenium']"
JOB01921,BI Analyst,"['DAX', 'Data Visualization', 'Excel', 'Power BI', 'SQL']"
JOB01922,Data Analyst,"['Excel', 'Power BI', 'Python', 'SQL', 'Tableau']"
JOB01923,Data Engineer,"['AWS', 'ETL', 'Python', 'SQL', 'Spark']"
JOB01924,BI Analyst,"['DAX', 'Data Visualization', 'Excel', 'Power BI', 'SQL']"
JOB01925,Python Developer,"['Django', 'Flask', 'Git', 'Python', 'SQL']"
JOB01926,BI Analyst,"['DAX', 'Data Visualization', 'Excel', 'Power BI', 'SQL']"
JOB01927,Database Administrator,"['Database', 'Database Administration', 'MySQL', 'Oracle', 'PostgreSQL', 'SQL']"
JOB01928,Python Developer,"['Django', 'Flask', 'Git', 'Python', 'SQL']"
JOB01929,HR Analyst,"['Data Analysis', 'Excel', 'HR Analytics', 'Power BI', 'SQL']"
JOB01930,SQL Developer,"['Database', 'ETL', 'MySQL', 'PostgreSQL', 'SQL']"
JOB01931,Power BI Developer,"['DAX', 'Excel', 'Power BI', 'Power Query', 'SQL']"
JOB01932,Cloud Engineer,"['AWS', 'Azure', 'Cloud Computing', 'Docker', 'Linux']"
JOB01933,Power BI Developer,"['DAX', 'Excel', 'Power BI', 'Power Query', 'SQL']"
JOB01934,HR Analyst,"['Data Analysis', 'Excel', 'HR Analytics', 'Power BI', 'SQL']"
JOB01935,Web Developer,"['CSS', 'Git', 'HTML', 'Java', 'JavaScript', 'Machine Learning', 'React']"
JOB01936,DevOps Engineer,"['AWS', 'Docker', 'Jenkins', 'Kubernetes', 'Linux']"
JOB01937,Data Engineer,"['AWS', 'ETL', 'Python', 'SQL', 'Spark']"
JOB01938,Cloud Engineer,"['AWS', 'Azure', 'Cloud Computing', 'Docker', 'Linux']"
JOB01939,Database Administrator,"['Database', 'Database Administration', 'MySQL', 'Oracle', 'PostgreSQL', 'SQL']"
JOB01940,Product Analyst,"['Excel', 'Product Analytics', 'Python', 'SQL']"
JOB01941,Machine Learning Engineer,"['Docker', 'Machine Learning', 'Python', 'Scikit-learn', 'TensorFlow']"
JOB01942,QA Engineer,"['Automation Testing', 'Java', 'Python', 'SQL', 'Selenium']"
JOB01943,Data Scientist,"['Machine Learning', 'Pandas', 'Python', 'SQL', 'Statistics']"
JOB01944,Software Engineer,"['Cloud Computing', 'Git', 'Java', 'Python', 'REST API', 'SQL']"
JOB01945,Data Analyst,"['Excel', 'Power BI', 'Python', 'SQL', 'Tableau']"
JOB01946,HR Analyst,"['Data Analysis', 'Excel', 'HR Analytics', 'Power BI', 'SQL']"
JOB01947,Software Engineer,"['Git', 'Java', 'Python', 'REST API', 'SQL']"
JOB01948,BI Analyst,"['DAX', 'Data Visualization', 'Excel', 'Power BI', 'SQL']"
JOB01949,Python Developer,"['Django', 'Flask', 'Git', 'Python', 'SQL']"
JOB01950,Machine Learning Engineer,"['Docker', 'Machine Learning', 'Python', 'Scikit-learn', 'TensorFlow']"
JOB01951,Financial Analyst,"['Excel', 'Financial Modeling', 'Power BI', 'SQL', 'Statistics']"
JOB01952,Python Developer,"['Django', 'Flask', 'Git', 'Python', 'SQL']"
JOB01953,Power BI Developer,"['DAX', 'Excel', 'Power BI', 'Power Query', 'SQL']"
JOB01954,Machine Learning Engineer,"['Docker', 'Machine Learning', 'Python', 'Scikit-learn', 'TensorFlow']"
JOB01955,BI Analyst,"['DAX', 'Data Visualization', 'Excel', 'Power BI', 'SQL']"
JOB01956,Power BI Developer,"['DAX', 'Excel', 'Power BI', 'Power Query', 'SQL']"
JOB01957,SQL Developer,"['Database', 'ETL', 'MySQL', 'PostgreSQL', 'SQL']"
JOB01958,Software Engineer,"['Git', 'Java', 'Python', 'REST API', 'SQL']"
JOB01959,Marketing Analyst,"['Excel', 'Marketing Analytics', 'Power BI', 'Python', 'SQL']"
JOB01960,DevOps Engineer,"['AWS', 'Docker', 'Jenkins', 'Kubernetes', 'Linux']"
JOB01961,Machine Learning Engineer,"['Docker', 'Machine Learning', 'Oracle', 'Python', 'Scikit-learn', 'TensorFlow']"
JOB01962,HR Analyst,"['Data Analysis', 'Excel', 'HR Analytics', 'Power BI', 'SQL']"
JOB01963,Software Engineer,"['Git', 'Java', 'Python', 'REST API', 'SQL']"
JOB01964,Business Analyst,"['Business Analysis', 'Excel', 'Oracle', 'Power BI', 'Requirements Gathering', 'SQL']"
JOB01965,Marketing Analyst,"['Excel', 'Marketing Analytics', 'Power BI', 'Python', 'SQL']"
JOB01966,DevOps Engineer,"['AWS', 'Docker', 'Jenkins', 'Kubernetes', 'Linux']"
JOB01967,Power BI Developer,"['DAX', 'Excel', 'Power BI', 'Power Query', 'SQL']"
JOB01968,Database Administrator,"['Database', 'Database Administration', 'MySQL', 'Oracle', 'PostgreSQL', 'SQL']"
JOB01969,Business Analyst,"['Business Analysis', 'Excel', 'Power BI', 'Requirements Gathering', 'SQL']"
JOB01970,Database Administrator,"['Database', 'Database Administration', 'MySQL', 'Oracle', 'PostgreSQL', 'SQL']"
JOB01971,BI Analyst,"['DAX', 'Data Visualization', 'Excel', 'Power BI', 'SQL']"
JOB01972,Business Analyst,"['Business Analysis', 'Excel', 'Power BI', 'Requirements Gathering', 'SQL']"
JOB01973,Data Scientist,"['Machine Learning', 'Pandas', 'Python', 'SQL', 'Statistics']"
JOB01974,SQL Developer,"['Database', 'ETL', 'MySQL', 'PostgreSQL', 'SQL']"
JOB01975,Python Developer,"['Django', 'Flask', 'Git', 'Python', 'SQL']"
JOB01976,Software Engineer,"['Git', 'Java', 'Python', 'REST API', 'SQL']"
JOB01977,SQL Developer,"['Database', 'ETL', 'MySQL', 'PostgreSQL', 'SQL']"
JOB01978,SQL Developer,"['Database', 'ETL', 'MySQL', 'Oracle', 'PostgreSQL', 'SQL']"
JOB01979,Software Engineer,"['Git', 'Java', 'Python', 'REST API', 'SQL']"
JOB01980,Python Developer,"['Django', 'Flask', 'Git', 'Python', 'SQL']"
JOB01981,DevOps Engineer,"['AWS', 'Docker', 'Jenkins', 'Kubernetes', 'Linux']"
JOB01982,Power BI Developer,"['DAX', 'Excel', 'Power BI', 'Power Query', 'SQL']"
JOB01983,Financial Analyst,"['Excel', 'Financial Modeling', 'Oracle', 'Power BI', 'SQL', 'Statistics']"
JOB01984,Data Scientist,"['Cloud Computing', 'Machine Learning', 'Pandas', 'Python', 'SQL', 'Statistics']"
JOB01985,HR Analyst,"['Data Analysis', 'Excel', 'HR Analytics', 'Power BI', 'SQL']"
JOB01986,Business Analyst,"['Business Analysis', 'Excel', 'Power BI', 'Requirements Gathering', 'SQL']"
JOB01987,HR Analyst,"['Data Analysis', 'Excel', 'HR Analytics', 'Power BI', 'SQL']"
JOB01988,Marketing Analyst,"['Cloud Computing', 'Excel', 'Marketing Analytics', 'Power BI', 'Python', 'SQL']"
JOB01989,Data Analyst,"['Excel', 'Power BI', 'Python', 'SQL', 'Tableau']"
JOB01990,Software Engineer,"['Git', 'Java', 'Python', 'REST API', 'SQL']"
JOB01991,Full Stack Developer,"['CSS', 'HTML', 'Java', 'JavaScript', 'Machine Learning', 'Node', 'React']"
JOB01992,Web Developer,"['CSS', 'Git', 'HTML', 'Java', 'JavaScript', 'Machine Learning', 'React']"
JOB01993,Web Developer,"['CSS', 'Git', 'HTML', 'Java', 'JavaScript', 'Machine Learning', 'React']"
JOB01994,QA Engineer,"['Automation Testing', 'Java', 'Python', 'SQL', 'Selenium']"
JOB01995,Financial Analyst,"['Excel', 'Financial Modeling', 'Power BI', 'SQL', 'Statistics']"
JOB01996,HR Analyst,"['Data Analysis', 'Excel', 'HR Analytics', 'Power BI', 'SQL']"
JOB01997,Power BI Developer,"['DAX', 'Excel', 'Power BI', 'Power Query', 'SQL']"
JOB01998,Software Engineer,"['Git', 'Java', 'Python', 'REST API', 'SQL']"
JOB01999,BI Analyst,"['DAX', 'Data Visualization', 'Excel', 'Power BI', 'SQL']"
JOB02000,HR Analyst,"['Data Analysis', 'Excel', 'HR Analytics', 'Power BI', 'SQL']"
JOB02001,Software Engineer,"['Git', 'Java', 'Python', 'REST API', 'SQL']"
JOB02002,Full Stack Developer,"['CSS', 'HTML', 'Java', 'JavaScript', 'Machine Learning', 'Node', 'React']"
JOB02003,SQL Developer,"['Database', 'ETL', 'MySQL', 'PostgreSQL', 'SQL']"
JOB02004,Business Analyst,"['Business Analysis', 'Excel', 'Power BI', 'Requirements Gathering', 'SQL']"
JOB02005,Marketing Analyst,"['Excel', 'Marketing Analytics', 'Power BI', 'Python', 'SQL']"
JOB02006,Cloud Engineer,"['AWS', 'Azure', 'Cloud Computing', 'Docker', 'Linux']"
JOB02007,Software Engineer,"['Git', 'Java', 'Python', 'REST API', 'SQL']"
JOB02008,Full Stack Developer,"['CSS', 'HTML', 'Java', 'JavaScript', 'Machine Learning', 'Node', 'React']"
JOB02009,Data Analyst,"['Excel', 'Power BI', 'Python', 'SQL', 'Tableau']"
JOB02010,SQL Developer,"['Database', 'ETL', 'MySQL', 'PostgreSQL', 'SQL']"
JOB02011,QA Engineer,"['Automation Testing', 'Java', 'Python', 'SQL', 'Selenium']"
JOB02012,Machine Learning Engineer,"['Docker', 'Machine Learning', 'Python', 'Scikit-learn', 'TensorFlow']"
JOB02013,Python Developer,"['Django', 'Flask', 'Git', 'Python', 'SQL']"
JOB02014,Machine Learning Engineer,"['Docker', 'Machine Learning', 'Python', 'Scikit-learn', 'TensorFlow']"
JOB02015,Financial Analyst,"['Excel', 'Financial Modeling', 'Power BI', 'SQL', 'Statistics']"
JOB02016,HR Analyst,"['Data Analysis', 'Excel', 'HR Analytics', 'Power BI', 'SQL']"
JOB02017,Data Scientist,"['Machine Learning', 'Pandas', 'Python', 'SQL', 'Statistics']"
JOB02018,SQL Developer,"['Database', 'ETL', 'MySQL', 'PostgreSQL', 'SQL']"
JOB02019,Python Developer,"['Django', 'Flask', 'Git', 'Python', 'SQL']"
JOB02020,Financial Analyst,"['Excel', 'Financial Modeling', 'Power BI', 'SQL', 'Statistics']"
JOB02021,Cloud Engineer,"['AWS', 'Azure', 'Cloud Computing', 'Docker', 'Linux']"
JOB02022,Data Scientist,"['Machine Learning', 'Pandas', 'Python', 'SQL', 'Statistics']"
JOB02023,DevOps Engineer,"['AWS', 'Docker', 'Jenkins', 'Kubernetes', 'Linux']"
JOB02024,Power BI Developer,"['DAX', 'Excel', 'Power BI', 'Power Query', 'SQL']"
JOB02025,Software Engineer,"['Git', 'Java', 'Python', 'REST API', 'SQL']"
JOB02026,Cloud Engineer,"['AWS', 'Azure', 'Cloud Computing', 'Docker', 'Linux']"
JOB02027,Marketing Analyst,"['Excel', 'Marketing Analytics', 'Power BI', 'Python', 'SQL']"
JOB02028,BI Analyst,"['Cloud Computing', 'DAX', 'Data Visualization', 'Excel', 'Power BI', 'SQL']"
JOB02029,Data Analyst,"['Excel', 'Power BI', 'Python', 'SQL', 'Tableau']"
JOB02030,Database Administrator,"['Database', 'Database Administration', 'MySQL', 'Oracle', 'PostgreSQL', 'SQL']"
JOB02031,Python Developer,"['Cloud Computing', 'Django', 'Flask', 'Git', 'Python', 'SQL']"
JOB02032,SQL Developer,"['Database', 'ETL', 'MySQL', 'PostgreSQL', 'SQL']"
JOB02033,Financial Analyst,"['Excel', 'Financial Modeling', 'Power BI', 'SQL', 'Statistics']"
JOB02034,QA Engineer,"['Automation Testing', 'Java', 'Python', 'SQL', 'Selenium']"
JOB02035,SQL Developer,"['Database', 'ETL', 'MySQL', 'PostgreSQL', 'SQL']"
JOB02036,Data Scientist,"['Machine Learning', 'Pandas', 'Python', 'SQL', 'Statistics']"
JOB02037,Full Stack Developer,"['CSS', 'HTML', 'Java', 'JavaScript', 'Machine Learning', 'Node', 'React']"
JOB02038,Web Developer,"['CSS', 'Git', 'HTML', 'Java', 'JavaScript', 'Machine Learning', 'React']"
JOB02039,Data Scientist,"['Machine Learning', 'Oracle', 'Pandas', 'Python', 'SQL', 'Statistics']"
JOB02040,Data Analyst,"['Cloud Computing', 'Excel', 'Power BI', 'Python', 'SQL', 'Tableau']"
JOB02041,Database Administrator,"['Database', 'Database Administration', 'MySQL', 'Oracle', 'PostgreSQL', 'SQL']"
JOB02042,Database Administrator,"['Database', 'Database Administration', 'MySQL', 'Oracle', 'PostgreSQL', 'SQL']"
JOB02043,Data Engineer,"['AWS', 'ETL', 'Python', 'SQL', 'Spark']"
JOB02044,HR Analyst,"['Data Analysis', 'Excel', 'HR Analytics', 'Power BI', 'SQL']"
JOB02045,Power BI Developer,"['DAX', 'Excel', 'Power BI', 'Power Query', 'SQL']"
JOB02046,Software Engineer,"['Git', 'Java', 'Python', 'REST API', 'SQL']"
JOB02047,Software Engineer,"['Git', 'Java', 'Python', 'REST API', 'SQL']"
JOB02048,DevOps Engineer,"['AWS', 'Docker', 'Jenkins', 'Kubernetes', 'Linux']"
JOB02049,Data Engineer,"['AWS', 'ETL', 'Python', 'SQL', 'Spark']"
JOB02050,Data Scientist,"['Machine Learning', 'Pandas', 'Python', 'SQL', 'Statistics']"
JOB02051,Marketing Analyst,"['Excel', 'Marketing Analytics', 'Oracle', 'Power BI', 'Python', 'SQL']"
JOB02052,Python Developer,"['Django', 'Flask', 'Git', 'Python', 'SQL']"
JOB02053,Full Stack Developer,"['CSS', 'HTML', 'Java', 'JavaScript', 'Machine Learning', 'Node', 'React']"
JOB02054,BI Analyst,"['DAX', 'Data Visualization', 'Excel', 'Power BI', 'SQL']"
JOB02055,Web Developer,"['CSS', 'Git', 'HTML', 'Java', 'JavaScript', 'Machine Learning', 'React']"
JOB02056,QA Engineer,"['Automation Testing', 'Java', 'Python', 'SQL', 'Selenium']"
JOB02057,QA Engineer,"['Automation Testing', 'Java', 'Python', 'SQL', 'Selenium']"
JOB02058,Marketing Analyst,"['Excel', 'Marketing Analytics', 'Power BI', 'Python', 'SQL']"
JOB02059,HR Analyst,"['Data Analysis', 'Excel', 'HR Analytics', 'Power BI', 'SQL']"
JOB02060,Cloud Engineer,"['AWS', 'Azure', 'Cloud Computing', 'Docker', 'Linux']"
JOB02061,Database Administrator,"['Database', 'Database Administration', 'MySQL', 'Oracle', 'PostgreSQL', 'SQL']"
JOB02062,Financial Analyst,"['Excel', 'Financial Modeling', 'Power BI', 'SQL', 'Statistics']"
JOB02063,DevOps Engineer,"['AWS', 'Docker', 'Jenkins', 'Kubernetes', 'Linux']"
JOB02064,Data Engineer,"['AWS', 'ETL', 'Python', 'SQL', 'Spark']"
JOB02065,Data Analyst,"['Excel', 'Power BI', 'Python', 'SQL', 'Tableau']"
JOB02066,Product Analyst,"['Excel', 'Product Analytics', 'Python', 'SQL']"
JOB02067,Cloud Engineer,"['AWS', 'Azure', 'Cloud Computing', 'Docker', 'Linux']"
JOB02068,Database Administrator,"['Database', 'Database Administration', 'MySQL', 'Oracle', 'PostgreSQL', 'SQL']"
JOB02069,Database Administrator,"['Database', 'Database Administration', 'MySQL', 'Oracle', 'PostgreSQL', 'SQL']"
JOB02070,Power BI Developer,"['DAX', 'Excel', 'Power BI', 'Power Query', 'SQL']"
JOB02071,Marketing Analyst,"['Excel', 'Marketing Analytics', 'Power BI', 'Python', 'SQL']"
JOB02072,Software Engineer,"['Git', 'Java', 'Python', 'REST API', 'SQL']"
JOB02073,BI Analyst,"['DAX', 'Data Visualization', 'Excel', 'Power BI', 'SQL']"
JOB02074,Product Analyst,"['Excel', 'Product Analytics', 'Python', 'SQL']"
JOB02075,Product Analyst,"['Cloud Computing', 'Excel', 'Product Analytics', 'Python', 'SQL']"
JOB02076,Web Developer,"['CSS', 'Git', 'HTML', 'Java', 'JavaScript', 'Machine Learning', 'React']"
JOB02077,Financial Analyst,"['Excel', 'Financial Modeling', 'Power BI', 'SQL', 'Statistics']"
JOB02078,Database Administrator,"['Database', 'Database Administration', 'MySQL', 'Oracle', 'PostgreSQL', 'SQL']"
JOB02079,Data Engineer,"['AWS', 'ETL', 'Python', 'SQL', 'Spark']"
JOB02080,QA Engineer,"['Automation Testing', 'Java', 'Oracle', 'Python', 'SQL', 'Selenium']"
JOB02081,Marketing Analyst,"['Excel', 'Marketing Analytics', 'Power BI', 'Python', 'SQL']"
JOB02082,Cloud Engineer,"['AWS', 'Azure', 'Cloud Computing', 'Docker', 'Linux']"
JOB02083,Database Administrator,"['Database', 'Database Administration', 'MySQL', 'Oracle', 'PostgreSQL', 'SQL']"
JOB02084,HR Analyst,"['Data Analysis', 'Excel', 'HR Analytics', 'Power BI', 'SQL']"
JOB02085,Machine Learning Engineer,"['Docker', 'Machine Learning', 'Python', 'Scikit-learn', 'TensorFlow']"
JOB02086,SQL Developer,"['Database', 'ETL', 'MySQL', 'PostgreSQL', 'SQL']"
JOB02087,QA Engineer,"['Automation Testing', 'Java', 'Python', 'SQL', 'Selenium']"
JOB02088,Python Developer,"['Django', 'Flask', 'Git', 'Python', 'SQL']"
JOB02089,HR Analyst,"['Data Analysis', 'Excel', 'HR Analytics', 'Power BI', 'SQL']"
JOB02090,Web Developer,"['CSS', 'Cloud Computing', 'Git', 'HTML', 'Java', 'JavaScript', 'Machine Learning', 'React']"
JOB02091,Data Analyst,"['Excel', 'Power BI', 'Python', 'SQL', 'Tableau']"
JOB02092,Machine Learning Engineer,"['Docker', 'Machine Learning', 'Python', 'Scikit-learn', 'TensorFlow']"
JOB02093,Data Scientist,"['Machine Learning', 'Pandas', 'Python', 'SQL', 'Statistics']"
JOB02094,Software Engineer,"['Git', 'Java', 'Python', 'REST API', 'SQL']"
JOB02095,Data Analyst,"['Excel', 'Power BI', 'Python', 'SQL', 'Tableau']"
JOB02096,QA Engineer,"['Automation Testing', 'Java', 'Oracle', 'Python', 'SQL', 'Selenium']"
JOB02097,Data Analyst,"['Excel', 'Power BI', 'Python', 'SQL', 'Tableau']"
JOB02098,QA Engineer,"['Automation Testing', 'Java', 'Python', 'SQL', 'Selenium']"
JOB02099,SQL Developer,"['Database', 'ETL', 'MySQL', 'PostgreSQL', 'SQL']"
JOB02100,Data Analyst,"['Excel', 'Power BI', 'Python', 'SQL', 'Tableau']"
JOB02101,DevOps Engineer,"['AWS', 'Docker', 'Jenkins', 'Kubernetes', 'Linux']"
JOB02102,BI Analyst,"['DAX', 'Data Visualization', 'Excel', 'Power BI', 'SQL']"
JOB02103,Data Engineer,"['AWS', 'ETL', 'Python', 'SQL', 'Spark']"
JOB02104,Software Engineer,"['Git', 'Java', 'Oracle', 'Python', 'REST API', 'SQL']"
JOB02105,Full Stack Developer,"['CSS', 'HTML', 'Java', 'JavaScript', 'Machine Learning', 'Node', 'React']"
JOB02106,HR Analyst,"['Data Analysis', 'Excel', 'HR Analytics', 'Power BI', 'SQL']"
JOB02107,Full Stack Developer,"['CSS', 'HTML', 'Java', 'JavaScript', 'Machine Learning', 'Node', 'React']"
JOB02108,Data Scientist,"['Machine Learning', 'Pandas', 'Python', 'SQL', 'Statistics']"
JOB02109,QA Engineer,"['Automation Testing', 'Java', 'Python', 'SQL', 'Selenium']"
JOB02110,Database Administrator,"['Database', 'Database Administration', 'MySQL', 'Oracle', 'PostgreSQL', 'SQL']"
JOB02111,Marketing Analyst,"['Excel', 'Marketing Analytics', 'Power BI', 'Python', 'SQL']"
JOB02112,Web Developer,"['CSS', 'Git', 'HTML', 'Java', 'JavaScript', 'Machine Learning', 'React']"
JOB02113,Financial Analyst,"['Excel', 'Financial Modeling', 'Power BI', 'SQL', 'Statistics']"
JOB02114,DevOps Engineer,"['AWS', 'Docker', 'Jenkins', 'Kubernetes', 'Linux']"
JOB02115,DevOps Engineer,"['AWS', 'Docker', 'Jenkins', 'Kubernetes', 'Linux']"
JOB02116,HR Analyst,"['Data Analysis', 'Excel', 'HR Analytics', 'Power BI', 'SQL']"
JOB02117,Database Administrator,"['Database', 'Database Administration', 'MySQL', 'Oracle', 'PostgreSQL', 'SQL']"
JOB02118,Full Stack Developer,"['CSS', 'HTML', 'Java', 'JavaScript', 'Machine Learning', 'Node', 'React']"
JOB02119,Data Analyst,"['Excel', 'Power BI', 'Python', 'SQL', 'Tableau']"
JOB02120,Financial Analyst,"['Excel', 'Financial Modeling', 'Power BI', 'SQL', 'Statistics']"
JOB02121,Product Analyst,"['Cloud Computing', 'Excel', 'Product Analytics', 'Python', 'SQL']"
JOB02122,Database Administrator,"['Database', 'Database Administration', 'MySQL', 'Oracle', 'PostgreSQL', 'SQL']"
JOB02123,SQL Developer,"['Database', 'ETL', 'MySQL', 'PostgreSQL', 'SQL']"
JOB02124,Marketing Analyst,"['Excel', 'Marketing Analytics', 'Power BI', 'Python', 'SQL']"
JOB02125,Product Analyst,"['Excel', 'Product Analytics', 'Python', 'SQL']"
JOB02126,DevOps Engineer,"['AWS', 'Docker', 'Jenkins', 'Kubernetes', 'Linux']"
JOB02127,Software Engineer,"['Cloud Computing', 'Git', 'Java', 'Python', 'REST API', 'SQL']"
JOB02128,Python Developer,"['Django', 'Flask', 'Git', 'Python', 'SQL']"
JOB02129,Web Developer,"['CSS', 'Git', 'HTML', 'Java', 'JavaScript', 'Machine Learning', 'React']"
JOB02130,Full Stack Developer,"['CSS', 'HTML', 'Java', 'JavaScript', 'Machine Learning', 'Node', 'React']"
JOB02131,Data Analyst,"['Excel', 'Power BI', 'Python', 'SQL', 'Tableau']"
JOB02132,Business Analyst,"['Business Analysis', 'Excel', 'Power BI', 'Requirements Gathering', 'SQL']"
JOB02133,Data Scientist,"['Machine Learning', 'Pandas', 'Python', 'SQL', 'Statistics']"
JOB02134,Software Engineer,"['Git', 'Java', 'Python', 'REST API', 'SQL']"
JOB02135,HR Analyst,"['Data Analysis', 'Excel', 'HR Analytics', 'Power BI', 'SQL']"
JOB02136,QA Engineer,"['Automation Testing', 'Java', 'Python', 'SQL', 'Selenium']"
JOB02137,DevOps Engineer,"['AWS', 'Docker', 'Jenkins', 'Kubernetes', 'Linux']"
JOB02138,Machine Learning Engineer,"['Docker', 'Machine Learning', 'Python', 'Scikit-learn', 'TensorFlow']"
JOB02139,Database Administrator,"['Database', 'Database Administration', 'MySQL', 'Oracle', 'PostgreSQL', 'SQL']"
JOB02140,Financial Analyst,"['Excel', 'Financial Modeling', 'Oracle', 'Power BI', 'SQL', 'Statistics']"
JOB02141,Software Engineer,"['Git', 'Java', 'Python', 'REST API', 'SQL']"
JOB02142,QA Engineer,"['Automation Testing', 'Java', 'Python', 'SQL', 'Selenium']"
JOB02143,Data Engineer,"['AWS', 'ETL', 'Python', 'SQL', 'Spark']"
JOB02144,SQL Developer,"['Database', 'ETL', 'MySQL', 'PostgreSQL', 'SQL']"
JOB02145,Financial Analyst,"['Excel', 'Financial Modeling', 'Power BI', 'SQL', 'Statistics']"
JOB02146,Financial Analyst,"['Cloud Computing', 'Excel', 'Financial Modeling', 'Power BI', 'SQL', 'Statistics']"
JOB02147,Software Engineer,"['Git', 'Java', 'Python', 'REST API', 'SQL']"
JOB02148,DevOps Engineer,"['AWS', 'Docker', 'Jenkins', 'Kubernetes', 'Linux']"
JOB02149,Power BI Developer,"['DAX', 'Excel', 'Power BI', 'Power Query', 'SQL']"
JOB02150,Data Scientist,"['Machine Learning', 'Oracle', 'Pandas', 'Python', 'SQL', 'Statistics']"
JOB02151,Cloud Engineer,"['AWS', 'Azure', 'Cloud Computing', 'Docker', 'Linux']"
JOB02152,QA Engineer,"['Automation Testing', 'Java', 'Python', 'SQL', 'Selenium']"
JOB02153,Cloud Engineer,"['AWS', 'Azure', 'Cloud Computing', 'Docker', 'Linux']"
JOB02154,DevOps Engineer,"['AWS', 'Docker', 'Jenkins', 'Kubernetes', 'Linux']"
JOB02155,QA Engineer,"['Automation Testing', 'Java', 'Python', 'SQL', 'Selenium']"
JOB02156,SQL Developer,"['Database', 'ETL', 'MySQL', 'PostgreSQL', 'SQL']"
JOB02157,Power BI Developer,"['DAX', 'Excel', 'Oracle', 'Power BI', 'Power Query', 'SQL']"
JOB02158,Software Engineer,"['Git', 'Java', 'Python', 'REST API', 'SQL']"
JOB02159,Data Analyst,"['Cloud Computing', 'Excel', 'Power BI', 'Python', 'SQL', 'Tableau']"
JOB02160,Marketing Analyst,"['Excel', 'Marketing Analytics', 'Power BI', 'Python', 'SQL']"
JOB02161,Full Stack Developer,"['CSS', 'HTML', 'Java', 'JavaScript', 'Machine Learning', 'Node', 'React']"
JOB02162,Python Developer,"['Django', 'Flask', 'Git', 'Python', 'SQL']"
JOB02163,Product Analyst,"['Excel', 'Product Analytics', 'Python', 'SQL']"
JOB02164,QA Engineer,"['Automation Testing', 'Java', 'Python', 'SQL', 'Selenium']"
JOB02165,Web Developer,"['CSS', 'Git', 'HTML', 'Java', 'JavaScript', 'Machine Learning', 'React']"
JOB02166,Web Developer,"['CSS', 'Git', 'HTML', 'Java', 'JavaScript', 'Machine Learning', 'React']"
JOB02167,Power BI Developer,"['DAX', 'Excel', 'Power BI', 'Power Query', 'SQL']"
JOB02168,Financial Analyst,"['Excel', 'Financial Modeling', 'Power BI', 'SQL', 'Statistics']"
JOB02169,Full Stack Developer,"['CSS', 'HTML', 'Java', 'JavaScript', 'Machine Learning', 'Node', 'React']"
JOB02170,Web Developer,"['CSS', 'Git', 'HTML', 'Java', 'JavaScript', 'Machine Learning', 'React']"
JOB02171,Web Developer,"['CSS', 'Git', 'HTML', 'Java', 'JavaScript', 'Machine Learning', 'React']"
JOB02172,Power BI Developer,"['DAX', 'Excel', 'Power BI', 'Power Query', 'SQL']"
JOB02173,Data Engineer,"['AWS', 'ETL', 'Python', 'SQL', 'Spark']"
JOB02174,HR Analyst,"['Data Analysis', 'Excel', 'HR Analytics', 'Power BI', 'SQL']"
JOB02175,Python Developer,"['Django', 'Flask', 'Git', 'Python', 'SQL']"
JOB02176,Web Developer,"['CSS', 'Git', 'HTML', 'Java', 'JavaScript', 'Machine Learning', 'React']"
JOB02177,Data Scientist,"['Machine Learning', 'Pandas', 'Python', 'SQL', 'Statistics']"
JOB02178,Data Analyst,"['Excel', 'Oracle', 'Power BI', 'Python', 'SQL', 'Tableau']"
JOB02179,BI Analyst,"['DAX', 'Data Visualization', 'Excel', 'Power BI', 'SQL']"
JOB02180,Web Developer,"['CSS', 'Git', 'HTML', 'Java', 'JavaScript', 'Machine Learning', 'React']"
JOB02181,BI Analyst,"['DAX', 'Data Visualization', 'Excel', 'Power BI', 'SQL']"
JOB02182,Cloud Engineer,"['AWS', 'Azure', 'Cloud Computing', 'Docker', 'Linux']"
JOB02183,Data Engineer,"['AWS', 'ETL', 'Python', 'SQL', 'Spark']"
JOB02184,Marketing Analyst,"['Cloud Computing', 'Excel', 'Marketing Analytics', 'Power BI', 'Python', 'SQL']"
JOB02185,DevOps Engineer,"['AWS', 'Docker', 'Jenkins', 'Kubernetes', 'Linux']"
JOB02186,Full Stack Developer,"['CSS', 'Cloud Computing', 'HTML', 'Java', 'JavaScript', 'Machine Learning', 'Node', 'React']"
JOB02187,HR Analyst,"['Data Analysis', 'Excel', 'HR Analytics', 'Power BI', 'SQL']"
JOB02188,Web Developer,"['CSS', 'Git', 'HTML', 'Java', 'JavaScript', 'Machine Learning', 'React']"
JOB02189,Power BI Developer,"['DAX', 'Excel', 'Power BI', 'Power Query', 'SQL']"
JOB02190,Full Stack Developer,"['CSS', 'HTML', 'Java', 'JavaScript', 'Machine Learning', 'Node', 'React']"
JOB02191,Machine Learning Engineer,"['Docker', 'Machine Learning', 'Python', 'Scikit-learn', 'TensorFlow']"
JOB02192,Data Analyst,"['Excel', 'Power BI', 'Python', 'SQL', 'Tableau']"
JOB02193,Marketing Analyst,"['Excel', 'Marketing Analytics', 'Power BI', 'Python', 'SQL']"
JOB02194,Python Developer,"['Django', 'Flask', 'Git', 'Python', 'SQL']"
JOB02195,Full Stack Developer,"['CSS', 'HTML', 'Java', 'JavaScript', 'Machine Learning', 'Node', 'React']"
JOB02196,DevOps Engineer,"['AWS', 'Docker', 'Jenkins', 'Kubernetes', 'Linux']"
JOB02197,Data Engineer,"['AWS', 'ETL', 'Python', 'SQL', 'Spark']"
JOB02198,Power BI Developer,"['DAX', 'Excel', 'Power BI', 'Power Query', 'SQL']"
JOB02199,Power BI Developer,"['DAX', 'Excel', 'Power BI', 'Power Query', 'SQL']"
JOB02200,Data Engineer,"['AWS', 'ETL', 'Python', 'SQL', 'Spark']"
JOB02201,Business Analyst,"['Business Analysis', 'Excel', 'Power BI', 'Requirements Gathering', 'SQL']"
JOB02202,BI Analyst,"['DAX', 'Data Visualization', 'Excel', 'Power BI', 'SQL']"
JOB02203,Database Administrator,"['Database', 'Database Administration', 'MySQL', 'Oracle', 'PostgreSQL', 'SQL']"
JOB02204,Product Analyst,"['Excel', 'Product Analytics', 'Python', 'SQL']"
JOB02205,Data Analyst,"['Excel', 'Power BI', 'Python', 'SQL', 'Tableau']"
JOB02206,DevOps Engineer,"['AWS', 'Docker', 'Jenkins', 'Kubernetes', 'Linux']"
JOB02207,Data Engineer,"['AWS', 'ETL', 'Python', 'SQL', 'Spark']"
JOB02208,Database Administrator,"['Database', 'Database Administration', 'MySQL', 'Oracle', 'PostgreSQL', 'SQL']"
JOB02209,Full Stack Developer,"['CSS', 'HTML', 'Java', 'JavaScript', 'Machine Learning', 'Node', 'React']"
JOB02210,Data Analyst,"['Excel', 'Power BI', 'Python', 'SQL', 'Tableau']"
JOB02211,Data Engineer,"['AWS', 'ETL', 'Python', 'SQL', 'Spark']"
JOB02212,Business Analyst,"['Business Analysis', 'Excel', 'Power BI', 'Requirements Gathering', 'SQL']"
JOB02213,Financial Analyst,"['Excel', 'Financial Modeling', 'Power BI', 'SQL', 'Statistics']"
JOB02214,QA Engineer,"['Automation Testing', 'Java', 'Python', 'SQL', 'Selenium']"
JOB02215,QA Engineer,"['Automation Testing', 'Java', 'Python', 'SQL', 'Selenium']"
JOB02216,Data Engineer,"['AWS', 'ETL', 'Oracle', 'Python', 'SQL', 'Spark']"
JOB02217,Business Analyst,"['Business Analysis', 'Excel', 'Power BI', 'Requirements Gathering', 'SQL']"
JOB02218,Web Developer,"['CSS', 'Git', 'HTML', 'Java', 'JavaScript', 'Machine Learning', 'React']"
JOB02219,Data Engineer,"['AWS', 'ETL', 'Python', 'SQL', 'Spark']"
JOB02220,Data Scientist,"['Machine Learning', 'Pandas', 'Python', 'SQL', 'Statistics']"
JOB02221,Data Engineer,"['AWS', 'ETL', 'Oracle', 'Python', 'SQL', 'Spark']"
JOB02222,Financial Analyst,"['Excel', 'Financial Modeling', 'Oracle', 'Power BI', 'SQL', 'Statistics']"
JOB02223,Web Developer,"['CSS', 'Git', 'HTML', 'Java', 'JavaScript', 'Machine Learning', 'React']"
JOB02224,QA Engineer,"['Automation Testing', 'Java', 'Python', 'SQL', 'Selenium']"
JOB02225,Software Engineer,"['Git', 'Java', 'Python', 'REST API', 'SQL']"
JOB02226,Financial Analyst,"['Excel', 'Financial Modeling', 'Power BI', 'SQL', 'Statistics']"
JOB02227,QA Engineer,"['Automation Testing', 'Cloud Computing', 'Java', 'Python', 'SQL', 'Selenium']"
JOB02228,QA Engineer,"['Automation Testing', 'Cloud Computing', 'Java', 'Python', 'SQL', 'Selenium']"
JOB02229,Financial Analyst,"['Excel', 'Financial Modeling', 'Power BI', 'SQL', 'Statistics']"
JOB02230,Software Engineer,"['Cloud Computing', 'Git', 'Java', 'Python', 'REST API', 'SQL']"
JOB02231,Financial Analyst,"['Excel', 'Financial Modeling', 'Power BI', 'SQL', 'Statistics']"
JOB02232,Financial Analyst,"['Excel', 'Financial Modeling', 'Power BI', 'SQL', 'Statistics']"
JOB02233,Data Engineer,"['AWS', 'ETL', 'Python', 'SQL', 'Spark']"
JOB02234,HR Analyst,"['Data Analysis', 'Excel', 'HR Analytics', 'Power BI', 'SQL']"
JOB02235,Software Engineer,"['Git', 'Java', 'Python', 'REST API', 'SQL']"
JOB02236,Database Administrator,"['Database', 'Database Administration', 'MySQL', 'Oracle', 'PostgreSQL', 'SQL']"
JOB02237,SQL Developer,"['Database', 'ETL', 'MySQL', 'Oracle', 'PostgreSQL', 'SQL']"
JOB02238,BI Analyst,"['Cloud Computing', 'DAX', 'Data Visualization', 'Excel', 'Power BI', 'SQL']"
JOB02239,HR Analyst,"['Data Analysis', 'Excel', 'HR Analytics', 'Power BI', 'SQL']"
JOB02240,Database Administrator,"['Database', 'Database Administration', 'MySQL', 'Oracle', 'PostgreSQL', 'SQL']"
JOB02241,Data Scientist,"['Machine Learning', 'Oracle', 'Pandas', 'Python', 'SQL', 'Statistics']"
JOB02242,Marketing Analyst,"['Excel', 'Marketing Analytics', 'Power BI', 'Python', 'SQL']"
JOB02243,Data Analyst,"['Excel', 'Power BI', 'Python', 'SQL', 'Tableau']"
JOB02244,Machine Learning Engineer,"['Docker', 'Machine Learning', 'Oracle', 'Python', 'Scikit-learn', 'TensorFlow']"
JOB02245,Marketing Analyst,"['Excel', 'Marketing Analytics', 'Power BI', 'Python', 'SQL']"
JOB02246,HR Analyst,"['Data Analysis', 'Excel', 'HR Analytics', 'Power BI', 'SQL']"
JOB02247,Database Administrator,"['Database', 'Database Administration', 'MySQL', 'Oracle', 'PostgreSQL', 'SQL']"
JOB02248,HR Analyst,"['Data Analysis', 'Excel', 'HR Analytics', 'Power BI', 'SQL']"
JOB02249,DevOps Engineer,"['AWS', 'Docker', 'Jenkins', 'Kubernetes', 'Linux']"
JOB02250,Data Analyst,"['Excel', 'Power BI', 'Python', 'SQL', 'Tableau']"
JOB02251,Data Analyst,"['Excel', 'Power BI', 'Python', 'SQL', 'Tableau']"
JOB02252,Full Stack Developer,"['CSS', 'HTML', 'Java', 'JavaScript', 'Machine Learning', 'Node', 'React']"
JOB02253,Power BI Developer,"['DAX', 'Excel', 'Power BI', 'Power Query', 'SQL']"
JOB02254,Data Scientist,"['Machine Learning', 'Pandas', 'Python', 'SQL', 'Statistics']"
JOB02255,Cloud Engineer,"['AWS', 'Azure', 'Cloud Computing', 'Docker', 'Linux']"
JOB02256,Data Engineer,"['AWS', 'ETL', 'Python', 'SQL', 'Spark']"
JOB02257,Product Analyst,"['Excel', 'Product Analytics', 'Python', 'SQL']"
JOB02258,Web Developer,"['CSS', 'Cloud Computing', 'Git', 'HTML', 'Java', 'JavaScript', 'Machine Learning', 'React']"
JOB02259,Machine Learning Engineer,"['Docker', 'Machine Learning', 'Python', 'Scikit-learn', 'TensorFlow']"
JOB02260,Data Scientist,"['Machine Learning', 'Pandas', 'Python', 'SQL', 'Statistics']"
JOB02261,Product Analyst,"['Excel', 'Product Analytics', 'Python', 'SQL']"
JOB02262,Software Engineer,"['Git', 'Java', 'Python', 'REST API', 'SQL']"
JOB02263,Data Analyst,"['Excel', 'Power BI', 'Python', 'SQL', 'Tableau']"
JOB02264,SQL Developer,"['Database', 'ETL', 'MySQL', 'PostgreSQL', 'SQL']"
JOB02265,Web Developer,"['CSS', 'Git', 'HTML', 'Java', 'JavaScript', 'Machine Learning', 'Oracle', 'React']"
JOB02266,SQL Developer,"['Database', 'ETL', 'MySQL', 'PostgreSQL', 'SQL']"
JOB02267,Data Analyst,"['Excel', 'Power BI', 'Python', 'SQL', 'Tableau']"
JOB02268,Data Scientist,"['Machine Learning', 'Pandas', 'Python', 'SQL', 'Statistics']"
JOB02269,Financial Analyst,"['Excel', 'Financial Modeling', 'Oracle', 'Power BI', 'SQL', 'Statistics']"
JOB02270,Database Administrator,"['Database', 'Database Administration', 'MySQL', 'Oracle', 'PostgreSQL', 'SQL']"
JOB02271,Business Analyst,"['Business Analysis', 'Excel', 'Power BI', 'Requirements Gathering', 'SQL']"
JOB02272,Cloud Engineer,"['AWS', 'Azure', 'Cloud Computing', 'Docker', 'Linux']"
JOB02273,DevOps Engineer,"['AWS', 'Docker', 'Jenkins', 'Kubernetes', 'Linux']"
JOB02274,Data Scientist,"['Machine Learning', 'Pandas', 'Python', 'SQL', 'Statistics']"
JOB02275,Machine Learning Engineer,"['Docker', 'Machine Learning', 'Python', 'Scikit-learn', 'TensorFlow']"
JOB02276,QA Engineer,"['Automation Testing', 'Cloud Computing', 'Java', 'Python', 'SQL', 'Selenium']"
JOB02277,Product Analyst,"['Excel', 'Product Analytics', 'Python', 'SQL']"
JOB02278,Business Analyst,"['Business Analysis', 'Excel', 'Power BI', 'Requirements Gathering', 'SQL']"
JOB02279,Software Engineer,"['Cloud Computing', 'Git', 'Java', 'Python', 'REST API', 'SQL']"
JOB02280,Financial Analyst,"['Excel', 'Financial Modeling', 'Power BI', 'SQL', 'Statistics']"
JOB02281,Data Scientist,"['Machine Learning', 'Pandas', 'Python', 'SQL', 'Statistics']"
JOB02282,Financial Analyst,"['Excel', 'Financial Modeling', 'Power BI', 'SQL', 'Statistics']"
JOB02283,Marketing Analyst,"['Excel', 'Marketing Analytics', 'Power BI', 'Python', 'SQL']"
JOB02284,SQL Developer,"['Database', 'ETL', 'MySQL', 'PostgreSQL', 'SQL']"
JOB02285,Power BI Developer,"['DAX', 'Excel', 'Power BI', 'Power Query', 'SQL']"
JOB02286,Data Engineer,"['AWS', 'ETL', 'Python', 'SQL', 'Spark']"
JOB02287,QA Engineer,"['Automation Testing', 'Java', 'Python', 'SQL', 'Selenium']"
JOB02288,QA Engineer,"['Automation Testing', 'Java', 'Python', 'SQL', 'Selenium']"
JOB02289,Business Analyst,"['Business Analysis', 'Cloud Computing', 'Excel', 'Power BI', 'Requirements Gathering', 'SQL']"
JOB02290,QA Engineer,"['Automation Testing', 'Java', 'Python', 'SQL', 'Selenium']"
JOB02291,Data Engineer,"['AWS', 'ETL', 'Python', 'SQL', 'Spark']"
JOB02292,BI Analyst,"['DAX', 'Data Visualization', 'Excel', 'Power BI', 'SQL']"
JOB02293,Software Engineer,"['Git', 'Java', 'Python', 'REST API', 'SQL']"
JOB02294,Cloud Engineer,"['AWS', 'Azure', 'Cloud Computing', 'Docker', 'Linux']"
JOB02295,Business Analyst,"['Business Analysis', 'Excel', 'Power BI', 'Requirements Gathering', 'SQL']"
JOB02296,Machine Learning Engineer,"['Docker', 'Machine Learning', 'Python', 'Scikit-learn', 'TensorFlow']"
JOB02297,Financial Analyst,"['Excel', 'Financial Modeling', 'Power BI', 'SQL', 'Statistics']"
JOB02298,HR Analyst,"['Data Analysis', 'Excel', 'HR Analytics', 'Power BI', 'SQL']"
JOB02299,Financial Analyst,"['Excel', 'Financial Modeling', 'Power BI', 'SQL', 'Statistics']"
JOB02300,Power BI Developer,"['DAX', 'Excel', 'Power BI', 'Power Query', 'SQL']"
JOB02301,BI Analyst,"['DAX', 'Data Visualization', 'Excel', 'Power BI', 'SQL']"
JOB02302,Data Analyst,"['Cloud Computing', 'Excel', 'Power BI', 'Python', 'SQL', 'Tableau']"
JOB02303,Product Analyst,"['Excel', 'Product Analytics', 'Python', 'SQL']"
JOB02304,Software Engineer,"['Git', 'Java', 'Python', 'REST API', 'SQL']"
JOB02305,SQL Developer,"['Database', 'ETL', 'MySQL', 'PostgreSQL', 'SQL']"
JOB02306,QA Engineer,"['Automation Testing', 'Java', 'Python', 'SQL', 'Selenium']"
JOB02307,Financial Analyst,"['Excel', 'Financial Modeling', 'Power BI', 'SQL', 'Statistics']"
JOB02308,Financial Analyst,"['Excel', 'Financial Modeling', 'Power BI', 'SQL', 'Statistics']"
JOB02309,Data Scientist,"['Machine Learning', 'Pandas', 'Python', 'SQL', 'Statistics']"
JOB02310,HR Analyst,"['Data Analysis', 'Excel', 'HR Analytics', 'Power BI', 'SQL']"
JOB02311,Web Developer,"['CSS', 'Git', 'HTML', 'Java', 'JavaScript', 'Machine Learning', 'React']"
JOB02312,QA Engineer,"['Automation Testing', 'Java', 'Python', 'SQL', 'Selenium']"
JOB02313,Database Administrator,"['Database', 'Database Administration', 'MySQL', 'Oracle', 'PostgreSQL', 'SQL']"
JOB02314,Business Analyst,"['Business Analysis', 'Excel', 'Oracle', 'Power BI', 'Requirements Gathering', 'SQL']"
JOB02315,Financial Analyst,"['Excel', 'Financial Modeling', 'Power BI', 'SQL', 'Statistics']"
JOB02316,QA Engineer,"['Automation Testing', 'Java', 'Python', 'SQL', 'Selenium']"
JOB02317,Product Analyst,"['Excel', 'Product Analytics', 'Python', 'SQL']"
JOB02318,SQL Developer,"['Database', 'ETL', 'MySQL', 'PostgreSQL', 'SQL']"
JOB02319,SQL Developer,"['Database', 'ETL', 'MySQL', 'PostgreSQL', 'SQL']"
JOB02320,Web Developer,"['CSS', 'Git', 'HTML', 'Java', 'JavaScript', 'Machine Learning', 'React']"
JOB02321,Data Engineer,"['AWS', 'ETL', 'Python', 'SQL', 'Spark']"
JOB02322,Python Developer,"['Django', 'Flask', 'Git', 'Python', 'SQL']"
JOB02323,Python Developer,"['Django', 'Flask', 'Git', 'Python', 'SQL']"
JOB02324,Python Developer,"['Django', 'Flask', 'Git', 'Python', 'SQL']"
JOB02325,Full Stack Developer,"['CSS', 'HTML', 'Java', 'JavaScript', 'Machine Learning', 'Node', 'React']"
JOB02326,Full Stack Developer,"['CSS', 'HTML', 'Java', 'JavaScript', 'Machine Learning', 'Node', 'React']"
JOB02327,SQL Developer,"['Database', 'ETL', 'MySQL', 'PostgreSQL', 'SQL']"
JOB02328,Software Engineer,"['Git', 'Java', 'Python', 'REST API', 'SQL']"
JOB02329,Business Analyst,"['Business Analysis', 'Excel', 'Power BI', 'Requirements Gathering', 'SQL']"
JOB02330,Marketing Analyst,"['Excel', 'Marketing Analytics', 'Power BI', 'Python', 'SQL']"
JOB02331,Cloud Engineer,"['AWS', 'Azure', 'Cloud Computing', 'Docker', 'Linux']"
JOB02332,Financial Analyst,"['Excel', 'Financial Modeling', 'Power BI', 'SQL', 'Statistics']"
JOB02333,Full Stack Developer,"['CSS', 'HTML', 'Java', 'JavaScript', 'Machine Learning', 'Node', 'React']"
JOB02334,HR Analyst,"['Data Analysis', 'Excel', 'HR Analytics', 'Power BI', 'SQL']"
JOB02335,Data Analyst,"['Excel', 'Power BI', 'Python', 'SQL', 'Tableau']"
JOB02336,Data Scientist,"['Machine Learning', 'Pandas', 'Python', 'SQL', 'Statistics']"
JOB02337,Software Engineer,"['Git', 'Java', 'Python', 'REST API', 'SQL']"
JOB02338,DevOps Engineer,"['AWS', 'Docker', 'Jenkins', 'Kubernetes', 'Linux']"
JOB02339,DevOps Engineer,"['AWS', 'Docker', 'Jenkins', 'Kubernetes', 'Linux', 'Oracle']"
JOB02340,Database Administrator,"['Database', 'Database Administration', 'MySQL', 'Oracle', 'PostgreSQL', 'SQL']"
JOB02341,Business Analyst,"['Business Analysis', 'Excel', 'Power BI', 'Requirements Gathering', 'SQL']"
JOB02342,BI Analyst,"['DAX', 'Data Visualization', 'Excel', 'Power BI', 'SQL']"
JOB02343,Power BI Developer,"['DAX', 'Excel', 'Power BI', 'Power Query', 'SQL']"
JOB02344,Marketing Analyst,"['Excel', 'Marketing Analytics', 'Power BI', 'Python', 'SQL']"
JOB02345,Python Developer,"['Django', 'Flask', 'Git', 'Python', 'SQL']"
JOB02346,Business Analyst,"['Business Analysis', 'Excel', 'Power BI', 'Requirements Gathering', 'SQL']"
JOB02347,Data Analyst,"['Excel', 'Power BI', 'Python', 'SQL', 'Tableau']"
JOB02348,Cloud Engineer,"['AWS', 'Azure', 'Cloud Computing', 'Docker', 'Linux']"
JOB02349,Product Analyst,"['Excel', 'Product Analytics', 'Python', 'SQL']"
JOB02350,Product Analyst,"['Excel', 'Oracle', 'Product Analytics', 'Python', 'SQL']"
JOB02351,Marketing Analyst,"['Cloud Computing', 'Excel', 'Marketing Analytics', 'Power BI', 'Python', 'SQL']"
JOB02352,Software Engineer,"['Git', 'Java', 'Python', 'REST API', 'SQL']"
JOB02353,Data Engineer,"['AWS', 'ETL', 'Python', 'SQL', 'Spark']"
JOB02354,BI Analyst,"['DAX', 'Data Visualization', 'Excel', 'Power BI', 'SQL']"
JOB02355,HR Analyst,"['Data Analysis', 'Excel', 'HR Analytics', 'Power BI', 'SQL']"
JOB02356,BI Analyst,"['DAX', 'Data Visualization', 'Excel', 'Power BI', 'SQL']"
JOB02357,Database Administrator,"['Database', 'Database Administration', 'MySQL', 'Oracle', 'PostgreSQL', 'SQL']"
JOB02358,Data Scientist,"['Machine Learning', 'Oracle', 'Pandas', 'Python', 'SQL', 'Statistics']"
JOB02359,Web Developer,"['CSS', 'Git', 'HTML', 'Java', 'JavaScript', 'Machine Learning', 'React']"
JOB02360,Software Engineer,"['Git', 'Java', 'Python', 'REST API', 'SQL']"
JOB02361,Business Analyst,"['Business Analysis', 'Excel', 'Power BI', 'Requirements Gathering', 'SQL']"
JOB02362,Marketing Analyst,"['Excel', 'Marketing Analytics', 'Power BI', 'Python', 'SQL']"
JOB02363,Software Engineer,"['Git', 'Java', 'Python', 'REST API', 'SQL']"
JOB02364,Machine Learning Engineer,"['Docker', 'Machine Learning', 'Python', 'Scikit-learn', 'TensorFlow']"
JOB02365,SQL Developer,"['Database', 'ETL', 'MySQL', 'Oracle', 'PostgreSQL', 'SQL']"
JOB02366,Data Engineer,"['AWS', 'ETL', 'Python', 'SQL', 'Spark']"
JOB02367,Machine Learning Engineer,"['Docker', 'Machine Learning', 'Python', 'Scikit-learn', 'TensorFlow']"
JOB02368,SQL Developer,"['Database', 'ETL', 'MySQL', 'PostgreSQL', 'SQL']"
JOB02369,Machine Learning Engineer,"['Docker', 'Machine Learning', 'Python', 'Scikit-learn', 'TensorFlow']"
JOB02370,Database Administrator,"['Database', 'Database Administration', 'MySQL', 'Oracle', 'PostgreSQL', 'SQL']"
JOB02371,Data Engineer,"['AWS', 'ETL', 'Python', 'SQL', 'Spark']"
JOB02372,Full Stack Developer,"['CSS', 'HTML', 'Java', 'JavaScript', 'Machine Learning', 'Node', 'React']"
JOB02373,Machine Learning Engineer,"['Docker', 'Machine Learning', 'Python', 'Scikit-learn', 'TensorFlow']"
JOB02374,Web Developer,"['CSS', 'Git', 'HTML', 'Java', 'JavaScript', 'Machine Learning', 'React']"
JOB02375,Data Engineer,"['AWS', 'ETL', 'Python', 'SQL', 'Spark']"
JOB02376,HR Analyst,"['Data Analysis', 'Excel', 'HR Analytics', 'Power BI', 'SQL']"
JOB02377,Business Analyst,"['Business Analysis', 'Excel', 'Power BI', 'Requirements Gathering', 'SQL']"
JOB02378,BI Analyst,"['DAX', 'Data Visualization', 'Excel', 'Power BI', 'SQL']"
JOB02379,Data Engineer,"['AWS', 'ETL', 'Python', 'SQL', 'Spark']"
JOB02380,Business Analyst,"['Business Analysis', 'Excel', 'Power BI', 'Requirements Gathering', 'SQL']"
JOB02381,Power BI Developer,"['DAX', 'Excel', 'Power BI', 'Power Query', 'SQL']"
JOB02382,Data Scientist,"['Machine Learning', 'Pandas', 'Python', 'SQL', 'Statistics']"
JOB02383,Database Administrator,"['Database', 'Database Administration', 'MySQL', 'Oracle', 'PostgreSQL', 'SQL']"
JOB02384,Financial Analyst,"['Excel', 'Financial Modeling', 'Oracle', 'Power BI', 'SQL', 'Statistics']"
JOB02385,Marketing Analyst,"['Excel', 'Marketing Analytics', 'Power BI', 'Python', 'SQL']"
JOB02386,Marketing Analyst,"['Excel', 'Marketing Analytics', 'Power BI', 'Python', 'SQL']"
JOB02387,Product Analyst,"['Excel', 'Product Analytics', 'Python', 'SQL']"
JOB02388,Full Stack Developer,"['CSS', 'HTML', 'Java', 'JavaScript', 'Machine Learning', 'Node', 'React']"
JOB02389,Full Stack Developer,"['CSS', 'HTML', 'Java', 'JavaScript', 'Machine Learning', 'Node', 'React']"
JOB02390,QA Engineer,"['Automation Testing', 'Java', 'Python', 'SQL', 'Selenium']"
JOB02391,Power BI Developer,"['DAX', 'Excel', 'Power BI', 'Power Query', 'SQL']"
JOB02392,DevOps Engineer,"['AWS', 'Docker', 'Jenkins', 'Kubernetes', 'Linux']"
JOB02393,Software Engineer,"['Git', 'Java', 'Python', 'REST API', 'SQL']"
JOB02394,Software Engineer,"['Git', 'Java', 'Python', 'REST API', 'SQL']"
JOB02395,QA Engineer,"['Automation Testing', 'Java', 'Python', 'SQL', 'Selenium']"
JOB02396,Web Developer,"['CSS', 'Git', 'HTML', 'Java', 'JavaScript', 'Machine Learning', 'React']"
JOB02397,Data Engineer,"['AWS', 'ETL', 'Python', 'SQL', 'Spark']"
JOB02398,Machine Learning Engineer,"['Docker', 'Machine Learning', 'Python', 'Scikit-learn', 'TensorFlow']"
JOB02399,DevOps Engineer,"['AWS', 'Docker', 'Jenkins', 'Kubernetes', 'Linux']"
JOB02400,Web Developer,"['CSS', 'Git', 'HTML', 'Java', 'JavaScript', 'Machine Learning', 'React']"
JOB02401,Data Engineer,"['AWS', 'ETL', 'Python', 'SQL', 'Spark']"
JOB02402,Product Analyst,"['Excel', 'Product Analytics', 'Python', 'SQL']"
JOB02403,Data Scientist,"['Machine Learning', 'Pandas', 'Python', 'SQL', 'Statistics']"
JOB02404,SQL Developer,"['Database', 'ETL', 'MySQL', 'PostgreSQL', 'SQL']"
JOB02405,SQL Developer,"['Database', 'ETL', 'MySQL', 'PostgreSQL', 'SQL']"
JOB02406,Cloud Engineer,"['AWS', 'Azure', 'Cloud Computing', 'Docker', 'Linux']"
JOB02407,Business Analyst,"['Business Analysis', 'Excel', 'Power BI', 'Requirements Gathering', 'SQL']"
JOB02408,Marketing Analyst,"['Excel', 'Marketing Analytics', 'Power BI', 'Python', 'SQL']"
JOB02409,Power BI Developer,"['DAX', 'Excel', 'Power BI', 'Power Query', 'SQL']"
JOB02410,Data Analyst,"['Excel', 'Power BI', 'Python', 'SQL', 'Tableau']"
JOB02411,Data Scientist,"['Machine Learning', 'Pandas', 'Python', 'SQL', 'Statistics']"
JOB02412,Data Engineer,"['AWS', 'ETL', 'Python', 'SQL', 'Spark']"
JOB02413,Software Engineer,"['Git', 'Java', 'Python', 'REST API', 'SQL']"
JOB02414,Financial Analyst,"['Excel', 'Financial Modeling', 'Power BI', 'SQL', 'Statistics']"
JOB02415,HR Analyst,"['Data Analysis', 'Excel', 'HR Analytics', 'Power BI', 'SQL']"
JOB02416,BI Analyst,"['DAX', 'Data Visualization', 'Excel', 'Power BI', 'SQL']"
JOB02417,Power BI Developer,"['DAX', 'Excel', 'Power BI', 'Power Query', 'SQL']"
JOB02418,Power BI Developer,"['DAX', 'Excel', 'Power BI', 'Power Query', 'SQL']"
JOB02419,SQL Developer,"['Database', 'ETL', 'MySQL', 'PostgreSQL', 'SQL']"
JOB02420,SQL Developer,"['Database', 'ETL', 'MySQL', 'PostgreSQL', 'SQL']"
JOB02421,HR Analyst,"['Data Analysis', 'Excel', 'HR Analytics', 'Power BI', 'SQL']"
JOB02422,Data Analyst,"['Excel', 'Power BI', 'Python', 'SQL', 'Tableau']"
JOB02423,Software Engineer,"['Git', 'Java', 'Python', 'REST API', 'SQL']"
JOB02424,SQL Developer,"['Database', 'ETL', 'MySQL', 'PostgreSQL', 'SQL']"
JOB02425,QA Engineer,"['Automation Testing', 'Java', 'Python', 'SQL', 'Selenium']"
JOB02426,Power BI Developer,"['DAX', 'Excel', 'Power BI', 'Power Query', 'SQL']"
JOB02427,Business Analyst,"['Business Analysis', 'Excel', 'Power BI', 'Requirements Gathering', 'SQL']"
JOB02428,Financial Analyst,"['Excel', 'Financial Modeling', 'Power BI', 'SQL', 'Statistics']"
JOB02429,Python Developer,"['Cloud Computing', 'Django', 'Flask', 'Git', 'Python', 'SQL']"
JOB02430,Machine Learning Engineer,"['Docker', 'Machine Learning', 'Python', 'Scikit-learn', 'TensorFlow']"
JOB02431,Financial Analyst,"['Excel', 'Financial Modeling', 'Power BI', 'SQL', 'Statistics']"
JOB02432,Machine Learning Engineer,"['Docker', 'Machine Learning', 'Python', 'Scikit-learn', 'TensorFlow']"
JOB02433,Database Administrator,"['Database', 'Database Administration', 'MySQL', 'Oracle', 'PostgreSQL', 'SQL']"
JOB02434,Power BI Developer,"['DAX', 'Excel', 'Power BI', 'Power Query', 'SQL']"
JOB02435,Web Developer,"['CSS', 'Git', 'HTML', 'Java', 'JavaScript', 'Machine Learning', 'React']"
JOB02436,Product Analyst,"['Excel', 'Product Analytics', 'Python', 'SQL']"
JOB02437,Database Administrator,"['Database', 'Database Administration', 'MySQL', 'Oracle', 'PostgreSQL', 'SQL']"
JOB02438,Product Analyst,"['Excel', 'Product Analytics', 'Python', 'SQL']"
JOB02439,Data Scientist,"['Machine Learning', 'Pandas', 'Python', 'SQL', 'Statistics']"
JOB02440,HR Analyst,"['Data Analysis', 'Excel', 'HR Analytics', 'Power BI', 'SQL']"
JOB02441,Full Stack Developer,"['CSS', 'HTML', 'Java', 'JavaScript', 'Machine Learning', 'Node', 'React']"
JOB02442,Business Analyst,"['Business Analysis', 'Excel', 'Power BI', 'Requirements Gathering', 'SQL']"
JOB02443,Full Stack Developer,"['CSS', 'HTML', 'Java', 'JavaScript', 'Machine Learning', 'Node', 'React']"
JOB02444,Full Stack Developer,"['CSS', 'HTML', 'Java', 'JavaScript', 'Machine Learning', 'Node', 'React']"
JOB02445,HR Analyst,"['Data Analysis', 'Excel', 'HR Analytics', 'Power BI', 'SQL']"
JOB02446,Python Developer,"['Django', 'Flask', 'Git', 'Python', 'SQL']"
JOB02447,SQL Developer,"['Database', 'ETL', 'MySQL', 'PostgreSQL', 'SQL']"
JOB02448,Data Scientist,"['Machine Learning', 'Pandas', 'Python', 'SQL', 'Statistics']"
JOB02449,Full Stack Developer,"['CSS', 'HTML', 'Java', 'JavaScript', 'Machine Learning', 'Node', 'React']"
JOB02450,Software Engineer,"['Git', 'Java', 'Python', 'REST API', 'SQL']"
JOB02451,Product Analyst,"['Excel', 'Product Analytics', 'Python', 'SQL']"
JOB02452,Web Developer,"['CSS', 'Git', 'HTML', 'Java', 'JavaScript', 'Machine Learning', 'React']"
JOB02453,Full Stack Developer,"['CSS', 'HTML', 'Java', 'JavaScript', 'Machine Learning', 'Node', 'React']"
JOB02454,Python Developer,"['Django', 'Flask', 'Git', 'Python', 'SQL']"
JOB02455,Cloud Engineer,"['AWS', 'Azure', 'Cloud Computing', 'Docker', 'Linux']"
JOB02456,SQL Developer,"['Database', 'ETL', 'MySQL', 'PostgreSQL', 'SQL']"
JOB02457,Software Engineer,"['Git', 'Java', 'Python', 'REST API', 'SQL']"
JOB02458,Product Analyst,"['Excel', 'Product Analytics', 'Python', 'SQL']"
JOB02459,Data Scientist,"['Machine Learning', 'Pandas', 'Python', 'SQL', 'Statistics']"
JOB02460,Power BI Developer,"['DAX', 'Excel', 'Power BI', 'Power Query', 'SQL']"
JOB02461,Database Administrator,"['Database', 'Database Administration', 'MySQL', 'Oracle', 'PostgreSQL', 'SQL']"
JOB02462,Product Analyst,"['Excel', 'Product Analytics', 'Python', 'SQL']"
JOB02463,Power BI Developer,"['DAX', 'Excel', 'Power BI', 'Power Query', 'SQL']"
JOB02464,Cloud Engineer,"['AWS', 'Azure', 'Cloud Computing', 'Docker', 'Linux']"
JOB02465,Machine Learning Engineer,"['Docker', 'Machine Learning', 'Oracle', 'Python', 'Scikit-learn', 'TensorFlow']"
JOB02466,QA Engineer,"['Automation Testing', 'Java', 'Python', 'SQL', 'Selenium']"
JOB02467,DevOps Engineer,"['AWS', 'Cloud Computing', 'Docker', 'Jenkins', 'Kubernetes', 'Linux']"
JOB02468,SQL Developer,"['Database', 'ETL', 'MySQL', 'PostgreSQL', 'SQL']"
JOB02469,Marketing Analyst,"['Excel', 'Marketing Analytics', 'Power BI', 'Python', 'SQL']"
JOB02470,Full Stack Developer,"['CSS', 'HTML', 'Java', 'JavaScript', 'Machine Learning', 'Node', 'React']"
JOB02471,Business Analyst,"['Business Analysis', 'Excel', 'Power BI', 'Requirements Gathering', 'SQL']"
JOB02472,Product Analyst,"['Excel', 'Product Analytics', 'Python', 'SQL']"
JOB02473,Software Engineer,"['Git', 'Java', 'Python', 'REST API', 'SQL']"
JOB02474,Software Engineer,"['Git', 'Java', 'Python', 'REST API', 'SQL']"
JOB02475,HR Analyst,"['Data Analysis', 'Excel', 'HR Analytics', 'Power BI', 'SQL']"
JOB02476,Database Administrator,"['Database', 'Database Administration', 'MySQL', 'Oracle', 'PostgreSQL', 'SQL']"
JOB02477,BI Analyst,"['DAX', 'Data Visualization', 'Excel', 'Power BI', 'SQL']"
JOB02478,DevOps Engineer,"['AWS', 'Docker', 'Jenkins', 'Kubernetes', 'Linux']"
JOB02479,Software Engineer,"['Git', 'Java', 'Python', 'REST API', 'SQL']"
JOB02480,Web Developer,"['CSS', 'Git', 'HTML', 'Java', 'JavaScript', 'Machine Learning', 'React']"
JOB02481,Database Administrator,"['Database', 'Database Administration', 'MySQL', 'Oracle', 'PostgreSQL', 'SQL']"
JOB02482,Business Analyst,"['Business Analysis', 'Excel', 'Power BI', 'Requirements Gathering', 'SQL']"
JOB02483,DevOps Engineer,"['AWS', 'Docker', 'Jenkins', 'Kubernetes', 'Linux']"
JOB02484,Software Engineer,"['Git', 'Java', 'Oracle', 'Python', 'REST API', 'SQL']"
JOB02485,DevOps Engineer,"['AWS', 'Docker', 'Jenkins', 'Kubernetes', 'Linux']"
JOB02486,BI Analyst,"['DAX', 'Data Visualization', 'Excel', 'Power BI', 'SQL']"
JOB02487,Software Engineer,"['Git', 'Java', 'Python', 'REST API', 'SQL']"
JOB02488,Data Analyst,"['Excel', 'Power BI', 'Python', 'SQL', 'Tableau']"
JOB02489,Data Scientist,"['Machine Learning', 'Pandas', 'Python', 'SQL', 'Statistics']"
JOB02490,Product Analyst,"['Excel', 'Product Analytics', 'Python', 'SQL']"
JOB02491,Marketing Analyst,"['Cloud Computing', 'Excel', 'Marketing Analytics', 'Power BI', 'Python', 'SQL']"
JOB02492,HR Analyst,"['Data Analysis', 'Excel', 'HR Analytics', 'Power BI', 'SQL']"
JOB02493,Power BI Developer,"['DAX', 'Excel', 'Power BI', 'Power Query', 'SQL']"
JOB02494,Marketing Analyst,"['Excel', 'Marketing Analytics', 'Power BI', 'Python', 'SQL']"
JOB02495,Product Analyst,"['Excel', 'Product Analytics', 'Python', 'SQL']"
JOB02496,HR Analyst,"['Data Analysis', 'Excel', 'HR Analytics', 'Power BI', 'SQL']"
JOB02497,Data Analyst,"['Excel', 'Power BI', 'Python', 'SQL', 'Tableau']"
JOB02498,Python Developer,"['Django', 'Flask', 'Git', 'Python', 'SQL']"
JOB02499,Web Developer,"['CSS', 'Git', 'HTML', 'Java', 'JavaScript', 'Machine Learning', 'React']"
JOB02500,Web Developer,"['CSS', 'Git', 'HTML', 'Java', 'JavaScript', 'Machine Learning', 'React']"
JOB02501,Cloud Engineer,"['AWS', 'Azure', 'Cloud Computing', 'Docker', 'Linux']"
JOB02502,Web Developer,"['CSS', 'Git', 'HTML', 'Java', 'JavaScript', 'Machine Learning', 'React']"
JOB02503,Cloud Engineer,"['AWS', 'Azure', 'Cloud Computing', 'Docker', 'Linux']"
JOB02504,Full Stack Developer,"['CSS', 'HTML', 'Java', 'JavaScript', 'Machine Learning', 'Node', 'React']"
JOB02505,Python Developer,"['Django', 'Flask', 'Git', 'Python', 'SQL']"
JOB02506,Machine Learning Engineer,"['Docker', 'Machine Learning', 'Python', 'Scikit-learn', 'TensorFlow']"
JOB02507,Data Analyst,"['Excel', 'Power BI', 'Python', 'SQL', 'Tableau']"
JOB02508,Python Developer,"['Django', 'Flask', 'Git', 'Python', 'SQL']"
JOB02509,Marketing Analyst,"['Excel', 'Marketing Analytics', 'Power BI', 'Python', 'SQL']"
JOB02510,BI Analyst,"['DAX', 'Data Visualization', 'Excel', 'Power BI', 'SQL']"
JOB02511,SQL Developer,"['Database', 'ETL', 'MySQL', 'PostgreSQL', 'SQL']"
JOB02512,QA Engineer,"['Automation Testing', 'Java', 'Python', 'SQL', 'Selenium']"
JOB02513,SQL Developer,"['Database', 'ETL', 'MySQL', 'PostgreSQL', 'SQL']"
JOB02514,QA Engineer,"['Automation Testing', 'Java', 'Python', 'SQL', 'Selenium']"
JOB02515,Cloud Engineer,"['AWS', 'Azure', 'Cloud Computing', 'Docker', 'Linux']"
JOB02516,Financial Analyst,"['Cloud Computing', 'Excel', 'Financial Modeling', 'Power BI', 'SQL', 'Statistics']"
JOB02517,Software Engineer,"['Git', 'Java', 'Python', 'REST API', 'SQL']"
JOB02518,Python Developer,"['Django', 'Flask', 'Git', 'Python', 'SQL']"
JOB02519,Business Analyst,"['Business Analysis', 'Excel', 'Power BI', 'Requirements Gathering', 'SQL']"
JOB02520,Machine Learning Engineer,"['Docker', 'Machine Learning', 'Python', 'Scikit-learn', 'TensorFlow']"
JOB02521,HR Analyst,"['Data Analysis', 'Excel', 'HR Analytics', 'Power BI', 'SQL']"
JOB02522,Full Stack Developer,"['CSS', 'HTML', 'Java', 'JavaScript', 'Machine Learning', 'Node', 'React']"
JOB02523,Database Administrator,"['Database', 'Database Administration', 'MySQL', 'Oracle', 'PostgreSQL', 'SQL']"
JOB02524,Marketing Analyst,"['Excel', 'Marketing Analytics', 'Power BI', 'Python', 'SQL']"
JOB02525,Data Analyst,"['Excel', 'Power BI', 'Python', 'SQL', 'Tableau']"
JOB02526,QA Engineer,"['Automation Testing', 'Java', 'Python', 'SQL', 'Selenium']"
JOB02527,Data Analyst,"['Excel', 'Power BI', 'Python', 'SQL', 'Tableau']"
JOB02528,SQL Developer,"['Database', 'ETL', 'MySQL', 'PostgreSQL', 'SQL']"
JOB02529,Web Developer,"['CSS', 'Git', 'HTML', 'Java', 'JavaScript', 'Machine Learning', 'React']"
JOB02530,Product Analyst,"['Excel', 'Product Analytics', 'Python', 'SQL']"
JOB02531,Data Analyst,"['Excel', 'Power BI', 'Python', 'SQL', 'Tableau']"
JOB02532,Data Engineer,"['AWS', 'ETL', 'Python', 'SQL', 'Spark']"
JOB02533,Cloud Engineer,"['AWS', 'Azure', 'Cloud Computing', 'Docker', 'Linux']"
JOB02534,Data Engineer,"['AWS', 'ETL', 'Python', 'SQL', 'Spark']"
JOB02535,Software Engineer,"['Git', 'Java', 'Python', 'REST API', 'SQL']"
JOB02536,Data Analyst,"['Excel', 'Power BI', 'Python', 'SQL', 'Tableau']"
JOB02537,Data Analyst,"['Excel', 'Power BI', 'Python', 'SQL', 'Tableau']"
JOB02538,DevOps Engineer,"['AWS', 'Docker', 'Jenkins', 'Kubernetes', 'Linux']"
JOB02539,Data Engineer,"['AWS', 'ETL', 'Python', 'SQL', 'Spark']"
JOB02540,HR Analyst,"['Data Analysis', 'Excel', 'HR Analytics', 'Power BI', 'SQL']"
JOB02541,Business Analyst,"['Business Analysis', 'Excel', 'Power BI', 'Requirements Gathering', 'SQL']"
JOB02542,Power BI Developer,"['DAX', 'Excel', 'Power BI', 'Power Query', 'SQL']"
JOB02543,Product Analyst,"['Excel', 'Product Analytics', 'Python', 'SQL']"
JOB02544,Software Engineer,"['Git', 'Java', 'Python', 'REST API', 'SQL']"
JOB02545,SQL Developer,"['Database', 'ETL', 'MySQL', 'PostgreSQL', 'SQL']"
JOB02546,HR Analyst,"['Data Analysis', 'Excel', 'HR Analytics', 'Power BI', 'SQL']"
JOB02547,Financial Analyst,"['Excel', 'Financial Modeling', 'Power BI', 'SQL', 'Statistics']"
JOB02548,Data Analyst,"['Excel', 'Power BI', 'Python', 'SQL', 'Tableau']"
JOB02549,HR Analyst,"['Data Analysis', 'Excel', 'HR Analytics', 'Power BI', 'SQL']"
JOB02550,SQL Developer,"['Database', 'ETL', 'MySQL', 'PostgreSQL', 'SQL']"
JOB02551,Full Stack Developer,"['CSS', 'HTML', 'Java', 'JavaScript', 'Machine Learning', 'Node', 'React']"
JOB02552,Software Engineer,"['Cloud Computing', 'Git', 'Java', 'Python', 'REST API', 'SQL']"
JOB02553,Data Analyst,"['Excel', 'Power BI', 'Python', 'SQL', 'Tableau']"
JOB02554,DevOps Engineer,"['AWS', 'Docker', 'Jenkins', 'Kubernetes', 'Linux']"
JOB02555,HR Analyst,"['Data Analysis', 'Excel', 'HR Analytics', 'Power BI', 'SQL']"
JOB02556,Cloud Engineer,"['AWS', 'Azure', 'Cloud Computing', 'Docker', 'Linux']"
JOB02557,QA Engineer,"['Automation Testing', 'Java', 'Python', 'SQL', 'Selenium']"
JOB02558,Business Analyst,"['Business Analysis', 'Excel', 'Power BI', 'Requirements Gathering', 'SQL']"
JOB02559,Full Stack Developer,"['CSS', 'HTML', 'Java', 'JavaScript', 'Machine Learning', 'Node', 'Oracle', 'React']"
JOB02560,Data Scientist,"['Machine Learning', 'Pandas', 'Python', 'SQL', 'Statistics']"
JOB02561,Full Stack Developer,"['CSS', 'HTML', 'Java', 'JavaScript', 'Machine Learning', 'Node', 'React']"
JOB02562,Software Engineer,"['Git', 'Java', 'Python', 'REST API', 'SQL']"
JOB02563,Web Developer,"['CSS', 'Git', 'HTML', 'Java', 'JavaScript', 'Machine Learning', 'React']"
JOB02564,Marketing Analyst,"['Excel', 'Marketing Analytics', 'Power BI', 'Python', 'SQL']"
JOB02565,Data Analyst,"['Cloud Computing', 'Excel', 'Power BI', 'Python', 'SQL', 'Tableau']"
JOB02566,Data Analyst,"['Excel', 'Power BI', 'Python', 'SQL', 'Tableau']"
JOB02567,Machine Learning Engineer,"['Cloud Computing', 'Docker', 'Machine Learning', 'Python', 'Scikit-learn', 'TensorFlow']"
JOB02568,Machine Learning Engineer,"['Docker', 'Machine Learning', 'Python', 'Scikit-learn', 'TensorFlow']"
JOB02569,Software Engineer,"['Git', 'Java', 'Python', 'REST API', 'SQL']"
JOB02570,Data Scientist,"['Machine Learning', 'Pandas', 'Python', 'SQL', 'Statistics']"
JOB02571,Python Developer,"['Django', 'Flask', 'Git', 'Python', 'SQL']"
JOB02572,Marketing Analyst,"['Excel', 'Marketing Analytics', 'Power BI', 'Python', 'SQL']"
JOB02573,Cloud Engineer,"['AWS', 'Azure', 'Cloud Computing', 'Docker', 'Linux']"
JOB02574,Python Developer,"['Django', 'Flask', 'Git', 'Python', 'SQL']"
JOB02575,Data Scientist,"['Cloud Computing', 'Machine Learning', 'Pandas', 'Python', 'SQL', 'Statistics']"
JOB02576,Python Developer,"['Django', 'Flask', 'Git', 'Python', 'SQL']"
JOB02577,QA Engineer,"['Automation Testing', 'Java', 'Oracle', 'Python', 'SQL', 'Selenium']"
JOB02578,Web Developer,"['CSS', 'Git', 'HTML', 'Java', 'JavaScript', 'Machine Learning', 'React']"
JOB02579,Data Engineer,"['AWS', 'ETL', 'Python', 'SQL', 'Spark']"
JOB02580,DevOps Engineer,"['AWS', 'Docker', 'Jenkins', 'Kubernetes', 'Linux']"
JOB02581,HR Analyst,"['Data Analysis', 'Excel', 'HR Analytics', 'Power BI', 'SQL']"
JOB02582,Full Stack Developer,"['CSS', 'HTML', 'Java', 'JavaScript', 'Machine Learning', 'Node', 'React']"
JOB02583,Cloud Engineer,"['AWS', 'Azure', 'Cloud Computing', 'Docker', 'Linux']"
JOB02584,Software Engineer,"['Cloud Computing', 'Git', 'Java', 'Python', 'REST API', 'SQL']"
JOB02585,Software Engineer,"['Git', 'Java', 'Python', 'REST API', 'SQL']"
JOB02586,Cloud Engineer,"['AWS', 'Azure', 'Cloud Computing', 'Docker', 'Linux']"
JOB02587,Product Analyst,"['Excel', 'Product Analytics', 'Python', 'SQL']"
JOB02588,Power BI Developer,"['DAX', 'Excel', 'Oracle', 'Power BI', 'Power Query', 'SQL']"
JOB02589,Full Stack Developer,"['CSS', 'Cloud Computing', 'HTML', 'Java', 'JavaScript', 'Machine Learning', 'Node', 'React']"
JOB02590,BI Analyst,"['DAX', 'Data Visualization', 'Excel', 'Power BI', 'SQL']"
JOB02591,SQL Developer,"['Database', 'ETL', 'MySQL', 'Oracle', 'PostgreSQL', 'SQL']"
JOB02592,Business Analyst,"['Business Analysis', 'Excel', 'Power BI', 'Requirements Gathering', 'SQL']"
JOB02593,Data Analyst,"['Excel', 'Power BI', 'Python', 'SQL', 'Tableau']"
JOB02594,Machine Learning Engineer,"['Docker', 'Machine Learning', 'Python', 'Scikit-learn', 'TensorFlow']"
JOB02595,Cloud Engineer,"['AWS', 'Azure', 'Cloud Computing', 'Docker', 'Linux']"
JOB02596,Financial Analyst,"['Cloud Computing', 'Excel', 'Financial Modeling', 'Power BI', 'SQL', 'Statistics']"
JOB02597,Product Analyst,"['Excel', 'Product Analytics', 'Python', 'SQL']"
JOB02598,Machine Learning Engineer,"['Docker', 'Machine Learning', 'Python', 'Scikit-learn', 'TensorFlow']"
JOB02599,Web Developer,"['CSS', 'Git', 'HTML', 'Java', 'JavaScript', 'Machine Learning', 'React']"
JOB02600,Full Stack Developer,"['CSS', 'HTML', 'Java', 'JavaScript', 'Machine Learning', 'Node', 'React']"
JOB02601,DevOps Engineer,"['AWS', 'Docker', 'Jenkins', 'Kubernetes', 'Linux']"
JOB02602,QA Engineer,"['Automation Testing', 'Java', 'Python', 'SQL', 'Selenium']"
JOB02603,Full Stack Developer,"['CSS', 'HTML', 'Java', 'JavaScript', 'Machine Learning', 'Node', 'React']"
JOB02604,Business Analyst,"['Business Analysis', 'Excel', 'Power BI', 'Requirements Gathering', 'SQL']"
JOB02605,Web Developer,"['CSS', 'Git', 'HTML', 'Java', 'JavaScript', 'Machine Learning', 'React']"
JOB02606,Web Developer,"['CSS', 'Git', 'HTML', 'Java', 'JavaScript', 'Machine Learning', 'React']"
JOB02607,Full Stack Developer,"['CSS', 'HTML', 'Java', 'JavaScript', 'Machine Learning', 'Node', 'React']"
JOB02608,Software Engineer,"['Git', 'Java', 'Python', 'REST API', 'SQL']"
JOB02609,Power BI Developer,"['DAX', 'Excel', 'Power BI', 'Power Query', 'SQL']"
JOB02610,Data Engineer,"['AWS', 'ETL', 'Python', 'SQL', 'Spark']"
JOB02611,Database Administrator,"['Database', 'Database Administration', 'MySQL', 'Oracle', 'PostgreSQL', 'SQL']"
JOB02612,QA Engineer,"['Automation Testing', 'Java', 'Python', 'SQL', 'Selenium']"
JOB02613,Data Engineer,"['AWS', 'ETL', 'Python', 'SQL', 'Spark']"
JOB02614,Python Developer,"['Django', 'Flask', 'Git', 'Python', 'SQL']"
JOB02615,Full Stack Developer,"['CSS', 'HTML', 'Java', 'JavaScript', 'Machine Learning', 'Node', 'React']"
JOB02616,Python Developer,"['Django', 'Flask', 'Git', 'Python', 'SQL']"
JOB02617,Data Engineer,"['AWS', 'ETL', 'Oracle', 'Python', 'SQL', 'Spark']"
JOB02618,Full Stack Developer,"['CSS', 'Cloud Computing', 'HTML', 'Java', 'JavaScript', 'Machine Learning', 'Node', 'React']"
JOB02619,Machine Learning Engineer,"['Cloud Computing', 'Docker', 'Machine Learning', 'Python', 'Scikit-learn', 'TensorFlow']"
JOB02620,Product Analyst,"['Excel', 'Product Analytics', 'Python', 'SQL']"
JOB02621,Product Analyst,"['Excel', 'Product Analytics', 'Python', 'SQL']"
JOB02622,Cloud Engineer,"['AWS', 'Azure', 'Cloud Computing', 'Docker', 'Linux']"
JOB02623,Data Scientist,"['Machine Learning', 'Pandas', 'Python', 'SQL', 'Statistics']"
JOB02624,Web Developer,"['CSS', 'Git', 'HTML', 'Java', 'JavaScript', 'Machine Learning', 'Oracle', 'React']"
JOB02625,Product Analyst,"['Excel', 'Product Analytics', 'Python', 'SQL']"
JOB02626,Marketing Analyst,"['Excel', 'Marketing Analytics', 'Power BI', 'Python', 'SQL']"
JOB02627,Cloud Engineer,"['AWS', 'Azure', 'Cloud Computing', 'Docker', 'Linux']"
JOB02628,Cloud Engineer,"['AWS', 'Azure', 'Cloud Computing', 'Docker', 'Linux']"
JOB02629,SQL Developer,"['Cloud Computing', 'Database', 'ETL', 'MySQL', 'PostgreSQL', 'SQL']"
JOB02630,DevOps Engineer,"['AWS', 'Docker', 'Jenkins', 'Kubernetes', 'Linux']"
JOB02631,Power BI Developer,"['DAX', 'Excel', 'Power BI', 'Power Query', 'SQL']"
JOB02632,Data Analyst,"['Excel', 'Power BI', 'Python', 'SQL', 'Tableau']"
JOB02633,Data Scientist,"['Machine Learning', 'Oracle', 'Pandas', 'Python', 'SQL', 'Statistics']"
JOB02634,Web Developer,"['CSS', 'Git', 'HTML', 'Java', 'JavaScript', 'Machine Learning', 'React']"
JOB02635,Full Stack Developer,"['CSS', 'HTML', 'Java', 'JavaScript', 'Machine Learning', 'Node', 'React']"
JOB02636,Database Administrator,"['Database', 'Database Administration', 'MySQL', 'Oracle', 'PostgreSQL', 'SQL']"
JOB02637,Marketing Analyst,"['Cloud Computing', 'Excel', 'Marketing Analytics', 'Power BI', 'Python', 'SQL']"
JOB02638,Marketing Analyst,"['Cloud Computing', 'Excel', 'Marketing Analytics', 'Power BI', 'Python', 'SQL']"
JOB02639,Cloud Engineer,"['AWS', 'Azure', 'Cloud Computing', 'Docker', 'Linux']"
JOB02640,Product Analyst,"['Excel', 'Product Analytics', 'Python', 'SQL']"
JOB02641,Data Analyst,"['Excel', 'Power BI', 'Python', 'SQL', 'Tableau']"
JOB02642,Marketing Analyst,"['Excel', 'Marketing Analytics', 'Power BI', 'Python', 'SQL']"
JOB02643,QA Engineer,"['Automation Testing', 'Java', 'Python', 'SQL', 'Selenium']"
JOB02644,Financial Analyst,"['Excel', 'Financial Modeling', 'Power BI', 'SQL', 'Statistics']"
JOB02645,Software Engineer,"['Git', 'Java', 'Python', 'REST API', 'SQL']"
JOB02646,Cloud Engineer,"['AWS', 'Azure', 'Cloud Computing', 'Docker', 'Linux']"
JOB02647,Python Developer,"['Django', 'Flask', 'Git', 'Python', 'SQL']"
JOB02648,Product Analyst,"['Excel', 'Oracle', 'Product Analytics', 'Python', 'SQL']"
JOB02649,QA Engineer,"['Automation Testing', 'Java', 'Python', 'SQL', 'Selenium']"
JOB02650,Machine Learning Engineer,"['Docker', 'Machine Learning', 'Python', 'Scikit-learn', 'TensorFlow']"
JOB02651,Marketing Analyst,"['Excel', 'Marketing Analytics', 'Power BI', 'Python', 'SQL']"
JOB02652,Marketing Analyst,"['Excel', 'Marketing Analytics', 'Power BI', 'Python', 'SQL']"
JOB02653,Machine Learning Engineer,"['Docker', 'Machine Learning', 'Python', 'Scikit-learn', 'TensorFlow']"
JOB02654,Data Scientist,"['Machine Learning', 'Pandas', 'Python', 'SQL', 'Statistics']"
JOB02655,Data Scientist,"['Machine Learning', 'Pandas', 'Python', 'SQL', 'Statistics']"
JOB02656,SQL Developer,"['Database', 'ETL', 'MySQL', 'PostgreSQL', 'SQL']"
JOB02657,Business Analyst,"['Business Analysis', 'Excel', 'Power BI', 'Requirements Gathering', 'SQL']"
JOB02658,BI Analyst,"['DAX', 'Data Visualization', 'Excel', 'Power BI', 'SQL']"
JOB02659,Data Analyst,"['Excel', 'Power BI', 'Python', 'SQL', 'Tableau']"
JOB02660,Data Scientist,"['Cloud Computing', 'Machine Learning', 'Pandas', 'Python', 'SQL', 'Statistics']"
JOB02661,Web Developer,"['CSS', 'Git', 'HTML', 'Java', 'JavaScript', 'Machine Learning', 'React']"
JOB02662,Full Stack Developer,"['CSS', 'HTML', 'Java', 'JavaScript', 'Machine Learning', 'Node', 'React']"
JOB02663,BI Analyst,"['DAX', 'Data Visualization', 'Excel', 'Power BI', 'SQL']"
JOB02664,DevOps Engineer,"['AWS', 'Docker', 'Jenkins', 'Kubernetes', 'Linux']"
JOB02665,Full Stack Developer,"['CSS', 'HTML', 'Java', 'JavaScript', 'Machine Learning', 'Node', 'React']"
JOB02666,Product Analyst,"['Excel', 'Product Analytics', 'Python', 'SQL']"
JOB02667,Full Stack Developer,"['CSS', 'Cloud Computing', 'HTML', 'Java', 'JavaScript', 'Machine Learning', 'Node', 'React']"
JOB02668,HR Analyst,"['Cloud Computing', 'Data Analysis', 'Excel', 'HR Analytics', 'Power BI', 'SQL']"
JOB02669,Software Engineer,"['Git', 'Java', 'Python', 'REST API', 'SQL']"
JOB02670,Power BI Developer,"['DAX', 'Excel', 'Power BI', 'Power Query', 'SQL']"
JOB02671,Software Engineer,"['Cloud Computing', 'Git', 'Java', 'Python', 'REST API', 'SQL']"
JOB02672,Machine Learning Engineer,"['Docker', 'Machine Learning', 'Python', 'Scikit-learn', 'TensorFlow']"
JOB02673,Financial Analyst,"['Excel', 'Financial Modeling', 'Power BI', 'SQL', 'Statistics']"
JOB02674,Cloud Engineer,"['AWS', 'Azure', 'Cloud Computing', 'Docker', 'Linux']"
JOB02675,Python Developer,"['Django', 'Flask', 'Git', 'Python', 'SQL']"
JOB02676,HR Analyst,"['Data Analysis', 'Excel', 'HR Analytics', 'Power BI', 'SQL']"
JOB02677,Machine Learning Engineer,"['Docker', 'Machine Learning', 'Python', 'Scikit-learn', 'TensorFlow']"
JOB02678,Data Engineer,"['AWS', 'ETL', 'Python', 'SQL', 'Spark']"
JOB02679,Financial Analyst,"['Excel', 'Financial Modeling', 'Power BI', 'SQL', 'Statistics']"
JOB02680,Web Developer,"['CSS', 'Git', 'HTML', 'Java', 'JavaScript', 'Machine Learning', 'React']"
JOB02681,Software Engineer,"['Git', 'Java', 'Python', 'REST API', 'SQL']"
JOB02682,Cloud Engineer,"['AWS', 'Azure', 'Cloud Computing', 'Docker', 'Linux']"
JOB02683,HR Analyst,"['Data Analysis', 'Excel', 'HR Analytics', 'Power BI', 'SQL']"
JOB02684,Data Analyst,"['Excel', 'Oracle', 'Power BI', 'Python', 'SQL', 'Tableau']"
JOB02685,QA Engineer,"['Automation Testing', 'Java', 'Python', 'SQL', 'Selenium']"
JOB02686,Database Administrator,"['Database', 'Database Administration', 'MySQL', 'Oracle', 'PostgreSQL', 'SQL']"
JOB02687,Web Developer,"['CSS', 'Git', 'HTML', 'Java', 'JavaScript', 'Machine Learning', 'React']"
JOB02688,HR Analyst,"['Cloud Computing', 'Data Analysis', 'Excel', 'HR Analytics', 'Power BI', 'SQL']"
JOB02689,Data Analyst,"['Excel', 'Oracle', 'Power BI', 'Python', 'SQL', 'Tableau']"
JOB02690,DevOps Engineer,"['AWS', 'Docker', 'Jenkins', 'Kubernetes', 'Linux']"
JOB02691,Data Engineer,"['AWS', 'ETL', 'Python', 'SQL', 'Spark']"
JOB02692,Data Engineer,"['AWS', 'Cloud Computing', 'ETL', 'Python', 'SQL', 'Spark']"
JOB02693,Product Analyst,"['Cloud Computing', 'Excel', 'Product Analytics', 'Python', 'SQL']"
JOB02694,Software Engineer,"['Git', 'Java', 'Python', 'REST API', 'SQL']"
JOB02695,Data Scientist,"['Machine Learning', 'Pandas', 'Python', 'SQL', 'Statistics']"
JOB02696,Marketing Analyst,"['Excel', 'Marketing Analytics', 'Power BI', 'Python', 'SQL']"
JOB02697,Product Analyst,"['Excel', 'Product Analytics', 'Python', 'SQL']"
JOB02698,Cloud Engineer,"['AWS', 'Azure', 'Cloud Computing', 'Docker', 'Linux']"
JOB02699,Python Developer,"['Django', 'Flask', 'Git', 'Python', 'SQL']"
JOB02700,Product Analyst,"['Excel', 'Product Analytics', 'Python', 'SQL']"
JOB02701,Business Analyst,"['Business Analysis', 'Excel', 'Power BI', 'Requirements Gathering', 'SQL']"
JOB02702,BI Analyst,"['DAX', 'Data Visualization', 'Excel', 'Power BI', 'SQL']"
JOB02703,Full Stack Developer,"['CSS', 'HTML', 'Java', 'JavaScript', 'Machine Learning', 'Node', 'React']"
JOB02704,DevOps Engineer,"['AWS', 'Docker', 'Jenkins', 'Kubernetes', 'Linux']"
JOB02705,Machine Learning Engineer,"['Docker', 'Machine Learning', 'Python', 'Scikit-learn', 'TensorFlow']"
JOB02706,Software Engineer,"['Git', 'Java', 'Python', 'REST API', 'SQL']"
JOB02707,Business Analyst,"['Business Analysis', 'Excel', 'Power BI', 'Requirements Gathering', 'SQL']"
JOB02708,Cloud Engineer,"['AWS', 'Azure', 'Cloud Computing', 'Docker', 'Linux']"
JOB02709,Python Developer,"['Django', 'Flask', 'Git', 'Python', 'SQL']"
JOB02710,Python Developer,"['Django', 'Flask', 'Git', 'Python', 'SQL']"
JOB02711,SQL Developer,"['Database', 'ETL', 'MySQL', 'PostgreSQL', 'SQL']"
JOB02712,Business Analyst,"['Business Analysis', 'Excel', 'Power BI', 'Requirements Gathering', 'SQL']"
JOB02713,Software Engineer,"['Git', 'Java', 'Python', 'REST API', 'SQL']"
JOB02714,Data Analyst,"['Excel', 'Power BI', 'Python', 'SQL', 'Tableau']"
JOB02715,Full Stack Developer,"['CSS', 'HTML', 'Java', 'JavaScript', 'Machine Learning', 'Node', 'React']"
JOB02716,BI Analyst,"['DAX', 'Data Visualization', 'Excel', 'Power BI', 'SQL']"
JOB02717,Data Scientist,"['Cloud Computing', 'Machine Learning', 'Pandas', 'Python', 'SQL', 'Statistics']"
JOB02718,Full Stack Developer,"['CSS', 'HTML', 'Java', 'JavaScript', 'Machine Learning', 'Node', 'React']"
JOB02719,BI Analyst,"['DAX', 'Data Visualization', 'Excel', 'Power BI', 'SQL']"
JOB02720,Business Analyst,"['Business Analysis', 'Excel', 'Power BI', 'Requirements Gathering', 'SQL']"
JOB02721,Power BI Developer,"['DAX', 'Excel', 'Power BI', 'Power Query', 'SQL']"
JOB02722,HR Analyst,"['Data Analysis', 'Excel', 'HR Analytics', 'Oracle', 'Power BI', 'SQL']"
JOB02723,Software Engineer,"['Git', 'Java', 'Python', 'REST API', 'SQL']"
JOB02724,Web Developer,"['CSS', 'Git', 'HTML', 'Java', 'JavaScript', 'Machine Learning', 'React']"
JOB02725,Database Administrator,"['Database', 'Database Administration', 'MySQL', 'Oracle', 'PostgreSQL', 'SQL']"
JOB02726,Financial Analyst,"['Excel', 'Financial Modeling', 'Power BI', 'SQL', 'Statistics']"
JOB02727,DevOps Engineer,"['AWS', 'Docker', 'Jenkins', 'Kubernetes', 'Linux']"
JOB02728,Python Developer,"['Django', 'Flask', 'Git', 'Python', 'SQL']"
JOB02729,Machine Learning Engineer,"['Cloud Computing', 'Docker', 'Machine Learning', 'Python', 'Scikit-learn', 'TensorFlow']"
JOB02730,Business Analyst,"['Business Analysis', 'Excel', 'Power BI', 'Requirements Gathering', 'SQL']"
JOB02731,Web Developer,"['CSS', 'Git', 'HTML', 'Java', 'JavaScript', 'Machine Learning', 'React']"
JOB02732,Web Developer,"['CSS', 'Git', 'HTML', 'Java', 'JavaScript', 'Machine Learning', 'React']"
JOB02733,QA Engineer,"['Automation Testing', 'Java', 'Python', 'SQL', 'Selenium']"
JOB02734,Data Scientist,"['Machine Learning', 'Pandas', 'Python', 'SQL', 'Statistics']"
JOB02735,Business Analyst,"['Business Analysis', 'Excel', 'Power BI', 'Requirements Gathering', 'SQL']"
JOB02736,HR Analyst,"['Data Analysis', 'Excel', 'HR Analytics', 'Power BI', 'SQL']"
JOB02737,HR Analyst,"['Data Analysis', 'Excel', 'HR Analytics', 'Power BI', 'SQL']"
JOB02738,Data Scientist,"['Machine Learning', 'Pandas', 'Python', 'SQL', 'Statistics']"
JOB02739,Data Engineer,"['AWS', 'ETL', 'Python', 'SQL', 'Spark']"
JOB02740,Marketing Analyst,"['Excel', 'Marketing Analytics', 'Power BI', 'Python', 'SQL']"
JOB02741,QA Engineer,"['Automation Testing', 'Java', 'Python', 'SQL', 'Selenium']"
JOB02742,Database Administrator,"['Database', 'Database Administration', 'MySQL', 'Oracle', 'PostgreSQL', 'SQL']"
JOB02743,Financial Analyst,"['Excel', 'Financial Modeling', 'Power BI', 'SQL', 'Statistics']"
JOB02744,Database Administrator,"['Database', 'Database Administration', 'MySQL', 'Oracle', 'PostgreSQL', 'SQL']"
JOB02745,Full Stack Developer,"['CSS', 'HTML', 'Java', 'JavaScript', 'Machine Learning', 'Node', 'React']"
JOB02746,Database Administrator,"['Database', 'Database Administration', 'MySQL', 'Oracle', 'PostgreSQL', 'SQL']"
JOB02747,Python Developer,"['Django', 'Flask', 'Git', 'Oracle', 'Python', 'SQL']"
JOB02748,Full Stack Developer,"['CSS', 'HTML', 'Java', 'JavaScript', 'Machine Learning', 'Node', 'React']"
JOB02749,Business Analyst,"['Business Analysis', 'Excel', 'Power BI', 'Requirements Gathering', 'SQL']"
JOB02750,Software Engineer,"['Git', 'Java', 'Python', 'REST API', 'SQL']"
JOB02751,Data Analyst,"['Excel', 'Power BI', 'Python', 'SQL', 'Tableau']"
JOB02752,Business Analyst,"['Business Analysis', 'Excel', 'Power BI', 'Requirements Gathering', 'SQL']"
JOB02753,Financial Analyst,"['Excel', 'Financial Modeling', 'Power BI', 'SQL', 'Statistics']"
JOB02754,SQL Developer,"['Database', 'ETL', 'MySQL', 'PostgreSQL', 'SQL']"
JOB02755,Business Analyst,"['Business Analysis', 'Excel', 'Power BI', 'Requirements Gathering', 'SQL']"
JOB02756,BI Analyst,"['DAX', 'Data Visualization', 'Excel', 'Power BI', 'SQL']"
JOB02757,QA Engineer,"['Automation Testing', 'Java', 'Python', 'SQL', 'Selenium']"
JOB02758,Python Developer,"['Django', 'Flask', 'Git', 'Python', 'SQL']"
JOB02759,Power BI Developer,"['DAX', 'Excel', 'Power BI', 'Power Query', 'SQL']"
JOB02760,Cloud Engineer,"['AWS', 'Azure', 'Cloud Computing', 'Docker', 'Linux']"
JOB02761,Power BI Developer,"['DAX', 'Excel', 'Power BI', 'Power Query', 'SQL']"
JOB02762,Financial Analyst,"['Excel', 'Financial Modeling', 'Power BI', 'SQL', 'Statistics']"
JOB02763,Data Engineer,"['AWS', 'ETL', 'Python', 'SQL', 'Spark']"
JOB02764,Software Engineer,"['Cloud Computing', 'Git', 'Java', 'Python', 'REST API', 'SQL']"
JOB02765,DevOps Engineer,"['AWS', 'Docker', 'Jenkins', 'Kubernetes', 'Linux']"
JOB02766,Power BI Developer,"['DAX', 'Excel', 'Power BI', 'Power Query', 'SQL']"
JOB02767,QA Engineer,"['Automation Testing', 'Java', 'Python', 'SQL', 'Selenium']"
JOB02768,SQL Developer,"['Database', 'ETL', 'MySQL', 'PostgreSQL', 'SQL']"
JOB02769,Data Scientist,"['Machine Learning', 'Pandas', 'Python', 'SQL', 'Statistics']"
JOB02770,Database Administrator,"['Database', 'Database Administration', 'MySQL', 'Oracle', 'PostgreSQL', 'SQL']"
JOB02771,Product Analyst,"['Excel', 'Oracle', 'Product Analytics', 'Python', 'SQL']"
JOB02772,DevOps Engineer,"['AWS', 'Cloud Computing', 'Docker', 'Jenkins', 'Kubernetes', 'Linux']"
JOB02773,SQL Developer,"['Database', 'ETL', 'MySQL', 'PostgreSQL', 'SQL']"
JOB02774,BI Analyst,"['DAX', 'Data Visualization', 'Excel', 'Power BI', 'SQL']"
JOB02775,SQL Developer,"['Database', 'ETL', 'MySQL', 'PostgreSQL', 'SQL']"
JOB02776,Marketing Analyst,"['Excel', 'Marketing Analytics', 'Oracle', 'Power BI', 'Python', 'SQL']"
JOB02777,Power BI Developer,"['DAX', 'Excel', 'Power BI', 'Power Query', 'SQL']"
JOB02778,QA Engineer,"['Automation Testing', 'Java', 'Python', 'SQL', 'Selenium']"
JOB02779,BI Analyst,"['DAX', 'Data Visualization', 'Excel', 'Power BI', 'SQL']"
JOB02780,Data Scientist,"['Machine Learning', 'Pandas', 'Python', 'SQL', 'Statistics']"
JOB02781,DevOps Engineer,"['AWS', 'Docker', 'Jenkins', 'Kubernetes', 'Linux']"
JOB02782,Full Stack Developer,"['CSS', 'HTML', 'Java', 'JavaScript', 'Machine Learning', 'Node', 'React']"
JOB02783,Database Administrator,"['Database', 'Database Administration', 'MySQL', 'Oracle', 'PostgreSQL', 'SQL']"
JOB02784,Machine Learning Engineer,"['Docker', 'Machine Learning', 'Python', 'Scikit-learn', 'TensorFlow']"
JOB02785,QA Engineer,"['Automation Testing', 'Java', 'Python', 'SQL', 'Selenium']"
JOB02786,Cloud Engineer,"['AWS', 'Azure', 'Cloud Computing', 'Docker', 'Linux']"
JOB02787,DevOps Engineer,"['AWS', 'Docker', 'Jenkins', 'Kubernetes', 'Linux']"
JOB02788,Web Developer,"['CSS', 'Git', 'HTML', 'Java', 'JavaScript', 'Machine Learning', 'React']"
JOB02789,Financial Analyst,"['Excel', 'Financial Modeling', 'Power BI', 'SQL', 'Statistics']"
JOB02790,BI Analyst,"['DAX', 'Data Visualization', 'Excel', 'Power BI', 'SQL']"
JOB02791,SQL Developer,"['Database', 'ETL', 'MySQL', 'PostgreSQL', 'SQL']"
JOB02792,Cloud Engineer,"['AWS', 'Azure', 'Cloud Computing', 'Docker', 'Linux']"
JOB02793,Python Developer,"['Django', 'Flask', 'Git', 'Python', 'SQL']"
JOB02794,Web Developer,"['CSS', 'Git', 'HTML', 'Java', 'JavaScript', 'Machine Learning', 'React']"
JOB02795,Data Engineer,"['AWS', 'ETL', 'Python', 'SQL', 'Spark']"
JOB02796,Business Analyst,"['Business Analysis', 'Excel', 'Power BI', 'Requirements Gathering', 'SQL']"
JOB02797,Database Administrator,"['Database', 'Database Administration', 'MySQL', 'Oracle', 'PostgreSQL', 'SQL']"
JOB02798,Python Developer,"['Django', 'Flask', 'Git', 'Python', 'SQL']"
JOB02799,Machine Learning Engineer,"['Docker', 'Machine Learning', 'Python', 'Scikit-learn', 'TensorFlow']"
JOB02800,SQL Developer,"['Database', 'ETL', 'MySQL', 'PostgreSQL', 'SQL']"
JOB02801,Machine Learning Engineer,"['Docker', 'Machine Learning', 'Python', 'Scikit-learn', 'TensorFlow']"
JOB02802,Marketing Analyst,"['Excel', 'Marketing Analytics', 'Power BI', 'Python', 'SQL']"
JOB02803,Web Developer,"['CSS', 'Git', 'HTML', 'Java', 'JavaScript', 'Machine Learning', 'React']"
JOB02804,Web Developer,"['CSS', 'Git', 'HTML', 'Java', 'JavaScript', 'Machine Learning', 'React']"
JOB02805,Marketing Analyst,"['Excel', 'Marketing Analytics', 'Power BI', 'Python', 'SQL']"
JOB02806,Web Developer,"['CSS', 'Git', 'HTML', 'Java', 'JavaScript', 'Machine Learning', 'React']"
JOB02807,Marketing Analyst,"['Excel', 'Marketing Analytics', 'Power BI', 'Python', 'SQL']"
JOB02808,Business Analyst,"['Business Analysis', 'Excel', 'Power BI', 'Requirements Gathering', 'SQL']"
JOB02809,SQL Developer,"['Database', 'ETL', 'MySQL', 'PostgreSQL', 'SQL']"
JOB02810,Power BI Developer,"['DAX', 'Excel', 'Power BI', 'Power Query', 'SQL']"
JOB02811,Financial Analyst,"['Excel', 'Financial Modeling', 'Power BI', 'SQL', 'Statistics']"
JOB02812,SQL Developer,"['Database', 'ETL', 'MySQL', 'PostgreSQL', 'SQL']"
JOB02813,Software Engineer,"['Git', 'Java', 'Python', 'REST API', 'SQL']"
JOB02814,Cloud Engineer,"['AWS', 'Azure', 'Cloud Computing', 'Docker', 'Linux']"
JOB02815,Python Developer,"['Django', 'Flask', 'Git', 'Python', 'SQL']"
JOB02816,SQL Developer,"['Database', 'ETL', 'MySQL', 'PostgreSQL', 'SQL']"
JOB02817,Web Developer,"['CSS', 'Cloud Computing', 'Git', 'HTML', 'Java', 'JavaScript', 'Machine Learning', 'React']"
JOB02818,Financial Analyst,"['Excel', 'Financial Modeling', 'Power BI', 'SQL', 'Statistics']"
JOB02819,Web Developer,"['CSS', 'Git', 'HTML', 'Java', 'JavaScript', 'Machine Learning', 'React']"
JOB02820,Data Scientist,"['Machine Learning', 'Pandas', 'Python', 'SQL', 'Statistics']"
JOB02821,Marketing Analyst,"['Excel', 'Marketing Analytics', 'Power BI', 'Python', 'SQL']"
JOB02822,Power BI Developer,"['Cloud Computing', 'DAX', 'Excel', 'Power BI', 'Power Query', 'SQL']"
JOB02823,Cloud Engineer,"['AWS', 'Azure', 'Cloud Computing', 'Docker', 'Linux']"
JOB02824,Data Engineer,"['AWS', 'ETL', 'Python', 'SQL', 'Spark']"
JOB02825,Cloud Engineer,"['AWS', 'Azure', 'Cloud Computing', 'Docker', 'Linux']"
JOB02826,QA Engineer,"['Automation Testing', 'Java', 'Python', 'SQL', 'Selenium']"
JOB02827,Financial Analyst,"['Excel', 'Financial Modeling', 'Power BI', 'SQL', 'Statistics']"
JOB02828,Python Developer,"['Django', 'Flask', 'Git', 'Python', 'SQL']"
JOB02829,Data Scientist,"['Machine Learning', 'Pandas', 'Python', 'SQL', 'Statistics']"
JOB02830,Full Stack Developer,"['CSS', 'HTML', 'Java', 'JavaScript', 'Machine Learning', 'Node', 'React']"
JOB02831,QA Engineer,"['Automation Testing', 'Java', 'Python', 'SQL', 'Selenium']"
JOB02832,Financial Analyst,"['Excel', 'Financial Modeling', 'Power BI', 'SQL', 'Statistics']"
JOB02833,Data Analyst,"['Excel', 'Power BI', 'Python', 'SQL', 'Tableau']"
JOB02834,BI Analyst,"['DAX', 'Data Visualization', 'Excel', 'Power BI', 'SQL']"
JOB02835,Full Stack Developer,"['CSS', 'Cloud Computing', 'HTML', 'Java', 'JavaScript', 'Machine Learning', 'Node', 'React']"
JOB02836,Marketing Analyst,"['Excel', 'Marketing Analytics', 'Power BI', 'Python', 'SQL']"
JOB02837,Business Analyst,"['Business Analysis', 'Excel', 'Power BI', 'Requirements Gathering', 'SQL']"
JOB02838,Financial Analyst,"['Excel', 'Financial Modeling', 'Power BI', 'SQL', 'Statistics']"
JOB02839,Data Analyst,"['Excel', 'Power BI', 'Python', 'SQL', 'Tableau']"
JOB02840,DevOps Engineer,"['AWS', 'Docker', 'Jenkins', 'Kubernetes', 'Linux']"
JOB02841,QA Engineer,"['Automation Testing', 'Java', 'Python', 'SQL', 'Selenium']"
JOB02842,BI Analyst,"['DAX', 'Data Visualization', 'Excel', 'Power BI', 'SQL']"
JOB02843,Data Engineer,"['AWS', 'ETL', 'Python', 'SQL', 'Spark']"
JOB02844,Business Analyst,"['Business Analysis', 'Excel', 'Power BI', 'Requirements Gathering', 'SQL']"
JOB02845,HR Analyst,"['Data Analysis', 'Excel', 'HR Analytics', 'Power BI', 'SQL']"
JOB02846,Web Developer,"['CSS', 'Git', 'HTML', 'Java', 'JavaScript', 'Machine Learning', 'React']"
JOB02847,Data Analyst,"['Excel', 'Power BI', 'Python', 'SQL', 'Tableau']"
JOB02848,HR Analyst,"['Data Analysis', 'Excel', 'HR Analytics', 'Power BI', 'SQL']"
JOB02849,Database Administrator,"['Database', 'Database Administration', 'MySQL', 'Oracle', 'PostgreSQL', 'SQL']"
JOB02850,BI Analyst,"['DAX', 'Data Visualization', 'Excel', 'Power BI', 'SQL']"
JOB02851,DevOps Engineer,"['AWS', 'Docker', 'Jenkins', 'Kubernetes', 'Linux']"
JOB02852,Power BI Developer,"['DAX', 'Excel', 'Power BI', 'Power Query', 'SQL']"
JOB02853,Cloud Engineer,"['AWS', 'Azure', 'Cloud Computing', 'Docker', 'Linux']"
JOB02854,Data Engineer,"['AWS', 'ETL', 'Python', 'SQL', 'Spark']"
JOB02855,Business Analyst,"['Business Analysis', 'Excel', 'Power BI', 'Requirements Gathering', 'SQL']"
JOB02856,SQL Developer,"['Database', 'ETL', 'MySQL', 'PostgreSQL', 'SQL']"
JOB02857,Python Developer,"['Django', 'Flask', 'Git', 'Python', 'SQL']"
JOB02858,Machine Learning Engineer,"['Docker', 'Machine Learning', 'Oracle', 'Python', 'Scikit-learn', 'TensorFlow']"
JOB02859,SQL Developer,"['Database', 'ETL', 'MySQL', 'PostgreSQL', 'SQL']"
JOB02860,Software Engineer,"['Git', 'Java', 'Python', 'REST API', 'SQL']"
JOB02861,DevOps Engineer,"['AWS', 'Docker', 'Jenkins', 'Kubernetes', 'Linux']"
JOB02862,Data Analyst,"['Excel', 'Power BI', 'Python', 'SQL', 'Tableau']"
JOB02863,HR Analyst,"['Data Analysis', 'Excel', 'HR Analytics', 'Power BI', 'SQL']"
JOB02864,QA Engineer,"['Automation Testing', 'Java', 'Python', 'SQL', 'Selenium']"
JOB02865,Data Scientist,"['Machine Learning', 'Pandas', 'Python', 'SQL', 'Statistics']"
JOB02866,Database Administrator,"['Database', 'Database Administration', 'MySQL', 'Oracle', 'PostgreSQL', 'SQL']"
JOB02867,Business Analyst,"['Business Analysis', 'Excel', 'Power BI', 'Requirements Gathering', 'SQL']"
JOB02868,Business Analyst,"['Business Analysis', 'Excel', 'Power BI', 'Requirements Gathering', 'SQL']"
JOB02869,Data Engineer,"['AWS', 'ETL', 'Python', 'SQL', 'Spark']"
JOB02870,QA Engineer,"['Automation Testing', 'Java', 'Python', 'SQL', 'Selenium']"
JOB02871,Software Engineer,"['Git', 'Java', 'Python', 'REST API', 'SQL']"
JOB02872,Financial Analyst,"['Excel', 'Financial Modeling', 'Power BI', 'SQL', 'Statistics']"
JOB02873,Business Analyst,"['Business Analysis', 'Excel', 'Power BI', 'Requirements Gathering', 'SQL']"
JOB02874,Business Analyst,"['Business Analysis', 'Excel', 'Power BI', 'Requirements Gathering', 'SQL']"
JOB02875,Database Administrator,"['Database', 'Database Administration', 'MySQL', 'Oracle', 'PostgreSQL', 'SQL']"
JOB02876,Software Engineer,"['Git', 'Java', 'Python', 'REST API', 'SQL']"
JOB02877,Software Engineer,"['Git', 'Java', 'Python', 'REST API', 'SQL']"
JOB02878,Web Developer,"['CSS', 'Git', 'HTML', 'Java', 'JavaScript', 'Machine Learning', 'React']"
JOB02879,Data Scientist,"['Machine Learning', 'Pandas', 'Python', 'SQL', 'Statistics']"
JOB02880,Data Engineer,"['AWS', 'ETL', 'Python', 'SQL', 'Spark']"
JOB02881,Business Analyst,"['Business Analysis', 'Excel', 'Power BI', 'Requirements Gathering', 'SQL']"
JOB02882,Web Developer,"['CSS', 'Git', 'HTML', 'Java', 'JavaScript', 'Machine Learning', 'React']"
JOB02883,SQL Developer,"['Database', 'ETL', 'MySQL', 'PostgreSQL', 'SQL']"
JOB02884,HR Analyst,"['Cloud Computing', 'Data Analysis', 'Excel', 'HR Analytics', 'Power BI', 'SQL']"
JOB02885,Python Developer,"['Django', 'Flask', 'Git', 'Python', 'SQL']"
JOB02886,HR Analyst,"['Data Analysis', 'Excel', 'HR Analytics', 'Power BI', 'SQL']"
JOB02887,Financial Analyst,"['Excel', 'Financial Modeling', 'Oracle', 'Power BI', 'SQL', 'Statistics']"
JOB02888,Cloud Engineer,"['AWS', 'Azure', 'Cloud Computing', 'Docker', 'Linux']"
JOB02889,Software Engineer,"['Git', 'Java', 'Oracle', 'Python', 'REST API', 'SQL']"
JOB02890,Database Administrator,"['Database', 'Database Administration', 'MySQL', 'Oracle', 'PostgreSQL', 'SQL']"
JOB02891,Product Analyst,"['Excel', 'Product Analytics', 'Python', 'SQL']"
JOB02892,Web Developer,"['CSS', 'Git', 'HTML', 'Java', 'JavaScript', 'Machine Learning', 'React']"
JOB02893,Data Scientist,"['Cloud Computing', 'Machine Learning', 'Pandas', 'Python', 'SQL', 'Statistics']"
JOB02894,Web Developer,"['CSS', 'Git', 'HTML', 'Java', 'JavaScript', 'Machine Learning', 'React']"
JOB02895,HR Analyst,"['Data Analysis', 'Excel', 'HR Analytics', 'Power BI', 'SQL']"
JOB02896,Full Stack Developer,"['CSS', 'HTML', 'Java', 'JavaScript', 'Machine Learning', 'Node', 'React']"
JOB02897,Python Developer,"['Django', 'Flask', 'Git', 'Python', 'SQL']"
JOB02898,Software Engineer,"['Git', 'Java', 'Oracle', 'Python', 'REST API', 'SQL']"
JOB02899,Python Developer,"['Django', 'Flask', 'Git', 'Python', 'SQL']"
JOB02900,Power BI Developer,"['DAX', 'Excel', 'Power BI', 'Power Query', 'SQL']"
JOB02901,SQL Developer,"['Database', 'ETL', 'MySQL', 'PostgreSQL', 'SQL']"
JOB02902,DevOps Engineer,"['AWS', 'Docker', 'Jenkins', 'Kubernetes', 'Linux']"
JOB02903,Data Analyst,"['Excel', 'Power BI', 'Python', 'SQL', 'Tableau']"
JOB02904,Marketing Analyst,"['Excel', 'Marketing Analytics', 'Power BI', 'Python', 'SQL']"
JOB02905,Financial Analyst,"['Excel', 'Financial Modeling', 'Power BI', 'SQL', 'Statistics']"
JOB02906,Python Developer,"['Django', 'Flask', 'Git', 'Python', 'SQL']"
JOB02907,HR Analyst,"['Data Analysis', 'Excel', 'HR Analytics', 'Oracle', 'Power BI', 'SQL']"
JOB02908,Data Analyst,"['Excel', 'Power BI', 'Python', 'SQL', 'Tableau']"
JOB02909,Data Analyst,"['Excel', 'Power BI', 'Python', 'SQL', 'Tableau']"
JOB02910,Database Administrator,"['Database', 'Database Administration', 'MySQL', 'Oracle', 'PostgreSQL', 'SQL']"
JOB02911,Web Developer,"['CSS', 'Git', 'HTML', 'Java', 'JavaScript', 'Machine Learning', 'React']"
JOB02912,Python Developer,"['Django', 'Flask', 'Git', 'Python', 'SQL']"
JOB02913,Power BI Developer,"['Cloud Computing', 'DAX', 'Excel', 'Power BI', 'Power Query', 'SQL']"
JOB02914,Machine Learning Engineer,"['Docker', 'Machine Learning', 'Python', 'Scikit-learn', 'TensorFlow']"
JOB02915,QA Engineer,"['Automation Testing', 'Java', 'Python', 'SQL', 'Selenium']"
JOB02916,Python Developer,"['Django', 'Flask', 'Git', 'Python', 'SQL']"
JOB02917,Marketing Analyst,"['Excel', 'Marketing Analytics', 'Power BI', 'Python', 'SQL']"
JOB02918,Product Analyst,"['Excel', 'Oracle', 'Product Analytics', 'Python', 'SQL']"
JOB02919,Marketing Analyst,"['Excel', 'Marketing Analytics', 'Power BI', 'Python', 'SQL']"
JOB02920,DevOps Engineer,"['AWS', 'Docker', 'Jenkins', 'Kubernetes', 'Linux']"
JOB02921,HR Analyst,"['Data Analysis', 'Excel', 'HR Analytics', 'Power BI', 'SQL']"
JOB02922,Power BI Developer,"['DAX', 'Excel', 'Power BI', 'Power Query', 'SQL']"
JOB02923,Full Stack Developer,"['CSS', 'HTML', 'Java', 'JavaScript', 'Machine Learning', 'Node', 'React']"
JOB02924,Machine Learning Engineer,"['Docker', 'Machine Learning', 'Python', 'Scikit-learn', 'TensorFlow']"
JOB02925,Python Developer,"['Django', 'Flask', 'Git', 'Python', 'SQL']"
JOB02926,Product Analyst,"['Excel', 'Product Analytics', 'Python', 'SQL']"
JOB02927,Data Scientist,"['Machine Learning', 'Oracle', 'Pandas', 'Python', 'SQL', 'Statistics']"
JOB02928,QA Engineer,"['Automation Testing', 'Java', 'Python', 'SQL', 'Selenium']"
JOB02929,Business Analyst,"['Business Analysis', 'Excel', 'Power BI', 'Requirements Gathering', 'SQL']"
JOB02930,Data Analyst,"['Excel', 'Power BI', 'Python', 'SQL', 'Tableau']"
JOB02931,SQL Developer,"['Database', 'ETL', 'MySQL', 'PostgreSQL', 'SQL']"
JOB02932,Database Administrator,"['Database', 'Database Administration', 'MySQL', 'Oracle', 'PostgreSQL', 'SQL']"
JOB02933,BI Analyst,"['DAX', 'Data Visualization', 'Excel', 'Power BI', 'SQL']"
JOB02934,Business Analyst,"['Business Analysis', 'Excel', 'Power BI', 'Requirements Gathering', 'SQL']"
JOB02935,Data Engineer,"['AWS', 'ETL', 'Python', 'SQL', 'Spark']"
JOB02936,SQL Developer,"['Database', 'ETL', 'MySQL', 'PostgreSQL', 'SQL']"
JOB02937,Machine Learning Engineer,"['Docker', 'Machine Learning', 'Python', 'Scikit-learn', 'TensorFlow']"
JOB02938,Web Developer,"['CSS', 'Git', 'HTML', 'Java', 'JavaScript', 'Machine Learning', 'React']"
JOB02939,Software Engineer,"['Git', 'Java', 'Python', 'REST API', 'SQL']"
JOB02940,Machine Learning Engineer,"['Docker', 'Machine Learning', 'Python', 'Scikit-learn', 'TensorFlow']"
JOB02941,HR Analyst,"['Data Analysis', 'Excel', 'HR Analytics', 'Power BI', 'SQL']"
JOB02942,Power BI Developer,"['DAX', 'Excel', 'Oracle', 'Power BI', 'Power Query', 'SQL']"
JOB02943,QA Engineer,"['Automation Testing', 'Java', 'Python', 'SQL', 'Selenium']"
JOB02944,Web Developer,"['CSS', 'Cloud Computing', 'Git', 'HTML', 'Java', 'JavaScript', 'Machine Learning', 'React']"
JOB02945,HR Analyst,"['Data Analysis', 'Excel', 'HR Analytics', 'Power BI', 'SQL']"
JOB02946,Product Analyst,"['Excel', 'Product Analytics', 'Python', 'SQL']"
JOB02947,Power BI Developer,"['DAX', 'Excel', 'Power BI', 'Power Query', 'SQL']"
JOB02948,QA Engineer,"['Automation Testing', 'Java', 'Python', 'SQL', 'Selenium']"
JOB02949,Database Administrator,"['Database', 'Database Administration', 'MySQL', 'Oracle', 'PostgreSQL', 'SQL']"
JOB02950,HR Analyst,"['Data Analysis', 'Excel', 'HR Analytics', 'Power BI', 'SQL']"
JOB02951,Financial Analyst,"['Excel', 'Financial Modeling', 'Power BI', 'SQL', 'Statistics']"
JOB02952,Data Scientist,"['Machine Learning', 'Pandas', 'Python', 'SQL', 'Statistics']"
JOB02953,Product Analyst,"['Excel', 'Product Analytics', 'Python', 'SQL']"
JOB02954,Full Stack Developer,"['CSS', 'HTML', 'Java', 'JavaScript', 'Machine Learning', 'Node', 'React']"
JOB02955,Full Stack Developer,"['CSS', 'HTML', 'Java', 'JavaScript', 'Machine Learning', 'Node', 'React']"
JOB02956,DevOps Engineer,"['AWS', 'Docker', 'Jenkins', 'Kubernetes', 'Linux']"
JOB02957,Power BI Developer,"['DAX', 'Excel', 'Power BI', 'Power Query', 'SQL']"
JOB02958,Database Administrator,"['Database', 'Database Administration', 'MySQL', 'Oracle', 'PostgreSQL', 'SQL']"
JOB02959,Python Developer,"['Django', 'Flask', 'Git', 'Python', 'SQL']"
JOB02960,Business Analyst,"['Business Analysis', 'Excel', 'Power BI', 'Requirements Gathering', 'SQL']"
JOB02961,Cloud Engineer,"['AWS', 'Azure', 'Cloud Computing', 'Docker', 'Linux']"
JOB02962,Product Analyst,"['Excel', 'Product Analytics', 'Python', 'SQL']"
JOB02963,DevOps Engineer,"['AWS', 'Docker', 'Jenkins', 'Kubernetes', 'Linux']"
JOB02964,Product Analyst,"['Excel', 'Product Analytics', 'Python', 'SQL']"
JOB02965,Data Analyst,"['Excel', 'Power BI', 'Python', 'SQL', 'Tableau']"
JOB02966,Power BI Developer,"['DAX', 'Excel', 'Power BI', 'Power Query', 'SQL']"
JOB02967,Power BI Developer,"['DAX', 'Excel', 'Power BI', 'Power Query', 'SQL']"
JOB02968,Data Engineer,"['AWS', 'ETL', 'Python', 'SQL', 'Spark']"
JOB02969,Machine Learning Engineer,"['Docker', 'Machine Learning', 'Python', 'Scikit-learn', 'TensorFlow']"
JOB02970,SQL Developer,"['Database', 'ETL', 'MySQL', 'PostgreSQL', 'SQL']"
JOB02971,DevOps Engineer,"['AWS', 'Docker', 'Jenkins', 'Kubernetes', 'Linux']"
JOB02972,Cloud Engineer,"['AWS', 'Azure', 'Cloud Computing', 'Docker', 'Linux']"
JOB02973,Business Analyst,"['Business Analysis', 'Excel', 'Power BI', 'Requirements Gathering', 'SQL']"
JOB02974,Financial Analyst,"['Excel', 'Financial Modeling', 'Power BI', 'SQL', 'Statistics']"
JOB02975,Full Stack Developer,"['CSS', 'HTML', 'Java', 'JavaScript', 'Machine Learning', 'Node', 'React']"
JOB02976,Cloud Engineer,"['AWS', 'Azure', 'Cloud Computing', 'Docker', 'Linux', 'Oracle']"
JOB02977,Database Administrator,"['Database', 'Database Administration', 'MySQL', 'Oracle', 'PostgreSQL', 'SQL']"
JOB02978,Machine Learning Engineer,"['Docker', 'Machine Learning', 'Python', 'Scikit-learn', 'TensorFlow']"
JOB02979,Software Engineer,"['Git', 'Java', 'Python', 'REST API', 'SQL']"
JOB02980,Data Analyst,"['Excel', 'Power BI', 'Python', 'SQL', 'Tableau']"
JOB02981,Financial Analyst,"['Excel', 'Financial Modeling', 'Power BI', 'SQL', 'Statistics']"
JOB02982,Data Engineer,"['AWS', 'ETL', 'Python', 'SQL', 'Spark']"
JOB02983,Product Analyst,"['Excel', 'Product Analytics', 'Python', 'SQL']"
JOB02984,QA Engineer,"['Automation Testing', 'Java', 'Python', 'SQL', 'Selenium']"
JOB02985,Machine Learning Engineer,"['Docker', 'Machine Learning', 'Python', 'Scikit-learn', 'TensorFlow']"
JOB02986,Business Analyst,"['Business Analysis', 'Excel', 'Power BI', 'Requirements Gathering', 'SQL']"
JOB02987,Full Stack Developer,"['CSS', 'Cloud Computing', 'HTML', 'Java', 'JavaScript', 'Machine Learning', 'Node', 'React']"
JOB02988,Web Developer,"['CSS', 'Git', 'HTML', 'Java', 'JavaScript', 'Machine Learning', 'React']"
JOB02989,Marketing Analyst,"['Excel', 'Marketing Analytics', 'Power BI', 'Python', 'SQL']"
JOB02990,QA Engineer,"['Automation Testing', 'Java', 'Python', 'SQL', 'Selenium']"
JOB02991,Web Developer,"['CSS', 'Git', 'HTML', 'Java', 'JavaScript', 'Machine Learning', 'Oracle', 'React']"
JOB02992,Marketing Analyst,"['Excel', 'Marketing Analytics', 'Power BI', 'Python', 'SQL']"
JOB02993,Data Engineer,"['AWS', 'ETL', 'Python', 'SQL', 'Spark']"
JOB02994,BI Analyst,"['DAX', 'Data Visualization', 'Excel', 'Power BI', 'SQL']"
JOB02995,Product Analyst,"['Excel', 'Product Analytics', 'Python', 'SQL']"
JOB02996,Machine Learning Engineer,"['Docker', 'Machine Learning', 'Python', 'Scikit-learn', 'TensorFlow']"
JOB02997,Database Administrator,"['Database', 'Database Administration', 'MySQL', 'Oracle', 'PostgreSQL', 'SQL']"
JOB02998,BI Analyst,"['DAX', 'Data Visualization', 'Excel', 'Power BI', 'SQL']"
JOB02999,Financial Analyst,"['Cloud Computing', 'Excel', 'Financial Modeling', 'Power BI', 'SQL', 'Statistics']"
JOB03000,QA Engineer,"['Automation Testing', 'Cloud Computing', 'Java', 'Python', 'SQL', 'Selenium']"
JOB03001,Power BI Developer,"['DAX', 'Excel', 'Power BI', 'Power Query', 'SQL']"
JOB03002,Machine Learning Engineer,"['Docker', 'Machine Learning', 'Python', 'Scikit-learn', 'TensorFlow']"
JOB03003,QA Engineer,"['Automation Testing', 'Java', 'Python', 'SQL', 'Selenium']"
JOB03004,Data Scientist,"['Machine Learning', 'Pandas', 'Python', 'SQL', 'Statistics']"
JOB03005,DevOps Engineer,"['AWS', 'Docker', 'Jenkins', 'Kubernetes', 'Linux']"
JOB03006,QA Engineer,"['Automation Testing', 'Java', 'Python', 'SQL', 'Selenium']"
JOB03007,QA Engineer,"['Automation Testing', 'Java', 'Python', 'SQL', 'Selenium']"
JOB03008,Python Developer,"['Django', 'Flask', 'Git', 'Python', 'SQL']"
JOB03009,Software Engineer,"['Git', 'Java', 'Python', 'REST API', 'SQL']"
JOB03010,Data Analyst,"['Excel', 'Power BI', 'Python', 'SQL', 'Tableau']"
JOB03011,Machine Learning Engineer,"['Docker', 'Machine Learning', 'Python', 'Scikit-learn', 'TensorFlow']"
JOB03012,Marketing Analyst,"['Excel', 'Marketing Analytics', 'Power BI', 'Python', 'SQL']"
JOB03013,SQL Developer,"['Database', 'ETL', 'MySQL', 'PostgreSQL', 'SQL']"
JOB03014,Full Stack Developer,"['CSS', 'HTML', 'Java', 'JavaScript', 'Machine Learning', 'Node', 'Oracle', 'React']"
JOB03015,Data Analyst,"['Excel', 'Power BI', 'Python', 'SQL', 'Tableau']"
JOB03016,HR Analyst,"['Data Analysis', 'Excel', 'HR Analytics', 'Power BI', 'SQL']"
JOB03017,Data Engineer,"['AWS', 'ETL', 'Python', 'SQL', 'Spark']"
JOB03018,Marketing Analyst,"['Excel', 'Marketing Analytics', 'Power BI', 'Python', 'SQL']"
JOB03019,Database Administrator,"['Database', 'Database Administration', 'MySQL', 'Oracle', 'PostgreSQL', 'SQL']"
JOB03020,QA Engineer,"['Automation Testing', 'Cloud Computing', 'Java', 'Python', 'SQL', 'Selenium']"
JOB03021,DevOps Engineer,"['AWS', 'Docker', 'Jenkins', 'Kubernetes', 'Linux']"
JOB03022,Business Analyst,"['Business Analysis', 'Excel', 'Power BI', 'Requirements Gathering', 'SQL']"
JOB03023,Business Analyst,"['Business Analysis', 'Excel', 'Power BI', 'Requirements Gathering', 'SQL']"
JOB03024,SQL Developer,"['Database', 'ETL', 'MySQL', 'PostgreSQL', 'SQL']"
JOB03025,Power BI Developer,"['DAX', 'Excel', 'Power BI', 'Power Query', 'SQL']"
JOB03026,Marketing Analyst,"['Excel', 'Marketing Analytics', 'Power BI', 'Python', 'SQL']"
JOB03027,Full Stack Developer,"['CSS', 'HTML', 'Java', 'JavaScript', 'Machine Learning', 'Node', 'React']"
JOB03028,Data Engineer,"['AWS', 'Cloud Computing', 'ETL', 'Python', 'SQL', 'Spark']"
JOB03029,Power BI Developer,"['DAX', 'Excel', 'Power BI', 'Power Query', 'SQL']"
JOB03030,Machine Learning Engineer,"['Docker', 'Machine Learning', 'Python', 'Scikit-learn', 'TensorFlow']"
JOB03031,Software Engineer,"['Git', 'Java', 'Python', 'REST API', 'SQL']"
JOB03032,Data Analyst,"['Excel', 'Power BI', 'Python', 'SQL', 'Tableau']"
JOB03033,Database Administrator,"['Database', 'Database Administration', 'MySQL', 'Oracle', 'PostgreSQL', 'SQL']"
JOB03034,Cloud Engineer,"['AWS', 'Azure', 'Cloud Computing', 'Docker', 'Linux']"
JOB03035,Database Administrator,"['Database', 'Database Administration', 'MySQL', 'Oracle', 'PostgreSQL', 'SQL']"
JOB03036,Business Analyst,"['Business Analysis', 'Excel', 'Power BI', 'Requirements Gathering', 'SQL']"
JOB03037,SQL Developer,"['Database', 'ETL', 'MySQL', 'PostgreSQL', 'SQL']"
JOB03038,Software Engineer,"['Git', 'Java', 'Python', 'REST API', 'SQL']"
JOB03039,HR Analyst,"['Data Analysis', 'Excel', 'HR Analytics', 'Power BI', 'SQL']"
JOB03040,QA Engineer,"['Automation Testing', 'Java', 'Python', 'SQL', 'Selenium']"
JOB03041,Full Stack Developer,"['CSS', 'HTML', 'Java', 'JavaScript', 'Machine Learning', 'Node', 'React']"
JOB03042,Cloud Engineer,"['AWS', 'Azure', 'Cloud Computing', 'Docker', 'Linux']"
JOB03043,Software Engineer,"['Git', 'Java', 'Oracle', 'Python', 'REST API', 'SQL']"
JOB03044,Product Analyst,"['Excel', 'Product Analytics', 'Python', 'SQL']"
JOB03045,SQL Developer,"['Database', 'ETL', 'MySQL', 'PostgreSQL', 'SQL']"
JOB03046,SQL Developer,"['Database', 'ETL', 'MySQL', 'PostgreSQL', 'SQL']"
JOB03047,Web Developer,"['CSS', 'Git', 'HTML', 'Java', 'JavaScript', 'Machine Learning', 'React']"
JOB03048,Machine Learning Engineer,"['Docker', 'Machine Learning', 'Python', 'Scikit-learn', 'TensorFlow']"
JOB03049,BI Analyst,"['DAX', 'Data Visualization', 'Excel', 'Power BI', 'SQL']"
JOB03050,Power BI Developer,"['DAX', 'Excel', 'Power BI', 'Power Query', 'SQL']"
JOB03051,Python Developer,"['Django', 'Flask', 'Git', 'Python', 'SQL']"
JOB03052,HR Analyst,"['Data Analysis', 'Excel', 'HR Analytics', 'Power BI', 'SQL']"
JOB03053,Business Analyst,"['Business Analysis', 'Excel', 'Oracle', 'Power BI', 'Requirements Gathering', 'SQL']"
JOB03054,Python Developer,"['Django', 'Flask', 'Git', 'Python', 'SQL']"
JOB03055,Full Stack Developer,"['CSS', 'HTML', 'Java', 'JavaScript', 'Machine Learning', 'Node', 'React']"
JOB03056,Data Analyst,"['Excel', 'Power BI', 'Python', 'SQL', 'Tableau']"
JOB03057,Cloud Engineer,"['AWS', 'Azure', 'Cloud Computing', 'Docker', 'Linux']"
JOB03058,Financial Analyst,"['Excel', 'Financial Modeling', 'Power BI', 'SQL', 'Statistics']"
JOB03059,SQL Developer,"['Database', 'ETL', 'MySQL', 'PostgreSQL', 'SQL']"
JOB03060,DevOps Engineer,"['AWS', 'Docker', 'Jenkins', 'Kubernetes', 'Linux']"
JOB03061,Financial Analyst,"['Excel', 'Financial Modeling', 'Power BI', 'SQL', 'Statistics']"
JOB03062,Business Analyst,"['Business Analysis', 'Excel', 'Power BI', 'Requirements Gathering', 'SQL']"
JOB03063,Data Engineer,"['AWS', 'ETL', 'Python', 'SQL', 'Spark']"
JOB03064,Data Analyst,"['Excel', 'Power BI', 'Python', 'SQL', 'Tableau']"
JOB03065,Machine Learning Engineer,"['Docker', 'Machine Learning', 'Oracle', 'Python', 'Scikit-learn', 'TensorFlow']"
JOB03066,SQL Developer,"['Database', 'ETL', 'MySQL', 'PostgreSQL', 'SQL']"
JOB03067,Python Developer,"['Django', 'Flask', 'Git', 'Python', 'SQL']"
JOB03068,Marketing Analyst,"['Excel', 'Marketing Analytics', 'Oracle', 'Power BI', 'Python', 'SQL']"
JOB03069,Python Developer,"['Django', 'Flask', 'Git', 'Python', 'SQL']"
JOB03070,Machine Learning Engineer,"['Docker', 'Machine Learning', 'Oracle', 'Python', 'Scikit-learn', 'TensorFlow']"
JOB03071,HR Analyst,"['Data Analysis', 'Excel', 'HR Analytics', 'Power BI', 'SQL']"
JOB03072,DevOps Engineer,"['AWS', 'Docker', 'Jenkins', 'Kubernetes', 'Linux']"
JOB03073,Power BI Developer,"['DAX', 'Excel', 'Power BI', 'Power Query', 'SQL']"
JOB03074,Data Scientist,"['Machine Learning', 'Pandas', 'Python', 'SQL', 'Statistics']"
JOB03075,Financial Analyst,"['Excel', 'Financial Modeling', 'Power BI', 'SQL', 'Statistics']"
JOB03076,Data Engineer,"['AWS', 'ETL', 'Python', 'SQL', 'Spark']"
JOB03077,Data Scientist,"['Machine Learning', 'Pandas', 'Python', 'SQL', 'Statistics']"
JOB03078,Cloud Engineer,"['AWS', 'Azure', 'Cloud Computing', 'Docker', 'Linux']"
JOB03079,Business Analyst,"['Business Analysis', 'Excel', 'Power BI', 'Requirements Gathering', 'SQL']"
JOB03080,Python Developer,"['Django', 'Flask', 'Git', 'Python', 'SQL']"
JOB03081,Cloud Engineer,"['AWS', 'Azure', 'Cloud Computing', 'Docker', 'Linux', 'Oracle']"
JOB03082,HR Analyst,"['Data Analysis', 'Excel', 'HR Analytics', 'Power BI', 'SQL']"
JOB03083,Cloud Engineer,"['AWS', 'Azure', 'Cloud Computing', 'Docker', 'Linux']"
JOB03084,QA Engineer,"['Automation Testing', 'Java', 'Python', 'SQL', 'Selenium']"
JOB03085,DevOps Engineer,"['AWS', 'Docker', 'Jenkins', 'Kubernetes', 'Linux']"
JOB03086,SQL Developer,"['Database', 'ETL', 'MySQL', 'PostgreSQL', 'SQL']"
JOB03087,Cloud Engineer,"['AWS', 'Azure', 'Cloud Computing', 'Docker', 'Linux']"
JOB03088,Database Administrator,"['Database', 'Database Administration', 'MySQL', 'Oracle', 'PostgreSQL', 'SQL']"
JOB03089,Python Developer,"['Django', 'Flask', 'Git', 'Python', 'SQL']"
JOB03090,Database Administrator,"['Database', 'Database Administration', 'MySQL', 'Oracle', 'PostgreSQL', 'SQL']"
JOB03091,Data Analyst,"['Excel', 'Power BI', 'Python', 'SQL', 'Tableau']"
JOB03092,HR Analyst,"['Data Analysis', 'Excel', 'HR Analytics', 'Power BI', 'SQL']"
JOB03093,Machine Learning Engineer,"['Docker', 'Machine Learning', 'Python', 'Scikit-learn', 'TensorFlow']"
JOB03094,Power BI Developer,"['DAX', 'Excel', 'Power BI', 'Power Query', 'SQL']"
JOB03095,SQL Developer,"['Database', 'ETL', 'MySQL', 'PostgreSQL', 'SQL']"
JOB03096,Power BI Developer,"['DAX', 'Excel', 'Power BI', 'Power Query', 'SQL']"
JOB03097,Financial Analyst,"['Excel', 'Financial Modeling', 'Power BI', 'SQL', 'Statistics']"
JOB03098,Web Developer,"['CSS', 'Git', 'HTML', 'Java', 'JavaScript', 'Machine Learning', 'React']"
JOB03099,Machine Learning Engineer,"['Docker', 'Machine Learning', 'Python', 'Scikit-learn', 'TensorFlow']"
JOB03100,Cloud Engineer,"['AWS', 'Azure', 'Cloud Computing', 'Docker', 'Linux']"
JOB03101,SQL Developer,"['Database', 'ETL', 'MySQL', 'PostgreSQL', 'SQL']"
JOB03102,Web Developer,"['CSS', 'Git', 'HTML', 'Java', 'JavaScript', 'Machine Learning', 'React']"
JOB03103,QA Engineer,"['Automation Testing', 'Java', 'Python', 'SQL', 'Selenium']"
JOB03104,HR Analyst,"['Data Analysis', 'Excel', 'HR Analytics', 'Power BI', 'SQL']"
JOB03105,Cloud Engineer,"['AWS', 'Azure', 'Cloud Computing', 'Docker', 'Linux']"
JOB03106,Software Engineer,"['Git', 'Java', 'Python', 'REST API', 'SQL']"
JOB03107,Power BI Developer,"['DAX', 'Excel', 'Power BI', 'Power Query', 'SQL']"
JOB03108,Database Administrator,"['Database', 'Database Administration', 'MySQL', 'Oracle', 'PostgreSQL', 'SQL']"
JOB03109,Python Developer,"['Django', 'Flask', 'Git', 'Python', 'SQL']"
JOB03110,Python Developer,"['Django', 'Flask', 'Git', 'Python', 'SQL']"
JOB03111,Data Engineer,"['AWS', 'Cloud Computing', 'ETL', 'Python', 'SQL', 'Spark']"
JOB03112,DevOps Engineer,"['AWS', 'Docker', 'Jenkins', 'Kubernetes', 'Linux']"
JOB03113,Web Developer,"['CSS', 'Git', 'HTML', 'Java', 'JavaScript', 'Machine Learning', 'React']"
JOB03114,Software Engineer,"['Git', 'Java', 'Python', 'REST API', 'SQL']"
JOB03115,Data Scientist,"['Machine Learning', 'Pandas', 'Python', 'SQL', 'Statistics']"
JOB03116,Data Scientist,"['Machine Learning', 'Pandas', 'Python', 'SQL', 'Statistics']"
JOB03117,Data Engineer,"['AWS', 'ETL', 'Python', 'SQL', 'Spark']"
JOB03118,Business Analyst,"['Business Analysis', 'Excel', 'Power BI', 'Requirements Gathering', 'SQL']"
JOB03119,DevOps Engineer,"['AWS', 'Docker', 'Jenkins', 'Kubernetes', 'Linux']"
JOB03120,Data Analyst,"['Excel', 'Power BI', 'Python', 'SQL', 'Tableau']"
JOB03121,Cloud Engineer,"['AWS', 'Azure', 'Cloud Computing', 'Docker', 'Linux']"
JOB03122,Product Analyst,"['Excel', 'Product Analytics', 'Python', 'SQL']"
JOB03123,Power BI Developer,"['DAX', 'Excel', 'Power BI', 'Power Query', 'SQL']"
JOB03124,BI Analyst,"['DAX', 'Data Visualization', 'Excel', 'Power BI', 'SQL']"
JOB03125,Data Engineer,"['AWS', 'ETL', 'Python', 'SQL', 'Spark']"
JOB03126,Data Scientist,"['Machine Learning', 'Pandas', 'Python', 'SQL', 'Statistics']"
JOB03127,Business Analyst,"['Business Analysis', 'Excel', 'Power BI', 'Requirements Gathering', 'SQL']"
JOB03128,DevOps Engineer,"['AWS', 'Docker', 'Jenkins', 'Kubernetes', 'Linux']"
JOB03129,Business Analyst,"['Business Analysis', 'Excel', 'Power BI', 'Requirements Gathering', 'SQL']"
JOB03130,Machine Learning Engineer,"['Docker', 'Machine Learning', 'Python', 'Scikit-learn', 'TensorFlow']"
JOB03131,Python Developer,"['Django', 'Flask', 'Git', 'Python', 'SQL']"
JOB03132,DevOps Engineer,"['AWS', 'Cloud Computing', 'Docker', 'Jenkins', 'Kubernetes', 'Linux']"
JOB03133,Marketing Analyst,"['Excel', 'Marketing Analytics', 'Power BI', 'Python', 'SQL']"
JOB03134,Web Developer,"['CSS', 'Git', 'HTML', 'Java', 'JavaScript', 'Machine Learning', 'React']"
JOB03135,Marketing Analyst,"['Excel', 'Marketing Analytics', 'Power BI', 'Python', 'SQL']"
JOB03136,Cloud Engineer,"['AWS', 'Azure', 'Cloud Computing', 'Docker', 'Linux']"
JOB03137,Python Developer,"['Django', 'Flask', 'Git', 'Python', 'SQL']"
JOB03138,Web Developer,"['CSS', 'Git', 'HTML', 'Java', 'JavaScript', 'Machine Learning', 'React']"
JOB03139,Data Analyst,"['Excel', 'Power BI', 'Python', 'SQL', 'Tableau']"
JOB03140,SQL Developer,"['Database', 'ETL', 'MySQL', 'PostgreSQL', 'SQL']"
JOB03141,Data Scientist,"['Cloud Computing', 'Machine Learning', 'Pandas', 'Python', 'SQL', 'Statistics']"
JOB03142,Financial Analyst,"['Excel', 'Financial Modeling', 'Power BI', 'SQL', 'Statistics']"
JOB03143,QA Engineer,"['Automation Testing', 'Java', 'Python', 'SQL', 'Selenium']"
JOB03144,Power BI Developer,"['DAX', 'Excel', 'Power BI', 'Power Query', 'SQL']"
JOB03145,Machine Learning Engineer,"['Docker', 'Machine Learning', 'Python', 'Scikit-learn', 'TensorFlow']"
JOB03146,BI Analyst,"['DAX', 'Data Visualization', 'Excel', 'Power BI', 'SQL']"
JOB03147,Web Developer,"['CSS', 'Git', 'HTML', 'Java', 'JavaScript', 'Machine Learning', 'React']"
JOB03148,Python Developer,"['Django', 'Flask', 'Git', 'Python', 'SQL']"
JOB03149,HR Analyst,"['Data Analysis', 'Excel', 'HR Analytics', 'Power BI', 'SQL']"
JOB03150,Data Engineer,"['AWS', 'ETL', 'Python', 'SQL', 'Spark']"
JOB03151,Software Engineer,"['Git', 'Java', 'Python', 'REST API', 'SQL']"
JOB03152,Financial Analyst,"['Excel', 'Financial Modeling', 'Power BI', 'SQL', 'Statistics']"
JOB03153,HR Analyst,"['Data Analysis', 'Excel', 'HR Analytics', 'Power BI', 'SQL']"
JOB03154,Product Analyst,"['Excel', 'Product Analytics', 'Python', 'SQL']"
JOB03155,Cloud Engineer,"['AWS', 'Azure', 'Cloud Computing', 'Docker', 'Linux']"
JOB03156,Machine Learning Engineer,"['Docker', 'Machine Learning', 'Python', 'Scikit-learn', 'TensorFlow']"
JOB03157,HR Analyst,"['Data Analysis', 'Excel', 'HR Analytics', 'Power BI', 'SQL']"
JOB03158,Data Scientist,"['Machine Learning', 'Pandas', 'Python', 'SQL', 'Statistics']"
JOB03159,Data Scientist,"['Machine Learning', 'Pandas', 'Python', 'SQL', 'Statistics']"
JOB03160,Data Scientist,"['Machine Learning', 'Pandas', 'Python', 'SQL', 'Statistics']"
JOB03161,Marketing Analyst,"['Excel', 'Marketing Analytics', 'Power BI', 'Python', 'SQL']"
JOB03162,Full Stack Developer,"['CSS', 'HTML', 'Java', 'JavaScript', 'Machine Learning', 'Node', 'React']"
JOB03163,Marketing Analyst,"['Cloud Computing', 'Excel', 'Marketing Analytics', 'Power BI', 'Python', 'SQL']"
JOB03164,Full Stack Developer,"['CSS', 'Cloud Computing', 'HTML', 'Java', 'JavaScript', 'Machine Learning', 'Node', 'React']"
JOB03165,Machine Learning Engineer,"['Docker', 'Machine Learning', 'Python', 'Scikit-learn', 'TensorFlow']"
JOB03166,Product Analyst,"['Excel', 'Product Analytics', 'Python', 'SQL']"
JOB03167,Web Developer,"['CSS', 'Git', 'HTML', 'Java', 'JavaScript', 'Machine Learning', 'React']"
JOB03168,Machine Learning Engineer,"['Docker', 'Machine Learning', 'Python', 'Scikit-learn', 'TensorFlow']"
JOB03169,Marketing Analyst,"['Excel', 'Marketing Analytics', 'Power BI', 'Python', 'SQL']"
JOB03170,Product Analyst,"['Excel', 'Product Analytics', 'Python', 'SQL']"
JOB03171,Database Administrator,"['Database', 'Database Administration', 'MySQL', 'Oracle', 'PostgreSQL', 'SQL']"
JOB03172,Marketing Analyst,"['Excel', 'Marketing Analytics', 'Power BI', 'Python', 'SQL']"
JOB03173,Full Stack Developer,"['CSS', 'HTML', 'Java', 'JavaScript', 'Machine Learning', 'Node', 'React']"
JOB03174,DevOps Engineer,"['AWS', 'Docker', 'Jenkins', 'Kubernetes', 'Linux']"
JOB03175,Software Engineer,"['Git', 'Java', 'Python', 'REST API', 'SQL']"
JOB03176,SQL Developer,"['Database', 'ETL', 'MySQL', 'PostgreSQL', 'SQL']"
JOB03177,Cloud Engineer,"['AWS', 'Azure', 'Cloud Computing', 'Docker', 'Linux', 'Oracle']"
JOB03178,Financial Analyst,"['Excel', 'Financial Modeling', 'Power BI', 'SQL', 'Statistics']"
JOB03179,DevOps Engineer,"['AWS', 'Cloud Computing', 'Docker', 'Jenkins', 'Kubernetes', 'Linux']"
JOB03180,Python Developer,"['Django', 'Flask', 'Git', 'Python', 'SQL']"
JOB03181,Power BI Developer,"['DAX', 'Excel', 'Power BI', 'Power Query', 'SQL']"
JOB03182,Business Analyst,"['Business Analysis', 'Excel', 'Power BI', 'Requirements Gathering', 'SQL']"
JOB03183,Power BI Developer,"['DAX', 'Excel', 'Power BI', 'Power Query', 'SQL']"
JOB03184,Product Analyst,"['Excel', 'Product Analytics', 'Python', 'SQL']"
JOB03185,SQL Developer,"['Database', 'ETL', 'MySQL', 'PostgreSQL', 'SQL']"
JOB03186,Cloud Engineer,"['AWS', 'Azure', 'Cloud Computing', 'Docker', 'Linux']"
JOB03187,Database Administrator,"['Database', 'Database Administration', 'MySQL', 'Oracle', 'PostgreSQL', 'SQL']"
JOB03188,Marketing Analyst,"['Excel', 'Marketing Analytics', 'Power BI', 'Python', 'SQL']"
JOB03189,Data Scientist,"['Machine Learning', 'Pandas', 'Python', 'SQL', 'Statistics']"
JOB03190,SQL Developer,"['Database', 'ETL', 'MySQL', 'PostgreSQL', 'SQL']"
JOB03191,Financial Analyst,"['Excel', 'Financial Modeling', 'Power BI', 'SQL', 'Statistics']"
JOB03192,Web Developer,"['CSS', 'Git', 'HTML', 'Java', 'JavaScript', 'Machine Learning', 'React']"
JOB03193,Software Engineer,"['Git', 'Java', 'Python', 'REST API', 'SQL']"
JOB03194,Python Developer,"['Django', 'Flask', 'Git', 'Python', 'SQL']"
JOB03195,Financial Analyst,"['Excel', 'Financial Modeling', 'Power BI', 'SQL', 'Statistics']"
JOB03196,Business Analyst,"['Business Analysis', 'Excel', 'Power BI', 'Requirements Gathering', 'SQL']"
JOB03197,Cloud Engineer,"['AWS', 'Azure', 'Cloud Computing', 'Docker', 'Linux']"
JOB03198,Python Developer,"['Django', 'Flask', 'Git', 'Python', 'SQL']"
JOB03199,Python Developer,"['Django', 'Flask', 'Git', 'Python', 'SQL']"
JOB03200,Machine Learning Engineer,"['Docker', 'Machine Learning', 'Python', 'Scikit-learn', 'TensorFlow']"
JOB03201,Data Engineer,"['AWS', 'ETL', 'Python', 'SQL', 'Spark']"
JOB03202,Data Scientist,"['Machine Learning', 'Pandas', 'Python', 'SQL', 'Statistics']"
JOB03203,Business Analyst,"['Business Analysis', 'Excel', 'Power BI', 'Requirements Gathering', 'SQL']"
JOB03204,Python Developer,"['Django', 'Flask', 'Git', 'Python', 'SQL']"
JOB03205,Python Developer,"['Django', 'Flask', 'Git', 'Python', 'SQL']"
JOB03206,Product Analyst,"['Excel', 'Product Analytics', 'Python', 'SQL']"
JOB03207,Business Analyst,"['Business Analysis', 'Excel', 'Power BI', 'Requirements Gathering', 'SQL']"
JOB03208,Full Stack Developer,"['CSS', 'HTML', 'Java', 'JavaScript', 'Machine Learning', 'Node', 'React']"
JOB03209,Product Analyst,"['Cloud Computing', 'Excel', 'Product Analytics', 'Python', 'SQL']"
JOB03210,Business Analyst,"['Business Analysis', 'Excel', 'Power BI', 'Requirements Gathering', 'SQL']"
JOB03211,Data Engineer,"['AWS', 'ETL', 'Python', 'SQL', 'Spark']"
JOB03212,BI Analyst,"['DAX', 'Data Visualization', 'Excel', 'Power BI', 'SQL']"
JOB03213,Data Analyst,"['Excel', 'Power BI', 'Python', 'SQL', 'Tableau']"
JOB03214,Financial Analyst,"['Excel', 'Financial Modeling', 'Power BI', 'SQL', 'Statistics']"
JOB03215,Machine Learning Engineer,"['Docker', 'Machine Learning', 'Python', 'Scikit-learn', 'TensorFlow']"
JOB03216,Data Scientist,"['Machine Learning', 'Pandas', 'Python', 'SQL', 'Statistics']"
JOB03217,Product Analyst,"['Excel', 'Product Analytics', 'Python', 'SQL']"
JOB03218,BI Analyst,"['DAX', 'Data Visualization', 'Excel', 'Power BI', 'SQL']"
JOB03219,BI Analyst,"['Cloud Computing', 'DAX', 'Data Visualization', 'Excel', 'Power BI', 'SQL']"
JOB03220,Machine Learning Engineer,"['Docker', 'Machine Learning', 'Python', 'Scikit-learn', 'TensorFlow']"
JOB03221,Web Developer,"['CSS', 'Git', 'HTML', 'Java', 'JavaScript', 'Machine Learning', 'React']"
JOB03222,Full Stack Developer,"['CSS', 'HTML', 'Java', 'JavaScript', 'Machine Learning', 'Node', 'React']"
JOB03223,Power BI Developer,"['DAX', 'Excel', 'Power BI', 'Power Query', 'SQL']"
JOB03224,BI Analyst,"['DAX', 'Data Visualization', 'Excel', 'Power BI', 'SQL']"
JOB03225,Cloud Engineer,"['AWS', 'Azure', 'Cloud Computing', 'Docker', 'Linux']"
JOB03226,Full Stack Developer,"['CSS', 'HTML', 'Java', 'JavaScript', 'Machine Learning', 'Node', 'React']"
JOB03227,Software Engineer,"['Git', 'Java', 'Python', 'REST API', 'SQL']"
JOB03228,DevOps Engineer,"['AWS', 'Docker', 'Jenkins', 'Kubernetes', 'Linux']"
JOB03229,Python Developer,"['Django', 'Flask', 'Git', 'Python', 'SQL']"
JOB03230,HR Analyst,"['Data Analysis', 'Excel', 'HR Analytics', 'Power BI', 'SQL']"
JOB03231,HR Analyst,"['Cloud Computing', 'Data Analysis', 'Excel', 'HR Analytics', 'Power BI', 'SQL']"
JOB03232,Power BI Developer,"['DAX', 'Excel', 'Power BI', 'Power Query', 'SQL']"
JOB03233,Cloud Engineer,"['AWS', 'Azure', 'Cloud Computing', 'Docker', 'Linux']"
JOB03234,Machine Learning Engineer,"['Docker', 'Machine Learning', 'Python', 'Scikit-learn', 'TensorFlow']"
JOB03235,Product Analyst,"['Excel', 'Product Analytics', 'Python', 'SQL']"
JOB03236,Machine Learning Engineer,"['Cloud Computing', 'Docker', 'Machine Learning', 'Python', 'Scikit-learn', 'TensorFlow']"
JOB03237,Machine Learning Engineer,"['Docker', 'Machine Learning', 'Python', 'Scikit-learn', 'TensorFlow']"
JOB03238,Business Analyst,"['Business Analysis', 'Excel', 'Power BI', 'Requirements Gathering', 'SQL']"
JOB03239,Cloud Engineer,"['AWS', 'Azure', 'Cloud Computing', 'Docker', 'Linux']"
JOB03240,Data Scientist,"['Machine Learning', 'Pandas', 'Python', 'SQL', 'Statistics']"
JOB03241,Product Analyst,"['Excel', 'Product Analytics', 'Python', 'SQL']"
JOB03242,Financial Analyst,"['Excel', 'Financial Modeling', 'Power BI', 'SQL', 'Statistics']"
JOB03243,SQL Developer,"['Database', 'ETL', 'MySQL', 'PostgreSQL', 'SQL']"
JOB03244,BI Analyst,"['DAX', 'Data Visualization', 'Excel', 'Power BI', 'SQL']"
JOB03245,Data Engineer,"['AWS', 'ETL', 'Python', 'SQL', 'Spark']"
JOB03246,Product Analyst,"['Excel', 'Product Analytics', 'Python', 'SQL']"
JOB03247,Software Engineer,"['Git', 'Java', 'Python', 'REST API', 'SQL']"
JOB03248,Software Engineer,"['Git', 'Java', 'Python', 'REST API', 'SQL']"
JOB03249,BI Analyst,"['Cloud Computing', 'DAX', 'Data Visualization', 'Excel', 'Power BI', 'SQL']"
JOB03250,Python Developer,"['Django', 'Flask', 'Git', 'Python', 'SQL']"
JOB03251,BI Analyst,"['DAX', 'Data Visualization', 'Excel', 'Power BI', 'SQL']"
JOB03252,SQL Developer,"['Database', 'ETL', 'MySQL', 'PostgreSQL', 'SQL']"
JOB03253,Python Developer,"['Django', 'Flask', 'Git', 'Python', 'SQL']"
JOB03254,Full Stack Developer,"['CSS', 'HTML', 'Java', 'JavaScript', 'Machine Learning', 'Node', 'React']"
JOB03255,HR Analyst,"['Data Analysis', 'Excel', 'HR Analytics', 'Power BI', 'SQL']"
JOB03256,Business Analyst,"['Business Analysis', 'Excel', 'Power BI', 'Requirements Gathering', 'SQL']"
JOB03257,DevOps Engineer,"['AWS', 'Docker', 'Jenkins', 'Kubernetes', 'Linux']"
JOB03258,QA Engineer,"['Automation Testing', 'Java', 'Python', 'SQL', 'Selenium']"
JOB03259,DevOps Engineer,"['AWS', 'Docker', 'Jenkins', 'Kubernetes', 'Linux']"
JOB03260,Business Analyst,"['Business Analysis', 'Excel', 'Power BI', 'Requirements Gathering', 'SQL']"
JOB03261,Database Administrator,"['Database', 'Database Administration', 'MySQL', 'Oracle', 'PostgreSQL', 'SQL']"
JOB03262,Data Engineer,"['AWS', 'ETL', 'Python', 'SQL', 'Spark']"
JOB03263,QA Engineer,"['Automation Testing', 'Java', 'Python', 'SQL', 'Selenium']"
JOB03264,Data Scientist,"['Machine Learning', 'Pandas', 'Python', 'SQL', 'Statistics']"
JOB03265,SQL Developer,"['Database', 'ETL', 'MySQL', 'PostgreSQL', 'SQL']"
JOB03266,DevOps Engineer,"['AWS', 'Cloud Computing', 'Docker', 'Jenkins', 'Kubernetes', 'Linux']"
JOB03267,Power BI Developer,"['DAX', 'Excel', 'Power BI', 'Power Query', 'SQL']"
JOB03268,HR Analyst,"['Data Analysis', 'Excel', 'HR Analytics', 'Oracle', 'Power BI', 'SQL']"
JOB03269,Business Analyst,"['Business Analysis', 'Excel', 'Power BI', 'Requirements Gathering', 'SQL']"
JOB03270,Cloud Engineer,"['AWS', 'Azure', 'Cloud Computing', 'Docker', 'Linux']"
JOB03271,Marketing Analyst,"['Excel', 'Marketing Analytics', 'Power BI', 'Python', 'SQL']"
JOB03272,Python Developer,"['Django', 'Flask', 'Git', 'Python', 'SQL']"
JOB03273,HR Analyst,"['Data Analysis', 'Excel', 'HR Analytics', 'Power BI', 'SQL']"
JOB03274,Cloud Engineer,"['AWS', 'Azure', 'Cloud Computing', 'Docker', 'Linux']"
JOB03275,HR Analyst,"['Data Analysis', 'Excel', 'HR Analytics', 'Power BI', 'SQL']"
JOB03276,Web Developer,"['CSS', 'Git', 'HTML', 'Java', 'JavaScript', 'Machine Learning', 'React']"
JOB03277,Python Developer,"['Django', 'Flask', 'Git', 'Python', 'SQL']"
JOB03278,Data Analyst,"['Excel', 'Power BI', 'Python', 'SQL', 'Tableau']"
JOB03279,Financial Analyst,"['Excel', 'Financial Modeling', 'Power BI', 'SQL', 'Statistics']"
JOB03280,QA Engineer,"['Automation Testing', 'Java', 'Python', 'SQL', 'Selenium']"
JOB03281,Cloud Engineer,"['AWS', 'Azure', 'Cloud Computing', 'Docker', 'Linux']"
JOB03282,DevOps Engineer,"['AWS', 'Docker', 'Jenkins', 'Kubernetes', 'Linux']"
JOB03283,HR Analyst,"['Data Analysis', 'Excel', 'HR Analytics', 'Power BI', 'SQL']"
JOB03284,Data Engineer,"['AWS', 'ETL', 'Python', 'SQL', 'Spark']"
JOB03285,Web Developer,"['CSS', 'Git', 'HTML', 'Java', 'JavaScript', 'Machine Learning', 'React']"
JOB03286,Marketing Analyst,"['Excel', 'Marketing Analytics', 'Power BI', 'Python', 'SQL']"
JOB03287,HR Analyst,"['Data Analysis', 'Excel', 'HR Analytics', 'Oracle', 'Power BI', 'SQL']"
JOB03288,Database Administrator,"['Database', 'Database Administration', 'MySQL', 'Oracle', 'PostgreSQL', 'SQL']"
JOB03289,Web Developer,"['CSS', 'Git', 'HTML', 'Java', 'JavaScript', 'Machine Learning', 'React']"
JOB03290,Web Developer,"['CSS', 'Git', 'HTML', 'Java', 'JavaScript', 'Machine Learning', 'React']"
JOB03291,Power BI Developer,"['DAX', 'Excel', 'Oracle', 'Power BI', 'Power Query', 'SQL']"
JOB03292,Financial Analyst,"['Excel', 'Financial Modeling', 'Power BI', 'SQL', 'Statistics']"
JOB03293,Financial Analyst,"['Excel', 'Financial Modeling', 'Power BI', 'SQL', 'Statistics']"
JOB03294,Marketing Analyst,"['Excel', 'Marketing Analytics', 'Power BI', 'Python', 'SQL']"
JOB03295,Power BI Developer,"['DAX', 'Excel', 'Oracle', 'Power BI', 'Power Query', 'SQL']"
JOB03296,Python Developer,"['Django', 'Flask', 'Git', 'Python', 'SQL']"
JOB03297,Database Administrator,"['Database', 'Database Administration', 'MySQL', 'Oracle', 'PostgreSQL', 'SQL']"
JOB03298,Software Engineer,"['Git', 'Java', 'Python', 'REST API', 'SQL']"
JOB03299,Data Scientist,"['Machine Learning', 'Pandas', 'Python', 'SQL', 'Statistics']"
JOB03300,Power BI Developer,"['DAX', 'Excel', 'Power BI', 'Power Query', 'SQL']"
JOB03301,Financial Analyst,"['Excel', 'Financial Modeling', 'Power BI', 'SQL', 'Statistics']"
JOB03302,QA Engineer,"['Automation Testing', 'Java', 'Python', 'SQL', 'Selenium']"
JOB03303,Data Engineer,"['AWS', 'ETL', 'Python', 'SQL', 'Spark']"
JOB03304,Data Analyst,"['Excel', 'Power BI', 'Python', 'SQL', 'Tableau']"
JOB03305,QA Engineer,"['Automation Testing', 'Java', 'Python', 'SQL', 'Selenium']"
JOB03306,Database Administrator,"['Database', 'Database Administration', 'MySQL', 'Oracle', 'PostgreSQL', 'SQL']"
JOB03307,BI Analyst,"['DAX', 'Data Visualization', 'Excel', 'Power BI', 'SQL']"
JOB03308,Data Scientist,"['Machine Learning', 'Pandas', 'Python', 'SQL', 'Statistics']"
JOB03309,Cloud Engineer,"['AWS', 'Azure', 'Cloud Computing', 'Docker', 'Linux']"
JOB03310,Web Developer,"['CSS', 'Git', 'HTML', 'Java', 'JavaScript', 'Machine Learning', 'React']"
JOB03311,Data Engineer,"['AWS', 'ETL', 'Oracle', 'Python', 'SQL', 'Spark']"
JOB03312,Web Developer,"['CSS', 'Git', 'HTML', 'Java', 'JavaScript', 'Machine Learning', 'React']"
JOB03313,Cloud Engineer,"['AWS', 'Azure', 'Cloud Computing', 'Docker', 'Linux']"
JOB03314,SQL Developer,"['Database', 'ETL', 'MySQL', 'PostgreSQL', 'SQL']"
JOB03315,Data Engineer,"['AWS', 'ETL', 'Python', 'SQL', 'Spark']"
JOB03316,Marketing Analyst,"['Cloud Computing', 'Excel', 'Marketing Analytics', 'Power BI', 'Python', 'SQL']"
JOB03317,Full Stack Developer,"['CSS', 'HTML', 'Java', 'JavaScript', 'Machine Learning', 'Node', 'React']"
JOB03318,Data Analyst,"['Excel', 'Power BI', 'Python', 'SQL', 'Tableau']"
JOB03319,HR Analyst,"['Data Analysis', 'Excel', 'HR Analytics', 'Power BI', 'SQL']"
JOB03320,Full Stack Developer,"['CSS', 'HTML', 'Java', 'JavaScript', 'Machine Learning', 'Node', 'React']"
JOB03321,Software Engineer,"['Git', 'Java', 'Python', 'REST API', 'SQL']"
JOB03322,Full Stack Developer,"['CSS', 'HTML', 'Java', 'JavaScript', 'Machine Learning', 'Node', 'React']"
JOB03323,Cloud Engineer,"['AWS', 'Azure', 'Cloud Computing', 'Docker', 'Linux']"
JOB03324,Cloud Engineer,"['AWS', 'Azure', 'Cloud Computing', 'Docker', 'Linux']"
JOB03325,DevOps Engineer,"['AWS', 'Docker', 'Jenkins', 'Kubernetes', 'Linux']"
JOB03326,Full Stack Developer,"['CSS', 'HTML', 'Java', 'JavaScript', 'Machine Learning', 'Node', 'React']"
JOB03327,Web Developer,"['CSS', 'Git', 'HTML', 'Java', 'JavaScript', 'Machine Learning', 'React']"
JOB03328,Web Developer,"['CSS', 'Git', 'HTML', 'Java', 'JavaScript', 'Machine Learning', 'React']"
JOB03329,Power BI Developer,"['DAX', 'Excel', 'Power BI', 'Power Query', 'SQL']"
JOB03330,Data Engineer,"['AWS', 'ETL', 'Python', 'SQL', 'Spark']"
JOB03331,Data Analyst,"['Excel', 'Power BI', 'Python', 'SQL', 'Tableau']"
JOB03332,Machine Learning Engineer,"['Docker', 'Machine Learning', 'Python', 'Scikit-learn', 'TensorFlow']"
JOB03333,Cloud Engineer,"['AWS', 'Azure', 'Cloud Computing', 'Docker', 'Linux']"
JOB03334,Business Analyst,"['Business Analysis', 'Excel', 'Power BI', 'Requirements Gathering', 'SQL']"
JOB03335,Software Engineer,"['Git', 'Java', 'Python', 'REST API', 'SQL']"
JOB03336,Software Engineer,"['Git', 'Java', 'Python', 'REST API', 'SQL']"
JOB03337,Data Engineer,"['AWS', 'ETL', 'Python', 'SQL', 'Spark']"
JOB03338,Data Scientist,"['Machine Learning', 'Pandas', 'Python', 'SQL', 'Statistics']"
JOB03339,BI Analyst,"['DAX', 'Data Visualization', 'Excel', 'Power BI', 'SQL']"
JOB03340,SQL Developer,"['Database', 'ETL', 'MySQL', 'PostgreSQL', 'SQL']"
JOB03341,Financial Analyst,"['Excel', 'Financial Modeling', 'Power BI', 'SQL', 'Statistics']"
JOB03342,Machine Learning Engineer,"['Docker', 'Machine Learning', 'Python', 'Scikit-learn', 'TensorFlow']"
JOB03343,Full Stack Developer,"['CSS', 'HTML', 'Java', 'JavaScript', 'Machine Learning', 'Node', 'React']"
JOB03344,Software Engineer,"['Git', 'Java', 'Python', 'REST API', 'SQL']"
JOB03345,DevOps Engineer,"['AWS', 'Docker', 'Jenkins', 'Kubernetes', 'Linux']"
JOB03346,DevOps Engineer,"['AWS', 'Docker', 'Jenkins', 'Kubernetes', 'Linux']"
JOB03347,Machine Learning Engineer,"['Docker', 'Machine Learning', 'Python', 'Scikit-learn', 'TensorFlow']"
JOB03348,Product Analyst,"['Excel', 'Oracle', 'Product Analytics', 'Python', 'SQL']"
JOB03349,Power BI Developer,"['DAX', 'Excel', 'Power BI', 'Power Query', 'SQL']"
JOB03350,Business Analyst,"['Business Analysis', 'Excel', 'Power BI', 'Requirements Gathering', 'SQL']"
JOB03351,Data Engineer,"['AWS', 'ETL', 'Python', 'SQL', 'Spark']"
JOB03352,Software Engineer,"['Git', 'Java', 'Python', 'REST API', 'SQL']"
JOB03353,Data Analyst,"['Cloud Computing', 'Excel', 'Power BI', 'Python', 'SQL', 'Tableau']"
JOB03354,Data Engineer,"['AWS', 'ETL', 'Python', 'SQL', 'Spark']"
JOB03355,DevOps Engineer,"['AWS', 'Docker', 'Jenkins', 'Kubernetes', 'Linux']"
JOB03356,Python Developer,"['Django', 'Flask', 'Git', 'Python', 'SQL']"
JOB03357,Power BI Developer,"['DAX', 'Excel', 'Power BI', 'Power Query', 'SQL']"
JOB03358,Python Developer,"['Cloud Computing', 'Django', 'Flask', 'Git', 'Python', 'SQL']"
JOB03359,QA Engineer,"['Automation Testing', 'Java', 'Python', 'SQL', 'Selenium']"
JOB03360,QA Engineer,"['Automation Testing', 'Java', 'Python', 'SQL', 'Selenium']"
JOB03361,SQL Developer,"['Database', 'ETL', 'MySQL', 'PostgreSQL', 'SQL']"
JOB03362,DevOps Engineer,"['AWS', 'Docker', 'Jenkins', 'Kubernetes', 'Linux']"
JOB03363,HR Analyst,"['Data Analysis', 'Excel', 'HR Analytics', 'Power BI', 'SQL']"
JOB03364,Financial Analyst,"['Excel', 'Financial Modeling', 'Power BI', 'SQL', 'Statistics']"
JOB03365,Product Analyst,"['Excel', 'Product Analytics', 'Python', 'SQL']"
JOB03366,Product Analyst,"['Excel', 'Product Analytics', 'Python', 'SQL']"
JOB03367,Cloud Engineer,"['AWS', 'Azure', 'Cloud Computing', 'Docker', 'Linux']"
JOB03368,BI Analyst,"['DAX', 'Data Visualization', 'Excel', 'Power BI', 'SQL']"
JOB03369,Cloud Engineer,"['AWS', 'Azure', 'Cloud Computing', 'Docker', 'Linux']"
JOB03370,Power BI Developer,"['DAX', 'Excel', 'Power BI', 'Power Query', 'SQL']"
JOB03371,Data Analyst,"['Excel', 'Power BI', 'Python', 'SQL', 'Tableau']"
JOB03372,Machine Learning Engineer,"['Docker', 'Machine Learning', 'Python', 'Scikit-learn', 'TensorFlow']"
JOB03373,Product Analyst,"['Excel', 'Product Analytics', 'Python', 'SQL']"
JOB03374,Business Analyst,"['Business Analysis', 'Excel', 'Power BI', 'Requirements Gathering', 'SQL']"
JOB03375,Data Analyst,"['Excel', 'Power BI', 'Python', 'SQL', 'Tableau']"
JOB03376,Python Developer,"['Django', 'Flask', 'Git', 'Python', 'SQL']"
JOB03377,Full Stack Developer,"['CSS', 'HTML', 'Java', 'JavaScript', 'Machine Learning', 'Node', 'React']"
JOB03378,Software Engineer,"['Git', 'Java', 'Python', 'REST API', 'SQL']"
JOB03379,Data Analyst,"['Excel', 'Power BI', 'Python', 'SQL', 'Tableau']"
JOB03380,Marketing Analyst,"['Excel', 'Marketing Analytics', 'Power BI', 'Python', 'SQL']"
JOB03381,Full Stack Developer,"['CSS', 'HTML', 'Java', 'JavaScript', 'Machine Learning', 'Node', 'React']"
JOB03382,Data Scientist,"['Machine Learning', 'Pandas', 'Python', 'SQL', 'Statistics']"
JOB03383,Database Administrator,"['Database', 'Database Administration', 'MySQL', 'Oracle', 'PostgreSQL', 'SQL']"
JOB03384,Power BI Developer,"['DAX', 'Excel', 'Power BI', 'Power Query', 'SQL']"
JOB03385,HR Analyst,"['Data Analysis', 'Excel', 'HR Analytics', 'Power BI', 'SQL']"
JOB03386,Data Analyst,"['Excel', 'Oracle', 'Power BI', 'Python', 'SQL', 'Tableau']"
JOB03387,Business Analyst,"['Business Analysis', 'Excel', 'Power BI', 'Requirements Gathering', 'SQL']"
JOB03388,Data Scientist,"['Machine Learning', 'Pandas', 'Python', 'SQL', 'Statistics']"
JOB03389,QA Engineer,"['Automation Testing', 'Java', 'Python', 'SQL', 'Selenium']"
JOB03390,Python Developer,"['Django', 'Flask', 'Git', 'Python', 'SQL']"
JOB03391,Data Analyst,"['Excel', 'Power BI', 'Python', 'SQL', 'Tableau']"
JOB03392,BI Analyst,"['DAX', 'Data Visualization', 'Excel', 'Oracle', 'Power BI', 'SQL']"
JOB03393,Marketing Analyst,"['Excel', 'Marketing Analytics', 'Power BI', 'Python', 'SQL']"
JOB03394,Power BI Developer,"['DAX', 'Excel', 'Power BI', 'Power Query', 'SQL']"
JOB03395,Marketing Analyst,"['Cloud Computing', 'Excel', 'Marketing Analytics', 'Power BI', 'Python', 'SQL']"
JOB03396,Data Analyst,"['Excel', 'Power BI', 'Python', 'SQL', 'Tableau']"
JOB03397,Web Developer,"['CSS', 'Git', 'HTML', 'Java', 'JavaScript', 'Machine Learning', 'React']"
JOB03398,Database Administrator,"['Database', 'Database Administration', 'MySQL', 'Oracle', 'PostgreSQL', 'SQL']"
JOB03399,Full Stack Developer,"['CSS', 'HTML', 'Java', 'JavaScript', 'Machine Learning', 'Node', 'React']"
JOB03400,Business Analyst,"['Business Analysis', 'Excel', 'Power BI', 'Requirements Gathering', 'SQL']"
JOB03401,BI Analyst,"['DAX', 'Data Visualization', 'Excel', 'Oracle', 'Power BI', 'SQL']"
JOB03402,QA Engineer,"['Automation Testing', 'Java', 'Python', 'SQL', 'Selenium']"
JOB03403,Database Administrator,"['Database', 'Database Administration', 'MySQL', 'Oracle', 'PostgreSQL', 'SQL']"
JOB03404,Product Analyst,"['Excel', 'Product Analytics', 'Python', 'SQL']"
JOB03405,DevOps Engineer,"['AWS', 'Docker', 'Jenkins', 'Kubernetes', 'Linux']"
JOB03406,Full Stack Developer,"['CSS', 'HTML', 'Java', 'JavaScript', 'Machine Learning', 'Node', 'React']"
JOB03407,Data Engineer,"['AWS', 'ETL', 'Python', 'SQL', 'Spark']"
JOB03408,DevOps Engineer,"['AWS', 'Docker', 'Jenkins', 'Kubernetes', 'Linux']"
JOB03409,Software Engineer,"['Git', 'Java', 'Python', 'REST API', 'SQL']"
JOB03410,Data Scientist,"['Machine Learning', 'Pandas', 'Python', 'SQL', 'Statistics']"
JOB03411,Data Analyst,"['Cloud Computing', 'Excel', 'Power BI', 'Python', 'SQL', 'Tableau']"
JOB03412,Machine Learning Engineer,"['Docker', 'Machine Learning', 'Python', 'Scikit-learn', 'TensorFlow']"
JOB03413,BI Analyst,"['DAX', 'Data Visualization', 'Excel', 'Power BI', 'SQL']"
JOB03414,QA Engineer,"['Automation Testing', 'Java', 'Python', 'SQL', 'Selenium']"
JOB03415,Cloud Engineer,"['AWS', 'Azure', 'Cloud Computing', 'Docker', 'Linux']"
JOB03416,QA Engineer,"['Automation Testing', 'Java', 'Python', 'SQL', 'Selenium']"
JOB03417,Data Engineer,"['AWS', 'ETL', 'Python', 'SQL', 'Spark']"
JOB03418,Power BI Developer,"['DAX', 'Excel', 'Power BI', 'Power Query', 'SQL']"
JOB03419,Cloud Engineer,"['AWS', 'Azure', 'Cloud Computing', 'Docker', 'Linux']"
JOB03420,Business Analyst,"['Business Analysis', 'Excel', 'Power BI', 'Requirements Gathering', 'SQL']"
JOB03421,Web Developer,"['CSS', 'Git', 'HTML', 'Java', 'JavaScript', 'Machine Learning', 'React']"
JOB03422,Full Stack Developer,"['CSS', 'HTML', 'Java', 'JavaScript', 'Machine Learning', 'Node', 'React']"
JOB03423,Full Stack Developer,"['CSS', 'HTML', 'Java', 'JavaScript', 'Machine Learning', 'Node', 'Oracle', 'React']"
JOB03424,Business Analyst,"['Business Analysis', 'Excel', 'Power BI', 'Requirements Gathering', 'SQL']"
JOB03425,Power BI Developer,"['DAX', 'Excel', 'Power BI', 'Power Query', 'SQL']"
JOB03426,HR Analyst,"['Data Analysis', 'Excel', 'HR Analytics', 'Oracle', 'Power BI', 'SQL']"
JOB03427,Software Engineer,"['Git', 'Java', 'Python', 'REST API', 'SQL']"
JOB03428,Cloud Engineer,"['AWS', 'Azure', 'Cloud Computing', 'Docker', 'Linux']"
JOB03429,Marketing Analyst,"['Excel', 'Marketing Analytics', 'Power BI', 'Python', 'SQL']"
JOB03430,Full Stack Developer,"['CSS', 'HTML', 'Java', 'JavaScript', 'Machine Learning', 'Node', 'React']"
JOB03431,Database Administrator,"['Database', 'Database Administration', 'MySQL', 'Oracle', 'PostgreSQL', 'SQL']"
JOB03432,Software Engineer,"['Git', 'Java', 'Python', 'REST API', 'SQL']"
JOB03433,SQL Developer,"['Database', 'ETL', 'MySQL', 'PostgreSQL', 'SQL']"
JOB03434,DevOps Engineer,"['AWS', 'Docker', 'Jenkins', 'Kubernetes', 'Linux']"
JOB03435,Software Engineer,"['Git', 'Java', 'Oracle', 'Python', 'REST API', 'SQL']"
JOB03436,Data Engineer,"['AWS', 'ETL', 'Python', 'SQL', 'Spark']"
JOB03437,Data Analyst,"['Excel', 'Power BI', 'Python', 'SQL', 'Tableau']"
JOB03438,Power BI Developer,"['DAX', 'Excel', 'Power BI', 'Power Query', 'SQL']"
JOB03439,Software Engineer,"['Git', 'Java', 'Python', 'REST API', 'SQL']"
JOB03440,Business Analyst,"['Business Analysis', 'Excel', 'Power BI', 'Requirements Gathering', 'SQL']"
JOB03441,Financial Analyst,"['Excel', 'Financial Modeling', 'Power BI', 'SQL', 'Statistics']"
JOB03442,BI Analyst,"['DAX', 'Data Visualization', 'Excel', 'Power BI', 'SQL']"
JOB03443,Web Developer,"['CSS', 'Git', 'HTML', 'Java', 'JavaScript', 'Machine Learning', 'React']"
JOB03444,Cloud Engineer,"['AWS', 'Azure', 'Cloud Computing', 'Docker', 'Linux']"
JOB03445,Full Stack Developer,"['CSS', 'HTML', 'Java', 'JavaScript', 'Machine Learning', 'Node', 'Oracle', 'React']"
JOB03446,QA Engineer,"['Automation Testing', 'Java', 'Python', 'SQL', 'Selenium']"
JOB03447,Cloud Engineer,"['AWS', 'Azure', 'Cloud Computing', 'Docker', 'Linux']"
JOB03448,Database Administrator,"['Database', 'Database Administration', 'MySQL', 'Oracle', 'PostgreSQL', 'SQL']"
JOB03449,Data Engineer,"['AWS', 'ETL', 'Python', 'SQL', 'Spark']"
JOB03450,Power BI Developer,"['DAX', 'Excel', 'Power BI', 'Power Query', 'SQL']"
JOB03451,Database Administrator,"['Database', 'Database Administration', 'MySQL', 'Oracle', 'PostgreSQL', 'SQL']"
JOB03452,Data Analyst,"['Cloud Computing', 'Excel', 'Power BI', 'Python', 'SQL', 'Tableau']"
JOB03453,QA Engineer,"['Automation Testing', 'Java', 'Python', 'SQL', 'Selenium']"
JOB03454,Database Administrator,"['Database', 'Database Administration', 'MySQL', 'Oracle', 'PostgreSQL', 'SQL']"
JOB03455,Software Engineer,"['Git', 'Java', 'Python', 'REST API', 'SQL']"
JOB03456,Product Analyst,"['Excel', 'Product Analytics', 'Python', 'SQL']"
JOB03457,SQL Developer,"['Database', 'ETL', 'MySQL', 'PostgreSQL', 'SQL']"
JOB03458,Power BI Developer,"['DAX', 'Excel', 'Power BI', 'Power Query', 'SQL']"
JOB03459,Full Stack Developer,"['CSS', 'HTML', 'Java', 'JavaScript', 'Machine Learning', 'Node', 'React']"
JOB03460,Software Engineer,"['Git', 'Java', 'Python', 'REST API', 'SQL']"
JOB03461,Data Engineer,"['AWS', 'Cloud Computing', 'ETL', 'Python', 'SQL', 'Spark']"
JOB03462,Database Administrator,"['Database', 'Database Administration', 'MySQL', 'Oracle', 'PostgreSQL', 'SQL']"
JOB03463,Cloud Engineer,"['AWS', 'Azure', 'Cloud Computing', 'Docker', 'Linux']"
JOB03464,Financial Analyst,"['Excel', 'Financial Modeling', 'Power BI', 'SQL', 'Statistics']"
JOB03465,Data Analyst,"['Excel', 'Power BI', 'Python', 'SQL', 'Tableau']"
JOB03466,Marketing Analyst,"['Excel', 'Marketing Analytics', 'Power BI', 'Python', 'SQL']"
JOB03467,BI Analyst,"['DAX', 'Data Visualization', 'Excel', 'Power BI', 'SQL']"
JOB03468,Cloud Engineer,"['AWS', 'Azure', 'Cloud Computing', 'Docker', 'Linux']"
JOB03469,Software Engineer,"['Git', 'Java', 'Python', 'REST API', 'SQL']"
JOB03470,Database Administrator,"['Database', 'Database Administration', 'MySQL', 'Oracle', 'PostgreSQL', 'SQL']"
JOB03471,Web Developer,"['CSS', 'Git', 'HTML', 'Java', 'JavaScript', 'Machine Learning', 'React']"
JOB03472,SQL Developer,"['Database', 'ETL', 'MySQL', 'PostgreSQL', 'SQL']"
JOB03473,Business Analyst,"['Business Analysis', 'Excel', 'Power BI', 'Requirements Gathering', 'SQL']"
JOB03474,Data Scientist,"['Machine Learning', 'Pandas', 'Python', 'SQL', 'Statistics']"
JOB03475,Full Stack Developer,"['CSS', 'HTML', 'Java', 'JavaScript', 'Machine Learning', 'Node', 'Oracle', 'React']"
JOB03476,Database Administrator,"['Database', 'Database Administration', 'MySQL', 'Oracle', 'PostgreSQL', 'SQL']"
JOB03477,Full Stack Developer,"['CSS', 'HTML', 'Java', 'JavaScript', 'Machine Learning', 'Node', 'React']"
JOB03478,SQL Developer,"['Database', 'ETL', 'MySQL', 'PostgreSQL', 'SQL']"
JOB03479,QA Engineer,"['Automation Testing', 'Java', 'Python', 'SQL', 'Selenium']"
JOB03480,Database Administrator,"['Database', 'Database Administration', 'MySQL', 'Oracle', 'PostgreSQL', 'SQL']"
JOB03481,Data Analyst,"['Excel', 'Power BI', 'Python', 'SQL', 'Tableau']"
JOB03482,Web Developer,"['CSS', 'Cloud Computing', 'Git', 'HTML', 'Java', 'JavaScript', 'Machine Learning', 'React']"
JOB03483,Full Stack Developer,"['CSS', 'HTML', 'Java', 'JavaScript', 'Machine Learning', 'Node', 'React']"
JOB03484,Machine Learning Engineer,"['Docker', 'Machine Learning', 'Python', 'Scikit-learn', 'TensorFlow']"
JOB03485,Product Analyst,"['Excel', 'Product Analytics', 'Python', 'SQL']"
JOB03486,Data Scientist,"['Machine Learning', 'Pandas', 'Python', 'SQL', 'Statistics']"
JOB03487,SQL Developer,"['Database', 'ETL', 'MySQL', 'PostgreSQL', 'SQL']"
JOB03488,Marketing Analyst,"['Excel', 'Marketing Analytics', 'Power BI', 'Python', 'SQL']"
JOB03489,Python Developer,"['Django', 'Flask', 'Git', 'Python', 'SQL']"
JOB03490,Product Analyst,"['Excel', 'Product Analytics', 'Python', 'SQL']"
JOB03491,Financial Analyst,"['Excel', 'Financial Modeling', 'Power BI', 'SQL', 'Statistics']"
JOB03492,Data Analyst,"['Excel', 'Power BI', 'Python', 'SQL', 'Tableau']"
JOB03493,BI Analyst,"['Cloud Computing', 'DAX', 'Data Visualization', 'Excel', 'Power BI', 'SQL']"
JOB03494,DevOps Engineer,"['AWS', 'Docker', 'Jenkins', 'Kubernetes', 'Linux']"
JOB03495,Data Engineer,"['AWS', 'ETL', 'Python', 'SQL', 'Spark']"
JOB03496,Software Engineer,"['Git', 'Java', 'Python', 'REST API', 'SQL']"
JOB03497,Full Stack Developer,"['CSS', 'HTML', 'Java', 'JavaScript', 'Machine Learning', 'Node', 'React']"
JOB03498,QA Engineer,"['Automation Testing', 'Java', 'Python', 'SQL', 'Selenium']"
JOB03499,Business Analyst,"['Business Analysis', 'Excel', 'Power BI', 'Requirements Gathering', 'SQL']"
JOB03500,Data Scientist,"['Machine Learning', 'Pandas', 'Python', 'SQL', 'Statistics']"
JOB03501,Product Analyst,"['Excel', 'Product Analytics', 'Python', 'SQL']"
JOB03502,BI Analyst,"['DAX', 'Data Visualization', 'Excel', 'Power BI', 'SQL']"
JOB03503,BI Analyst,"['DAX', 'Data Visualization', 'Excel', 'Power BI', 'SQL']"
JOB03504,Marketing Analyst,"['Excel', 'Marketing Analytics', 'Power BI', 'Python', 'SQL']"
JOB03505,Software Engineer,"['Git', 'Java', 'Python', 'REST API', 'SQL']"
JOB03506,QA Engineer,"['Automation Testing', 'Java', 'Python', 'SQL', 'Selenium']"
JOB03507,Database Administrator,"['Cloud Computing', 'Database', 'Database Administration', 'MySQL', 'Oracle', 'PostgreSQL', 'SQL']"
JOB03508,Machine Learning Engineer,"['Docker', 'Machine Learning', 'Python', 'Scikit-learn', 'TensorFlow']"
JOB03509,Power BI Developer,"['DAX', 'Excel', 'Power BI', 'Power Query', 'SQL']"
JOB03510,Web Developer,"['CSS', 'Git', 'HTML', 'Java', 'JavaScript', 'Machine Learning', 'Oracle', 'React']"
JOB03511,Web Developer,"['CSS', 'Git', 'HTML', 'Java', 'JavaScript', 'Machine Learning', 'React']"
JOB03512,Full Stack Developer,"['CSS', 'HTML', 'Java', 'JavaScript', 'Machine Learning', 'Node', 'React']"
JOB03513,Financial Analyst,"['Excel', 'Financial Modeling', 'Power BI', 'SQL', 'Statistics']"
JOB03514,SQL Developer,"['Database', 'ETL', 'MySQL', 'PostgreSQL', 'SQL']"
JOB03515,Machine Learning Engineer,"['Docker', 'Machine Learning', 'Python', 'Scikit-learn', 'TensorFlow']"
JOB03516,Business Analyst,"['Business Analysis', 'Excel', 'Power BI', 'Requirements Gathering', 'SQL']"
JOB03517,Marketing Analyst,"['Excel', 'Marketing Analytics', 'Oracle', 'Power BI', 'Python', 'SQL']"
JOB03518,Cloud Engineer,"['AWS', 'Azure', 'Cloud Computing', 'Docker', 'Linux']"
JOB03519,DevOps Engineer,"['AWS', 'Cloud Computing', 'Docker', 'Jenkins', 'Kubernetes', 'Linux']"
JOB03520,Database Administrator,"['Database', 'Database Administration', 'MySQL', 'Oracle', 'PostgreSQL', 'SQL']"
JOB03521,Power BI Developer,"['DAX', 'Excel', 'Power BI', 'Power Query', 'SQL']"
JOB03522,HR Analyst,"['Data Analysis', 'Excel', 'HR Analytics', 'Power BI', 'SQL']"
JOB03523,Cloud Engineer,"['AWS', 'Azure', 'Cloud Computing', 'Docker', 'Linux']"
JOB03524,QA Engineer,"['Automation Testing', 'Java', 'Python', 'SQL', 'Selenium']"
JOB03525,Data Scientist,"['Machine Learning', 'Pandas', 'Python', 'SQL', 'Statistics']"
JOB03526,Financial Analyst,"['Excel', 'Financial Modeling', 'Power BI', 'SQL', 'Statistics']"
JOB03527,BI Analyst,"['DAX', 'Data Visualization', 'Excel', 'Power BI', 'SQL']"
JOB03528,Web Developer,"['CSS', 'Git', 'HTML', 'Java', 'JavaScript', 'Machine Learning', 'React']"
JOB03529,Software Engineer,"['Git', 'Java', 'Python', 'REST API', 'SQL']"
JOB03530,Python Developer,"['Django', 'Flask', 'Git', 'Python', 'SQL']"
JOB03531,Data Scientist,"['Machine Learning', 'Pandas', 'Python', 'SQL', 'Statistics']"
JOB03532,Power BI Developer,"['DAX', 'Excel', 'Power BI', 'Power Query', 'SQL']"
JOB03533,Cloud Engineer,"['AWS', 'Azure', 'Cloud Computing', 'Docker', 'Linux']"
JOB03534,Data Scientist,"['Machine Learning', 'Oracle', 'Pandas', 'Python', 'SQL', 'Statistics']"
JOB03535,Data Analyst,"['Excel', 'Power BI', 'Python', 'SQL', 'Tableau']"
JOB03536,Power BI Developer,"['DAX', 'Excel', 'Power BI', 'Power Query', 'SQL']"
JOB03537,DevOps Engineer,"['AWS', 'Docker', 'Jenkins', 'Kubernetes', 'Linux']"
JOB03538,Product Analyst,"['Excel', 'Product Analytics', 'Python', 'SQL']"
JOB03539,QA Engineer,"['Automation Testing', 'Java', 'Python', 'SQL', 'Selenium']"
JOB03540,Software Engineer,"['Git', 'Java', 'Python', 'REST API', 'SQL']"
JOB03541,Python Developer,"['Django', 'Flask', 'Git', 'Python', 'SQL']"
JOB03542,Machine Learning Engineer,"['Docker', 'Machine Learning', 'Python', 'Scikit-learn', 'TensorFlow']"
JOB03543,Data Analyst,"['Excel', 'Power BI', 'Python', 'SQL', 'Tableau']"
JOB03544,Software Engineer,"['Git', 'Java', 'Python', 'REST API', 'SQL']"
JOB03545,HR Analyst,"['Data Analysis', 'Excel', 'HR Analytics', 'Power BI', 'SQL']"
JOB03546,Machine Learning Engineer,"['Docker', 'Machine Learning', 'Oracle', 'Python', 'Scikit-learn', 'TensorFlow']"
JOB03547,DevOps Engineer,"['AWS', 'Docker', 'Jenkins', 'Kubernetes', 'Linux']"
JOB03548,Full Stack Developer,"['CSS', 'HTML', 'Java', 'JavaScript', 'Machine Learning', 'Node', 'React']"
JOB03549,Power BI Developer,"['DAX', 'Excel', 'Power BI', 'Power Query', 'SQL']"
JOB03550,Product Analyst,"['Excel', 'Product Analytics', 'Python', 'SQL']"
JOB03551,QA Engineer,"['Automation Testing', 'Java', 'Python', 'SQL', 'Selenium']"
JOB03552,BI Analyst,"['DAX', 'Data Visualization', 'Excel', 'Power BI', 'SQL']"
JOB03553,Power BI Developer,"['DAX', 'Excel', 'Power BI', 'Power Query', 'SQL']"
JOB03554,Product Analyst,"['Excel', 'Product Analytics', 'Python', 'SQL']"
JOB03555,SQL Developer,"['Database', 'ETL', 'MySQL', 'PostgreSQL', 'SQL']"
JOB03556,Financial Analyst,"['Excel', 'Financial Modeling', 'Power BI', 'SQL', 'Statistics']"
JOB03557,DevOps Engineer,"['AWS', 'Docker', 'Jenkins', 'Kubernetes', 'Linux', 'Oracle']"
JOB03558,Cloud Engineer,"['AWS', 'Azure', 'Cloud Computing', 'Docker', 'Linux']"
JOB03559,Software Engineer,"['Git', 'Java', 'Python', 'REST API', 'SQL']"
JOB03560,QA Engineer,"['Automation Testing', 'Java', 'Python', 'SQL', 'Selenium']"
JOB03561,QA Engineer,"['Automation Testing', 'Java', 'Python', 'SQL', 'Selenium']"
JOB03562,Data Engineer,"['AWS', 'ETL', 'Python', 'SQL', 'Spark']"
JOB03563,Business Analyst,"['Business Analysis', 'Excel', 'Power BI', 'Requirements Gathering', 'SQL']"
JOB03564,SQL Developer,"['Database', 'ETL', 'MySQL', 'PostgreSQL', 'SQL']"
JOB03565,Data Engineer,"['AWS', 'ETL', 'Oracle', 'Python', 'SQL', 'Spark']"
JOB03566,Product Analyst,"['Cloud Computing', 'Excel', 'Product Analytics', 'Python', 'SQL']"
JOB03567,Marketing Analyst,"['Excel', 'Marketing Analytics', 'Power BI', 'Python', 'SQL']"
JOB03568,Data Engineer,"['AWS', 'ETL', 'Python', 'SQL', 'Spark']"
JOB03569,Web Developer,"['CSS', 'Cloud Computing', 'Git', 'HTML', 'Java', 'JavaScript', 'Machine Learning', 'React']"
JOB03570,Business Analyst,"['Business Analysis', 'Excel', 'Power BI', 'Requirements Gathering', 'SQL']"
JOB03571,Database Administrator,"['Database', 'Database Administration', 'MySQL', 'Oracle', 'PostgreSQL', 'SQL']"
JOB03572,DevOps Engineer,"['AWS', 'Docker', 'Jenkins', 'Kubernetes', 'Linux']"
JOB03573,Financial Analyst,"['Excel', 'Financial Modeling', 'Power BI', 'SQL', 'Statistics']"
JOB03574,Data Analyst,"['Excel', 'Power BI', 'Python', 'SQL', 'Tableau']"
JOB03575,Software Engineer,"['Git', 'Java', 'Python', 'REST API', 'SQL']"
JOB03576,Web Developer,"['CSS', 'Git', 'HTML', 'Java', 'JavaScript', 'Machine Learning', 'React']"
JOB03577,Power BI Developer,"['DAX', 'Excel', 'Power BI', 'Power Query', 'SQL']"
JOB03578,SQL Developer,"['Database', 'ETL', 'MySQL', 'PostgreSQL', 'SQL']"
JOB03579,SQL Developer,"['Database', 'ETL', 'MySQL', 'PostgreSQL', 'SQL']"
JOB03580,Machine Learning Engineer,"['Docker', 'Machine Learning', 'Python', 'Scikit-learn', 'TensorFlow']"
JOB03581,DevOps Engineer,"['AWS', 'Docker', 'Jenkins', 'Kubernetes', 'Linux']"
JOB03582,DevOps Engineer,"['AWS', 'Docker', 'Jenkins', 'Kubernetes', 'Linux']"
JOB03583,QA Engineer,"['Automation Testing', 'Java', 'Python', 'SQL', 'Selenium']"
JOB03584,QA Engineer,"['Automation Testing', 'Java', 'Python', 'SQL', 'Selenium']"
JOB03585,Cloud Engineer,"['AWS', 'Azure', 'Cloud Computing', 'Docker', 'Linux']"
JOB03586,Power BI Developer,"['Cloud Computing', 'DAX', 'Excel', 'Power BI', 'Power Query', 'SQL']"
JOB03587,QA Engineer,"['Automation Testing', 'Cloud Computing', 'Java', 'Python', 'SQL', 'Selenium']"
JOB03588,Marketing Analyst,"['Excel', 'Marketing Analytics', 'Power BI', 'Python', 'SQL']"
JOB03589,Financial Analyst,"['Excel', 'Financial Modeling', 'Power BI', 'SQL', 'Statistics']"
JOB03590,HR Analyst,"['Data Analysis', 'Excel', 'HR Analytics', 'Power BI', 'SQL']"
JOB03591,Database Administrator,"['Database', 'Database Administration', 'MySQL', 'Oracle', 'PostgreSQL', 'SQL']"
JOB03592,Web Developer,"['CSS', 'Git', 'HTML', 'Java', 'JavaScript', 'Machine Learning', 'React']"
JOB03593,DevOps Engineer,"['AWS', 'Docker', 'Jenkins', 'Kubernetes', 'Linux']"
JOB03594,Data Engineer,"['AWS', 'ETL', 'Python', 'SQL', 'Spark']"
JOB03595,DevOps Engineer,"['AWS', 'Docker', 'Jenkins', 'Kubernetes', 'Linux']"
JOB03596,Data Engineer,"['AWS', 'ETL', 'Python', 'SQL', 'Spark']"
JOB03597,QA Engineer,"['Automation Testing', 'Java', 'Python', 'SQL', 'Selenium']"
JOB03598,BI Analyst,"['DAX', 'Data Visualization', 'Excel', 'Power BI', 'SQL']"
JOB03599,HR Analyst,"['Cloud Computing', 'Data Analysis', 'Excel', 'HR Analytics', 'Power BI', 'SQL']"
JOB03600,Software Engineer,"['Git', 'Java', 'Python', 'REST API', 'SQL']"
JOB03601,Cloud Engineer,"['AWS', 'Azure', 'Cloud Computing', 'Docker', 'Linux']"
JOB03602,Power BI Developer,"['DAX', 'Excel', 'Power BI', 'Power Query', 'SQL']"
JOB03603,Power BI Developer,"['DAX', 'Excel', 'Power BI', 'Power Query', 'SQL']"
JOB03604,Cloud Engineer,"['AWS', 'Azure', 'Cloud Computing', 'Docker', 'Linux']"
JOB03605,BI Analyst,"['DAX', 'Data Visualization', 'Excel', 'Power BI', 'SQL']"
JOB03606,QA Engineer,"['Automation Testing', 'Java', 'Python', 'SQL', 'Selenium']"
JOB03607,Marketing Analyst,"['Cloud Computing', 'Excel', 'Marketing Analytics', 'Power BI', 'Python', 'SQL']"
JOB03608,DevOps Engineer,"['AWS', 'Docker', 'Jenkins', 'Kubernetes', 'Linux']"
JOB03609,Data Engineer,"['AWS', 'ETL', 'Python', 'SQL', 'Spark']"
JOB03610,Business Analyst,"['Business Analysis', 'Excel', 'Power BI', 'Requirements Gathering', 'SQL']"
JOB03611,Machine Learning Engineer,"['Docker', 'Machine Learning', 'Python', 'Scikit-learn', 'TensorFlow']"
JOB03612,Data Scientist,"['Machine Learning', 'Pandas', 'Python', 'SQL', 'Statistics']"
JOB03613,Data Engineer,"['AWS', 'ETL', 'Oracle', 'Python', 'SQL', 'Spark']"
JOB03614,DevOps Engineer,"['AWS', 'Docker', 'Jenkins', 'Kubernetes', 'Linux']"
JOB03615,Data Scientist,"['Machine Learning', 'Pandas', 'Python', 'SQL', 'Statistics']"
JOB03616,Product Analyst,"['Cloud Computing', 'Excel', 'Product Analytics', 'Python', 'SQL']"
JOB03617,Data Analyst,"['Excel', 'Power BI', 'Python', 'SQL', 'Tableau']"
JOB03618,Marketing Analyst,"['Excel', 'Marketing Analytics', 'Power BI', 'Python', 'SQL']"
JOB03619,Data Scientist,"['Machine Learning', 'Pandas', 'Python', 'SQL', 'Statistics']"
JOB03620,SQL Developer,"['Database', 'ETL', 'MySQL', 'PostgreSQL', 'SQL']"
JOB03621,SQL Developer,"['Database', 'ETL', 'MySQL', 'PostgreSQL', 'SQL']"
JOB03622,QA Engineer,"['Automation Testing', 'Java', 'Python', 'SQL', 'Selenium']"
JOB03623,Business Analyst,"['Business Analysis', 'Cloud Computing', 'Excel', 'Power BI', 'Requirements Gathering', 'SQL']"
JOB03624,SQL Developer,"['Database', 'ETL', 'MySQL', 'PostgreSQL', 'SQL']"
JOB03625,DevOps Engineer,"['AWS', 'Docker', 'Jenkins', 'Kubernetes', 'Linux']"
JOB03626,Machine Learning Engineer,"['Docker', 'Machine Learning', 'Python', 'Scikit-learn', 'TensorFlow']"
JOB03627,Financial Analyst,"['Cloud Computing', 'Excel', 'Financial Modeling', 'Power BI', 'SQL', 'Statistics']"
JOB03628,Financial Analyst,"['Excel', 'Financial Modeling', 'Power BI', 'SQL', 'Statistics']"
JOB03629,Business Analyst,"['Business Analysis', 'Excel', 'Oracle', 'Power BI', 'Requirements Gathering', 'SQL']"
JOB03630,Python Developer,"['Django', 'Flask', 'Git', 'Python', 'SQL']"
JOB03631,Data Scientist,"['Machine Learning', 'Pandas', 'Python', 'SQL', 'Statistics']"
JOB03632,Full Stack Developer,"['CSS', 'HTML', 'Java', 'JavaScript', 'Machine Learning', 'Node', 'React']"
JOB03633,BI Analyst,"['DAX', 'Data Visualization', 'Excel', 'Power BI', 'SQL']"
JOB03634,Data Scientist,"['Machine Learning', 'Pandas', 'Python', 'SQL', 'Statistics']"
JOB03635,HR Analyst,"['Data Analysis', 'Excel', 'HR Analytics', 'Power BI', 'SQL']"
JOB03636,Data Engineer,"['AWS', 'ETL', 'Python', 'SQL', 'Spark']"
JOB03637,BI Analyst,"['DAX', 'Data Visualization', 'Excel', 'Power BI', 'SQL']"
JOB03638,SQL Developer,"['Database', 'ETL', 'MySQL', 'PostgreSQL', 'SQL']"
JOB03639,Data Scientist,"['Machine Learning', 'Pandas', 'Python', 'SQL', 'Statistics']"
JOB03640,Power BI Developer,"['DAX', 'Excel', 'Power BI', 'Power Query', 'SQL']"
JOB03641,Business Analyst,"['Business Analysis', 'Cloud Computing', 'Excel', 'Power BI', 'Requirements Gathering', 'SQL']"
JOB03642,Marketing Analyst,"['Excel', 'Marketing Analytics', 'Power BI', 'Python', 'SQL']"
JOB03643,Machine Learning Engineer,"['Docker', 'Machine Learning', 'Python', 'Scikit-learn', 'TensorFlow']"
JOB03644,Machine Learning Engineer,"['Docker', 'Machine Learning', 'Oracle', 'Python', 'Scikit-learn', 'TensorFlow']"
JOB03645,Python Developer,"['Django', 'Flask', 'Git', 'Python', 'SQL']"
JOB03646,Software Engineer,"['Git', 'Java', 'Python', 'REST API', 'SQL']"
JOB03647,DevOps Engineer,"['AWS', 'Docker', 'Jenkins', 'Kubernetes', 'Linux']"
JOB03648,BI Analyst,"['DAX', 'Data Visualization', 'Excel', 'Power BI', 'SQL']"
JOB03649,Data Scientist,"['Machine Learning', 'Pandas', 'Python', 'SQL', 'Statistics']"
JOB03650,Web Developer,"['CSS', 'Git', 'HTML', 'Java', 'JavaScript', 'Machine Learning', 'React']"
JOB03651,Data Analyst,"['Excel', 'Power BI', 'Python', 'SQL', 'Tableau']"
JOB03652,Data Analyst,"['Excel', 'Power BI', 'Python', 'SQL', 'Tableau']"
JOB03653,Full Stack Developer,"['CSS', 'HTML', 'Java', 'JavaScript', 'Machine Learning', 'Node', 'React']"
JOB03654,Data Scientist,"['Machine Learning', 'Pandas', 'Python', 'SQL', 'Statistics']"
JOB03655,Web Developer,"['CSS', 'Git', 'HTML', 'Java', 'JavaScript', 'Machine Learning', 'React']"
JOB03656,Cloud Engineer,"['AWS', 'Azure', 'Cloud Computing', 'Docker', 'Linux']"
JOB03657,Product Analyst,"['Excel', 'Product Analytics', 'Python', 'SQL']"
JOB03658,Web Developer,"['CSS', 'Git', 'HTML', 'Java', 'JavaScript', 'Machine Learning', 'React']"
JOB03659,HR Analyst,"['Data Analysis', 'Excel', 'HR Analytics', 'Power BI', 'SQL']"
JOB03660,Full Stack Developer,"['CSS', 'HTML', 'Java', 'JavaScript', 'Machine Learning', 'Node', 'React']"
JOB03661,Database Administrator,"['Database', 'Database Administration', 'MySQL', 'Oracle', 'PostgreSQL', 'SQL']"
JOB03662,Data Analyst,"['Excel', 'Power BI', 'Python', 'SQL', 'Tableau']"
JOB03663,QA Engineer,"['Automation Testing', 'Java', 'Python', 'SQL', 'Selenium']"
JOB03664,Data Analyst,"['Excel', 'Power BI', 'Python', 'SQL', 'Tableau']"
JOB03665,Web Developer,"['CSS', 'Git', 'HTML', 'Java', 'JavaScript', 'Machine Learning', 'React']"
JOB03666,Power BI Developer,"['DAX', 'Excel', 'Power BI', 'Power Query', 'SQL']"
JOB03667,Product Analyst,"['Cloud Computing', 'Excel', 'Product Analytics', 'Python', 'SQL']"
JOB03668,Web Developer,"['CSS', 'Git', 'HTML', 'Java', 'JavaScript', 'Machine Learning', 'React']"
JOB03669,Full Stack Developer,"['CSS', 'HTML', 'Java', 'JavaScript', 'Machine Learning', 'Node', 'React']"
JOB03670,HR Analyst,"['Data Analysis', 'Excel', 'HR Analytics', 'Oracle', 'Power BI', 'SQL']"
JOB03671,Python Developer,"['Django', 'Flask', 'Git', 'Python', 'SQL']"
JOB03672,Marketing Analyst,"['Excel', 'Marketing Analytics', 'Power BI', 'Python', 'SQL']"
JOB03673,DevOps Engineer,"['AWS', 'Docker', 'Jenkins', 'Kubernetes', 'Linux']"
JOB03674,Database Administrator,"['Database', 'Database Administration', 'MySQL', 'Oracle', 'PostgreSQL', 'SQL']"
JOB03675,Power BI Developer,"['DAX', 'Excel', 'Power BI', 'Power Query', 'SQL']"
JOB03676,Cloud Engineer,"['AWS', 'Azure', 'Cloud Computing', 'Docker', 'Linux']"
JOB03677,Software Engineer,"['Git', 'Java', 'Python', 'REST API', 'SQL']"
JOB03678,Web Developer,"['CSS', 'Cloud Computing', 'Git', 'HTML', 'Java', 'JavaScript', 'Machine Learning', 'React']"
JOB03679,Cloud Engineer,"['AWS', 'Azure', 'Cloud Computing', 'Docker', 'Linux']"
JOB03680,Full Stack Developer,"['CSS', 'HTML', 'Java', 'JavaScript', 'Machine Learning', 'Node', 'React']"
JOB03681,Python Developer,"['Django', 'Flask', 'Git', 'Python', 'SQL']"
JOB03682,HR Analyst,"['Data Analysis', 'Excel', 'HR Analytics', 'Power BI', 'SQL']"
JOB03683,QA Engineer,"['Automation Testing', 'Java', 'Python', 'SQL', 'Selenium']"
JOB03684,Power BI Developer,"['DAX', 'Excel', 'Power BI', 'Power Query', 'SQL']"
JOB03685,QA Engineer,"['Automation Testing', 'Java', 'Python', 'SQL', 'Selenium']"
JOB03686,Software Engineer,"['Git', 'Java', 'Python', 'REST API', 'SQL']"
JOB03687,Web Developer,"['CSS', 'Git', 'HTML', 'Java', 'JavaScript', 'Machine Learning', 'React']"
JOB03688,Data Scientist,"['Machine Learning', 'Pandas', 'Python', 'SQL', 'Statistics']"
JOB03689,Data Engineer,"['AWS', 'ETL', 'Python', 'SQL', 'Spark']"
JOB03690,Financial Analyst,"['Cloud Computing', 'Excel', 'Financial Modeling', 'Power BI', 'SQL', 'Statistics']"
JOB03691,QA Engineer,"['Automation Testing', 'Java', 'Python', 'SQL', 'Selenium']"
JOB03692,SQL Developer,"['Database', 'ETL', 'MySQL', 'PostgreSQL', 'SQL']"
JOB03693,HR Analyst,"['Data Analysis', 'Excel', 'HR Analytics', 'Power BI', 'SQL']"
JOB03694,HR Analyst,"['Data Analysis', 'Excel', 'HR Analytics', 'Power BI', 'SQL']"
JOB03695,Full Stack Developer,"['CSS', 'HTML', 'Java', 'JavaScript', 'Machine Learning', 'Node', 'React']"
JOB03696,Financial Analyst,"['Excel', 'Financial Modeling', 'Power BI', 'SQL', 'Statistics']"
JOB03697,Financial Analyst,"['Excel', 'Financial Modeling', 'Power BI', 'SQL', 'Statistics']"
JOB03698,Database Administrator,"['Database', 'Database Administration', 'MySQL', 'Oracle', 'PostgreSQL', 'SQL']"
JOB03699,Software Engineer,"['Git', 'Java', 'Python', 'REST API', 'SQL']"
JOB03700,Product Analyst,"['Excel', 'Product Analytics', 'Python', 'SQL']"
JOB03701,SQL Developer,"['Database', 'ETL', 'MySQL', 'PostgreSQL', 'SQL']"
JOB03702,Machine Learning Engineer,"['Docker', 'Machine Learning', 'Python', 'Scikit-learn', 'TensorFlow']"
JOB03703,Marketing Analyst,"['Excel', 'Marketing Analytics', 'Power BI', 'Python', 'SQL']"
JOB03704,Data Scientist,"['Cloud Computing', 'Machine Learning', 'Pandas', 'Python', 'SQL', 'Statistics']"
JOB03705,Business Analyst,"['Business Analysis', 'Excel', 'Power BI', 'Requirements Gathering', 'SQL']"
JOB03706,Web Developer,"['CSS', 'Cloud Computing', 'Git', 'HTML', 'Java', 'JavaScript', 'Machine Learning', 'React']"
JOB03707,Power BI Developer,"['DAX', 'Excel', 'Power BI', 'Power Query', 'SQL']"
JOB03708,Product Analyst,"['Excel', 'Product Analytics', 'Python', 'SQL']"
JOB03709,Database Administrator,"['Database', 'Database Administration', 'MySQL', 'Oracle', 'PostgreSQL', 'SQL']"
JOB03710,Cloud Engineer,"['AWS', 'Azure', 'Cloud Computing', 'Docker', 'Linux']"
JOB03711,Power BI Developer,"['DAX', 'Excel', 'Power BI', 'Power Query', 'SQL']"
JOB03712,Software Engineer,"['Git', 'Java', 'Oracle', 'Python', 'REST API', 'SQL']"
JOB03713,Financial Analyst,"['Excel', 'Financial Modeling', 'Power BI', 'SQL', 'Statistics']"
JOB03714,Data Engineer,"['AWS', 'ETL', 'Python', 'SQL', 'Spark']"
JOB03715,Python Developer,"['Django', 'Flask', 'Git', 'Python', 'SQL']"
JOB03716,DevOps Engineer,"['AWS', 'Docker', 'Jenkins', 'Kubernetes', 'Linux']"
JOB03717,QA Engineer,"['Automation Testing', 'Java', 'Python', 'SQL', 'Selenium']"
JOB03718,Business Analyst,"['Business Analysis', 'Excel', 'Power BI', 'Requirements Gathering', 'SQL']"
JOB03719,Python Developer,"['Django', 'Flask', 'Git', 'Python', 'SQL']"
JOB03720,QA Engineer,"['Automation Testing', 'Java', 'Python', 'SQL', 'Selenium']"
JOB03721,DevOps Engineer,"['AWS', 'Docker', 'Jenkins', 'Kubernetes', 'Linux']"
JOB03722,DevOps Engineer,"['AWS', 'Docker', 'Jenkins', 'Kubernetes', 'Linux', 'Oracle']"
JOB03723,Financial Analyst,"['Excel', 'Financial Modeling', 'Power BI', 'SQL', 'Statistics']"
JOB03724,Business Analyst,"['Business Analysis', 'Excel', 'Power BI', 'Requirements Gathering', 'SQL']"
JOB03725,HR Analyst,"['Data Analysis', 'Excel', 'HR Analytics', 'Power BI', 'SQL']"
JOB03726,Business Analyst,"['Business Analysis', 'Excel', 'Power BI', 'Requirements Gathering', 'SQL']"
JOB03727,Financial Analyst,"['Excel', 'Financial Modeling', 'Power BI', 'SQL', 'Statistics']"
JOB03728,Web Developer,"['CSS', 'Git', 'HTML', 'Java', 'JavaScript', 'Machine Learning', 'React']"
JOB03729,Data Scientist,"['Machine Learning', 'Pandas', 'Python', 'SQL', 'Statistics']"
JOB03730,Marketing Analyst,"['Excel', 'Marketing Analytics', 'Power BI', 'Python', 'SQL']"
JOB03731,Data Engineer,"['AWS', 'ETL', 'Python', 'SQL', 'Spark']"
JOB03732,Product Analyst,"['Excel', 'Product Analytics', 'Python', 'SQL']"
JOB03733,Power BI Developer,"['DAX', 'Excel', 'Power BI', 'Power Query', 'SQL']"
JOB03734,Data Engineer,"['AWS', 'ETL', 'Python', 'SQL', 'Spark']"
JOB03735,QA Engineer,"['Automation Testing', 'Java', 'Python', 'SQL', 'Selenium']"
JOB03736,Data Scientist,"['Machine Learning', 'Pandas', 'Python', 'SQL', 'Statistics']"
JOB03737,Data Scientist,"['Machine Learning', 'Pandas', 'Python', 'SQL', 'Statistics']"
JOB03738,BI Analyst,"['DAX', 'Data Visualization', 'Excel', 'Power BI', 'SQL']"
JOB03739,DevOps Engineer,"['AWS', 'Docker', 'Jenkins', 'Kubernetes', 'Linux']"
JOB03740,Web Developer,"['CSS', 'Cloud Computing', 'Git', 'HTML', 'Java', 'JavaScript', 'Machine Learning', 'React']"
JOB03741,Database Administrator,"['Database', 'Database Administration', 'MySQL', 'Oracle', 'PostgreSQL', 'SQL']"
JOB03742,HR Analyst,"['Data Analysis', 'Excel', 'HR Analytics', 'Power BI', 'SQL']"
JOB03743,Machine Learning Engineer,"['Docker', 'Machine Learning', 'Python', 'Scikit-learn', 'TensorFlow']"
JOB03744,Financial Analyst,"['Excel', 'Financial Modeling', 'Power BI', 'SQL', 'Statistics']"
JOB03745,Software Engineer,"['Git', 'Java', 'Python', 'REST API', 'SQL']"
JOB03746,Data Engineer,"['AWS', 'Cloud Computing', 'ETL', 'Python', 'SQL', 'Spark']"
JOB03747,Machine Learning Engineer,"['Cloud Computing', 'Docker', 'Machine Learning', 'Python', 'Scikit-learn', 'TensorFlow']"
JOB03748,QA Engineer,"['Automation Testing', 'Java', 'Python', 'SQL', 'Selenium']"
JOB03749,Business Analyst,"['Business Analysis', 'Excel', 'Power BI', 'Requirements Gathering', 'SQL']"
JOB03750,Cloud Engineer,"['AWS', 'Azure', 'Cloud Computing', 'Docker', 'Linux']"
JOB03751,HR Analyst,"['Data Analysis', 'Excel', 'HR Analytics', 'Power BI', 'SQL']"
JOB03752,QA Engineer,"['Automation Testing', 'Java', 'Python', 'SQL', 'Selenium']"
JOB03753,Power BI Developer,"['DAX', 'Excel', 'Power BI', 'Power Query', 'SQL']"
JOB03754,Data Scientist,"['Machine Learning', 'Pandas', 'Python', 'SQL', 'Statistics']"
JOB03755,Full Stack Developer,"['CSS', 'HTML', 'Java', 'JavaScript', 'Machine Learning', 'Node', 'React']"
JOB03756,SQL Developer,"['Database', 'ETL', 'MySQL', 'PostgreSQL', 'SQL']"
JOB03757,QA Engineer,"['Automation Testing', 'Java', 'Python', 'SQL', 'Selenium']"
JOB03758,Business Analyst,"['Business Analysis', 'Excel', 'Power BI', 'Requirements Gathering', 'SQL']"
JOB03759,Machine Learning Engineer,"['Docker', 'Machine Learning', 'Python', 'Scikit-learn', 'TensorFlow']"
JOB03760,Software Engineer,"['Git', 'Java', 'Python', 'REST API', 'SQL']"
JOB03761,Financial Analyst,"['Excel', 'Financial Modeling', 'Power BI', 'SQL', 'Statistics']"
JOB03762,Software Engineer,"['Git', 'Java', 'Oracle', 'Python', 'REST API', 'SQL']"
JOB03763,Data Analyst,"['Excel', 'Power BI', 'Python', 'SQL', 'Tableau']"
JOB03764,Cloud Engineer,"['AWS', 'Azure', 'Cloud Computing', 'Docker', 'Linux']"
JOB03765,Business Analyst,"['Business Analysis', 'Excel', 'Power BI', 'Requirements Gathering', 'SQL']"
JOB03766,Full Stack Developer,"['CSS', 'HTML', 'Java', 'JavaScript', 'Machine Learning', 'Node', 'React']"
JOB03767,BI Analyst,"['DAX', 'Data Visualization', 'Excel', 'Power BI', 'SQL']"
JOB03768,DevOps Engineer,"['AWS', 'Docker', 'Jenkins', 'Kubernetes', 'Linux']"
JOB03769,SQL Developer,"['Database', 'ETL', 'MySQL', 'PostgreSQL', 'SQL']"
JOB03770,Software Engineer,"['Git', 'Java', 'Python', 'REST API', 'SQL']"
JOB03771,SQL Developer,"['Database', 'ETL', 'MySQL', 'PostgreSQL', 'SQL']"
JOB03772,QA Engineer,"['Automation Testing', 'Cloud Computing', 'Java', 'Python', 'SQL', 'Selenium']"
JOB03773,BI Analyst,"['DAX', 'Data Visualization', 'Excel', 'Power BI', 'SQL']"
JOB03774,Financial Analyst,"['Excel', 'Financial Modeling', 'Power BI', 'SQL', 'Statistics']"
JOB03775,Business Analyst,"['Business Analysis', 'Cloud Computing', 'Excel', 'Power BI', 'Requirements Gathering', 'SQL']"
JOB03776,Software Engineer,"['Git', 'Java', 'Python', 'REST API', 'SQL']"
JOB03777,HR Analyst,"['Data Analysis', 'Excel', 'HR Analytics', 'Power BI', 'SQL']"
JOB03778,DevOps Engineer,"['AWS', 'Docker', 'Jenkins', 'Kubernetes', 'Linux']"
JOB03779,Machine Learning Engineer,"['Docker', 'Machine Learning', 'Python', 'Scikit-learn', 'TensorFlow']"
JOB03780,Web Developer,"['CSS', 'Git', 'HTML', 'Java', 'JavaScript', 'Machine Learning', 'React']"
JOB03781,Software Engineer,"['Git', 'Java', 'Python', 'REST API', 'SQL']"
JOB03782,Data Engineer,"['AWS', 'ETL', 'Python', 'SQL', 'Spark']"
JOB03783,Product Analyst,"['Excel', 'Product Analytics', 'Python', 'SQL']"
JOB03784,DevOps Engineer,"['AWS', 'Docker', 'Jenkins', 'Kubernetes', 'Linux']"
JOB03785,Business Analyst,"['Business Analysis', 'Cloud Computing', 'Excel', 'Power BI', 'Requirements Gathering', 'SQL']"
JOB03786,Product Analyst,"['Excel', 'Product Analytics', 'Python', 'SQL']"
JOB03787,SQL Developer,"['Database', 'ETL', 'MySQL', 'PostgreSQL', 'SQL']"
JOB03788,Power BI Developer,"['DAX', 'Excel', 'Power BI', 'Power Query', 'SQL']"
JOB03789,Business Analyst,"['Business Analysis', 'Excel', 'Power BI', 'Requirements Gathering', 'SQL']"
JOB03790,Marketing Analyst,"['Excel', 'Marketing Analytics', 'Power BI', 'Python', 'SQL']"
JOB03791,Database Administrator,"['Database', 'Database Administration', 'MySQL', 'Oracle', 'PostgreSQL', 'SQL']"
JOB03792,Full Stack Developer,"['CSS', 'HTML', 'Java', 'JavaScript', 'Machine Learning', 'Node', 'React']"
JOB03793,Data Engineer,"['AWS', 'ETL', 'Python', 'SQL', 'Spark']"
JOB03794,Marketing Analyst,"['Cloud Computing', 'Excel', 'Marketing Analytics', 'Power BI', 'Python', 'SQL']"
JOB03795,BI Analyst,"['DAX', 'Data Visualization', 'Excel', 'Power BI', 'SQL']"
JOB03796,BI Analyst,"['DAX', 'Data Visualization', 'Excel', 'Power BI', 'SQL']"
JOB03797,Web Developer,"['CSS', 'Git', 'HTML', 'Java', 'JavaScript', 'Machine Learning', 'React']"
JOB03798,Full Stack Developer,"['CSS', 'HTML', 'Java', 'JavaScript', 'Machine Learning', 'Node', 'React']"
JOB03799,Software Engineer,"['Git', 'Java', 'Python', 'REST API', 'SQL']"
JOB03800,Data Analyst,"['Excel', 'Power BI', 'Python', 'SQL', 'Tableau']"
JOB03801,Marketing Analyst,"['Excel', 'Marketing Analytics', 'Oracle', 'Power BI', 'Python', 'SQL']"
JOB03802,Data Engineer,"['AWS', 'ETL', 'Python', 'SQL', 'Spark']"
JOB03803,Python Developer,"['Django', 'Flask', 'Git', 'Python', 'SQL']"
JOB03804,Data Engineer,"['AWS', 'ETL', 'Python', 'SQL', 'Spark']"
JOB03805,HR Analyst,"['Data Analysis', 'Excel', 'HR Analytics', 'Power BI', 'SQL']"
JOB03806,HR Analyst,"['Data Analysis', 'Excel', 'HR Analytics', 'Power BI', 'SQL']"
JOB03807,Software Engineer,"['Git', 'Java', 'Python', 'REST API', 'SQL']"
JOB03808,Data Engineer,"['AWS', 'ETL', 'Python', 'SQL', 'Spark']"
JOB03809,Product Analyst,"['Excel', 'Product Analytics', 'Python', 'SQL']"
JOB03810,DevOps Engineer,"['AWS', 'Docker', 'Jenkins', 'Kubernetes', 'Linux']"
JOB03811,Product Analyst,"['Excel', 'Product Analytics', 'Python', 'SQL']"
JOB03812,Power BI Developer,"['DAX', 'Excel', 'Power BI', 'Power Query', 'SQL']"
JOB03813,DevOps Engineer,"['AWS', 'Docker', 'Jenkins', 'Kubernetes', 'Linux']"
JOB03814,Full Stack Developer,"['CSS', 'HTML', 'Java', 'JavaScript', 'Machine Learning', 'Node', 'React']"
JOB03815,Product Analyst,"['Excel', 'Oracle', 'Product Analytics', 'Python', 'SQL']"
JOB03816,Software Engineer,"['Git', 'Java', 'Python', 'REST API', 'SQL']"
JOB03817,Database Administrator,"['Database', 'Database Administration', 'MySQL', 'Oracle', 'PostgreSQL', 'SQL']"
JOB03818,Python Developer,"['Django', 'Flask', 'Git', 'Python', 'SQL']"
JOB03819,Python Developer,"['Django', 'Flask', 'Git', 'Python', 'SQL']"
JOB03820,Power BI Developer,"['DAX', 'Excel', 'Power BI', 'Power Query', 'SQL']"
JOB03821,Data Analyst,"['Excel', 'Power BI', 'Python', 'SQL', 'Tableau']"
JOB03822,Software Engineer,"['Git', 'Java', 'Python', 'REST API', 'SQL']"
JOB03823,DevOps Engineer,"['AWS', 'Docker', 'Jenkins', 'Kubernetes', 'Linux']"
JOB03824,DevOps Engineer,"['AWS', 'Docker', 'Jenkins', 'Kubernetes', 'Linux']"
JOB03825,Cloud Engineer,"['AWS', 'Azure', 'Cloud Computing', 'Docker', 'Linux']"
JOB03826,DevOps Engineer,"['AWS', 'Docker', 'Jenkins', 'Kubernetes', 'Linux']"
JOB03827,Cloud Engineer,"['AWS', 'Azure', 'Cloud Computing', 'Docker', 'Linux']"
JOB03828,Cloud Engineer,"['AWS', 'Azure', 'Cloud Computing', 'Docker', 'Linux']"
JOB03829,Product Analyst,"['Excel', 'Product Analytics', 'Python', 'SQL']"
JOB03830,Power BI Developer,"['DAX', 'Excel', 'Power BI', 'Power Query', 'SQL']"
JOB03831,Financial Analyst,"['Excel', 'Financial Modeling', 'Power BI', 'SQL', 'Statistics']"
JOB03832,Data Engineer,"['AWS', 'ETL', 'Python', 'SQL', 'Spark']"
JOB03833,Data Engineer,"['AWS', 'ETL', 'Python', 'SQL', 'Spark']"
JOB03834,DevOps Engineer,"['AWS', 'Docker', 'Jenkins', 'Kubernetes', 'Linux']"
JOB03835,Product Analyst,"['Excel', 'Product Analytics', 'Python', 'SQL']"
JOB03836,SQL Developer,"['Database', 'ETL', 'MySQL', 'PostgreSQL', 'SQL']"
JOB03837,HR Analyst,"['Data Analysis', 'Excel', 'HR Analytics', 'Power BI', 'SQL']"
JOB03838,Data Analyst,"['Excel', 'Power BI', 'Python', 'SQL', 'Tableau']"
JOB03839,Product Analyst,"['Excel', 'Product Analytics', 'Python', 'SQL']"
JOB03840,DevOps Engineer,"['AWS', 'Docker', 'Jenkins', 'Kubernetes', 'Linux']"
JOB03841,Database Administrator,"['Database', 'Database Administration', 'MySQL', 'Oracle', 'PostgreSQL', 'SQL']"
JOB03842,Web Developer,"['CSS', 'Git', 'HTML', 'Java', 'JavaScript', 'Machine Learning', 'React']"
JOB03843,Machine Learning Engineer,"['Docker', 'Machine Learning', 'Python', 'Scikit-learn', 'TensorFlow']"
JOB03844,Cloud Engineer,"['AWS', 'Azure', 'Cloud Computing', 'Docker', 'Linux']"
JOB03845,Product Analyst,"['Excel', 'Product Analytics', 'Python', 'SQL']"
JOB03846,Marketing Analyst,"['Excel', 'Marketing Analytics', 'Power BI', 'Python', 'SQL']"
JOB03847,BI Analyst,"['DAX', 'Data Visualization', 'Excel', 'Power BI', 'SQL']"
JOB03848,QA Engineer,"['Automation Testing', 'Java', 'Python', 'SQL', 'Selenium']"
JOB03849,BI Analyst,"['DAX', 'Data Visualization', 'Excel', 'Power BI', 'SQL']"
JOB03850,Data Engineer,"['AWS', 'ETL', 'Python', 'SQL', 'Spark']"
JOB03851,SQL Developer,"['Database', 'ETL', 'MySQL', 'PostgreSQL', 'SQL']"
JOB03852,Database Administrator,"['Database', 'Database Administration', 'MySQL', 'Oracle', 'PostgreSQL', 'SQL']"
JOB03853,Machine Learning Engineer,"['Docker', 'Machine Learning', 'Python', 'Scikit-learn', 'TensorFlow']"
JOB03854,Marketing Analyst,"['Excel', 'Marketing Analytics', 'Power BI', 'Python', 'SQL']"
JOB03855,Data Scientist,"['Machine Learning', 'Pandas', 'Python', 'SQL', 'Statistics']"
JOB03856,Data Scientist,"['Machine Learning', 'Pandas', 'Python', 'SQL', 'Statistics']"
JOB03857,Database Administrator,"['Database', 'Database Administration', 'MySQL', 'Oracle', 'PostgreSQL', 'SQL']"
JOB03858,HR Analyst,"['Data Analysis', 'Excel', 'HR Analytics', 'Power BI', 'SQL']"
JOB03859,Marketing Analyst,"['Excel', 'Marketing Analytics', 'Power BI', 'Python', 'SQL']"
JOB03860,Software Engineer,"['Git', 'Java', 'Python', 'REST API', 'SQL']"
JOB03861,BI Analyst,"['DAX', 'Data Visualization', 'Excel', 'Power BI', 'SQL']"
JOB03862,Machine Learning Engineer,"['Docker', 'Machine Learning', 'Python', 'Scikit-learn', 'TensorFlow']"
JOB03863,Power BI Developer,"['DAX', 'Excel', 'Power BI', 'Power Query', 'SQL']"
JOB03864,DevOps Engineer,"['AWS', 'Docker', 'Jenkins', 'Kubernetes', 'Linux']"
JOB03865,Marketing Analyst,"['Excel', 'Marketing Analytics', 'Power BI', 'Python', 'SQL']"
JOB03866,Web Developer,"['CSS', 'Cloud Computing', 'Git', 'HTML', 'Java', 'JavaScript', 'Machine Learning', 'React']"
JOB03867,Financial Analyst,"['Excel', 'Financial Modeling', 'Power BI', 'SQL', 'Statistics']"
JOB03868,QA Engineer,"['Automation Testing', 'Java', 'Python', 'SQL', 'Selenium']"
JOB03869,Data Scientist,"['Machine Learning', 'Pandas', 'Python', 'SQL', 'Statistics']"
JOB03870,Full Stack Developer,"['CSS', 'Cloud Computing', 'HTML', 'Java', 'JavaScript', 'Machine Learning', 'Node', 'React']"
JOB03871,Python Developer,"['Django', 'Flask', 'Git', 'Python', 'SQL']"
JOB03872,Database Administrator,"['Database', 'Database Administration', 'MySQL', 'Oracle', 'PostgreSQL', 'SQL']"
JOB03873,BI Analyst,"['DAX', 'Data Visualization', 'Excel', 'Power BI', 'SQL']"
JOB03874,HR Analyst,"['Data Analysis', 'Excel', 'HR Analytics', 'Power BI', 'SQL']"
JOB03875,Business Analyst,"['Business Analysis', 'Excel', 'Power BI', 'Requirements Gathering', 'SQL']"
JOB03876,Software Engineer,"['Git', 'Java', 'Python', 'REST API', 'SQL']"
JOB03877,SQL Developer,"['Database', 'ETL', 'MySQL', 'PostgreSQL', 'SQL']"
JOB03878,Marketing Analyst,"['Excel', 'Marketing Analytics', 'Power BI', 'Python', 'SQL']"
JOB03879,Cloud Engineer,"['AWS', 'Azure', 'Cloud Computing', 'Docker', 'Linux']"
JOB03880,BI Analyst,"['DAX', 'Data Visualization', 'Excel', 'Power BI', 'SQL']"
JOB03881,Product Analyst,"['Excel', 'Product Analytics', 'Python', 'SQL']"
JOB03882,HR Analyst,"['Data Analysis', 'Excel', 'HR Analytics', 'Power BI', 'SQL']"
JOB03883,Cloud Engineer,"['AWS', 'Azure', 'Cloud Computing', 'Docker', 'Linux']"
JOB03884,Data Analyst,"['Excel', 'Power BI', 'Python', 'SQL', 'Tableau']"
JOB03885,Python Developer,"['Django', 'Flask', 'Git', 'Python', 'SQL']"
JOB03886,Power BI Developer,"['DAX', 'Excel', 'Power BI', 'Power Query', 'SQL']"
JOB03887,Product Analyst,"['Excel', 'Product Analytics', 'Python', 'SQL']"
JOB03888,Full Stack Developer,"['CSS', 'HTML', 'Java', 'JavaScript', 'Machine Learning', 'Node', 'React']"
JOB03889,Data Engineer,"['AWS', 'ETL', 'Oracle', 'Python', 'SQL', 'Spark']"
JOB03890,Data Scientist,"['Machine Learning', 'Pandas', 'Python', 'SQL', 'Statistics']"
JOB03891,Machine Learning Engineer,"['Docker', 'Machine Learning', 'Python', 'Scikit-learn', 'TensorFlow']"
JOB03892,Machine Learning Engineer,"['Docker', 'Machine Learning', 'Python', 'Scikit-learn', 'TensorFlow']"
JOB03893,QA Engineer,"['Automation Testing', 'Cloud Computing', 'Java', 'Python', 'SQL', 'Selenium']"
JOB03894,BI Analyst,"['DAX', 'Data Visualization', 'Excel', 'Power BI', 'SQL']"
JOB03895,Power BI Developer,"['DAX', 'Excel', 'Power BI', 'Power Query', 'SQL']"
JOB03896,Web Developer,"['CSS', 'Git', 'HTML', 'Java', 'JavaScript', 'Machine Learning', 'React']"
JOB03897,Web Developer,"['CSS', 'Git', 'HTML', 'Java', 'JavaScript', 'Machine Learning', 'React']"
JOB03898,Power BI Developer,"['DAX', 'Excel', 'Power BI', 'Power Query', 'SQL']"
JOB03899,SQL Developer,"['Database', 'ETL', 'MySQL', 'PostgreSQL', 'SQL']"
JOB03900,Business Analyst,"['Business Analysis', 'Excel', 'Power BI', 'Requirements Gathering', 'SQL']"
JOB03901,Data Scientist,"['Machine Learning', 'Pandas', 'Python', 'SQL', 'Statistics']"
JOB03902,SQL Developer,"['Database', 'ETL', 'MySQL', 'PostgreSQL', 'SQL']"
JOB03903,Data Engineer,"['AWS', 'ETL', 'Python', 'SQL', 'Spark']"
JOB03904,DevOps Engineer,"['AWS', 'Docker', 'Jenkins', 'Kubernetes', 'Linux']"
JOB03905,SQL Developer,"['Database', 'ETL', 'MySQL', 'PostgreSQL', 'SQL']"
JOB03906,Power BI Developer,"['DAX', 'Excel', 'Power BI', 'Power Query', 'SQL']"
JOB03907,Power BI Developer,"['DAX', 'Excel', 'Power BI', 'Power Query', 'SQL']"
JOB03908,Financial Analyst,"['Excel', 'Financial Modeling', 'Power BI', 'SQL', 'Statistics']"
JOB03909,BI Analyst,"['DAX', 'Data Visualization', 'Excel', 'Power BI', 'SQL']"
JOB03910,Financial Analyst,"['Excel', 'Financial Modeling', 'Power BI', 'SQL', 'Statistics']"
JOB03911,Business Analyst,"['Business Analysis', 'Excel', 'Power BI', 'Requirements Gathering', 'SQL']"
JOB03912,Data Scientist,"['Machine Learning', 'Pandas', 'Python', 'SQL', 'Statistics']"
JOB03913,Machine Learning Engineer,"['Docker', 'Machine Learning', 'Python', 'Scikit-learn', 'TensorFlow']"
JOB03914,Business Analyst,"['Business Analysis', 'Excel', 'Oracle', 'Power BI', 'Requirements Gathering', 'SQL']"
JOB03915,DevOps Engineer,"['AWS', 'Docker', 'Jenkins', 'Kubernetes', 'Linux']"
JOB03916,Software Engineer,"['Git', 'Java', 'Python', 'REST API', 'SQL']"
JOB03917,Database Administrator,"['Database', 'Database Administration', 'MySQL', 'Oracle', 'PostgreSQL', 'SQL']"
JOB03918,Data Analyst,"['Excel', 'Power BI', 'Python', 'SQL', 'Tableau']"
JOB03919,Machine Learning Engineer,"['Docker', 'Machine Learning', 'Python', 'Scikit-learn', 'TensorFlow']"
JOB03920,HR Analyst,"['Data Analysis', 'Excel', 'HR Analytics', 'Power BI', 'SQL']"
JOB03921,Full Stack Developer,"['CSS', 'HTML', 'Java', 'JavaScript', 'Machine Learning', 'Node', 'React']"
JOB03922,Marketing Analyst,"['Excel', 'Marketing Analytics', 'Power BI', 'Python', 'SQL']"
JOB03923,Business Analyst,"['Business Analysis', 'Excel', 'Power BI', 'Requirements Gathering', 'SQL']"
JOB03924,Data Engineer,"['AWS', 'ETL', 'Oracle', 'Python', 'SQL', 'Spark']"
JOB03925,Web Developer,"['CSS', 'Git', 'HTML', 'Java', 'JavaScript', 'Machine Learning', 'React']"
JOB03926,Cloud Engineer,"['AWS', 'Azure', 'Cloud Computing', 'Docker', 'Linux']"
JOB03927,Python Developer,"['Django', 'Flask', 'Git', 'Python', 'SQL']"
JOB03928,Database Administrator,"['Database', 'Database Administration', 'MySQL', 'Oracle', 'PostgreSQL', 'SQL']"
JOB03929,Cloud Engineer,"['AWS', 'Azure', 'Cloud Computing', 'Docker', 'Linux']"
JOB03930,HR Analyst,"['Data Analysis', 'Excel', 'HR Analytics', 'Power BI', 'SQL']"
JOB03931,Cloud Engineer,"['AWS', 'Azure', 'Cloud Computing', 'Docker', 'Linux', 'Oracle']"
JOB03932,SQL Developer,"['Database', 'ETL', 'MySQL', 'PostgreSQL', 'SQL']"
JOB03933,BI Analyst,"['DAX', 'Data Visualization', 'Excel', 'Power BI', 'SQL']"
JOB03934,Machine Learning Engineer,"['Docker', 'Machine Learning', 'Python', 'Scikit-learn', 'TensorFlow']"
JOB03935,Full Stack Developer,"['CSS', 'HTML', 'Java', 'JavaScript', 'Machine Learning', 'Node', 'React']"
JOB03936,DevOps Engineer,"['AWS', 'Docker', 'Jenkins', 'Kubernetes', 'Linux']"
JOB03937,Business Analyst,"['Business Analysis', 'Excel', 'Power BI', 'Requirements Gathering', 'SQL']"
JOB03938,HR Analyst,"['Data Analysis', 'Excel', 'HR Analytics', 'Oracle', 'Power BI', 'SQL']"
JOB03939,Marketing Analyst,"['Cloud Computing', 'Excel', 'Marketing Analytics', 'Power BI', 'Python', 'SQL']"
JOB03940,HR Analyst,"['Data Analysis', 'Excel', 'HR Analytics', 'Power BI', 'SQL']"
JOB03941,DevOps Engineer,"['AWS', 'Docker', 'Jenkins', 'Kubernetes', 'Linux']"
JOB03942,Python Developer,"['Django', 'Flask', 'Git', 'Python', 'SQL']"
JOB03943,Web Developer,"['CSS', 'Git', 'HTML', 'Java', 'JavaScript', 'Machine Learning', 'React']"
JOB03944,Machine Learning Engineer,"['Docker', 'Machine Learning', 'Python', 'Scikit-learn', 'TensorFlow']"
JOB03945,Product Analyst,"['Excel', 'Product Analytics', 'Python', 'SQL']"
JOB03946,Data Analyst,"['Excel', 'Power BI', 'Python', 'SQL', 'Tableau']"
JOB03947,Machine Learning Engineer,"['Docker', 'Machine Learning', 'Python', 'Scikit-learn', 'TensorFlow']"
JOB03948,Full Stack Developer,"['CSS', 'HTML', 'Java', 'JavaScript', 'Machine Learning', 'Node', 'React']"
JOB03949,Full Stack Developer,"['CSS', 'HTML', 'Java', 'JavaScript', 'Machine Learning', 'Node', 'React']"
JOB03950,DevOps Engineer,"['AWS', 'Docker', 'Jenkins', 'Kubernetes', 'Linux']"
JOB03951,Power BI Developer,"['Cloud Computing', 'DAX', 'Excel', 'Power BI', 'Power Query', 'SQL']"
JOB03952,Database Administrator,"['Database', 'Database Administration', 'MySQL', 'Oracle', 'PostgreSQL', 'SQL']"
JOB03953,Web Developer,"['CSS', 'Git', 'HTML', 'Java', 'JavaScript', 'Machine Learning', 'Oracle', 'React']"
JOB03954,Python Developer,"['Django', 'Flask', 'Git', 'Python', 'SQL']"
JOB03955,Data Scientist,"['Cloud Computing', 'Machine Learning', 'Pandas', 'Python', 'SQL', 'Statistics']"
JOB03956,DevOps Engineer,"['AWS', 'Docker', 'Jenkins', 'Kubernetes', 'Linux']"
JOB03957,Python Developer,"['Django', 'Flask', 'Git', 'Python', 'SQL']"
JOB03958,DevOps Engineer,"['AWS', 'Docker', 'Jenkins', 'Kubernetes', 'Linux']"
JOB03959,Financial Analyst,"['Excel', 'Financial Modeling', 'Power BI', 'SQL', 'Statistics']"
JOB03960,Business Analyst,"['Business Analysis', 'Excel', 'Power BI', 'Requirements Gathering', 'SQL']"
JOB03961,Product Analyst,"['Excel', 'Product Analytics', 'Python', 'SQL']"
JOB03962,HR Analyst,"['Data Analysis', 'Excel', 'HR Analytics', 'Power BI', 'SQL']"
JOB03963,Full Stack Developer,"['CSS', 'HTML', 'Java', 'JavaScript', 'Machine Learning', 'Node', 'React']"
JOB03964,Full Stack Developer,"['CSS', 'HTML', 'Java', 'JavaScript', 'Machine Learning', 'Node', 'React']"
JOB03965,Financial Analyst,"['Excel', 'Financial Modeling', 'Power BI', 'SQL', 'Statistics']"
JOB03966,Data Analyst,"['Excel', 'Power BI', 'Python', 'SQL', 'Tableau']"
JOB03967,Product Analyst,"['Excel', 'Product Analytics', 'Python', 'SQL']"
JOB03968,Power BI Developer,"['DAX', 'Excel', 'Power BI', 'Power Query', 'SQL']"
JOB03969,Data Engineer,"['AWS', 'ETL', 'Python', 'SQL', 'Spark']"
JOB03970,Full Stack Developer,"['CSS', 'HTML', 'Java', 'JavaScript', 'Machine Learning', 'Node', 'React']"
JOB03971,HR Analyst,"['Data Analysis', 'Excel', 'HR Analytics', 'Power BI', 'SQL']"
JOB03972,Database Administrator,"['Database', 'Database Administration', 'MySQL', 'Oracle', 'PostgreSQL', 'SQL']"
JOB03973,Power BI Developer,"['DAX', 'Excel', 'Oracle', 'Power BI', 'Power Query', 'SQL']"
JOB03974,SQL Developer,"['Database', 'ETL', 'MySQL', 'PostgreSQL', 'SQL']"
JOB03975,Database Administrator,"['Database', 'Database Administration', 'MySQL', 'Oracle', 'PostgreSQL', 'SQL']"
JOB03976,Financial Analyst,"['Excel', 'Financial Modeling', 'Power BI', 'SQL', 'Statistics']"
JOB03977,Data Scientist,"['Machine Learning', 'Oracle', 'Pandas', 'Python', 'SQL', 'Statistics']"
JOB03978,Machine Learning Engineer,"['Docker', 'Machine Learning', 'Python', 'Scikit-learn', 'TensorFlow']"
JOB03979,Product Analyst,"['Excel', 'Product Analytics', 'Python', 'SQL']"
JOB03980,Marketing Analyst,"['Cloud Computing', 'Excel', 'Marketing Analytics', 'Power BI', 'Python', 'SQL']"
JOB03981,Data Engineer,"['AWS', 'ETL', 'Python', 'SQL', 'Spark']"
JOB03982,Marketing Analyst,"['Excel', 'Marketing Analytics', 'Power BI', 'Python', 'SQL']"
JOB03983,Software Engineer,"['Git', 'Java', 'Python', 'REST API', 'SQL']"
JOB03984,Data Analyst,"['Excel', 'Power BI', 'Python', 'SQL', 'Tableau']"
JOB03985,HR Analyst,"['Data Analysis', 'Excel', 'HR Analytics', 'Power BI', 'SQL']"
JOB03986,Database Administrator,"['Database', 'Database Administration', 'MySQL', 'Oracle', 'PostgreSQL', 'SQL']"
JOB03987,DevOps Engineer,"['AWS', 'Docker', 'Jenkins', 'Kubernetes', 'Linux']"
JOB03988,Web Developer,"['CSS', 'Git', 'HTML', 'Java', 'JavaScript', 'Machine Learning', 'React']"
JOB03989,BI Analyst,"['DAX', 'Data Visualization', 'Excel', 'Power BI', 'SQL']"
JOB03990,HR Analyst,"['Data Analysis', 'Excel', 'HR Analytics', 'Power BI', 'SQL']"
JOB03991,HR Analyst,"['Data Analysis', 'Excel', 'HR Analytics', 'Power BI', 'SQL']"
JOB03992,Web Developer,"['CSS', 'Git', 'HTML', 'Java', 'JavaScript', 'Machine Learning', 'React']"
JOB03993,Financial Analyst,"['Excel', 'Financial Modeling', 'Power BI', 'SQL', 'Statistics']"
JOB03994,Web Developer,"['CSS', 'Git', 'HTML', 'Java', 'JavaScript', 'Machine Learning', 'React']"
JOB03995,SQL Developer,"['Database', 'ETL', 'MySQL', 'PostgreSQL', 'SQL']"
JOB03996,Power BI Developer,"['DAX', 'Excel', 'Power BI', 'Power Query', 'SQL']"
JOB03997,Software Engineer,"['Git', 'Java', 'Python', 'REST API', 'SQL']"
JOB03998,DevOps Engineer,"['AWS', 'Docker', 'Jenkins', 'Kubernetes', 'Linux']"
JOB03999,Database Administrator,"['Database', 'Database Administration', 'MySQL', 'Oracle', 'PostgreSQL', 'SQL']"
JOB04000,Business Analyst,"['Business Analysis', 'Excel', 'Power BI', 'Requirements Gathering', 'SQL']"
JOB04001,Power BI Developer,"['DAX', 'Excel', 'Power BI', 'Power Query', 'SQL']"
JOB04002,Cloud Engineer,"['AWS', 'Azure', 'Cloud Computing', 'Docker', 'Linux']"
JOB04003,Database Administrator,"['Database', 'Database Administration', 'MySQL', 'Oracle', 'PostgreSQL', 'SQL']"
JOB04004,Business Analyst,"['Business Analysis', 'Excel', 'Power BI', 'Requirements Gathering', 'SQL']"
JOB04005,Data Scientist,"['Machine Learning', 'Pandas', 'Python', 'SQL', 'Statistics']"
JOB04006,Data Scientist,"['Machine Learning', 'Pandas', 'Python', 'SQL', 'Statistics']"
JOB04007,Data Scientist,"['Machine Learning', 'Pandas', 'Python', 'SQL', 'Statistics']"
JOB04008,Cloud Engineer,"['AWS', 'Azure', 'Cloud Computing', 'Docker', 'Linux']"
JOB04009,Data Engineer,"['AWS', 'Cloud Computing', 'ETL', 'Python', 'SQL', 'Spark']"
JOB04010,Cloud Engineer,"['AWS', 'Azure', 'Cloud Computing', 'Docker', 'Linux']"
JOB04011,Product Analyst,"['Excel', 'Product Analytics', 'Python', 'SQL']"
JOB04012,BI Analyst,"['DAX', 'Data Visualization', 'Excel', 'Power BI', 'SQL']"
JOB04013,Cloud Engineer,"['AWS', 'Azure', 'Cloud Computing', 'Docker', 'Linux']"
JOB04014,QA Engineer,"['Automation Testing', 'Java', 'Python', 'SQL', 'Selenium']"
JOB04015,Financial Analyst,"['Excel', 'Financial Modeling', 'Power BI', 'SQL', 'Statistics']"
JOB04016,Cloud Engineer,"['AWS', 'Azure', 'Cloud Computing', 'Docker', 'Linux']"
JOB04017,Power BI Developer,"['DAX', 'Excel', 'Power BI', 'Power Query', 'SQL']"
JOB04018,Product Analyst,"['Excel', 'Product Analytics', 'Python', 'SQL']"
JOB04019,Python Developer,"['Django', 'Flask', 'Git', 'Python', 'SQL']"
JOB04020,Database Administrator,"['Database', 'Database Administration', 'MySQL', 'Oracle', 'PostgreSQL', 'SQL']"
JOB04021,Web Developer,"['CSS', 'Git', 'HTML', 'Java', 'JavaScript', 'Machine Learning', 'React']"
JOB04022,Data Engineer,"['AWS', 'ETL', 'Python', 'SQL', 'Spark']"
JOB04023,Data Scientist,"['Machine Learning', 'Pandas', 'Python', 'SQL', 'Statistics']"
JOB04024,BI Analyst,"['DAX', 'Data Visualization', 'Excel', 'Power BI', 'SQL']"
JOB04025,BI Analyst,"['DAX', 'Data Visualization', 'Excel', 'Power BI', 'SQL']"
JOB04026,Machine Learning Engineer,"['Docker', 'Machine Learning', 'Oracle', 'Python', 'Scikit-learn', 'TensorFlow']"
JOB04027,QA Engineer,"['Automation Testing', 'Java', 'Python', 'SQL', 'Selenium']"
JOB04028,Marketing Analyst,"['Excel', 'Marketing Analytics', 'Power BI', 'Python', 'SQL']"
JOB04029,Machine Learning Engineer,"['Docker', 'Machine Learning', 'Python', 'Scikit-learn', 'TensorFlow']"
JOB04030,Business Analyst,"['Business Analysis', 'Excel', 'Power BI', 'Requirements Gathering', 'SQL']"
JOB04031,Software Engineer,"['Git', 'Java', 'Python', 'REST API', 'SQL']"
JOB04032,QA Engineer,"['Automation Testing', 'Java', 'Python', 'SQL', 'Selenium']"
JOB04033,Marketing Analyst,"['Excel', 'Marketing Analytics', 'Power BI', 'Python', 'SQL']"
JOB04034,DevOps Engineer,"['AWS', 'Docker', 'Jenkins', 'Kubernetes', 'Linux']"
JOB04035,BI Analyst,"['DAX', 'Data Visualization', 'Excel', 'Power BI', 'SQL']"
JOB04036,SQL Developer,"['Database', 'ETL', 'MySQL', 'PostgreSQL', 'SQL']"
JOB04037,Product Analyst,"['Cloud Computing', 'Excel', 'Product Analytics', 'Python', 'SQL']"
JOB04038,Database Administrator,"['Database', 'Database Administration', 'MySQL', 'Oracle', 'PostgreSQL', 'SQL']"
JOB04039,Database Administrator,"['Database', 'Database Administration', 'MySQL', 'Oracle', 'PostgreSQL', 'SQL']"
JOB04040,Software Engineer,"['Git', 'Java', 'Python', 'REST API', 'SQL']"
JOB04041,Data Engineer,"['AWS', 'ETL', 'Python', 'SQL', 'Spark']"
JOB04042,Machine Learning Engineer,"['Docker', 'Machine Learning', 'Python', 'Scikit-learn', 'TensorFlow']"
JOB04043,Marketing Analyst,"['Excel', 'Marketing Analytics', 'Power BI', 'Python', 'SQL']"
JOB04044,Data Engineer,"['AWS', 'ETL', 'Python', 'SQL', 'Spark']"
JOB04045,BI Analyst,"['DAX', 'Data Visualization', 'Excel', 'Power BI', 'SQL']"
JOB04046,Marketing Analyst,"['Excel', 'Marketing Analytics', 'Power BI', 'Python', 'SQL']"
JOB04047,Data Analyst,"['Excel', 'Power BI', 'Python', 'SQL', 'Tableau']"
JOB04048,Software Engineer,"['Git', 'Java', 'Python', 'REST API', 'SQL']"
JOB04049,Data Analyst,"['Excel', 'Power BI', 'Python', 'SQL', 'Tableau']"
JOB04050,Software Engineer,"['Git', 'Java', 'Python', 'REST API', 'SQL']"
JOB04051,Full Stack Developer,"['CSS', 'HTML', 'Java', 'JavaScript', 'Machine Learning', 'Node', 'React']"
JOB04052,Database Administrator,"['Database', 'Database Administration', 'MySQL', 'Oracle', 'PostgreSQL', 'SQL']"
JOB04053,Data Analyst,"['Excel', 'Power BI', 'Python', 'SQL', 'Tableau']"
JOB04054,Cloud Engineer,"['AWS', 'Azure', 'Cloud Computing', 'Docker', 'Linux']"
JOB04055,Power BI Developer,"['DAX', 'Excel', 'Power BI', 'Power Query', 'SQL']"
JOB04056,Marketing Analyst,"['Excel', 'Marketing Analytics', 'Power BI', 'Python', 'SQL']"
JOB04057,SQL Developer,"['Database', 'ETL', 'MySQL', 'PostgreSQL', 'SQL']"
JOB04058,Web Developer,"['CSS', 'Git', 'HTML', 'Java', 'JavaScript', 'Machine Learning', 'React']"
JOB04059,BI Analyst,"['DAX', 'Data Visualization', 'Excel', 'Power BI', 'SQL']"
JOB04060,Power BI Developer,"['DAX', 'Excel', 'Power BI', 'Power Query', 'SQL']"
JOB04061,SQL Developer,"['Database', 'ETL', 'MySQL', 'PostgreSQL', 'SQL']"
JOB04062,HR Analyst,"['Cloud Computing', 'Data Analysis', 'Excel', 'HR Analytics', 'Power BI', 'SQL']"
JOB04063,SQL Developer,"['Database', 'ETL', 'MySQL', 'PostgreSQL', 'SQL']"
JOB04064,Product Analyst,"['Excel', 'Product Analytics', 'Python', 'SQL']"
JOB04065,Cloud Engineer,"['AWS', 'Azure', 'Cloud Computing', 'Docker', 'Linux']"
JOB04066,DevOps Engineer,"['AWS', 'Docker', 'Jenkins', 'Kubernetes', 'Linux']"
JOB04067,Financial Analyst,"['Excel', 'Financial Modeling', 'Power BI', 'SQL', 'Statistics']"
JOB04068,Software Engineer,"['Git', 'Java', 'Python', 'REST API', 'SQL']"
JOB04069,Marketing Analyst,"['Excel', 'Marketing Analytics', 'Power BI', 'Python', 'SQL']"
JOB04070,BI Analyst,"['DAX', 'Data Visualization', 'Excel', 'Power BI', 'SQL']"
JOB04071,Machine Learning Engineer,"['Docker', 'Machine Learning', 'Python', 'Scikit-learn', 'TensorFlow']"
JOB04072,Data Engineer,"['AWS', 'ETL', 'Python', 'SQL', 'Spark']"
JOB04073,Financial Analyst,"['Excel', 'Financial Modeling', 'Power BI', 'SQL', 'Statistics']"
JOB04074,Cloud Engineer,"['AWS', 'Azure', 'Cloud Computing', 'Docker', 'Linux']"
JOB04075,QA Engineer,"['Automation Testing', 'Java', 'Python', 'SQL', 'Selenium']"
JOB04076,Web Developer,"['CSS', 'Git', 'HTML', 'Java', 'JavaScript', 'Machine Learning', 'React']"
JOB04077,Database Administrator,"['Database', 'Database Administration', 'MySQL', 'Oracle', 'PostgreSQL', 'SQL']"
JOB04078,Cloud Engineer,"['AWS', 'Azure', 'Cloud Computing', 'Docker', 'Linux']"
JOB04079,Python Developer,"['Django', 'Flask', 'Git', 'Python', 'SQL']"
JOB04080,Data Engineer,"['AWS', 'ETL', 'Python', 'SQL', 'Spark']"
JOB04081,Data Scientist,"['Machine Learning', 'Pandas', 'Python', 'SQL', 'Statistics']"
JOB04082,HR Analyst,"['Data Analysis', 'Excel', 'HR Analytics', 'Power BI', 'SQL']"
JOB04083,BI Analyst,"['DAX', 'Data Visualization', 'Excel', 'Power BI', 'SQL']"
JOB04084,Business Analyst,"['Business Analysis', 'Cloud Computing', 'Excel', 'Power BI', 'Requirements Gathering', 'SQL']"
JOB04085,Python Developer,"['Django', 'Flask', 'Git', 'Python', 'SQL']"
JOB04086,DevOps Engineer,"['AWS', 'Docker', 'Jenkins', 'Kubernetes', 'Linux']"
JOB04087,QA Engineer,"['Automation Testing', 'Java', 'Python', 'SQL', 'Selenium']"
JOB04088,Cloud Engineer,"['AWS', 'Azure', 'Cloud Computing', 'Docker', 'Linux']"
JOB04089,Data Scientist,"['Machine Learning', 'Pandas', 'Python', 'SQL', 'Statistics']"
JOB04090,Power BI Developer,"['DAX', 'Excel', 'Oracle', 'Power BI', 'Power Query', 'SQL']"
JOB04091,Data Analyst,"['Excel', 'Power BI', 'Python', 'SQL', 'Tableau']"
JOB04092,Financial Analyst,"['Excel', 'Financial Modeling', 'Power BI', 'SQL', 'Statistics']"
JOB04093,Business Analyst,"['Business Analysis', 'Excel', 'Power BI', 'Requirements Gathering', 'SQL']"
JOB04094,Machine Learning Engineer,"['Docker', 'Machine Learning', 'Python', 'Scikit-learn', 'TensorFlow']"
JOB04095,Software Engineer,"['Git', 'Java', 'Python', 'REST API', 'SQL']"
JOB04096,SQL Developer,"['Database', 'ETL', 'MySQL', 'PostgreSQL', 'SQL']"
JOB04097,Database Administrator,"['Database', 'Database Administration', 'MySQL', 'Oracle', 'PostgreSQL', 'SQL']"
JOB04098,Cloud Engineer,"['AWS', 'Azure', 'Cloud Computing', 'Docker', 'Linux']"
JOB04099,DevOps Engineer,"['AWS', 'Docker', 'Jenkins', 'Kubernetes', 'Linux']"
JOB04100,Data Scientist,"['Machine Learning', 'Pandas', 'Python', 'SQL', 'Statistics']"
JOB04101,BI Analyst,"['DAX', 'Data Visualization', 'Excel', 'Power BI', 'SQL']"
JOB04102,DevOps Engineer,"['AWS', 'Docker', 'Jenkins', 'Kubernetes', 'Linux']"
JOB04103,Data Engineer,"['AWS', 'ETL', 'Python', 'SQL', 'Spark']"
JOB04104,QA Engineer,"['Automation Testing', 'Java', 'Oracle', 'Python', 'SQL', 'Selenium']"
JOB04105,Database Administrator,"['Database', 'Database Administration', 'MySQL', 'Oracle', 'PostgreSQL', 'SQL']"
JOB04106,DevOps Engineer,"['AWS', 'Docker', 'Jenkins', 'Kubernetes', 'Linux']"
JOB04107,Product Analyst,"['Excel', 'Oracle', 'Product Analytics', 'Python', 'SQL']"
JOB04108,Software Engineer,"['Git', 'Java', 'Python', 'REST API', 'SQL']"
JOB04109,Web Developer,"['CSS', 'Git', 'HTML', 'Java', 'JavaScript', 'Machine Learning', 'React']"
JOB04110,HR Analyst,"['Data Analysis', 'Excel', 'HR Analytics', 'Power BI', 'SQL']"
JOB04111,HR Analyst,"['Data Analysis', 'Excel', 'HR Analytics', 'Power BI', 'SQL']"
JOB04112,Cloud Engineer,"['AWS', 'Azure', 'Cloud Computing', 'Docker', 'Linux']"
JOB04113,Marketing Analyst,"['Excel', 'Marketing Analytics', 'Power BI', 'Python', 'SQL']"
JOB04114,Financial Analyst,"['Excel', 'Financial Modeling', 'Power BI', 'SQL', 'Statistics']"
JOB04115,HR Analyst,"['Data Analysis', 'Excel', 'HR Analytics', 'Power BI', 'SQL']"
JOB04116,BI Analyst,"['DAX', 'Data Visualization', 'Excel', 'Power BI', 'SQL']"
JOB04117,Financial Analyst,"['Excel', 'Financial Modeling', 'Power BI', 'SQL', 'Statistics']"
JOB04118,Software Engineer,"['Git', 'Java', 'Python', 'REST API', 'SQL']"
JOB04119,Python Developer,"['Django', 'Flask', 'Git', 'Python', 'SQL']"
JOB04120,HR Analyst,"['Data Analysis', 'Excel', 'HR Analytics', 'Power BI', 'SQL']"
JOB04121,Cloud Engineer,"['AWS', 'Azure', 'Cloud Computing', 'Docker', 'Linux', 'Oracle']"
JOB04122,Product Analyst,"['Excel', 'Product Analytics', 'Python', 'SQL']"
JOB04123,Financial Analyst,"['Excel', 'Financial Modeling', 'Power BI', 'SQL', 'Statistics']"
JOB04124,SQL Developer,"['Database', 'ETL', 'MySQL', 'PostgreSQL', 'SQL']"
JOB04125,BI Analyst,"['DAX', 'Data Visualization', 'Excel', 'Power BI', 'SQL']"
JOB04126,Business Analyst,"['Business Analysis', 'Excel', 'Power BI', 'Requirements Gathering', 'SQL']"
JOB04127,Financial Analyst,"['Excel', 'Financial Modeling', 'Power BI', 'SQL', 'Statistics']"
JOB04128,Power BI Developer,"['DAX', 'Excel', 'Power BI', 'Power Query', 'SQL']"
JOB04129,HR Analyst,"['Data Analysis', 'Excel', 'HR Analytics', 'Power BI', 'SQL']"
JOB04130,Web Developer,"['CSS', 'Git', 'HTML', 'Java', 'JavaScript', 'Machine Learning', 'React']"
JOB04131,Business Analyst,"['Business Analysis', 'Excel', 'Power BI', 'Requirements Gathering', 'SQL']"
JOB04132,SQL Developer,"['Database', 'ETL', 'MySQL', 'PostgreSQL', 'SQL']"
JOB04133,Data Scientist,"['Machine Learning', 'Pandas', 'Python', 'SQL', 'Statistics']"
JOB04134,Financial Analyst,"['Excel', 'Financial Modeling', 'Power BI', 'SQL', 'Statistics']"
JOB04135,Database Administrator,"['Database', 'Database Administration', 'MySQL', 'Oracle', 'PostgreSQL', 'SQL']"
JOB04136,Marketing Analyst,"['Excel', 'Marketing Analytics', 'Power BI', 'Python', 'SQL']"
JOB04137,BI Analyst,"['DAX', 'Data Visualization', 'Excel', 'Power BI', 'SQL']"
JOB04138,Marketing Analyst,"['Excel', 'Marketing Analytics', 'Power BI', 'Python', 'SQL']"
JOB04139,QA Engineer,"['Automation Testing', 'Java', 'Python', 'SQL', 'Selenium']"
JOB04140,Data Scientist,"['Machine Learning', 'Pandas', 'Python', 'SQL', 'Statistics']"
JOB04141,Python Developer,"['Django', 'Flask', 'Git', 'Python', 'SQL']"
JOB04142,Product Analyst,"['Excel', 'Product Analytics', 'Python', 'SQL']"
JOB04143,HR Analyst,"['Data Analysis', 'Excel', 'HR Analytics', 'Power BI', 'SQL']"
JOB04144,Python Developer,"['Django', 'Flask', 'Git', 'Python', 'SQL']"
JOB04145,Marketing Analyst,"['Excel', 'Marketing Analytics', 'Power BI', 'Python', 'SQL']"
JOB04146,Power BI Developer,"['DAX', 'Excel', 'Power BI', 'Power Query', 'SQL']"
JOB04147,SQL Developer,"['Database', 'ETL', 'MySQL', 'PostgreSQL', 'SQL']"
JOB04148,Marketing Analyst,"['Excel', 'Marketing Analytics', 'Power BI', 'Python', 'SQL']"
JOB04149,Cloud Engineer,"['AWS', 'Azure', 'Cloud Computing', 'Docker', 'Linux']"
JOB04150,Marketing Analyst,"['Excel', 'Marketing Analytics', 'Power BI', 'Python', 'SQL']"
JOB04151,Machine Learning Engineer,"['Docker', 'Machine Learning', 'Python', 'Scikit-learn', 'TensorFlow']"
JOB04152,SQL Developer,"['Database', 'ETL', 'MySQL', 'PostgreSQL', 'SQL']"
JOB04153,Business Analyst,"['Business Analysis', 'Excel', 'Power BI', 'Requirements Gathering', 'SQL']"
JOB04154,Product Analyst,"['Excel', 'Product Analytics', 'Python', 'SQL']"
JOB04155,Data Analyst,"['Excel', 'Oracle', 'Power BI', 'Python', 'SQL', 'Tableau']"
JOB04156,Python Developer,"['Django', 'Flask', 'Git', 'Python', 'SQL']"
JOB04157,Product Analyst,"['Excel', 'Product Analytics', 'Python', 'SQL']"
JOB04158,Business Analyst,"['Business Analysis', 'Excel', 'Power BI', 'Requirements Gathering', 'SQL']"
JOB04159,Power BI Developer,"['DAX', 'Excel', 'Power BI', 'Power Query', 'SQL']"
JOB04160,Power BI Developer,"['DAX', 'Excel', 'Power BI', 'Power Query', 'SQL']"
JOB04161,QA Engineer,"['Automation Testing', 'Java', 'Python', 'SQL', 'Selenium']"
JOB04162,Software Engineer,"['Git', 'Java', 'Python', 'REST API', 'SQL']"
JOB04163,Machine Learning Engineer,"['Docker', 'Machine Learning', 'Python', 'Scikit-learn', 'TensorFlow']"
JOB04164,Product Analyst,"['Excel', 'Product Analytics', 'Python', 'SQL']"
JOB04165,Python Developer,"['Django', 'Flask', 'Git', 'Python', 'SQL']"
JOB04166,Software Engineer,"['Git', 'Java', 'Python', 'REST API', 'SQL']"
JOB04167,Data Engineer,"['AWS', 'ETL', 'Python', 'SQL', 'Spark']"
JOB04168,Marketing Analyst,"['Excel', 'Marketing Analytics', 'Power BI', 'Python', 'SQL']"
JOB04169,Marketing Analyst,"['Excel', 'Marketing Analytics', 'Power BI', 'Python', 'SQL']"
JOB04170,BI Analyst,"['DAX', 'Data Visualization', 'Excel', 'Power BI', 'SQL']"
JOB04171,Cloud Engineer,"['AWS', 'Azure', 'Cloud Computing', 'Docker', 'Linux']"
JOB04172,Python Developer,"['Cloud Computing', 'Django', 'Flask', 'Git', 'Python', 'SQL']"
JOB04173,SQL Developer,"['Cloud Computing', 'Database', 'ETL', 'MySQL', 'PostgreSQL', 'SQL']"
JOB04174,Web Developer,"['CSS', 'Git', 'HTML', 'Java', 'JavaScript', 'Machine Learning', 'React']"
JOB04175,Data Scientist,"['Machine Learning', 'Oracle', 'Pandas', 'Python', 'SQL', 'Statistics']"
JOB04176,Marketing Analyst,"['Excel', 'Marketing Analytics', 'Power BI', 'Python', 'SQL']"
JOB04177,Cloud Engineer,"['AWS', 'Azure', 'Cloud Computing', 'Docker', 'Linux']"
JOB04178,Product Analyst,"['Excel', 'Product Analytics', 'Python', 'SQL']"
JOB04179,Machine Learning Engineer,"['Docker', 'Machine Learning', 'Python', 'Scikit-learn', 'TensorFlow']"
JOB04180,Business Analyst,"['Business Analysis', 'Excel', 'Power BI', 'Requirements Gathering', 'SQL']"
JOB04181,Web Developer,"['CSS', 'Cloud Computing', 'Git', 'HTML', 'Java', 'JavaScript', 'Machine Learning', 'React']"
JOB04182,Python Developer,"['Django', 'Flask', 'Git', 'Python', 'SQL']"
JOB04183,Cloud Engineer,"['AWS', 'Azure', 'Cloud Computing', 'Docker', 'Linux']"
JOB04184,QA Engineer,"['Automation Testing', 'Java', 'Python', 'SQL', 'Selenium']"
JOB04185,BI Analyst,"['DAX', 'Data Visualization', 'Excel', 'Power BI', 'SQL']"
JOB04186,HR Analyst,"['Data Analysis', 'Excel', 'HR Analytics', 'Power BI', 'SQL']"
JOB04187,Machine Learning Engineer,"['Docker', 'Machine Learning', 'Python', 'Scikit-learn', 'TensorFlow']"
JOB04188,HR Analyst,"['Data Analysis', 'Excel', 'HR Analytics', 'Power BI', 'SQL']"
JOB04189,Marketing Analyst,"['Excel', 'Marketing Analytics', 'Power BI', 'Python', 'SQL']"
JOB04190,DevOps Engineer,"['AWS', 'Docker', 'Jenkins', 'Kubernetes', 'Linux']"
JOB04191,Full Stack Developer,"['CSS', 'HTML', 'Java', 'JavaScript', 'Machine Learning', 'Node', 'React']"
JOB04192,Data Analyst,"['Excel', 'Power BI', 'Python', 'SQL', 'Tableau']"
JOB04193,Data Scientist,"['Machine Learning', 'Pandas', 'Python', 'SQL', 'Statistics']"
JOB04194,HR Analyst,"['Data Analysis', 'Excel', 'HR Analytics', 'Power BI', 'SQL']"
JOB04195,QA Engineer,"['Automation Testing', 'Java', 'Python', 'SQL', 'Selenium']"
JOB04196,HR Analyst,"['Data Analysis', 'Excel', 'HR Analytics', 'Power BI', 'SQL']"
JOB04197,Web Developer,"['CSS', 'Git', 'HTML', 'Java', 'JavaScript', 'Machine Learning', 'React']"
JOB04198,Business Analyst,"['Business Analysis', 'Excel', 'Power BI', 'Requirements Gathering', 'SQL']"
JOB04199,SQL Developer,"['Database', 'ETL', 'MySQL', 'PostgreSQL', 'SQL']"
JOB04200,Power BI Developer,"['DAX', 'Excel', 'Power BI', 'Power Query', 'SQL']"
JOB04201,Web Developer,"['CSS', 'Git', 'HTML', 'Java', 'JavaScript', 'Machine Learning', 'React']"
JOB04202,HR Analyst,"['Data Analysis', 'Excel', 'HR Analytics', 'Power BI', 'SQL']"
JOB04203,Data Scientist,"['Machine Learning', 'Pandas', 'Python', 'SQL', 'Statistics']"
JOB04204,Business Analyst,"['Business Analysis', 'Excel', 'Power BI', 'Requirements Gathering', 'SQL']"
JOB04205,Database Administrator,"['Database', 'Database Administration', 'MySQL', 'Oracle', 'PostgreSQL', 'SQL']"
JOB04206,BI Analyst,"['DAX', 'Data Visualization', 'Excel', 'Power BI', 'SQL']"
JOB04207,HR Analyst,"['Data Analysis', 'Excel', 'HR Analytics', 'Power BI', 'SQL']"
JOB04208,Financial Analyst,"['Excel', 'Financial Modeling', 'Power BI', 'SQL', 'Statistics']"
JOB04209,Data Analyst,"['Excel', 'Power BI', 'Python', 'SQL', 'Tableau']"
JOB04210,Web Developer,"['CSS', 'Cloud Computing', 'Git', 'HTML', 'Java', 'JavaScript', 'Machine Learning', 'React']"
JOB04211,Product Analyst,"['Excel', 'Product Analytics', 'Python', 'SQL']"
JOB04212,QA Engineer,"['Automation Testing', 'Java', 'Python', 'SQL', 'Selenium']"
JOB04213,Cloud Engineer,"['AWS', 'Azure', 'Cloud Computing', 'Docker', 'Linux']"
JOB04214,QA Engineer,"['Automation Testing', 'Java', 'Python', 'SQL', 'Selenium']"
JOB04215,Data Engineer,"['AWS', 'ETL', 'Python', 'SQL', 'Spark']"
JOB04216,Data Analyst,"['Excel', 'Power BI', 'Python', 'SQL', 'Tableau']"
JOB04217,Data Scientist,"['Machine Learning', 'Pandas', 'Python', 'SQL', 'Statistics']"
JOB04218,Data Scientist,"['Machine Learning', 'Oracle', 'Pandas', 'Python', 'SQL', 'Statistics']"
JOB04219,Cloud Engineer,"['AWS', 'Azure', 'Cloud Computing', 'Docker', 'Linux']"
JOB04220,Power BI Developer,"['DAX', 'Excel', 'Power BI', 'Power Query', 'SQL']"
JOB04221,Python Developer,"['Django', 'Flask', 'Git', 'Python', 'SQL']"
JOB04222,Business Analyst,"['Business Analysis', 'Excel', 'Power BI', 'Requirements Gathering', 'SQL']"
JOB04223,DevOps Engineer,"['AWS', 'Docker', 'Jenkins', 'Kubernetes', 'Linux']"
JOB04224,Marketing Analyst,"['Excel', 'Marketing Analytics', 'Oracle', 'Power BI', 'Python', 'SQL']"
JOB04225,Data Engineer,"['AWS', 'ETL', 'Python', 'SQL', 'Spark']"
JOB04226,Web Developer,"['CSS', 'Git', 'HTML', 'Java', 'JavaScript', 'Machine Learning', 'React']"
JOB04227,Marketing Analyst,"['Excel', 'Marketing Analytics', 'Power BI', 'Python', 'SQL']"
JOB04228,Machine Learning Engineer,"['Docker', 'Machine Learning', 'Python', 'Scikit-learn', 'TensorFlow']"
JOB04229,Data Analyst,"['Excel', 'Power BI', 'Python', 'SQL', 'Tableau']"
JOB04230,Product Analyst,"['Excel', 'Product Analytics', 'Python', 'SQL']"
JOB04231,QA Engineer,"['Automation Testing', 'Java', 'Python', 'SQL', 'Selenium']"
JOB04232,Marketing Analyst,"['Excel', 'Marketing Analytics', 'Power BI', 'Python', 'SQL']"
JOB04233,Data Scientist,"['Machine Learning', 'Pandas', 'Python', 'SQL', 'Statistics']"
JOB04234,Full Stack Developer,"['CSS', 'HTML', 'Java', 'JavaScript', 'Machine Learning', 'Node', 'React']"
JOB04235,DevOps Engineer,"['AWS', 'Docker', 'Jenkins', 'Kubernetes', 'Linux']"
JOB04236,Python Developer,"['Django', 'Flask', 'Git', 'Python', 'SQL']"
JOB04237,Data Scientist,"['Machine Learning', 'Pandas', 'Python', 'SQL', 'Statistics']"
JOB04238,HR Analyst,"['Data Analysis', 'Excel', 'HR Analytics', 'Oracle', 'Power BI', 'SQL']"
JOB04239,SQL Developer,"['Database', 'ETL', 'MySQL', 'PostgreSQL', 'SQL']"
JOB04240,Python Developer,"['Django', 'Flask', 'Git', 'Python', 'SQL']"
JOB04241,Power BI Developer,"['DAX', 'Excel', 'Power BI', 'Power Query', 'SQL']"
JOB04242,Web Developer,"['CSS', 'Git', 'HTML', 'Java', 'JavaScript', 'Machine Learning', 'React']"
JOB04243,Software Engineer,"['Git', 'Java', 'Python', 'REST API', 'SQL']"
JOB04244,Business Analyst,"['Business Analysis', 'Excel', 'Power BI', 'Requirements Gathering', 'SQL']"
JOB04245,Financial Analyst,"['Excel', 'Financial Modeling', 'Power BI', 'SQL', 'Statistics']"
JOB04246,Power BI Developer,"['DAX', 'Excel', 'Power BI', 'Power Query', 'SQL']"
JOB04247,Data Engineer,"['AWS', 'ETL', 'Python', 'SQL', 'Spark']"
JOB04248,Business Analyst,"['Business Analysis', 'Excel', 'Power BI', 'Requirements Gathering', 'SQL']"
JOB04249,Machine Learning Engineer,"['Docker', 'Machine Learning', 'Python', 'Scikit-learn', 'TensorFlow']"
JOB04250,Financial Analyst,"['Excel', 'Financial Modeling', 'Power BI', 'SQL', 'Statistics']"
JOB04251,Marketing Analyst,"['Excel', 'Marketing Analytics', 'Power BI', 'Python', 'SQL']"
JOB04252,HR Analyst,"['Data Analysis', 'Excel', 'HR Analytics', 'Power BI', 'SQL']"
JOB04253,Full Stack Developer,"['CSS', 'HTML', 'Java', 'JavaScript', 'Machine Learning', 'Node', 'React']"
JOB04254,BI Analyst,"['DAX', 'Data Visualization', 'Excel', 'Power BI', 'SQL']"
JOB04255,Python Developer,"['Django', 'Flask', 'Git', 'Python', 'SQL']"
JOB04256,SQL Developer,"['Database', 'ETL', 'MySQL', 'PostgreSQL', 'SQL']"
JOB04257,Data Engineer,"['AWS', 'ETL', 'Python', 'SQL', 'Spark']"
JOB04258,DevOps Engineer,"['AWS', 'Docker', 'Jenkins', 'Kubernetes', 'Linux']"
JOB04259,Database Administrator,"['Database', 'Database Administration', 'MySQL', 'Oracle', 'PostgreSQL', 'SQL']"
JOB04260,Machine Learning Engineer,"['Docker', 'Machine Learning', 'Python', 'Scikit-learn', 'TensorFlow']"
JOB04261,Data Engineer,"['AWS', 'ETL', 'Python', 'SQL', 'Spark']"
JOB04262,DevOps Engineer,"['AWS', 'Docker', 'Jenkins', 'Kubernetes', 'Linux']"
JOB04263,SQL Developer,"['Database', 'ETL', 'MySQL', 'PostgreSQL', 'SQL']"
JOB04264,Product Analyst,"['Excel', 'Product Analytics', 'Python', 'SQL']"
JOB04265,Web Developer,"['CSS', 'Git', 'HTML', 'Java', 'JavaScript', 'Machine Learning', 'React']"
JOB04266,SQL Developer,"['Database', 'ETL', 'MySQL', 'PostgreSQL', 'SQL']"
JOB04267,Software Engineer,"['Git', 'Java', 'Python', 'REST API', 'SQL']"
JOB04268,SQL Developer,"['Database', 'ETL', 'MySQL', 'PostgreSQL', 'SQL']"
JOB04269,Database Administrator,"['Cloud Computing', 'Database', 'Database Administration', 'MySQL', 'Oracle', 'PostgreSQL', 'SQL']"
JOB04270,Machine Learning Engineer,"['Docker', 'Machine Learning', 'Python', 'Scikit-learn', 'TensorFlow']"
JOB04271,Business Analyst,"['Business Analysis', 'Excel', 'Power BI', 'Requirements Gathering', 'SQL']"
JOB04272,Database Administrator,"['Database', 'Database Administration', 'MySQL', 'Oracle', 'PostgreSQL', 'SQL']"
JOB04273,Data Scientist,"['Machine Learning', 'Pandas', 'Python', 'SQL', 'Statistics']"
JOB04274,QA Engineer,"['Automation Testing', 'Cloud Computing', 'Java', 'Python', 'SQL', 'Selenium']"
JOB04275,Web Developer,"['CSS', 'Git', 'HTML', 'Java', 'JavaScript', 'Machine Learning', 'React']"
JOB04276,Financial Analyst,"['Excel', 'Financial Modeling', 'Power BI', 'SQL', 'Statistics']"
JOB04277,Python Developer,"['Django', 'Flask', 'Git', 'Python', 'SQL']"
JOB04278,Data Engineer,"['AWS', 'ETL', 'Python', 'SQL', 'Spark']"
JOB04279,Data Engineer,"['AWS', 'ETL', 'Python', 'SQL', 'Spark']"
JOB04280,Data Scientist,"['Machine Learning', 'Pandas', 'Python', 'SQL', 'Statistics']"
JOB04281,Marketing Analyst,"['Excel', 'Marketing Analytics', 'Power BI', 'Python', 'SQL']"
JOB04282,DevOps Engineer,"['AWS', 'Docker', 'Jenkins', 'Kubernetes', 'Linux']"
JOB04283,QA Engineer,"['Automation Testing', 'Java', 'Python', 'SQL', 'Selenium']"
JOB04284,Business Analyst,"['Business Analysis', 'Excel', 'Power BI', 'Requirements Gathering', 'SQL']"
JOB04285,Business Analyst,"['Business Analysis', 'Excel', 'Power BI', 'Requirements Gathering', 'SQL']"
JOB04286,Product Analyst,"['Excel', 'Product Analytics', 'Python', 'SQL']"
JOB04287,Data Scientist,"['Machine Learning', 'Pandas', 'Python', 'SQL', 'Statistics']"
JOB04288,QA Engineer,"['Automation Testing', 'Java', 'Python', 'SQL', 'Selenium']"
JOB04289,Python Developer,"['Django', 'Flask', 'Git', 'Python', 'SQL']"
JOB04290,Python Developer,"['Django', 'Flask', 'Git', 'Python', 'SQL']"
JOB04291,SQL Developer,"['Database', 'ETL', 'MySQL', 'PostgreSQL', 'SQL']"
JOB04292,Marketing Analyst,"['Excel', 'Marketing Analytics', 'Power BI', 'Python', 'SQL']"
JOB04293,Full Stack Developer,"['CSS', 'HTML', 'Java', 'JavaScript', 'Machine Learning', 'Node', 'React']"
JOB04294,BI Analyst,"['DAX', 'Data Visualization', 'Excel', 'Power BI', 'SQL']"
JOB04295,Cloud Engineer,"['AWS', 'Azure', 'Cloud Computing', 'Docker', 'Linux']"
JOB04296,Marketing Analyst,"['Excel', 'Marketing Analytics', 'Power BI', 'Python', 'SQL']"
JOB04297,Financial Analyst,"['Excel', 'Financial Modeling', 'Power BI', 'SQL', 'Statistics']"
JOB04298,BI Analyst,"['DAX', 'Data Visualization', 'Excel', 'Power BI', 'SQL']"
JOB04299,Data Scientist,"['Machine Learning', 'Pandas', 'Python', 'SQL', 'Statistics']"
JOB04300,Software Engineer,"['Git', 'Java', 'Python', 'REST API', 'SQL']"
JOB04301,Financial Analyst,"['Excel', 'Financial Modeling', 'Oracle', 'Power BI', 'SQL', 'Statistics']"
JOB04302,Financial Analyst,"['Excel', 'Financial Modeling', 'Power BI', 'SQL', 'Statistics']"
JOB04303,BI Analyst,"['DAX', 'Data Visualization', 'Excel', 'Power BI', 'SQL']"
JOB04304,Software Engineer,"['Git', 'Java', 'Python', 'REST API', 'SQL']"
JOB04305,Database Administrator,"['Database', 'Database Administration', 'MySQL', 'Oracle', 'PostgreSQL', 'SQL']"
JOB04306,Marketing Analyst,"['Excel', 'Marketing Analytics', 'Power BI', 'Python', 'SQL']"
JOB04307,Power BI Developer,"['DAX', 'Excel', 'Power BI', 'Power Query', 'SQL']"
JOB04308,Power BI Developer,"['DAX', 'Excel', 'Power BI', 'Power Query', 'SQL']"
JOB04309,Marketing Analyst,"['Excel', 'Marketing Analytics', 'Power BI', 'Python', 'SQL']"
JOB04310,DevOps Engineer,"['AWS', 'Docker', 'Jenkins', 'Kubernetes', 'Linux']"
JOB04311,Data Analyst,"['Excel', 'Oracle', 'Power BI', 'Python', 'SQL', 'Tableau']"
JOB04312,Database Administrator,"['Database', 'Database Administration', 'MySQL', 'Oracle', 'PostgreSQL', 'SQL']"
JOB04313,BI Analyst,"['DAX', 'Data Visualization', 'Excel', 'Power BI', 'SQL']"
JOB04314,Software Engineer,"['Git', 'Java', 'Python', 'REST API', 'SQL']"
JOB04315,Python Developer,"['Django', 'Flask', 'Git', 'Python', 'SQL']"
JOB04316,BI Analyst,"['DAX', 'Data Visualization', 'Excel', 'Power BI', 'SQL']"
JOB04317,Data Scientist,"['Machine Learning', 'Pandas', 'Python', 'SQL', 'Statistics']"
JOB04318,Marketing Analyst,"['Excel', 'Marketing Analytics', 'Power BI', 'Python', 'SQL']"
JOB04319,Power BI Developer,"['DAX', 'Excel', 'Power BI', 'Power Query', 'SQL']"
JOB04320,Financial Analyst,"['Excel', 'Financial Modeling', 'Power BI', 'SQL', 'Statistics']"
JOB04321,QA Engineer,"['Automation Testing', 'Java', 'Python', 'SQL', 'Selenium']"
JOB04322,Financial Analyst,"['Excel', 'Financial Modeling', 'Power BI', 'SQL', 'Statistics']"
JOB04323,Software Engineer,"['Git', 'Java', 'Python', 'REST API', 'SQL']"
JOB04324,SQL Developer,"['Cloud Computing', 'Database', 'ETL', 'MySQL', 'PostgreSQL', 'SQL']"
JOB04325,BI Analyst,"['DAX', 'Data Visualization', 'Excel', 'Power BI', 'SQL']"
JOB04326,Power BI Developer,"['DAX', 'Excel', 'Power BI', 'Power Query', 'SQL']"
JOB04327,QA Engineer,"['Automation Testing', 'Java', 'Python', 'SQL', 'Selenium']"
JOB04328,Data Scientist,"['Machine Learning', 'Pandas', 'Python', 'SQL', 'Statistics']"
JOB04329,Power BI Developer,"['DAX', 'Excel', 'Power BI', 'Power Query', 'SQL']"
JOB04330,DevOps Engineer,"['AWS', 'Cloud Computing', 'Docker', 'Jenkins', 'Kubernetes', 'Linux']"
JOB04331,SQL Developer,"['Cloud Computing', 'Database', 'ETL', 'MySQL', 'PostgreSQL', 'SQL']"
JOB04332,Database Administrator,"['Cloud Computing', 'Database', 'Database Administration', 'MySQL', 'Oracle', 'PostgreSQL', 'SQL']"
JOB04333,HR Analyst,"['Data Analysis', 'Excel', 'HR Analytics', 'Power BI', 'SQL']"
JOB04334,Marketing Analyst,"['Excel', 'Marketing Analytics', 'Power BI', 'Python', 'SQL']"
JOB04335,HR Analyst,"['Data Analysis', 'Excel', 'HR Analytics', 'Power BI', 'SQL']"
JOB04336,SQL Developer,"['Database', 'ETL', 'MySQL', 'PostgreSQL', 'SQL']"
JOB04337,Software Engineer,"['Git', 'Java', 'Python', 'REST API', 'SQL']"
JOB04338,Business Analyst,"['Business Analysis', 'Excel', 'Power BI', 'Requirements Gathering', 'SQL']"
JOB04339,Cloud Engineer,"['AWS', 'Azure', 'Cloud Computing', 'Docker', 'Linux']"
JOB04340,Web Developer,"['CSS', 'Git', 'HTML', 'Java', 'JavaScript', 'Machine Learning', 'React']"
JOB04341,Power BI Developer,"['DAX', 'Excel', 'Power BI', 'Power Query', 'SQL']"
JOB04342,Data Engineer,"['AWS', 'ETL', 'Python', 'SQL', 'Spark']"
JOB04343,Power BI Developer,"['DAX', 'Excel', 'Power BI', 'Power Query', 'SQL']"
JOB04344,Database Administrator,"['Database', 'Database Administration', 'MySQL', 'Oracle', 'PostgreSQL', 'SQL']"
JOB04345,Business Analyst,"['Business Analysis', 'Excel', 'Power BI', 'Requirements Gathering', 'SQL']"
JOB04346,DevOps Engineer,"['AWS', 'Docker', 'Jenkins', 'Kubernetes', 'Linux']"
JOB04347,QA Engineer,"['Automation Testing', 'Java', 'Python', 'SQL', 'Selenium']"
JOB04348,HR Analyst,"['Data Analysis', 'Excel', 'HR Analytics', 'Power BI', 'SQL']"
JOB04349,HR Analyst,"['Data Analysis', 'Excel', 'HR Analytics', 'Power BI', 'SQL']"
JOB04350,Database Administrator,"['Database', 'Database Administration', 'MySQL', 'Oracle', 'PostgreSQL', 'SQL']"
JOB04351,HR Analyst,"['Data Analysis', 'Excel', 'HR Analytics', 'Power BI', 'SQL']"
JOB04352,Business Analyst,"['Business Analysis', 'Excel', 'Power BI', 'Requirements Gathering', 'SQL']"
JOB04353,DevOps Engineer,"['AWS', 'Docker', 'Jenkins', 'Kubernetes', 'Linux']"
JOB04354,Web Developer,"['CSS', 'Git', 'HTML', 'Java', 'JavaScript', 'Machine Learning', 'React']"
JOB04355,BI Analyst,"['DAX', 'Data Visualization', 'Excel', 'Power BI', 'SQL']"
JOB04356,SQL Developer,"['Database', 'ETL', 'MySQL', 'PostgreSQL', 'SQL']"
JOB04357,Power BI Developer,"['DAX', 'Excel', 'Power BI', 'Power Query', 'SQL']"
JOB04358,Full Stack Developer,"['CSS', 'HTML', 'Java', 'JavaScript', 'Machine Learning', 'Node', 'Oracle', 'React']"
JOB04359,QA Engineer,"['Automation Testing', 'Java', 'Python', 'SQL', 'Selenium']"
JOB04360,Software Engineer,"['Git', 'Java', 'Python', 'REST API', 'SQL']"
JOB04361,Full Stack Developer,"['CSS', 'HTML', 'Java', 'JavaScript', 'Machine Learning', 'Node', 'React']"
JOB04362,Data Scientist,"['Machine Learning', 'Pandas', 'Python', 'SQL', 'Statistics']"
JOB04363,Machine Learning Engineer,"['Docker', 'Machine Learning', 'Oracle', 'Python', 'Scikit-learn', 'TensorFlow']"
JOB04364,Data Analyst,"['Excel', 'Power BI', 'Python', 'SQL', 'Tableau']"
JOB04365,Database Administrator,"['Database', 'Database Administration', 'MySQL', 'Oracle', 'PostgreSQL', 'SQL']"
JOB04366,Database Administrator,"['Database', 'Database Administration', 'MySQL', 'Oracle', 'PostgreSQL', 'SQL']"
JOB04367,Power BI Developer,"['DAX', 'Excel', 'Power BI', 'Power Query', 'SQL']"
JOB04368,DevOps Engineer,"['AWS', 'Docker', 'Jenkins', 'Kubernetes', 'Linux']"
JOB04369,Cloud Engineer,"['AWS', 'Azure', 'Cloud Computing', 'Docker', 'Linux']"
JOB04370,BI Analyst,"['DAX', 'Data Visualization', 'Excel', 'Power BI', 'SQL']"
JOB04371,Full Stack Developer,"['CSS', 'HTML', 'Java', 'JavaScript', 'Machine Learning', 'Node', 'React']"
JOB04372,Machine Learning Engineer,"['Docker', 'Machine Learning', 'Python', 'Scikit-learn', 'TensorFlow']"
JOB04373,QA Engineer,"['Automation Testing', 'Java', 'Python', 'SQL', 'Selenium']"
JOB04374,Software Engineer,"['Cloud Computing', 'Git', 'Java', 'Python', 'REST API', 'SQL']"
JOB04375,SQL Developer,"['Database', 'ETL', 'MySQL', 'PostgreSQL', 'SQL']"
JOB04376,Product Analyst,"['Excel', 'Product Analytics', 'Python', 'SQL']"
JOB04377,Cloud Engineer,"['AWS', 'Azure', 'Cloud Computing', 'Docker', 'Linux']"
JOB04378,Data Engineer,"['AWS', 'ETL', 'Python', 'SQL', 'Spark']"
JOB04379,Marketing Analyst,"['Excel', 'Marketing Analytics', 'Power BI', 'Python', 'SQL']"
JOB04380,Marketing Analyst,"['Excel', 'Marketing Analytics', 'Power BI', 'Python', 'SQL']"
JOB04381,Web Developer,"['CSS', 'Git', 'HTML', 'Java', 'JavaScript', 'Machine Learning', 'React']"
JOB04382,Full Stack Developer,"['CSS', 'HTML', 'Java', 'JavaScript', 'Machine Learning', 'Node', 'React']"
JOB04383,Data Engineer,"['AWS', 'ETL', 'Python', 'SQL', 'Spark']"
JOB04384,QA Engineer,"['Automation Testing', 'Cloud Computing', 'Java', 'Python', 'SQL', 'Selenium']"
JOB04385,Database Administrator,"['Database', 'Database Administration', 'MySQL', 'Oracle', 'PostgreSQL', 'SQL']"
JOB04386,Python Developer,"['Django', 'Flask', 'Git', 'Python', 'SQL']"
JOB04387,Full Stack Developer,"['CSS', 'HTML', 'Java', 'JavaScript', 'Machine Learning', 'Node', 'React']"
JOB04388,Full Stack Developer,"['CSS', 'HTML', 'Java', 'JavaScript', 'Machine Learning', 'Node', 'React']"
JOB04389,Web Developer,"['CSS', 'Git', 'HTML', 'Java', 'JavaScript', 'Machine Learning', 'React']"
JOB04390,DevOps Engineer,"['AWS', 'Docker', 'Jenkins', 'Kubernetes', 'Linux']"
JOB04391,Database Administrator,"['Database', 'Database Administration', 'MySQL', 'Oracle', 'PostgreSQL', 'SQL']"
JOB04392,Full Stack Developer,"['CSS', 'HTML', 'Java', 'JavaScript', 'Machine Learning', 'Node', 'React']"
JOB04393,Full Stack Developer,"['CSS', 'HTML', 'Java', 'JavaScript', 'Machine Learning', 'Node', 'React']"
JOB04394,Data Analyst,"['Excel', 'Power BI', 'Python', 'SQL', 'Tableau']"
JOB04395,Python Developer,"['Django', 'Flask', 'Git', 'Python', 'SQL']"
JOB04396,Marketing Analyst,"['Excel', 'Marketing Analytics', 'Power BI', 'Python', 'SQL']"
JOB04397,BI Analyst,"['DAX', 'Data Visualization', 'Excel', 'Power BI', 'SQL']"
JOB04398,QA Engineer,"['Automation Testing', 'Java', 'Python', 'SQL', 'Selenium']"
JOB04399,QA Engineer,"['Automation Testing', 'Java', 'Python', 'SQL', 'Selenium']"
JOB04400,Financial Analyst,"['Excel', 'Financial Modeling', 'Power BI', 'SQL', 'Statistics']"
JOB04401,Software Engineer,"['Git', 'Java', 'Python', 'REST API', 'SQL']"
JOB04402,BI Analyst,"['DAX', 'Data Visualization', 'Excel', 'Power BI', 'SQL']"
JOB04403,Product Analyst,"['Excel', 'Product Analytics', 'Python', 'SQL']"
JOB04404,QA Engineer,"['Automation Testing', 'Java', 'Python', 'SQL', 'Selenium']"
JOB04405,Web Developer,"['CSS', 'Git', 'HTML', 'Java', 'JavaScript', 'Machine Learning', 'React']"
JOB04406,Data Scientist,"['Machine Learning', 'Pandas', 'Python', 'SQL', 'Statistics']"
JOB04407,Product Analyst,"['Excel', 'Product Analytics', 'Python', 'SQL']"
JOB04408,Data Scientist,"['Machine Learning', 'Pandas', 'Python', 'SQL', 'Statistics']"
JOB04409,Cloud Engineer,"['AWS', 'Azure', 'Cloud Computing', 'Docker', 'Linux']"
JOB04410,Database Administrator,"['Cloud Computing', 'Database', 'Database Administration', 'MySQL', 'Oracle', 'PostgreSQL', 'SQL']"
JOB04411,Data Scientist,"['Machine Learning', 'Pandas', 'Python', 'SQL', 'Statistics']"
JOB04412,Full Stack Developer,"['CSS', 'HTML', 'Java', 'JavaScript', 'Machine Learning', 'Node', 'React']"
JOB04413,Python Developer,"['Django', 'Flask', 'Git', 'Python', 'SQL']"
JOB04414,HR Analyst,"['Data Analysis', 'Excel', 'HR Analytics', 'Power BI', 'SQL']"
JOB04415,Data Analyst,"['Excel', 'Power BI', 'Python', 'SQL', 'Tableau']"
JOB04416,SQL Developer,"['Database', 'ETL', 'MySQL', 'PostgreSQL', 'SQL']"
JOB04417,Product Analyst,"['Excel', 'Product Analytics', 'Python', 'SQL']"
JOB04418,Web Developer,"['CSS', 'Git', 'HTML', 'Java', 'JavaScript', 'Machine Learning', 'React']"
JOB04419,DevOps Engineer,"['AWS', 'Docker', 'Jenkins', 'Kubernetes', 'Linux']"
JOB04420,Cloud Engineer,"['AWS', 'Azure', 'Cloud Computing', 'Docker', 'Linux']"
JOB04421,QA Engineer,"['Automation Testing', 'Java', 'Python', 'SQL', 'Selenium']"
JOB04422,Product Analyst,"['Excel', 'Product Analytics', 'Python', 'SQL']"
JOB04423,DevOps Engineer,"['AWS', 'Docker', 'Jenkins', 'Kubernetes', 'Linux']"
JOB04424,QA Engineer,"['Automation Testing', 'Java', 'Python', 'SQL', 'Selenium']"
JOB04425,Data Analyst,"['Excel', 'Power BI', 'Python', 'SQL', 'Tableau']"
JOB04426,Machine Learning Engineer,"['Docker', 'Machine Learning', 'Python', 'Scikit-learn', 'TensorFlow']"
JOB04427,Web Developer,"['CSS', 'Git', 'HTML', 'Java', 'JavaScript', 'Machine Learning', 'React']"
JOB04428,HR Analyst,"['Data Analysis', 'Excel', 'HR Analytics', 'Power BI', 'SQL']"
JOB04429,DevOps Engineer,"['AWS', 'Docker', 'Jenkins', 'Kubernetes', 'Linux', 'Oracle']"
JOB04430,Business Analyst,"['Business Analysis', 'Excel', 'Power BI', 'Requirements Gathering', 'SQL']"
JOB04431,Marketing Analyst,"['Excel', 'Marketing Analytics', 'Power BI', 'Python', 'SQL']"
JOB04432,Power BI Developer,"['DAX', 'Excel', 'Power BI', 'Power Query', 'SQL']"
JOB04433,Web Developer,"['CSS', 'Git', 'HTML', 'Java', 'JavaScript', 'Machine Learning', 'React']"
JOB04434,Machine Learning Engineer,"['Docker', 'Machine Learning', 'Python', 'Scikit-learn', 'TensorFlow']"
JOB04435,BI Analyst,"['DAX', 'Data Visualization', 'Excel', 'Power BI', 'SQL']"
JOB04436,Business Analyst,"['Business Analysis', 'Excel', 'Power BI', 'Requirements Gathering', 'SQL']"
JOB04437,HR Analyst,"['Data Analysis', 'Excel', 'HR Analytics', 'Oracle', 'Power BI', 'SQL']"
JOB04438,HR Analyst,"['Data Analysis', 'Excel', 'HR Analytics', 'Power BI', 'SQL']"
JOB04439,Database Administrator,"['Database', 'Database Administration', 'MySQL', 'Oracle', 'PostgreSQL', 'SQL']"
JOB04440,Data Scientist,"['Machine Learning', 'Pandas', 'Python', 'SQL', 'Statistics']"
JOB04441,Business Analyst,"['Business Analysis', 'Excel', 'Power BI', 'Requirements Gathering', 'SQL']"
JOB04442,SQL Developer,"['Database', 'ETL', 'MySQL', 'PostgreSQL', 'SQL']"
JOB04443,Marketing Analyst,"['Excel', 'Marketing Analytics', 'Power BI', 'Python', 'SQL']"
JOB04444,Data Analyst,"['Excel', 'Oracle', 'Power BI', 'Python', 'SQL', 'Tableau']"
JOB04445,QA Engineer,"['Automation Testing', 'Java', 'Python', 'SQL', 'Selenium']"
JOB04446,Database Administrator,"['Database', 'Database Administration', 'MySQL', 'Oracle', 'PostgreSQL', 'SQL']"
JOB04447,Product Analyst,"['Excel', 'Product Analytics', 'Python', 'SQL']"
JOB04448,Marketing Analyst,"['Excel', 'Marketing Analytics', 'Power BI', 'Python', 'SQL']"
JOB04449,Business Analyst,"['Business Analysis', 'Excel', 'Power BI', 'Requirements Gathering', 'SQL']"
JOB04450,Full Stack Developer,"['CSS', 'HTML', 'Java', 'JavaScript', 'Machine Learning', 'Node', 'React']"
JOB04451,DevOps Engineer,"['AWS', 'Docker', 'Jenkins', 'Kubernetes', 'Linux']"
JOB04452,Data Engineer,"['AWS', 'ETL', 'Python', 'SQL', 'Spark']"
JOB04453,BI Analyst,"['DAX', 'Data Visualization', 'Excel', 'Power BI', 'SQL']"
JOB04454,QA Engineer,"['Automation Testing', 'Java', 'Python', 'SQL', 'Selenium']"
JOB04455,HR Analyst,"['Data Analysis', 'Excel', 'HR Analytics', 'Power BI', 'SQL']"
JOB04456,HR Analyst,"['Data Analysis', 'Excel', 'HR Analytics', 'Power BI', 'SQL']"
JOB04457,Product Analyst,"['Cloud Computing', 'Excel', 'Product Analytics', 'Python', 'SQL']"
JOB04458,Business Analyst,"['Business Analysis', 'Excel', 'Oracle', 'Power BI', 'Requirements Gathering', 'SQL']"
JOB04459,HR Analyst,"['Data Analysis', 'Excel', 'HR Analytics', 'Power BI', 'SQL']"
JOB04460,Data Analyst,"['Excel', 'Oracle', 'Power BI', 'Python', 'SQL', 'Tableau']"
JOB04461,Software Engineer,"['Git', 'Java', 'Python', 'REST API', 'SQL']"
JOB04462,SQL Developer,"['Database', 'ETL', 'MySQL', 'PostgreSQL', 'SQL']"
JOB04463,Business Analyst,"['Business Analysis', 'Excel', 'Power BI', 'Requirements Gathering', 'SQL']"
JOB04464,Python Developer,"['Django', 'Flask', 'Git', 'Python', 'SQL']"
JOB04465,Full Stack Developer,"['CSS', 'HTML', 'Java', 'JavaScript', 'Machine Learning', 'Node', 'React']"
JOB04466,Software Engineer,"['Git', 'Java', 'Python', 'REST API', 'SQL']"
JOB04467,Full Stack Developer,"['CSS', 'HTML', 'Java', 'JavaScript', 'Machine Learning', 'Node', 'React']"
JOB04468,Database Administrator,"['Database', 'Database Administration', 'MySQL', 'Oracle', 'PostgreSQL', 'SQL']"
JOB04469,Data Engineer,"['AWS', 'ETL', 'Python', 'SQL', 'Spark']"
JOB04470,Cloud Engineer,"['AWS', 'Azure', 'Cloud Computing', 'Docker', 'Linux']"
JOB04471,Machine Learning Engineer,"['Docker', 'Machine Learning', 'Python', 'Scikit-learn', 'TensorFlow']"
JOB04472,Financial Analyst,"['Excel', 'Financial Modeling', 'Power BI', 'SQL', 'Statistics']"
JOB04473,Machine Learning Engineer,"['Docker', 'Machine Learning', 'Python', 'Scikit-learn', 'TensorFlow']"
JOB04474,BI Analyst,"['DAX', 'Data Visualization', 'Excel', 'Power BI', 'SQL']"
JOB04475,Cloud Engineer,"['AWS', 'Azure', 'Cloud Computing', 'Docker', 'Linux']"
JOB04476,Data Engineer,"['AWS', 'ETL', 'Python', 'SQL', 'Spark']"
JOB04477,Financial Analyst,"['Excel', 'Financial Modeling', 'Power BI', 'SQL', 'Statistics']"
JOB04478,Financial Analyst,"['Excel', 'Financial Modeling', 'Power BI', 'SQL', 'Statistics']"
JOB04479,Business Analyst,"['Business Analysis', 'Excel', 'Power BI', 'Requirements Gathering', 'SQL']"
JOB04480,Software Engineer,"['Git', 'Java', 'Python', 'REST API', 'SQL']"
JOB04481,Software Engineer,"['Git', 'Java', 'Python', 'REST API', 'SQL']"
JOB04482,Power BI Developer,"['DAX', 'Excel', 'Power BI', 'Power Query', 'SQL']"
JOB04483,Data Analyst,"['Cloud Computing', 'Excel', 'Power BI', 'Python', 'SQL', 'Tableau']"
JOB04484,QA Engineer,"['Automation Testing', 'Java', 'Python', 'SQL', 'Selenium']"
JOB04485,Full Stack Developer,"['CSS', 'HTML', 'Java', 'JavaScript', 'Machine Learning', 'Node', 'Oracle', 'React']"
JOB04486,Product Analyst,"['Excel', 'Product Analytics', 'Python', 'SQL']"
JOB04487,Full Stack Developer,"['CSS', 'HTML', 'Java', 'JavaScript', 'Machine Learning', 'Node', 'React']"
JOB04488,Database Administrator,"['Database', 'Database Administration', 'MySQL', 'Oracle', 'PostgreSQL', 'SQL']"
JOB04489,Business Analyst,"['Business Analysis', 'Excel', 'Power BI', 'Requirements Gathering', 'SQL']"
JOB04490,HR Analyst,"['Data Analysis', 'Excel', 'HR Analytics', 'Power BI', 'SQL']"
JOB04491,DevOps Engineer,"['AWS', 'Docker', 'Jenkins', 'Kubernetes', 'Linux']"
JOB04492,Business Analyst,"['Business Analysis', 'Excel', 'Power BI', 'Requirements Gathering', 'SQL']"
JOB04493,Data Engineer,"['AWS', 'ETL', 'Python', 'SQL', 'Spark']"
JOB04494,BI Analyst,"['DAX', 'Data Visualization', 'Excel', 'Power BI', 'SQL']"
JOB04495,Data Analyst,"['Excel', 'Power BI', 'Python', 'SQL', 'Tableau']"
JOB04496,Software Engineer,"['Git', 'Java', 'Python', 'REST API', 'SQL']"
JOB04497,HR Analyst,"['Data Analysis', 'Excel', 'HR Analytics', 'Power BI', 'SQL']"
JOB04498,Data Analyst,"['Excel', 'Power BI', 'Python', 'SQL', 'Tableau']"
JOB04499,HR Analyst,"['Data Analysis', 'Excel', 'HR Analytics', 'Power BI', 'SQL']"
JOB04500,Software Engineer,"['Git', 'Java', 'Python', 'REST API', 'SQL']"
JOB04501,Marketing Analyst,"['Excel', 'Marketing Analytics', 'Power BI', 'Python', 'SQL']"
JOB04502,Cloud Engineer,"['AWS', 'Azure', 'Cloud Computing', 'Docker', 'Linux']"
JOB04503,Data Scientist,"['Machine Learning', 'Pandas', 'Python', 'SQL', 'Statistics']"
JOB04504,Product Analyst,"['Excel', 'Product Analytics', 'Python', 'SQL']"
JOB04505,Financial Analyst,"['Excel', 'Financial Modeling', 'Power BI', 'SQL', 'Statistics']"
JOB04506,QA Engineer,"['Automation Testing', 'Java', 'Python', 'SQL', 'Selenium']"
JOB04507,Web Developer,"['CSS', 'Git', 'HTML', 'Java', 'JavaScript', 'Machine Learning', 'React']"
JOB04508,QA Engineer,"['Automation Testing', 'Java', 'Python', 'SQL', 'Selenium']"
JOB04509,Marketing Analyst,"['Excel', 'Marketing Analytics', 'Power BI', 'Python', 'SQL']"
JOB04510,Financial Analyst,"['Excel', 'Financial Modeling', 'Power BI', 'SQL', 'Statistics']"
JOB04511,Business Analyst,"['Business Analysis', 'Excel', 'Oracle', 'Power BI', 'Requirements Gathering', 'SQL']"
JOB04512,Data Engineer,"['AWS', 'ETL', 'Python', 'SQL', 'Spark']"
JOB04513,HR Analyst,"['Data Analysis', 'Excel', 'HR Analytics', 'Power BI', 'SQL']"
JOB04514,Database Administrator,"['Cloud Computing', 'Database', 'Database Administration', 'MySQL', 'Oracle', 'PostgreSQL', 'SQL']"
JOB04515,Business Analyst,"['Business Analysis', 'Excel', 'Power BI', 'Requirements Gathering', 'SQL']"
JOB04516,Data Analyst,"['Excel', 'Power BI', 'Python', 'SQL', 'Tableau']"
JOB04517,Python Developer,"['Django', 'Flask', 'Git', 'Python', 'SQL']"
JOB04518,Python Developer,"['Django', 'Flask', 'Git', 'Python', 'SQL']"
JOB04519,Database Administrator,"['Database', 'Database Administration', 'MySQL', 'Oracle', 'PostgreSQL', 'SQL']"
JOB04520,DevOps Engineer,"['AWS', 'Docker', 'Jenkins', 'Kubernetes', 'Linux']"
JOB04521,Python Developer,"['Django', 'Flask', 'Git', 'Python', 'SQL']"
JOB04522,SQL Developer,"['Database', 'ETL', 'MySQL', 'PostgreSQL', 'SQL']"
JOB04523,Web Developer,"['CSS', 'Git', 'HTML', 'Java', 'JavaScript', 'Machine Learning', 'React']"
JOB04524,QA Engineer,"['Automation Testing', 'Java', 'Python', 'SQL', 'Selenium']"
JOB04525,Data Analyst,"['Excel', 'Power BI', 'Python', 'SQL', 'Tableau']"
JOB04526,Full Stack Developer,"['CSS', 'HTML', 'Java', 'JavaScript', 'Machine Learning', 'Node', 'React']"
JOB04527,Marketing Analyst,"['Excel', 'Marketing Analytics', 'Power BI', 'Python', 'SQL']"
JOB04528,SQL Developer,"['Database', 'ETL', 'MySQL', 'PostgreSQL', 'SQL']"
JOB04529,BI Analyst,"['DAX', 'Data Visualization', 'Excel', 'Power BI', 'SQL']"
JOB04530,SQL Developer,"['Database', 'ETL', 'MySQL', 'PostgreSQL', 'SQL']"
JOB04531,QA Engineer,"['Automation Testing', 'Java', 'Python', 'SQL', 'Selenium']"
JOB04532,Data Scientist,"['Machine Learning', 'Pandas', 'Python', 'SQL', 'Statistics']"
JOB04533,Full Stack Developer,"['CSS', 'HTML', 'Java', 'JavaScript', 'Machine Learning', 'Node', 'React']"
JOB04534,Machine Learning Engineer,"['Docker', 'Machine Learning', 'Python', 'Scikit-learn', 'TensorFlow']"
JOB04535,Cloud Engineer,"['AWS', 'Azure', 'Cloud Computing', 'Docker', 'Linux']"
JOB04536,Cloud Engineer,"['AWS', 'Azure', 'Cloud Computing', 'Docker', 'Linux']"
JOB04537,Database Administrator,"['Database', 'Database Administration', 'MySQL', 'Oracle', 'PostgreSQL', 'SQL']"
JOB04538,Full Stack Developer,"['CSS', 'HTML', 'Java', 'JavaScript', 'Machine Learning', 'Node', 'React']"
JOB04539,HR Analyst,"['Data Analysis', 'Excel', 'HR Analytics', 'Power BI', 'SQL']"
JOB04540,HR Analyst,"['Data Analysis', 'Excel', 'HR Analytics', 'Power BI', 'SQL']"
JOB04541,Cloud Engineer,"['AWS', 'Azure', 'Cloud Computing', 'Docker', 'Linux']"
JOB04542,Cloud Engineer,"['AWS', 'Azure', 'Cloud Computing', 'Docker', 'Linux']"
JOB04543,Data Engineer,"['AWS', 'ETL', 'Python', 'SQL', 'Spark']"
JOB04544,Financial Analyst,"['Excel', 'Financial Modeling', 'Power BI', 'SQL', 'Statistics']"
JOB04545,Data Scientist,"['Machine Learning', 'Pandas', 'Python', 'SQL', 'Statistics']"
JOB04546,Data Engineer,"['AWS', 'ETL', 'Python', 'SQL', 'Spark']"
JOB04547,Database Administrator,"['Cloud Computing', 'Database', 'Database Administration', 'MySQL', 'Oracle', 'PostgreSQL', 'SQL']"
JOB04548,Marketing Analyst,"['Excel', 'Marketing Analytics', 'Power BI', 'Python', 'SQL']"
JOB04549,DevOps Engineer,"['AWS', 'Docker', 'Jenkins', 'Kubernetes', 'Linux', 'Oracle']"
JOB04550,Data Scientist,"['Machine Learning', 'Pandas', 'Python', 'SQL', 'Statistics']"
JOB04551,Web Developer,"['CSS', 'Git', 'HTML', 'Java', 'JavaScript', 'Machine Learning', 'React']"
JOB04552,Marketing Analyst,"['Excel', 'Marketing Analytics', 'Power BI', 'Python', 'SQL']"
JOB04553,Software Engineer,"['Git', 'Java', 'Python', 'REST API', 'SQL']"
JOB04554,HR Analyst,"['Data Analysis', 'Excel', 'HR Analytics', 'Power BI', 'SQL']"
JOB04555,DevOps Engineer,"['AWS', 'Docker', 'Jenkins', 'Kubernetes', 'Linux']"
JOB04556,Software Engineer,"['Cloud Computing', 'Git', 'Java', 'Python', 'REST API', 'SQL']"
JOB04557,Product Analyst,"['Excel', 'Oracle', 'Product Analytics', 'Python', 'SQL']"
JOB04558,DevOps Engineer,"['AWS', 'Docker', 'Jenkins', 'Kubernetes', 'Linux']"
JOB04559,BI Analyst,"['DAX', 'Data Visualization', 'Excel', 'Power BI', 'SQL']"
JOB04560,Database Administrator,"['Database', 'Database Administration', 'MySQL', 'Oracle', 'PostgreSQL', 'SQL']"
JOB04561,Database Administrator,"['Database', 'Database Administration', 'MySQL', 'Oracle', 'PostgreSQL', 'SQL']"
JOB04562,Product Analyst,"['Excel', 'Product Analytics', 'Python', 'SQL']"
JOB04563,Data Scientist,"['Machine Learning', 'Pandas', 'Python', 'SQL', 'Statistics']"
JOB04564,SQL Developer,"['Database', 'ETL', 'MySQL', 'PostgreSQL', 'SQL']"
JOB04565,DevOps Engineer,"['AWS', 'Docker', 'Jenkins', 'Kubernetes', 'Linux']"
JOB04566,Software Engineer,"['Git', 'Java', 'Python', 'REST API', 'SQL']"
JOB04567,Power BI Developer,"['DAX', 'Excel', 'Power BI', 'Power Query', 'SQL']"
JOB04568,HR Analyst,"['Data Analysis', 'Excel', 'HR Analytics', 'Power BI', 'SQL']"
JOB04569,Data Engineer,"['AWS', 'ETL', 'Python', 'SQL', 'Spark']"
JOB04570,BI Analyst,"['DAX', 'Data Visualization', 'Excel', 'Oracle', 'Power BI', 'SQL']"
JOB04571,HR Analyst,"['Data Analysis', 'Excel', 'HR Analytics', 'Oracle', 'Power BI', 'SQL']"
JOB04572,Database Administrator,"['Database', 'Database Administration', 'MySQL', 'Oracle', 'PostgreSQL', 'SQL']"
JOB04573,HR Analyst,"['Data Analysis', 'Excel', 'HR Analytics', 'Power BI', 'SQL']"
JOB04574,DevOps Engineer,"['AWS', 'Docker', 'Jenkins', 'Kubernetes', 'Linux']"
JOB04575,Database Administrator,"['Database', 'Database Administration', 'MySQL', 'Oracle', 'PostgreSQL', 'SQL']"
JOB04576,HR Analyst,"['Data Analysis', 'Excel', 'HR Analytics', 'Power BI', 'SQL']"
JOB04577,BI Analyst,"['DAX', 'Data Visualization', 'Excel', 'Power BI', 'SQL']"
JOB04578,Database Administrator,"['Database', 'Database Administration', 'MySQL', 'Oracle', 'PostgreSQL', 'SQL']"
JOB04579,Data Engineer,"['AWS', 'ETL', 'Oracle', 'Python', 'SQL', 'Spark']"
JOB04580,Full Stack Developer,"['CSS', 'Cloud Computing', 'HTML', 'Java', 'JavaScript', 'Machine Learning', 'Node', 'React']"
JOB04581,HR Analyst,"['Data Analysis', 'Excel', 'HR Analytics', 'Power BI', 'SQL']"
JOB04582,Database Administrator,"['Database', 'Database Administration', 'MySQL', 'Oracle', 'PostgreSQL', 'SQL']"
JOB04583,Cloud Engineer,"['AWS', 'Azure', 'Cloud Computing', 'Docker', 'Linux']"
JOB04584,Data Scientist,"['Machine Learning', 'Pandas', 'Python', 'SQL', 'Statistics']"
JOB04585,Machine Learning Engineer,"['Docker', 'Machine Learning', 'Python', 'Scikit-learn', 'TensorFlow']"
JOB04586,Product Analyst,"['Excel', 'Product Analytics', 'Python', 'SQL']"
JOB04587,Business Analyst,"['Business Analysis', 'Excel', 'Power BI', 'Requirements Gathering', 'SQL']"
JOB04588,HR Analyst,"['Data Analysis', 'Excel', 'HR Analytics', 'Power BI', 'SQL']"
JOB04589,Software Engineer,"['Git', 'Java', 'Python', 'REST API', 'SQL']"
JOB04590,Power BI Developer,"['DAX', 'Excel', 'Power BI', 'Power Query', 'SQL']"
JOB04591,BI Analyst,"['DAX', 'Data Visualization', 'Excel', 'Oracle', 'Power BI', 'SQL']"
JOB04592,Database Administrator,"['Database', 'Database Administration', 'MySQL', 'Oracle', 'PostgreSQL', 'SQL']"
JOB04593,HR Analyst,"['Data Analysis', 'Excel', 'HR Analytics', 'Power BI', 'SQL']"
JOB04594,Full Stack Developer,"['CSS', 'HTML', 'Java', 'JavaScript', 'Machine Learning', 'Node', 'React']"
JOB04595,HR Analyst,"['Data Analysis', 'Excel', 'HR Analytics', 'Power BI', 'SQL']"
JOB04596,Machine Learning Engineer,"['Cloud Computing', 'Docker', 'Machine Learning', 'Python', 'Scikit-learn', 'TensorFlow']"
JOB04597,DevOps Engineer,"['AWS', 'Docker', 'Jenkins', 'Kubernetes', 'Linux']"
JOB04598,Financial Analyst,"['Excel', 'Financial Modeling', 'Power BI', 'SQL', 'Statistics']"
JOB04599,Marketing Analyst,"['Excel', 'Marketing Analytics', 'Power BI', 'Python', 'SQL']"
JOB04600,Web Developer,"['CSS', 'Git', 'HTML', 'Java', 'JavaScript', 'Machine Learning', 'React']"
JOB04601,Python Developer,"['Django', 'Flask', 'Git', 'Python', 'SQL']"
JOB04602,QA Engineer,"['Automation Testing', 'Java', 'Python', 'SQL', 'Selenium']"
JOB04603,BI Analyst,"['DAX', 'Data Visualization', 'Excel', 'Power BI', 'SQL']"
JOB04604,Data Analyst,"['Excel', 'Power BI', 'Python', 'SQL', 'Tableau']"
JOB04605,Web Developer,"['CSS', 'Git', 'HTML', 'Java', 'JavaScript', 'Machine Learning', 'React']"
JOB04606,Machine Learning Engineer,"['Docker', 'Machine Learning', 'Python', 'Scikit-learn', 'TensorFlow']"
JOB04607,Financial Analyst,"['Cloud Computing', 'Excel', 'Financial Modeling', 'Power BI', 'SQL', 'Statistics']"
JOB04608,HR Analyst,"['Data Analysis', 'Excel', 'HR Analytics', 'Power BI', 'SQL']"
JOB04609,DevOps Engineer,"['AWS', 'Docker', 'Jenkins', 'Kubernetes', 'Linux']"
JOB04610,SQL Developer,"['Database', 'ETL', 'MySQL', 'PostgreSQL', 'SQL']"
JOB04611,Product Analyst,"['Excel', 'Product Analytics', 'Python', 'SQL']"
JOB04612,QA Engineer,"['Automation Testing', 'Java', 'Python', 'SQL', 'Selenium']"
JOB04613,Machine Learning Engineer,"['Docker', 'Machine Learning', 'Python', 'Scikit-learn', 'TensorFlow']"
JOB04614,Data Scientist,"['Machine Learning', 'Pandas', 'Python', 'SQL', 'Statistics']"
JOB04615,Software Engineer,"['Git', 'Java', 'Python', 'REST API', 'SQL']"
JOB04616,DevOps Engineer,"['AWS', 'Cloud Computing', 'Docker', 'Jenkins', 'Kubernetes', 'Linux']"
JOB04617,Product Analyst,"['Excel', 'Product Analytics', 'Python', 'SQL']"
JOB04618,Database Administrator,"['Database', 'Database Administration', 'MySQL', 'Oracle', 'PostgreSQL', 'SQL']"
JOB04619,Web Developer,"['CSS', 'Git', 'HTML', 'Java', 'JavaScript', 'Machine Learning', 'React']"
JOB04620,Financial Analyst,"['Cloud Computing', 'Excel', 'Financial Modeling', 'Power BI', 'SQL', 'Statistics']"
JOB04621,Financial Analyst,"['Excel', 'Financial Modeling', 'Power BI', 'SQL', 'Statistics']"
JOB04622,Data Scientist,"['Machine Learning', 'Pandas', 'Python', 'SQL', 'Statistics']"
JOB04623,Financial Analyst,"['Excel', 'Financial Modeling', 'Power BI', 'SQL', 'Statistics']"
JOB04624,Data Analyst,"['Excel', 'Power BI', 'Python', 'SQL', 'Tableau']"
JOB04625,Data Engineer,"['AWS', 'ETL', 'Python', 'SQL', 'Spark']"
JOB04626,Power BI Developer,"['DAX', 'Excel', 'Power BI', 'Power Query', 'SQL']"
JOB04627,Web Developer,"['CSS', 'Git', 'HTML', 'Java', 'JavaScript', 'Machine Learning', 'React']"
JOB04628,Database Administrator,"['Database', 'Database Administration', 'MySQL', 'Oracle', 'PostgreSQL', 'SQL']"
JOB04629,Business Analyst,"['Business Analysis', 'Excel', 'Power BI', 'Requirements Gathering', 'SQL']"
JOB04630,SQL Developer,"['Database', 'ETL', 'MySQL', 'PostgreSQL', 'SQL']"
JOB04631,Product Analyst,"['Excel', 'Product Analytics', 'Python', 'SQL']"
JOB04632,Database Administrator,"['Database', 'Database Administration', 'MySQL', 'Oracle', 'PostgreSQL', 'SQL']"
JOB04633,Marketing Analyst,"['Excel', 'Marketing Analytics', 'Power BI', 'Python', 'SQL']"
JOB04634,Product Analyst,"['Excel', 'Product Analytics', 'Python', 'SQL']"
JOB04635,Full Stack Developer,"['CSS', 'HTML', 'Java', 'JavaScript', 'Machine Learning', 'Node', 'React']"
JOB04636,Marketing Analyst,"['Excel', 'Marketing Analytics', 'Power BI', 'Python', 'SQL']"
JOB04637,Product Analyst,"['Excel', 'Oracle', 'Product Analytics', 'Python', 'SQL']"
JOB04638,Product Analyst,"['Excel', 'Product Analytics', 'Python', 'SQL']"
JOB04639,HR Analyst,"['Data Analysis', 'Excel', 'HR Analytics', 'Power BI', 'SQL']"
JOB04640,Financial Analyst,"['Excel', 'Financial Modeling', 'Power BI', 'SQL', 'Statistics']"
JOB04641,Business Analyst,"['Business Analysis', 'Excel', 'Power BI', 'Requirements Gathering', 'SQL']"
JOB04642,QA Engineer,"['Automation Testing', 'Java', 'Python', 'SQL', 'Selenium']"
JOB04643,Marketing Analyst,"['Excel', 'Marketing Analytics', 'Power BI', 'Python', 'SQL']"
JOB04644,Cloud Engineer,"['AWS', 'Azure', 'Cloud Computing', 'Docker', 'Linux']"
JOB04645,SQL Developer,"['Database', 'ETL', 'MySQL', 'PostgreSQL', 'SQL']"
JOB04646,Machine Learning Engineer,"['Docker', 'Machine Learning', 'Python', 'Scikit-learn', 'TensorFlow']"
JOB04647,Data Scientist,"['Machine Learning', 'Pandas', 'Python', 'SQL', 'Statistics']"
JOB04648,Database Administrator,"['Database', 'Database Administration', 'MySQL', 'Oracle', 'PostgreSQL', 'SQL']"
JOB04649,Marketing Analyst,"['Excel', 'Marketing Analytics', 'Power BI', 'Python', 'SQL']"
JOB04650,Data Scientist,"['Machine Learning', 'Pandas', 'Python', 'SQL', 'Statistics']"
JOB04651,Database Administrator,"['Database', 'Database Administration', 'MySQL', 'Oracle', 'PostgreSQL', 'SQL']"
JOB04652,Data Analyst,"['Excel', 'Power BI', 'Python', 'SQL', 'Tableau']"
JOB04653,Software Engineer,"['Git', 'Java', 'Oracle', 'Python', 'REST API', 'SQL']"
JOB04654,Cloud Engineer,"['AWS', 'Azure', 'Cloud Computing', 'Docker', 'Linux']"
JOB04655,Power BI Developer,"['DAX', 'Excel', 'Power BI', 'Power Query', 'SQL']"
JOB04656,HR Analyst,"['Data Analysis', 'Excel', 'HR Analytics', 'Power BI', 'SQL']"
JOB04657,Data Engineer,"['AWS', 'ETL', 'Python', 'SQL', 'Spark']"
JOB04658,Cloud Engineer,"['AWS', 'Azure', 'Cloud Computing', 'Docker', 'Linux']"
JOB04659,SQL Developer,"['Database', 'ETL', 'MySQL', 'Oracle', 'PostgreSQL', 'SQL']"
JOB04660,Python Developer,"['Django', 'Flask', 'Git', 'Oracle', 'Python', 'SQL']"
JOB04661,DevOps Engineer,"['AWS', 'Docker', 'Jenkins', 'Kubernetes', 'Linux']"
JOB04662,Data Engineer,"['AWS', 'ETL', 'Python', 'SQL', 'Spark']"
JOB04663,BI Analyst,"['DAX', 'Data Visualization', 'Excel', 'Power BI', 'SQL']"
JOB04664,Data Analyst,"['Excel', 'Power BI', 'Python', 'SQL', 'Tableau']"
JOB04665,DevOps Engineer,"['AWS', 'Docker', 'Jenkins', 'Kubernetes', 'Linux']"
JOB04666,Web Developer,"['CSS', 'Git', 'HTML', 'Java', 'JavaScript', 'Machine Learning', 'React']"
JOB04667,Python Developer,"['Django', 'Flask', 'Git', 'Python', 'SQL']"
JOB04668,Business Analyst,"['Business Analysis', 'Excel', 'Power BI', 'Requirements Gathering', 'SQL']"
JOB04669,Software Engineer,"['Git', 'Java', 'Python', 'REST API', 'SQL']"
JOB04670,Business Analyst,"['Business Analysis', 'Excel', 'Power BI', 'Requirements Gathering', 'SQL']"
JOB04671,Python Developer,"['Django', 'Flask', 'Git', 'Python', 'SQL']"
JOB04672,Financial Analyst,"['Excel', 'Financial Modeling', 'Power BI', 'SQL', 'Statistics']"
JOB04673,QA Engineer,"['Automation Testing', 'Java', 'Python', 'SQL', 'Selenium']"
JOB04674,Power BI Developer,"['DAX', 'Excel', 'Power BI', 'Power Query', 'SQL']"
JOB04675,Database Administrator,"['Database', 'Database Administration', 'MySQL', 'Oracle', 'PostgreSQL', 'SQL']"
JOB04676,Business Analyst,"['Business Analysis', 'Excel', 'Power BI', 'Requirements Gathering', 'SQL']"
JOB04677,Financial Analyst,"['Excel', 'Financial Modeling', 'Power BI', 'SQL', 'Statistics']"
JOB04678,Power BI Developer,"['DAX', 'Excel', 'Power BI', 'Power Query', 'SQL']"
JOB04679,Business Analyst,"['Business Analysis', 'Excel', 'Power BI', 'Requirements Gathering', 'SQL']"
JOB04680,Financial Analyst,"['Excel', 'Financial Modeling', 'Power BI', 'SQL', 'Statistics']"
JOB04681,Web Developer,"['CSS', 'Git', 'HTML', 'Java', 'JavaScript', 'Machine Learning', 'Oracle', 'React']"
JOB04682,Business Analyst,"['Business Analysis', 'Excel', 'Oracle', 'Power BI', 'Requirements Gathering', 'SQL']"
JOB04683,Python Developer,"['Django', 'Flask', 'Git', 'Python', 'SQL']"
JOB04684,Product Analyst,"['Excel', 'Product Analytics', 'Python', 'SQL']"
JOB04685,Full Stack Developer,"['CSS', 'HTML', 'Java', 'JavaScript', 'Machine Learning', 'Node', 'React']"
JOB04686,BI Analyst,"['DAX', 'Data Visualization', 'Excel', 'Power BI', 'SQL']"
JOB04687,Data Engineer,"['AWS', 'ETL', 'Python', 'SQL', 'Spark']"
JOB04688,Data Analyst,"['Excel', 'Power BI', 'Python', 'SQL', 'Tableau']"
JOB04689,Web Developer,"['CSS', 'Git', 'HTML', 'Java', 'JavaScript', 'Machine Learning', 'Oracle', 'React']"
JOB04690,QA Engineer,"['Automation Testing', 'Java', 'Python', 'SQL', 'Selenium']"
JOB04691,Cloud Engineer,"['AWS', 'Azure', 'Cloud Computing', 'Docker', 'Linux']"
JOB04692,Product Analyst,"['Excel', 'Product Analytics', 'Python', 'SQL']"
JOB04693,BI Analyst,"['DAX', 'Data Visualization', 'Excel', 'Power BI', 'SQL']"
JOB04694,Database Administrator,"['Database', 'Database Administration', 'MySQL', 'Oracle', 'PostgreSQL', 'SQL']"
JOB04695,Data Scientist,"['Machine Learning', 'Pandas', 'Python', 'SQL', 'Statistics']"
JOB04696,Financial Analyst,"['Excel', 'Financial Modeling', 'Oracle', 'Power BI', 'SQL', 'Statistics']"
JOB04697,Database Administrator,"['Database', 'Database Administration', 'MySQL', 'Oracle', 'PostgreSQL', 'SQL']"
JOB04698,Power BI Developer,"['DAX', 'Excel', 'Power BI', 'Power Query', 'SQL']"
JOB04699,Cloud Engineer,"['AWS', 'Azure', 'Cloud Computing', 'Docker', 'Linux']"
JOB04700,Full Stack Developer,"['CSS', 'HTML', 'Java', 'JavaScript', 'Machine Learning', 'Node', 'React']"
JOB04701,Data Scientist,"['Machine Learning', 'Pandas', 'Python', 'SQL', 'Statistics']"
JOB04702,Power BI Developer,"['DAX', 'Excel', 'Oracle', 'Power BI', 'Power Query', 'SQL']"
JOB04703,Financial Analyst,"['Excel', 'Financial Modeling', 'Power BI', 'SQL', 'Statistics']"
JOB04704,Data Engineer,"['AWS', 'ETL', 'Python', 'SQL', 'Spark']"
JOB04705,Web Developer,"['CSS', 'Git', 'HTML', 'Java', 'JavaScript', 'Machine Learning', 'React']"
JOB04706,Python Developer,"['Django', 'Flask', 'Git', 'Python', 'SQL']"
JOB04707,Python Developer,"['Django', 'Flask', 'Git', 'Python', 'SQL']"
JOB04708,Web Developer,"['CSS', 'Git', 'HTML', 'Java', 'JavaScript', 'Machine Learning', 'Oracle', 'React']"
JOB04709,Cloud Engineer,"['AWS', 'Azure', 'Cloud Computing', 'Docker', 'Linux']"
JOB04710,Web Developer,"['CSS', 'Git', 'HTML', 'Java', 'JavaScript', 'Machine Learning', 'React']"
JOB04711,BI Analyst,"['DAX', 'Data Visualization', 'Excel', 'Power BI', 'SQL']"
JOB04712,Product Analyst,"['Excel', 'Product Analytics', 'Python', 'SQL']"
JOB04713,Machine Learning Engineer,"['Docker', 'Machine Learning', 'Oracle', 'Python', 'Scikit-learn', 'TensorFlow']"
JOB04714,Power BI Developer,"['DAX', 'Excel', 'Power BI', 'Power Query', 'SQL']"
JOB04715,Machine Learning Engineer,"['Docker', 'Machine Learning', 'Python', 'Scikit-learn', 'TensorFlow']"
JOB04716,Data Engineer,"['AWS', 'ETL', 'Python', 'SQL', 'Spark']"
JOB04717,SQL Developer,"['Database', 'ETL', 'MySQL', 'PostgreSQL', 'SQL']"
JOB04718,Cloud Engineer,"['AWS', 'Azure', 'Cloud Computing', 'Docker', 'Linux']"
JOB04719,Full Stack Developer,"['CSS', 'HTML', 'Java', 'JavaScript', 'Machine Learning', 'Node', 'React']"
JOB04720,Data Analyst,"['Excel', 'Power BI', 'Python', 'SQL', 'Tableau']"
JOB04721,BI Analyst,"['DAX', 'Data Visualization', 'Excel', 'Power BI', 'SQL']"
JOB04722,Data Analyst,"['Excel', 'Power BI', 'Python', 'SQL', 'Tableau']"
JOB04723,Power BI Developer,"['DAX', 'Excel', 'Power BI', 'Power Query', 'SQL']"
JOB04724,DevOps Engineer,"['AWS', 'Docker', 'Jenkins', 'Kubernetes', 'Linux']"
JOB04725,Full Stack Developer,"['CSS', 'Cloud Computing', 'HTML', 'Java', 'JavaScript', 'Machine Learning', 'Node', 'React']"
JOB04726,Software Engineer,"['Git', 'Java', 'Oracle', 'Python', 'REST API', 'SQL']"
JOB04727,QA Engineer,"['Automation Testing', 'Java', 'Python', 'SQL', 'Selenium']"
JOB04728,Web Developer,"['CSS', 'Git', 'HTML', 'Java', 'JavaScript', 'Machine Learning', 'React']"
JOB04729,Data Analyst,"['Excel', 'Power BI', 'Python', 'SQL', 'Tableau']"
JOB04730,Data Engineer,"['AWS', 'ETL', 'Python', 'SQL', 'Spark']"
JOB04731,Marketing Analyst,"['Excel', 'Marketing Analytics', 'Oracle', 'Power BI', 'Python', 'SQL']"
JOB04732,Data Analyst,"['Excel', 'Power BI', 'Python', 'SQL', 'Tableau']"
JOB04733,Web Developer,"['CSS', 'Git', 'HTML', 'Java', 'JavaScript', 'Machine Learning', 'React']"
JOB04734,Python Developer,"['Django', 'Flask', 'Git', 'Python', 'SQL']"
JOB04735,Full Stack Developer,"['CSS', 'Cloud Computing', 'HTML', 'Java', 'JavaScript', 'Machine Learning', 'Node', 'React']"
JOB04736,Business Analyst,"['Business Analysis', 'Excel', 'Power BI', 'Requirements Gathering', 'SQL']"
JOB04737,HR Analyst,"['Data Analysis', 'Excel', 'HR Analytics', 'Power BI', 'SQL']"
JOB04738,Product Analyst,"['Excel', 'Product Analytics', 'Python', 'SQL']"
JOB04739,Full Stack Developer,"['CSS', 'HTML', 'Java', 'JavaScript', 'Machine Learning', 'Node', 'React']"
JOB04740,Full Stack Developer,"['CSS', 'HTML', 'Java', 'JavaScript', 'Machine Learning', 'Node', 'React']"
JOB04741,BI Analyst,"['DAX', 'Data Visualization', 'Excel', 'Power BI', 'SQL']"
JOB04742,Cloud Engineer,"['AWS', 'Azure', 'Cloud Computing', 'Docker', 'Linux']"
JOB04743,Web Developer,"['CSS', 'Git', 'HTML', 'Java', 'JavaScript', 'Machine Learning', 'React']"
JOB04744,Database Administrator,"['Database', 'Database Administration', 'MySQL', 'Oracle', 'PostgreSQL', 'SQL']"
JOB04745,HR Analyst,"['Data Analysis', 'Excel', 'HR Analytics', 'Power BI', 'SQL']"
JOB04746,Web Developer,"['CSS', 'Git', 'HTML', 'Java', 'JavaScript', 'Machine Learning', 'React']"
JOB04747,Full Stack Developer,"['CSS', 'HTML', 'Java', 'JavaScript', 'Machine Learning', 'Node', 'React']"
JOB04748,Business Analyst,"['Business Analysis', 'Excel', 'Power BI', 'Requirements Gathering', 'SQL']"
JOB04749,Full Stack Developer,"['CSS', 'HTML', 'Java', 'JavaScript', 'Machine Learning', 'Node', 'React']"
JOB04750,Marketing Analyst,"['Excel', 'Marketing Analytics', 'Power BI', 'Python', 'SQL']"
JOB04751,BI Analyst,"['DAX', 'Data Visualization', 'Excel', 'Power BI', 'SQL']"
JOB04752,Marketing Analyst,"['Excel', 'Marketing Analytics', 'Power BI', 'Python', 'SQL']"
JOB04753,Power BI Developer,"['DAX', 'Excel', 'Power BI', 'Power Query', 'SQL']"
JOB04754,Power BI Developer,"['DAX', 'Excel', 'Power BI', 'Power Query', 'SQL']"
JOB04755,Data Scientist,"['Machine Learning', 'Pandas', 'Python', 'SQL', 'Statistics']"
JOB04756,Web Developer,"['CSS', 'Git', 'HTML', 'Java', 'JavaScript', 'Machine Learning', 'React']"
JOB04757,Marketing Analyst,"['Cloud Computing', 'Excel', 'Marketing Analytics', 'Power BI', 'Python', 'SQL']"
JOB04758,Machine Learning Engineer,"['Docker', 'Machine Learning', 'Python', 'Scikit-learn', 'TensorFlow']"
JOB04759,Software Engineer,"['Git', 'Java', 'Python', 'REST API', 'SQL']"
JOB04760,Database Administrator,"['Database', 'Database Administration', 'MySQL', 'Oracle', 'PostgreSQL', 'SQL']"
JOB04761,Marketing Analyst,"['Excel', 'Marketing Analytics', 'Power BI', 'Python', 'SQL']"
JOB04762,HR Analyst,"['Data Analysis', 'Excel', 'HR Analytics', 'Power BI', 'SQL']"
JOB04763,Full Stack Developer,"['CSS', 'HTML', 'Java', 'JavaScript', 'Machine Learning', 'Node', 'React']"
JOB04764,BI Analyst,"['DAX', 'Data Visualization', 'Excel', 'Power BI', 'SQL']"
JOB04765,QA Engineer,"['Automation Testing', 'Java', 'Python', 'SQL', 'Selenium']"
JOB04766,Financial Analyst,"['Cloud Computing', 'Excel', 'Financial Modeling', 'Power BI', 'SQL', 'Statistics']"
JOB04767,Full Stack Developer,"['CSS', 'HTML', 'Java', 'JavaScript', 'Machine Learning', 'Node', 'React']"
JOB04768,Data Analyst,"['Excel', 'Oracle', 'Power BI', 'Python', 'SQL', 'Tableau']"
JOB04769,QA Engineer,"['Automation Testing', 'Java', 'Python', 'SQL', 'Selenium']"
JOB04770,Python Developer,"['Django', 'Flask', 'Git', 'Python', 'SQL']"
JOB04771,SQL Developer,"['Database', 'ETL', 'MySQL', 'Oracle', 'PostgreSQL', 'SQL']"
JOB04772,Power BI Developer,"['DAX', 'Excel', 'Power BI', 'Power Query', 'SQL']"
JOB04773,Machine Learning Engineer,"['Cloud Computing', 'Docker', 'Machine Learning', 'Python', 'Scikit-learn', 'TensorFlow']"
JOB04774,Web Developer,"['CSS', 'Git', 'HTML', 'Java', 'JavaScript', 'Machine Learning', 'React']"
JOB04775,Financial Analyst,"['Cloud Computing', 'Excel', 'Financial Modeling', 'Power BI', 'SQL', 'Statistics']"
JOB04776,Product Analyst,"['Cloud Computing', 'Excel', 'Product Analytics', 'Python', 'SQL']"
JOB04777,Full Stack Developer,"['CSS', 'HTML', 'Java', 'JavaScript', 'Machine Learning', 'Node', 'React']"
JOB04778,BI Analyst,"['DAX', 'Data Visualization', 'Excel', 'Power BI', 'SQL']"
JOB04779,Software Engineer,"['Git', 'Java', 'Python', 'REST API', 'SQL']"
JOB04780,Product Analyst,"['Excel', 'Product Analytics', 'Python', 'SQL']"
JOB04781,Machine Learning Engineer,"['Docker', 'Machine Learning', 'Python', 'Scikit-learn', 'TensorFlow']"
JOB04782,Data Analyst,"['Excel', 'Power BI', 'Python', 'SQL', 'Tableau']"
JOB04783,Data Engineer,"['AWS', 'ETL', 'Python', 'SQL', 'Spark']"
JOB04784,Cloud Engineer,"['AWS', 'Azure', 'Cloud Computing', 'Docker', 'Linux']"
JOB04785,Machine Learning Engineer,"['Docker', 'Machine Learning', 'Python', 'Scikit-learn', 'TensorFlow']"
JOB04786,Cloud Engineer,"['AWS', 'Azure', 'Cloud Computing', 'Docker', 'Linux']"
JOB04787,Marketing Analyst,"['Excel', 'Marketing Analytics', 'Power BI', 'Python', 'SQL']"
JOB04788,Power BI Developer,"['DAX', 'Excel', 'Power BI', 'Power Query', 'SQL']"
JOB04789,Financial Analyst,"['Excel', 'Financial Modeling', 'Power BI', 'SQL', 'Statistics']"
JOB04790,Full Stack Developer,"['CSS', 'HTML', 'Java', 'JavaScript', 'Machine Learning', 'Node', 'React']"
JOB04791,Data Engineer,"['AWS', 'ETL', 'Python', 'SQL', 'Spark']"
JOB04792,Power BI Developer,"['DAX', 'Excel', 'Power BI', 'Power Query', 'SQL']"
JOB04793,Power BI Developer,"['DAX', 'Excel', 'Power BI', 'Power Query', 'SQL']"
JOB04794,DevOps Engineer,"['AWS', 'Docker', 'Jenkins', 'Kubernetes', 'Linux']"
JOB04795,Software Engineer,"['Git', 'Java', 'Python', 'REST API', 'SQL']"
JOB04796,Power BI Developer,"['DAX', 'Excel', 'Power BI', 'Power Query', 'SQL']"
JOB04797,DevOps Engineer,"['AWS', 'Docker', 'Jenkins', 'Kubernetes', 'Linux']"
JOB04798,Financial Analyst,"['Excel', 'Financial Modeling', 'Power BI', 'SQL', 'Statistics']"
JOB04799,Financial Analyst,"['Excel', 'Financial Modeling', 'Power BI', 'SQL', 'Statistics']"
JOB04800,SQL Developer,"['Cloud Computing', 'Database', 'ETL', 'MySQL', 'PostgreSQL', 'SQL']"
JOB04801,SQL Developer,"['Database', 'ETL', 'MySQL', 'PostgreSQL', 'SQL']"
JOB04802,Marketing Analyst,"['Excel', 'Marketing Analytics', 'Power BI', 'Python', 'SQL']"
JOB04803,Data Scientist,"['Machine Learning', 'Pandas', 'Python', 'SQL', 'Statistics']"
JOB04804,Data Analyst,"['Excel', 'Power BI', 'Python', 'SQL', 'Tableau']"
JOB04805,Machine Learning Engineer,"['Docker', 'Machine Learning', 'Python', 'Scikit-learn', 'TensorFlow']"
JOB04806,DevOps Engineer,"['AWS', 'Docker', 'Jenkins', 'Kubernetes', 'Linux']"
JOB04807,Software Engineer,"['Git', 'Java', 'Python', 'REST API', 'SQL']"
JOB04808,Cloud Engineer,"['AWS', 'Azure', 'Cloud Computing', 'Docker', 'Linux']"
JOB04809,Cloud Engineer,"['AWS', 'Azure', 'Cloud Computing', 'Docker', 'Linux']"
JOB04810,Business Analyst,"['Business Analysis', 'Excel', 'Power BI', 'Requirements Gathering', 'SQL']"
JOB04811,SQL Developer,"['Database', 'ETL', 'MySQL', 'Oracle', 'PostgreSQL', 'SQL']"
JOB04812,Data Analyst,"['Excel', 'Power BI', 'Python', 'SQL', 'Tableau']"
JOB04813,Data Engineer,"['AWS', 'ETL', 'Python', 'SQL', 'Spark']"
JOB04814,BI Analyst,"['DAX', 'Data Visualization', 'Excel', 'Power BI', 'SQL']"
JOB04815,SQL Developer,"['Database', 'ETL', 'MySQL', 'PostgreSQL', 'SQL']"
JOB04816,Software Engineer,"['Git', 'Java', 'Python', 'REST API', 'SQL']"
JOB04817,SQL Developer,"['Database', 'ETL', 'MySQL', 'PostgreSQL', 'SQL']"
JOB04818,Database Administrator,"['Database', 'Database Administration', 'MySQL', 'Oracle', 'PostgreSQL', 'SQL']"
JOB04819,Marketing Analyst,"['Excel', 'Marketing Analytics', 'Oracle', 'Power BI', 'Python', 'SQL']"
JOB04820,Data Engineer,"['AWS', 'ETL', 'Python', 'SQL', 'Spark']"
JOB04821,Product Analyst,"['Excel', 'Product Analytics', 'Python', 'SQL']"
JOB04822,Business Analyst,"['Business Analysis', 'Excel', 'Oracle', 'Power BI', 'Requirements Gathering', 'SQL']"
JOB04823,Product Analyst,"['Excel', 'Product Analytics', 'Python', 'SQL']"
JOB04824,Power BI Developer,"['DAX', 'Excel', 'Power BI', 'Power Query', 'SQL']"
JOB04825,Cloud Engineer,"['AWS', 'Azure', 'Cloud Computing', 'Docker', 'Linux']"
JOB04826,Data Scientist,"['Machine Learning', 'Pandas', 'Python', 'SQL', 'Statistics']"
JOB04827,DevOps Engineer,"['AWS', 'Docker', 'Jenkins', 'Kubernetes', 'Linux']"
JOB04828,Data Scientist,"['Machine Learning', 'Pandas', 'Python', 'SQL', 'Statistics']"
JOB04829,Web Developer,"['CSS', 'Git', 'HTML', 'Java', 'JavaScript', 'Machine Learning', 'React']"
JOB04830,Full Stack Developer,"['CSS', 'HTML', 'Java', 'JavaScript', 'Machine Learning', 'Node', 'React']"
JOB04831,DevOps Engineer,"['AWS', 'Docker', 'Jenkins', 'Kubernetes', 'Linux']"
JOB04832,Product Analyst,"['Excel', 'Product Analytics', 'Python', 'SQL']"
JOB04833,Business Analyst,"['Business Analysis', 'Excel', 'Power BI', 'Requirements Gathering', 'SQL']"
JOB04834,SQL Developer,"['Database', 'ETL', 'MySQL', 'PostgreSQL', 'SQL']"
JOB04835,QA Engineer,"['Automation Testing', 'Java', 'Python', 'SQL', 'Selenium']"
JOB04836,Python Developer,"['Django', 'Flask', 'Git', 'Python', 'SQL']"
JOB04837,HR Analyst,"['Data Analysis', 'Excel', 'HR Analytics', 'Power BI', 'SQL']"
JOB04838,Power BI Developer,"['DAX', 'Excel', 'Power BI', 'Power Query', 'SQL']"
JOB04839,Cloud Engineer,"['AWS', 'Azure', 'Cloud Computing', 'Docker', 'Linux']"
JOB04840,BI Analyst,"['DAX', 'Data Visualization', 'Excel', 'Power BI', 'SQL']"
JOB04841,Python Developer,"['Django', 'Flask', 'Git', 'Python', 'SQL']"
JOB04842,Machine Learning Engineer,"['Docker', 'Machine Learning', 'Python', 'Scikit-learn', 'TensorFlow']"
JOB04843,Financial Analyst,"['Excel', 'Financial Modeling', 'Power BI', 'SQL', 'Statistics']"
JOB04844,SQL Developer,"['Database', 'ETL', 'MySQL', 'PostgreSQL', 'SQL']"
JOB04845,QA Engineer,"['Automation Testing', 'Java', 'Python', 'SQL', 'Selenium']"
JOB04846,Power BI Developer,"['DAX', 'Excel', 'Power BI', 'Power Query', 'SQL']"
JOB04847,Python Developer,"['Django', 'Flask', 'Git', 'Python', 'SQL']"
JOB04848,QA Engineer,"['Automation Testing', 'Java', 'Python', 'SQL', 'Selenium']"
JOB04849,Machine Learning Engineer,"['Docker', 'Machine Learning', 'Python', 'Scikit-learn', 'TensorFlow']"
JOB04850,HR Analyst,"['Data Analysis', 'Excel', 'HR Analytics', 'Power BI', 'SQL']"
JOB04851,Power BI Developer,"['DAX', 'Excel', 'Power BI', 'Power Query', 'SQL']"
JOB04852,Database Administrator,"['Database', 'Database Administration', 'MySQL', 'Oracle', 'PostgreSQL', 'SQL']"
JOB04853,Python Developer,"['Cloud Computing', 'Django', 'Flask', 'Git', 'Python', 'SQL']"
JOB04854,Data Engineer,"['AWS', 'ETL', 'Python', 'SQL', 'Spark']"
JOB04855,Power BI Developer,"['DAX', 'Excel', 'Power BI', 'Power Query', 'SQL']"
JOB04856,QA Engineer,"['Automation Testing', 'Java', 'Python', 'SQL', 'Selenium']"
JOB04857,Data Scientist,"['Machine Learning', 'Oracle', 'Pandas', 'Python', 'SQL', 'Statistics']"
JOB04858,Product Analyst,"['Excel', 'Product Analytics', 'Python', 'SQL']"
JOB04859,SQL Developer,"['Database', 'ETL', 'MySQL', 'PostgreSQL', 'SQL']"
JOB04860,BI Analyst,"['DAX', 'Data Visualization', 'Excel', 'Power BI', 'SQL']"
JOB04861,Database Administrator,"['Database', 'Database Administration', 'MySQL', 'Oracle', 'PostgreSQL', 'SQL']"
JOB04862,Data Engineer,"['AWS', 'ETL', 'Python', 'SQL', 'Spark']"
JOB04863,Data Scientist,"['Machine Learning', 'Pandas', 'Python', 'SQL', 'Statistics']"
JOB04864,HR Analyst,"['Data Analysis', 'Excel', 'HR Analytics', 'Power BI', 'SQL']"
JOB04865,Web Developer,"['CSS', 'Git', 'HTML', 'Java', 'JavaScript', 'Machine Learning', 'React']"
JOB04866,HR Analyst,"['Data Analysis', 'Excel', 'HR Analytics', 'Power BI', 'SQL']"
JOB04867,Machine Learning Engineer,"['Docker', 'Machine Learning', 'Python', 'Scikit-learn', 'TensorFlow']"
JOB04868,DevOps Engineer,"['AWS', 'Docker', 'Jenkins', 'Kubernetes', 'Linux']"
JOB04869,QA Engineer,"['Automation Testing', 'Java', 'Python', 'SQL', 'Selenium']"
JOB04870,Machine Learning Engineer,"['Docker', 'Machine Learning', 'Python', 'Scikit-learn', 'TensorFlow']"
JOB04871,HR Analyst,"['Data Analysis', 'Excel', 'HR Analytics', 'Power BI', 'SQL']"
JOB04872,HR Analyst,"['Data Analysis', 'Excel', 'HR Analytics', 'Oracle', 'Power BI', 'SQL']"
JOB04873,Marketing Analyst,"['Excel', 'Marketing Analytics', 'Power BI', 'Python', 'SQL']"
JOB04874,Marketing Analyst,"['Excel', 'Marketing Analytics', 'Power BI', 'Python', 'SQL']"
JOB04875,Financial Analyst,"['Excel', 'Financial Modeling', 'Power BI', 'SQL', 'Statistics']"
JOB04876,Cloud Engineer,"['AWS', 'Azure', 'Cloud Computing', 'Docker', 'Linux', 'Oracle']"
JOB04877,Power BI Developer,"['DAX', 'Excel', 'Oracle', 'Power BI', 'Power Query', 'SQL']"
JOB04878,Marketing Analyst,"['Excel', 'Marketing Analytics', 'Power BI', 'Python', 'SQL']"
JOB04879,HR Analyst,"['Cloud Computing', 'Data Analysis', 'Excel', 'HR Analytics', 'Power BI', 'SQL']"
JOB04880,Cloud Engineer,"['AWS', 'Azure', 'Cloud Computing', 'Docker', 'Linux']"
JOB04881,BI Analyst,"['DAX', 'Data Visualization', 'Excel', 'Power BI', 'SQL']"
JOB04882,Marketing Analyst,"['Excel', 'Marketing Analytics', 'Power BI', 'Python', 'SQL']"
JOB04883,Web Developer,"['CSS', 'Git', 'HTML', 'Java', 'JavaScript', 'Machine Learning', 'React']"
JOB04884,BI Analyst,"['DAX', 'Data Visualization', 'Excel', 'Power BI', 'SQL']"
JOB04885,Python Developer,"['Django', 'Flask', 'Git', 'Python', 'SQL']"
JOB04886,Cloud Engineer,"['AWS', 'Azure', 'Cloud Computing', 'Docker', 'Linux']"
JOB04887,Data Scientist,"['Machine Learning', 'Pandas', 'Python', 'SQL', 'Statistics']"
JOB04888,Data Analyst,"['Excel', 'Power BI', 'Python', 'SQL', 'Tableau']"
JOB04889,Marketing Analyst,"['Excel', 'Marketing Analytics', 'Power BI', 'Python', 'SQL']"
JOB04890,DevOps Engineer,"['AWS', 'Docker', 'Jenkins', 'Kubernetes', 'Linux']"
JOB04891,Data Engineer,"['AWS', 'ETL', 'Python', 'SQL', 'Spark']"
JOB04892,Cloud Engineer,"['AWS', 'Azure', 'Cloud Computing', 'Docker', 'Linux']"
JOB04893,Data Scientist,"['Machine Learning', 'Pandas', 'Python', 'SQL', 'Statistics']"
JOB04894,Data Engineer,"['AWS', 'ETL', 'Python', 'SQL', 'Spark']"
JOB04895,DevOps Engineer,"['AWS', 'Docker', 'Jenkins', 'Kubernetes', 'Linux']"
JOB04896,SQL Developer,"['Database', 'ETL', 'MySQL', 'PostgreSQL', 'SQL']"
JOB04897,Cloud Engineer,"['AWS', 'Azure', 'Cloud Computing', 'Docker', 'Linux']"
JOB04898,Marketing Analyst,"['Excel', 'Marketing Analytics', 'Power BI', 'Python', 'SQL']"
JOB04899,Data Engineer,"['AWS', 'ETL', 'Python', 'SQL', 'Spark']"
JOB04900,Database Administrator,"['Database', 'Database Administration', 'MySQL', 'Oracle', 'PostgreSQL', 'SQL']"
JOB04901,Python Developer,"['Django', 'Flask', 'Git', 'Python', 'SQL']"
JOB04902,QA Engineer,"['Automation Testing', 'Java', 'Python', 'SQL', 'Selenium']"
JOB04903,Full Stack Developer,"['CSS', 'HTML', 'Java', 'JavaScript', 'Machine Learning', 'Node', 'React']"
JOB04904,Web Developer,"['CSS', 'Git', 'HTML', 'Java', 'JavaScript', 'Machine Learning', 'Oracle', 'React']"
JOB04905,Financial Analyst,"['Excel', 'Financial Modeling', 'Power BI', 'SQL', 'Statistics']"
JOB04906,Machine Learning Engineer,"['Docker', 'Machine Learning', 'Python', 'Scikit-learn', 'TensorFlow']"
JOB04907,HR Analyst,"['Data Analysis', 'Excel', 'HR Analytics', 'Power BI', 'SQL']"
JOB04908,Marketing Analyst,"['Excel', 'Marketing Analytics', 'Power BI', 'Python', 'SQL']"
JOB04909,HR Analyst,"['Data Analysis', 'Excel', 'HR Analytics', 'Power BI', 'SQL']"
JOB04910,DevOps Engineer,"['AWS', 'Docker', 'Jenkins', 'Kubernetes', 'Linux']"
JOB04911,Full Stack Developer,"['CSS', 'HTML', 'Java', 'JavaScript', 'Machine Learning', 'Node', 'React']"
JOB04912,Cloud Engineer,"['AWS', 'Azure', 'Cloud Computing', 'Docker', 'Linux']"
JOB04913,Full Stack Developer,"['CSS', 'HTML', 'Java', 'JavaScript', 'Machine Learning', 'Node', 'React']"
JOB04914,QA Engineer,"['Automation Testing', 'Java', 'Python', 'SQL', 'Selenium']"
JOB04915,Data Engineer,"['AWS', 'ETL', 'Python', 'SQL', 'Spark']"
JOB04916,Machine Learning Engineer,"['Docker', 'Machine Learning', 'Python', 'Scikit-learn', 'TensorFlow']"
JOB04917,Power BI Developer,"['DAX', 'Excel', 'Power BI', 'Power Query', 'SQL']"
JOB04918,Power BI Developer,"['DAX', 'Excel', 'Power BI', 'Power Query', 'SQL']"
JOB04919,BI Analyst,"['DAX', 'Data Visualization', 'Excel', 'Power BI', 'SQL']"
JOB04920,Data Analyst,"['Excel', 'Power BI', 'Python', 'SQL', 'Tableau']"
JOB04921,Data Analyst,"['Excel', 'Power BI', 'Python', 'SQL', 'Tableau']"
JOB04922,Business Analyst,"['Business Analysis', 'Excel', 'Power BI', 'Requirements Gathering', 'SQL']"
JOB04923,Business Analyst,"['Business Analysis', 'Excel', 'Power BI', 'Requirements Gathering', 'SQL']"
JOB04924,HR Analyst,"['Data Analysis', 'Excel', 'HR Analytics', 'Power BI', 'SQL']"
JOB04925,SQL Developer,"['Database', 'ETL', 'MySQL', 'PostgreSQL', 'SQL']"
JOB04926,Database Administrator,"['Database', 'Database Administration', 'MySQL', 'Oracle', 'PostgreSQL', 'SQL']"
JOB04927,Financial Analyst,"['Excel', 'Financial Modeling', 'Power BI', 'SQL', 'Statistics']"
JOB04928,Software Engineer,"['Git', 'Java', 'Python', 'REST API', 'SQL']"
JOB04929,BI Analyst,"['DAX', 'Data Visualization', 'Excel', 'Power BI', 'SQL']"
JOB04930,QA Engineer,"['Automation Testing', 'Java', 'Python', 'SQL', 'Selenium']"
JOB04931,Full Stack Developer,"['CSS', 'HTML', 'Java', 'JavaScript', 'Machine Learning', 'Node', 'React']"
JOB04932,Database Administrator,"['Database', 'Database Administration', 'MySQL', 'Oracle', 'PostgreSQL', 'SQL']"
JOB04933,Database Administrator,"['Database', 'Database Administration', 'MySQL', 'Oracle', 'PostgreSQL', 'SQL']"
JOB04934,DevOps Engineer,"['AWS', 'Docker', 'Jenkins', 'Kubernetes', 'Linux']"
JOB04935,BI Analyst,"['DAX', 'Data Visualization', 'Excel', 'Power BI', 'SQL']"
JOB04936,Business Analyst,"['Business Analysis', 'Excel', 'Power BI', 'Requirements Gathering', 'SQL']"
JOB04937,Database Administrator,"['Database', 'Database Administration', 'MySQL', 'Oracle', 'PostgreSQL', 'SQL']"
JOB04938,BI Analyst,"['DAX', 'Data Visualization', 'Excel', 'Power BI', 'SQL']"
JOB04939,Software Engineer,"['Git', 'Java', 'Python', 'REST API', 'SQL']"
JOB04940,Financial Analyst,"['Excel', 'Financial Modeling', 'Power BI', 'SQL', 'Statistics']"
JOB04941,DevOps Engineer,"['AWS', 'Docker', 'Jenkins', 'Kubernetes', 'Linux']"
JOB04942,QA Engineer,"['Automation Testing', 'Java', 'Python', 'SQL', 'Selenium']"
JOB04943,Software Engineer,"['Git', 'Java', 'Python', 'REST API', 'SQL']"
JOB04944,Machine Learning Engineer,"['Docker', 'Machine Learning', 'Python', 'Scikit-learn', 'TensorFlow']"
JOB04945,Python Developer,"['Django', 'Flask', 'Git', 'Python', 'SQL']"
JOB04946,Machine Learning Engineer,"['Docker', 'Machine Learning', 'Python', 'Scikit-learn', 'TensorFlow']"
JOB04947,Power BI Developer,"['DAX', 'Excel', 'Power BI', 'Power Query', 'SQL']"
JOB04948,Cloud Engineer,"['AWS', 'Azure', 'Cloud Computing', 'Docker', 'Linux']"
JOB04949,Database Administrator,"['Database', 'Database Administration', 'MySQL', 'Oracle', 'PostgreSQL', 'SQL']"
JOB04950,BI Analyst,"['DAX', 'Data Visualization', 'Excel', 'Power BI', 'SQL']"
JOB04951,SQL Developer,"['Database', 'ETL', 'MySQL', 'PostgreSQL', 'SQL']"
JOB04952,Product Analyst,"['Excel', 'Product Analytics', 'Python', 'SQL']"
JOB04953,Business Analyst,"['Business Analysis', 'Excel', 'Power BI', 'Requirements Gathering', 'SQL']"
JOB04954,Financial Analyst,"['Excel', 'Financial Modeling', 'Power BI', 'SQL', 'Statistics']"
JOB04955,Web Developer,"['CSS', 'Git', 'HTML', 'Java', 'JavaScript', 'Machine Learning', 'React']"
JOB04956,Business Analyst,"['Business Analysis', 'Excel', 'Power BI', 'Requirements Gathering', 'SQL']"
JOB04957,Data Scientist,"['Machine Learning', 'Pandas', 'Python', 'SQL', 'Statistics']"
JOB04958,Data Scientist,"['Machine Learning', 'Pandas', 'Python', 'SQL', 'Statistics']"
JOB04959,DevOps Engineer,"['AWS', 'Docker', 'Jenkins', 'Kubernetes', 'Linux']"
JOB04960,SQL Developer,"['Database', 'ETL', 'MySQL', 'PostgreSQL', 'SQL']"
JOB04961,Web Developer,"['CSS', 'Git', 'HTML', 'Java', 'JavaScript', 'Machine Learning', 'React']"
JOB04962,Product Analyst,"['Excel', 'Product Analytics', 'Python', 'SQL']"
JOB04963,Marketing Analyst,"['Excel', 'Marketing Analytics', 'Power BI', 'Python', 'SQL']"
JOB04964,Cloud Engineer,"['AWS', 'Azure', 'Cloud Computing', 'Docker', 'Linux']"
JOB04965,Python Developer,"['Django', 'Flask', 'Git', 'Python', 'SQL']"
JOB04966,Software Engineer,"['Git', 'Java', 'Python', 'REST API', 'SQL']"
JOB04967,Python Developer,"['Django', 'Flask', 'Git', 'Oracle', 'Python', 'SQL']"
JOB04968,Marketing Analyst,"['Cloud Computing', 'Excel', 'Marketing Analytics', 'Power BI', 'Python', 'SQL']"
JOB04969,Full Stack Developer,"['CSS', 'HTML', 'Java', 'JavaScript', 'Machine Learning', 'Node', 'React']"
JOB04970,DevOps Engineer,"['AWS', 'Docker', 'Jenkins', 'Kubernetes', 'Linux']"
JOB04971,Database Administrator,"['Database', 'Database Administration', 'MySQL', 'Oracle', 'PostgreSQL', 'SQL']"
JOB04972,SQL Developer,"['Database', 'ETL', 'MySQL', 'PostgreSQL', 'SQL']"
JOB04973,Product Analyst,"['Excel', 'Product Analytics', 'Python', 'SQL']"
JOB04974,Marketing Analyst,"['Cloud Computing', 'Excel', 'Marketing Analytics', 'Power BI', 'Python', 'SQL']"
JOB04975,Web Developer,"['CSS', 'Git', 'HTML', 'Java', 'JavaScript', 'Machine Learning', 'React']"
JOB04976,Business Analyst,"['Business Analysis', 'Excel', 'Power BI', 'Requirements Gathering', 'SQL']"
JOB04977,Business Analyst,"['Business Analysis', 'Excel', 'Power BI', 'Requirements Gathering', 'SQL']"
JOB04978,Marketing Analyst,"['Excel', 'Marketing Analytics', 'Power BI', 'Python', 'SQL']"
JOB04979,Database Administrator,"['Database', 'Database Administration', 'MySQL', 'Oracle', 'PostgreSQL', 'SQL']"
JOB04980,BI Analyst,"['DAX', 'Data Visualization', 'Excel', 'Power BI', 'SQL']"
JOB04981,Database Administrator,"['Cloud Computing', 'Database', 'Database Administration', 'MySQL', 'Oracle', 'PostgreSQL', 'SQL']"
JOB04982,Cloud Engineer,"['AWS', 'Azure', 'Cloud Computing', 'Docker', 'Linux']"
JOB04983,HR Analyst,"['Data Analysis', 'Excel', 'HR Analytics', 'Power BI', 'SQL']"
JOB04984,SQL Developer,"['Database', 'ETL', 'MySQL', 'PostgreSQL', 'SQL']"
JOB04985,Software Engineer,"['Cloud Computing', 'Git', 'Java', 'Python', 'REST API', 'SQL']"
JOB04986,Machine Learning Engineer,"['Docker', 'Machine Learning', 'Python', 'Scikit-learn', 'TensorFlow']"
JOB04987,QA Engineer,"['Automation Testing', 'Java', 'Python', 'SQL', 'Selenium']"
JOB04988,Web Developer,"['CSS', 'Git', 'HTML', 'Java', 'JavaScript', 'Machine Learning', 'React']"
JOB04989,Cloud Engineer,"['AWS', 'Azure', 'Cloud Computing', 'Docker', 'Linux']"
JOB04990,SQL Developer,"['Database', 'ETL', 'MySQL', 'PostgreSQL', 'SQL']"
JOB04991,SQL Developer,"['Database', 'ETL', 'MySQL', 'PostgreSQL', 'SQL']"
JOB04992,Financial Analyst,"['Excel', 'Financial Modeling', 'Power BI', 'SQL', 'Statistics']"
JOB04993,Marketing Analyst,"['Excel', 'Marketing Analytics', 'Power BI', 'Python', 'SQL']"
JOB04994,BI Analyst,"['DAX', 'Data Visualization', 'Excel', 'Power BI', 'SQL']"
JOB04995,Python Developer,"['Django', 'Flask', 'Git', 'Python', 'SQL']"
JOB04996,SQL Developer,"['Database', 'ETL', 'MySQL', 'PostgreSQL', 'SQL']"
JOB04997,Financial Analyst,"['Excel', 'Financial Modeling', 'Oracle', 'Power BI', 'SQL', 'Statistics']"
JOB04998,Data Scientist,"['Machine Learning', 'Pandas', 'Python', 'SQL', 'Statistics']"
JOB04999,DevOps Engineer,"['AWS', 'Docker', 'Jenkins', 'Kubernetes', 'Linux']"
JOB05000,Web Developer,"['CSS', 'Git', 'HTML', 'Java', 'JavaScript', 'Machine Learning', 'React']"
JOB05001,HR Analyst,"['Data Analysis', 'Excel', 'HR Analytics', 'Power BI', 'SQL']"
JOB05002,BI Analyst,"['DAX', 'Data Visualization', 'Excel', 'Power BI', 'SQL']"
JOB05003,Data Scientist,"['Machine Learning', 'Pandas', 'Python', 'SQL', 'Statistics']"
JOB05004,Cloud Engineer,"['AWS', 'Azure', 'Cloud Computing', 'Docker', 'Linux']"
JOB05005,Software Engineer,"['Git', 'Java', 'Python', 'REST API', 'SQL']"
JOB05006,Software Engineer,"['Git', 'Java', 'Python', 'REST API', 'SQL']"
JOB05007,Data Engineer,"['AWS', 'ETL', 'Python', 'SQL', 'Spark']"
JOB05008,Data Scientist,"['Cloud Computing', 'Machine Learning', 'Pandas', 'Python', 'SQL', 'Statistics']"
JOB05009,Full Stack Developer,"['CSS', 'HTML', 'Java', 'JavaScript', 'Machine Learning', 'Node', 'React']"
JOB05010,Web Developer,"['CSS', 'Git', 'HTML', 'Java', 'JavaScript', 'Machine Learning', 'React']"
JOB05011,Data Scientist,"['Machine Learning', 'Pandas', 'Python', 'SQL', 'Statistics']"
JOB05012,SQL Developer,"['Database', 'ETL', 'MySQL', 'PostgreSQL', 'SQL']"
JOB05013,Cloud Engineer,"['AWS', 'Azure', 'Cloud Computing', 'Docker', 'Linux']"
JOB05014,Machine Learning Engineer,"['Docker', 'Machine Learning', 'Python', 'Scikit-learn', 'TensorFlow']"
JOB05015,Data Scientist,"['Machine Learning', 'Pandas', 'Python', 'SQL', 'Statistics']"
JOB05016,Business Analyst,"['Business Analysis', 'Excel', 'Power BI', 'Requirements Gathering', 'SQL']"
JOB05017,Web Developer,"['CSS', 'Git', 'HTML', 'Java', 'JavaScript', 'Machine Learning', 'React']"
JOB05018,DevOps Engineer,"['AWS', 'Docker', 'Jenkins', 'Kubernetes', 'Linux']"
JOB05019,Cloud Engineer,"['AWS', 'Azure', 'Cloud Computing', 'Docker', 'Linux']"
JOB05020,Data Analyst,"['Excel', 'Power BI', 'Python', 'SQL', 'Tableau']"
JOB05021,Product Analyst,"['Excel', 'Product Analytics', 'Python', 'SQL']"
JOB05022,Product Analyst,"['Excel', 'Product Analytics', 'Python', 'SQL']"
JOB05023,BI Analyst,"['DAX', 'Data Visualization', 'Excel', 'Power BI', 'SQL']"
JOB05024,QA Engineer,"['Automation Testing', 'Java', 'Python', 'SQL', 'Selenium']"
JOB05025,QA Engineer,"['Automation Testing', 'Cloud Computing', 'Java', 'Python', 'SQL', 'Selenium']"
JOB05026,Financial Analyst,"['Excel', 'Financial Modeling', 'Power BI', 'SQL', 'Statistics']"
JOB05027,DevOps Engineer,"['AWS', 'Docker', 'Jenkins', 'Kubernetes', 'Linux']"
JOB05028,Database Administrator,"['Database', 'Database Administration', 'MySQL', 'Oracle', 'PostgreSQL', 'SQL']"
JOB05029,Power BI Developer,"['DAX', 'Excel', 'Power BI', 'Power Query', 'SQL']"
JOB05030,Financial Analyst,"['Excel', 'Financial Modeling', 'Power BI', 'SQL', 'Statistics']"
JOB05031,HR Analyst,"['Data Analysis', 'Excel', 'HR Analytics', 'Power BI', 'SQL']"
JOB05032,Data Scientist,"['Machine Learning', 'Pandas', 'Python', 'SQL', 'Statistics']"
JOB05033,Data Analyst,"['Excel', 'Power BI', 'Python', 'SQL', 'Tableau']"
JOB05034,QA Engineer,"['Automation Testing', 'Java', 'Python', 'SQL', 'Selenium']"
JOB05035,Business Analyst,"['Business Analysis', 'Excel', 'Power BI', 'Requirements Gathering', 'SQL']"
JOB05036,Python Developer,"['Django', 'Flask', 'Git', 'Python', 'SQL']"
JOB05037,Financial Analyst,"['Excel', 'Financial Modeling', 'Power BI', 'SQL', 'Statistics']"
JOB05038,Marketing Analyst,"['Excel', 'Marketing Analytics', 'Power BI', 'Python', 'SQL']"
JOB05039,DevOps Engineer,"['AWS', 'Docker', 'Jenkins', 'Kubernetes', 'Linux']"
JOB05040,Full Stack Developer,"['CSS', 'HTML', 'Java', 'JavaScript', 'Machine Learning', 'Node', 'React']"
JOB05041,Software Engineer,"['Git', 'Java', 'Python', 'REST API', 'SQL']"
JOB05042,QA Engineer,"['Automation Testing', 'Java', 'Python', 'SQL', 'Selenium']"
JOB05043,Business Analyst,"['Business Analysis', 'Excel', 'Oracle', 'Power BI', 'Requirements Gathering', 'SQL']"
JOB05044,Marketing Analyst,"['Excel', 'Marketing Analytics', 'Power BI', 'Python', 'SQL']"
JOB05045,Product Analyst,"['Excel', 'Product Analytics', 'Python', 'SQL']"
JOB05046,DevOps Engineer,"['AWS', 'Docker', 'Jenkins', 'Kubernetes', 'Linux', 'Oracle']"
JOB05047,Product Analyst,"['Excel', 'Product Analytics', 'Python', 'SQL']"
JOB05048,Machine Learning Engineer,"['Docker', 'Machine Learning', 'Python', 'Scikit-learn', 'TensorFlow']"
JOB05049,Business Analyst,"['Business Analysis', 'Excel', 'Power BI', 'Requirements Gathering', 'SQL']"
JOB05050,Financial Analyst,"['Excel', 'Financial Modeling', 'Power BI', 'SQL', 'Statistics']"
JOB05051,SQL Developer,"['Database', 'ETL', 'MySQL', 'PostgreSQL', 'SQL']"
JOB05052,Product Analyst,"['Excel', 'Product Analytics', 'Python', 'SQL']"
JOB05053,Marketing Analyst,"['Excel', 'Marketing Analytics', 'Oracle', 'Power BI', 'Python', 'SQL']"
JOB05054,Data Engineer,"['AWS', 'ETL', 'Python', 'SQL', 'Spark']"
JOB05055,Cloud Engineer,"['AWS', 'Azure', 'Cloud Computing', 'Docker', 'Linux', 'Oracle']"
JOB05056,Power BI Developer,"['DAX', 'Excel', 'Power BI', 'Power Query', 'SQL']"
JOB05057,Machine Learning Engineer,"['Docker', 'Machine Learning', 'Python', 'Scikit-learn', 'TensorFlow']"
JOB05058,Data Scientist,"['Machine Learning', 'Pandas', 'Python', 'SQL', 'Statistics']"
JOB05059,Web Developer,"['CSS', 'Git', 'HTML', 'Java', 'JavaScript', 'Machine Learning', 'React']"
JOB05060,Database Administrator,"['Database', 'Database Administration', 'MySQL', 'Oracle', 'PostgreSQL', 'SQL']"
JOB05061,HR Analyst,"['Data Analysis', 'Excel', 'HR Analytics', 'Power BI', 'SQL']"
JOB05062,Database Administrator,"['Database', 'Database Administration', 'MySQL', 'Oracle', 'PostgreSQL', 'SQL']"
JOB05063,Financial Analyst,"['Excel', 'Financial Modeling', 'Power BI', 'SQL', 'Statistics']"
JOB05064,Full Stack Developer,"['CSS', 'HTML', 'Java', 'JavaScript', 'Machine Learning', 'Node', 'React']"
JOB05065,HR Analyst,"['Data Analysis', 'Excel', 'HR Analytics', 'Power BI', 'SQL']"
JOB05066,QA Engineer,"['Automation Testing', 'Java', 'Python', 'SQL', 'Selenium']"
JOB05067,Database Administrator,"['Database', 'Database Administration', 'MySQL', 'Oracle', 'PostgreSQL', 'SQL']"
JOB05068,Cloud Engineer,"['AWS', 'Azure', 'Cloud Computing', 'Docker', 'Linux']"
JOB05069,QA Engineer,"['Automation Testing', 'Java', 'Oracle', 'Python', 'SQL', 'Selenium']"
JOB05070,Machine Learning Engineer,"['Docker', 'Machine Learning', 'Python', 'Scikit-learn', 'TensorFlow']"
JOB05071,SQL Developer,"['Database', 'ETL', 'MySQL', 'PostgreSQL', 'SQL']"
JOB05072,SQL Developer,"['Database', 'ETL', 'MySQL', 'PostgreSQL', 'SQL']"
JOB05073,Database Administrator,"['Database', 'Database Administration', 'MySQL', 'Oracle', 'PostgreSQL', 'SQL']"
JOB05074,Business Analyst,"['Business Analysis', 'Cloud Computing', 'Excel', 'Power BI', 'Requirements Gathering', 'SQL']"
JOB05075,DevOps Engineer,"['AWS', 'Docker', 'Jenkins', 'Kubernetes', 'Linux']"
JOB05076,Python Developer,"['Django', 'Flask', 'Git', 'Python', 'SQL']"
JOB05077,Software Engineer,"['Git', 'Java', 'Python', 'REST API', 'SQL']"
JOB05078,Web Developer,"['CSS', 'Git', 'HTML', 'Java', 'JavaScript', 'Machine Learning', 'React']"
JOB05079,Cloud Engineer,"['AWS', 'Azure', 'Cloud Computing', 'Docker', 'Linux', 'Oracle']"
JOB05080,Web Developer,"['CSS', 'Git', 'HTML', 'Java', 'JavaScript', 'Machine Learning', 'React']"
JOB05081,Machine Learning Engineer,"['Docker', 'Machine Learning', 'Python', 'Scikit-learn', 'TensorFlow']"
JOB05082,Python Developer,"['Django', 'Flask', 'Git', 'Python', 'SQL']"
JOB05083,Financial Analyst,"['Excel', 'Financial Modeling', 'Power BI', 'SQL', 'Statistics']"
JOB05084,Data Engineer,"['AWS', 'ETL', 'Python', 'SQL', 'Spark']"
JOB05085,SQL Developer,"['Database', 'ETL', 'MySQL', 'PostgreSQL', 'SQL']"
JOB05086,Software Engineer,"['Git', 'Java', 'Python', 'REST API', 'SQL']"
JOB05087,Product Analyst,"['Excel', 'Product Analytics', 'Python', 'SQL']"
JOB05088,Product Analyst,"['Excel', 'Product Analytics', 'Python', 'SQL']"
JOB05089,QA Engineer,"['Automation Testing', 'Java', 'Python', 'SQL', 'Selenium']"
JOB05090,DevOps Engineer,"['AWS', 'Docker', 'Jenkins', 'Kubernetes', 'Linux']"
JOB05091,DevOps Engineer,"['AWS', 'Docker', 'Jenkins', 'Kubernetes', 'Linux']"
JOB05092,Power BI Developer,"['DAX', 'Excel', 'Power BI', 'Power Query', 'SQL']"
JOB05093,Data Engineer,"['AWS', 'ETL', 'Python', 'SQL', 'Spark']"
JOB05094,Machine Learning Engineer,"['Docker', 'Machine Learning', 'Python', 'Scikit-learn', 'TensorFlow']"
JOB05095,DevOps Engineer,"['AWS', 'Docker', 'Jenkins', 'Kubernetes', 'Linux']"
JOB05096,Full Stack Developer,"['CSS', 'HTML', 'Java', 'JavaScript', 'Machine Learning', 'Node', 'React']"
JOB05097,Full Stack Developer,"['CSS', 'HTML', 'Java', 'JavaScript', 'Machine Learning', 'Node', 'React']"
JOB05098,Data Engineer,"['AWS', 'ETL', 'Python', 'SQL', 'Spark']"
JOB05099,Machine Learning Engineer,"['Docker', 'Machine Learning', 'Python', 'Scikit-learn', 'TensorFlow']"
JOB05100,Marketing Analyst,"['Excel', 'Marketing Analytics', 'Power BI', 'Python', 'SQL']"
JOB05101,Product Analyst,"['Excel', 'Product Analytics', 'Python', 'SQL']"
JOB05102,Data Analyst,"['Excel', 'Power BI', 'Python', 'SQL', 'Tableau']"
JOB05103,Data Scientist,"['Machine Learning', 'Pandas', 'Python', 'SQL', 'Statistics']"
JOB05104,Cloud Engineer,"['AWS', 'Azure', 'Cloud Computing', 'Docker', 'Linux']"
JOB05105,Financial Analyst,"['Excel', 'Financial Modeling', 'Power BI', 'SQL', 'Statistics']"
JOB05106,Data Engineer,"['AWS', 'ETL', 'Python', 'SQL', 'Spark']"
JOB05107,Financial Analyst,"['Excel', 'Financial Modeling', 'Power BI', 'SQL', 'Statistics']"
JOB05108,Business Analyst,"['Business Analysis', 'Excel', 'Power BI', 'Requirements Gathering', 'SQL']"
JOB05109,Data Analyst,"['Excel', 'Power BI', 'Python', 'SQL', 'Tableau']"
JOB05110,BI Analyst,"['DAX', 'Data Visualization', 'Excel', 'Power BI', 'SQL']"
JOB05111,Product Analyst,"['Excel', 'Product Analytics', 'Python', 'SQL']"
JOB05112,Web Developer,"['CSS', 'Git', 'HTML', 'Java', 'JavaScript', 'Machine Learning', 'React']"
JOB05113,Product Analyst,"['Excel', 'Product Analytics', 'Python', 'SQL']"
JOB05114,Python Developer,"['Django', 'Flask', 'Git', 'Python', 'SQL']"
JOB05115,Cloud Engineer,"['AWS', 'Azure', 'Cloud Computing', 'Docker', 'Linux']"
JOB05116,Data Scientist,"['Machine Learning', 'Pandas', 'Python', 'SQL', 'Statistics']"
JOB05117,Data Engineer,"['AWS', 'ETL', 'Python', 'SQL', 'Spark']"
JOB05118,Database Administrator,"['Database', 'Database Administration', 'MySQL', 'Oracle', 'PostgreSQL', 'SQL']"
JOB05119,Financial Analyst,"['Excel', 'Financial Modeling', 'Power BI', 'SQL', 'Statistics']"
JOB05120,QA Engineer,"['Automation Testing', 'Java', 'Python', 'SQL', 'Selenium']"
JOB05121,HR Analyst,"['Data Analysis', 'Excel', 'HR Analytics', 'Power BI', 'SQL']"
JOB05122,Web Developer,"['CSS', 'Git', 'HTML', 'Java', 'JavaScript', 'Machine Learning', 'React']"
JOB05123,Product Analyst,"['Excel', 'Product Analytics', 'Python', 'SQL']"
JOB05124,QA Engineer,"['Automation Testing', 'Java', 'Python', 'SQL', 'Selenium']"
JOB05125,Database Administrator,"['Database', 'Database Administration', 'MySQL', 'Oracle', 'PostgreSQL', 'SQL']"
JOB05126,SQL Developer,"['Database', 'ETL', 'MySQL', 'PostgreSQL', 'SQL']"
JOB05127,Database Administrator,"['Database', 'Database Administration', 'MySQL', 'Oracle', 'PostgreSQL', 'SQL']"
JOB05128,Full Stack Developer,"['CSS', 'HTML', 'Java', 'JavaScript', 'Machine Learning', 'Node', 'React']"
JOB05129,Financial Analyst,"['Excel', 'Financial Modeling', 'Power BI', 'SQL', 'Statistics']"
JOB05130,Data Engineer,"['AWS', 'ETL', 'Oracle', 'Python', 'SQL', 'Spark']"
JOB05131,Python Developer,"['Django', 'Flask', 'Git', 'Python', 'SQL']"
JOB05132,HR Analyst,"['Cloud Computing', 'Data Analysis', 'Excel', 'HR Analytics', 'Power BI', 'SQL']"
JOB05133,HR Analyst,"['Data Analysis', 'Excel', 'HR Analytics', 'Power BI', 'SQL']"
JOB05134,Database Administrator,"['Database', 'Database Administration', 'MySQL', 'Oracle', 'PostgreSQL', 'SQL']"
JOB05135,DevOps Engineer,"['AWS', 'Docker', 'Jenkins', 'Kubernetes', 'Linux']"
JOB05136,Python Developer,"['Django', 'Flask', 'Git', 'Python', 'SQL']"
JOB05137,Data Analyst,"['Excel', 'Power BI', 'Python', 'SQL', 'Tableau']"
JOB05138,DevOps Engineer,"['AWS', 'Docker', 'Jenkins', 'Kubernetes', 'Linux']"
JOB05139,Data Scientist,"['Machine Learning', 'Pandas', 'Python', 'SQL', 'Statistics']"
JOB05140,HR Analyst,"['Data Analysis', 'Excel', 'HR Analytics', 'Power BI', 'SQL']"
JOB05141,Product Analyst,"['Excel', 'Oracle', 'Product Analytics', 'Python', 'SQL']"
JOB05142,DevOps Engineer,"['AWS', 'Docker', 'Jenkins', 'Kubernetes', 'Linux']"
JOB05143,Data Analyst,"['Excel', 'Power BI', 'Python', 'SQL', 'Tableau']"
JOB05144,SQL Developer,"['Database', 'ETL', 'MySQL', 'PostgreSQL', 'SQL']"
JOB05145,Data Scientist,"['Machine Learning', 'Pandas', 'Python', 'SQL', 'Statistics']"
JOB05146,Data Analyst,"['Excel', 'Power BI', 'Python', 'SQL', 'Tableau']"
JOB05147,Database Administrator,"['Database', 'Database Administration', 'MySQL', 'Oracle', 'PostgreSQL', 'SQL']"
JOB05148,Software Engineer,"['Git', 'Java', 'Python', 'REST API', 'SQL']"
JOB05149,Software Engineer,"['Cloud Computing', 'Git', 'Java', 'Python', 'REST API', 'SQL']"
JOB05150,Financial Analyst,"['Excel', 'Financial Modeling', 'Power BI', 'SQL', 'Statistics']"
JOB05151,HR Analyst,"['Cloud Computing', 'Data Analysis', 'Excel', 'HR Analytics', 'Power BI', 'SQL']"
JOB05152,Full Stack Developer,"['CSS', 'HTML', 'Java', 'JavaScript', 'Machine Learning', 'Node', 'React']"
JOB05153,Web Developer,"['CSS', 'Git', 'HTML', 'Java', 'JavaScript', 'Machine Learning', 'React']"
JOB05154,Marketing Analyst,"['Excel', 'Marketing Analytics', 'Power BI', 'Python', 'SQL']"
JOB05155,Cloud Engineer,"['AWS', 'Azure', 'Cloud Computing', 'Docker', 'Linux']"
JOB05156,DevOps Engineer,"['AWS', 'Docker', 'Jenkins', 'Kubernetes', 'Linux']"
JOB05157,Full Stack Developer,"['CSS', 'HTML', 'Java', 'JavaScript', 'Machine Learning', 'Node', 'React']"
JOB05158,Software Engineer,"['Git', 'Java', 'Python', 'REST API', 'SQL']"
JOB05159,HR Analyst,"['Cloud Computing', 'Data Analysis', 'Excel', 'HR Analytics', 'Power BI', 'SQL']"
JOB05160,Web Developer,"['CSS', 'Git', 'HTML', 'Java', 'JavaScript', 'Machine Learning', 'React']"
JOB05161,HR Analyst,"['Cloud Computing', 'Data Analysis', 'Excel', 'HR Analytics', 'Power BI', 'SQL']"
JOB05162,Python Developer,"['Django', 'Flask', 'Git', 'Python', 'SQL']"
JOB05163,Web Developer,"['CSS', 'Git', 'HTML', 'Java', 'JavaScript', 'Machine Learning', 'React']"
JOB05164,HR Analyst,"['Data Analysis', 'Excel', 'HR Analytics', 'Power BI', 'SQL']"
JOB05165,Machine Learning Engineer,"['Docker', 'Machine Learning', 'Python', 'Scikit-learn', 'TensorFlow']"
JOB05166,Cloud Engineer,"['AWS', 'Azure', 'Cloud Computing', 'Docker', 'Linux']"
JOB05167,Python Developer,"['Django', 'Flask', 'Git', 'Python', 'SQL']"
JOB05168,Product Analyst,"['Excel', 'Product Analytics', 'Python', 'SQL']"
JOB05169,Product Analyst,"['Excel', 'Product Analytics', 'Python', 'SQL']"
JOB05170,Software Engineer,"['Git', 'Java', 'Python', 'REST API', 'SQL']"
JOB05171,QA Engineer,"['Automation Testing', 'Java', 'Python', 'SQL', 'Selenium']"
JOB05172,Marketing Analyst,"['Excel', 'Marketing Analytics', 'Power BI', 'Python', 'SQL']"
JOB05173,HR Analyst,"['Data Analysis', 'Excel', 'HR Analytics', 'Power BI', 'SQL']"
JOB05174,HR Analyst,"['Data Analysis', 'Excel', 'HR Analytics', 'Power BI', 'SQL']"
JOB05175,Cloud Engineer,"['AWS', 'Azure', 'Cloud Computing', 'Docker', 'Linux']"
JOB05176,Marketing Analyst,"['Excel', 'Marketing Analytics', 'Power BI', 'Python', 'SQL']"
JOB05177,QA Engineer,"['Automation Testing', 'Java', 'Python', 'SQL', 'Selenium']"
JOB05178,Machine Learning Engineer,"['Docker', 'Machine Learning', 'Python', 'Scikit-learn', 'TensorFlow']"
JOB05179,Software Engineer,"['Git', 'Java', 'Python', 'REST API', 'SQL']"
JOB05180,Marketing Analyst,"['Excel', 'Marketing Analytics', 'Power BI', 'Python', 'SQL']"
JOB05181,Data Analyst,"['Excel', 'Power BI', 'Python', 'SQL', 'Tableau']"
JOB05182,BI Analyst,"['DAX', 'Data Visualization', 'Excel', 'Power BI', 'SQL']"
JOB05183,SQL Developer,"['Database', 'ETL', 'MySQL', 'PostgreSQL', 'SQL']"
JOB05184,Data Scientist,"['Machine Learning', 'Pandas', 'Python', 'SQL', 'Statistics']"
JOB05185,Software Engineer,"['Git', 'Java', 'Python', 'REST API', 'SQL']"
JOB05186,QA Engineer,"['Automation Testing', 'Java', 'Python', 'SQL', 'Selenium']"
JOB05187,DevOps Engineer,"['AWS', 'Docker', 'Jenkins', 'Kubernetes', 'Linux']"
JOB05188,SQL Developer,"['Database', 'ETL', 'MySQL', 'PostgreSQL', 'SQL']"
JOB05189,Data Engineer,"['AWS', 'ETL', 'Python', 'SQL', 'Spark']"
JOB05190,Data Engineer,"['AWS', 'Cloud Computing', 'ETL', 'Python', 'SQL', 'Spark']"
JOB05191,Database Administrator,"['Database', 'Database Administration', 'MySQL', 'Oracle', 'PostgreSQL', 'SQL']"
JOB05192,Business Analyst,"['Business Analysis', 'Excel', 'Power BI', 'Requirements Gathering', 'SQL']"
JOB05193,SQL Developer,"['Database', 'ETL', 'MySQL', 'PostgreSQL', 'SQL']"
JOB05194,BI Analyst,"['DAX', 'Data Visualization', 'Excel', 'Power BI', 'SQL']"
JOB05195,Marketing Analyst,"['Excel', 'Marketing Analytics', 'Power BI', 'Python', 'SQL']"
JOB05196,Financial Analyst,"['Excel', 'Financial Modeling', 'Power BI', 'SQL', 'Statistics']"
JOB05197,Cloud Engineer,"['AWS', 'Azure', 'Cloud Computing', 'Docker', 'Linux']"
JOB05198,Financial Analyst,"['Excel', 'Financial Modeling', 'Oracle', 'Power BI', 'SQL', 'Statistics']"
JOB05199,Cloud Engineer,"['AWS', 'Azure', 'Cloud Computing', 'Docker', 'Linux']"
JOB05200,Business Analyst,"['Business Analysis', 'Excel', 'Power BI', 'Requirements Gathering', 'SQL']"
JOB05201,Product Analyst,"['Excel', 'Product Analytics', 'Python', 'SQL']"
JOB05202,HR Analyst,"['Data Analysis', 'Excel', 'HR Analytics', 'Power BI', 'SQL']"
JOB05203,Data Analyst,"['Excel', 'Power BI', 'Python', 'SQL', 'Tableau']"
JOB05204,HR Analyst,"['Data Analysis', 'Excel', 'HR Analytics', 'Power BI', 'SQL']"
JOB05205,Full Stack Developer,"['CSS', 'HTML', 'Java', 'JavaScript', 'Machine Learning', 'Node', 'React']"
JOB05206,Software Engineer,"['Git', 'Java', 'Python', 'REST API', 'SQL']"
JOB05207,BI Analyst,"['DAX', 'Data Visualization', 'Excel', 'Power BI', 'SQL']"
JOB05208,Business Analyst,"['Business Analysis', 'Excel', 'Power BI', 'Requirements Gathering', 'SQL']"
JOB05209,Web Developer,"['CSS', 'Git', 'HTML', 'Java', 'JavaScript', 'Machine Learning', 'React']"
JOB05210,Product Analyst,"['Excel', 'Product Analytics', 'Python', 'SQL']"
JOB05211,Financial Analyst,"['Excel', 'Financial Modeling', 'Power BI', 'SQL', 'Statistics']"
JOB05212,Database Administrator,"['Database', 'Database Administration', 'MySQL', 'Oracle', 'PostgreSQL', 'SQL']"
JOB05213,Python Developer,"['Django', 'Flask', 'Git', 'Python', 'SQL']"
JOB05214,Software Engineer,"['Git', 'Java', 'Python', 'REST API', 'SQL']"
JOB05215,Cloud Engineer,"['AWS', 'Azure', 'Cloud Computing', 'Docker', 'Linux']"
JOB05216,Financial Analyst,"['Excel', 'Financial Modeling', 'Power BI', 'SQL', 'Statistics']"
JOB05217,Cloud Engineer,"['AWS', 'Azure', 'Cloud Computing', 'Docker', 'Linux']"
JOB05218,Python Developer,"['Django', 'Flask', 'Git', 'Python', 'SQL']"
JOB05219,BI Analyst,"['DAX', 'Data Visualization', 'Excel', 'Power BI', 'SQL']"
JOB05220,DevOps Engineer,"['AWS', 'Docker', 'Jenkins', 'Kubernetes', 'Linux']"
JOB05221,Financial Analyst,"['Excel', 'Financial Modeling', 'Oracle', 'Power BI', 'SQL', 'Statistics']"
JOB05222,Database Administrator,"['Database', 'Database Administration', 'MySQL', 'Oracle', 'PostgreSQL', 'SQL']"
JOB05223,HR Analyst,"['Data Analysis', 'Excel', 'HR Analytics', 'Power BI', 'SQL']"
JOB05224,Machine Learning Engineer,"['Docker', 'Machine Learning', 'Python', 'Scikit-learn', 'TensorFlow']"
JOB05225,Python Developer,"['Cloud Computing', 'Django', 'Flask', 'Git', 'Python', 'SQL']"
JOB05226,QA Engineer,"['Automation Testing', 'Java', 'Python', 'SQL', 'Selenium']"
JOB05227,BI Analyst,"['DAX', 'Data Visualization', 'Excel', 'Oracle', 'Power BI', 'SQL']"
JOB05228,Product Analyst,"['Excel', 'Product Analytics', 'Python', 'SQL']"
JOB05229,QA Engineer,"['Automation Testing', 'Java', 'Python', 'SQL', 'Selenium']"
JOB05230,HR Analyst,"['Data Analysis', 'Excel', 'HR Analytics', 'Power BI', 'SQL']"
JOB05231,Data Scientist,"['Machine Learning', 'Pandas', 'Python', 'SQL', 'Statistics']"
JOB05232,BI Analyst,"['DAX', 'Data Visualization', 'Excel', 'Power BI', 'SQL']"
JOB05233,Data Analyst,"['Excel', 'Power BI', 'Python', 'SQL', 'Tableau']"
JOB05234,Data Scientist,"['Machine Learning', 'Pandas', 'Python', 'SQL', 'Statistics']"
JOB05235,Web Developer,"['CSS', 'Git', 'HTML', 'Java', 'JavaScript', 'Machine Learning', 'React']"
JOB05236,Web Developer,"['CSS', 'Git', 'HTML', 'Java', 'JavaScript', 'Machine Learning', 'React']"
JOB05237,HR Analyst,"['Data Analysis', 'Excel', 'HR Analytics', 'Power BI', 'SQL']"
JOB05238,Data Analyst,"['Excel', 'Power BI', 'Python', 'SQL', 'Tableau']"
JOB05239,Data Scientist,"['Machine Learning', 'Pandas', 'Python', 'SQL', 'Statistics']"
JOB05240,Data Analyst,"['Excel', 'Power BI', 'Python', 'SQL', 'Tableau']"
JOB05241,Marketing Analyst,"['Excel', 'Marketing Analytics', 'Oracle', 'Power BI', 'Python', 'SQL']"
JOB05242,QA Engineer,"['Automation Testing', 'Java', 'Python', 'SQL', 'Selenium']"
JOB05243,Python Developer,"['Django', 'Flask', 'Git', 'Python', 'SQL']"
JOB05244,Software Engineer,"['Git', 'Java', 'Python', 'REST API', 'SQL']"
JOB05245,DevOps Engineer,"['AWS', 'Docker', 'Jenkins', 'Kubernetes', 'Linux']"
JOB05246,Business Analyst,"['Business Analysis', 'Excel', 'Power BI', 'Requirements Gathering', 'SQL']"
JOB05247,Cloud Engineer,"['AWS', 'Azure', 'Cloud Computing', 'Docker', 'Linux']"
JOB05248,Machine Learning Engineer,"['Docker', 'Machine Learning', 'Python', 'Scikit-learn', 'TensorFlow']"
JOB05249,Product Analyst,"['Excel', 'Product Analytics', 'Python', 'SQL']"
JOB05250,HR Analyst,"['Data Analysis', 'Excel', 'HR Analytics', 'Power BI', 'SQL']"
JOB05251,HR Analyst,"['Data Analysis', 'Excel', 'HR Analytics', 'Power BI', 'SQL']"
JOB05252,QA Engineer,"['Automation Testing', 'Java', 'Python', 'SQL', 'Selenium']"
JOB05253,Business Analyst,"['Business Analysis', 'Cloud Computing', 'Excel', 'Power BI', 'Requirements Gathering', 'SQL']"
JOB05254,Cloud Engineer,"['AWS', 'Azure', 'Cloud Computing', 'Docker', 'Linux']"
JOB05255,HR Analyst,"['Data Analysis', 'Excel', 'HR Analytics', 'Power BI', 'SQL']"
JOB05256,Financial Analyst,"['Excel', 'Financial Modeling', 'Power BI', 'SQL', 'Statistics']"
JOB05257,BI Analyst,"['DAX', 'Data Visualization', 'Excel', 'Power BI', 'SQL']"
JOB05258,Business Analyst,"['Business Analysis', 'Excel', 'Power BI', 'Requirements Gathering', 'SQL']"
JOB05259,Machine Learning Engineer,"['Docker', 'Machine Learning', 'Python', 'Scikit-learn', 'TensorFlow']"
JOB05260,Web Developer,"['CSS', 'Git', 'HTML', 'Java', 'JavaScript', 'Machine Learning', 'React']"
JOB05261,QA Engineer,"['Automation Testing', 'Java', 'Python', 'SQL', 'Selenium']"
JOB05262,Power BI Developer,"['DAX', 'Excel', 'Power BI', 'Power Query', 'SQL']"
JOB05263,Product Analyst,"['Excel', 'Product Analytics', 'Python', 'SQL']"
JOB05264,Cloud Engineer,"['AWS', 'Azure', 'Cloud Computing', 'Docker', 'Linux']"
JOB05265,Software Engineer,"['Git', 'Java', 'Python', 'REST API', 'SQL']"
JOB05266,HR Analyst,"['Data Analysis', 'Excel', 'HR Analytics', 'Power BI', 'SQL']"
JOB05267,Financial Analyst,"['Excel', 'Financial Modeling', 'Power BI', 'SQL', 'Statistics']"
JOB05268,Business Analyst,"['Business Analysis', 'Excel', 'Power BI', 'Requirements Gathering', 'SQL']"
JOB05269,DevOps Engineer,"['AWS', 'Docker', 'Jenkins', 'Kubernetes', 'Linux']"
JOB05270,Web Developer,"['CSS', 'Git', 'HTML', 'Java', 'JavaScript', 'Machine Learning', 'React']"
JOB05271,Financial Analyst,"['Excel', 'Financial Modeling', 'Oracle', 'Power BI', 'SQL', 'Statistics']"
JOB05272,Marketing Analyst,"['Excel', 'Marketing Analytics', 'Power BI', 'Python', 'SQL']"
JOB05273,DevOps Engineer,"['AWS', 'Cloud Computing', 'Docker', 'Jenkins', 'Kubernetes', 'Linux']"
JOB05274,Cloud Engineer,"['AWS', 'Azure', 'Cloud Computing', 'Docker', 'Linux']"
JOB05275,SQL Developer,"['Database', 'ETL', 'MySQL', 'PostgreSQL', 'SQL']"
JOB05276,Software Engineer,"['Git', 'Java', 'Python', 'REST API', 'SQL']"
JOB05277,QA Engineer,"['Automation Testing', 'Java', 'Python', 'SQL', 'Selenium']"
JOB05278,Data Analyst,"['Excel', 'Power BI', 'Python', 'SQL', 'Tableau']"
JOB05279,HR Analyst,"['Data Analysis', 'Excel', 'HR Analytics', 'Oracle', 'Power BI', 'SQL']"
JOB05280,Power BI Developer,"['DAX', 'Excel', 'Power BI', 'Power Query', 'SQL']"
JOB05281,QA Engineer,"['Automation Testing', 'Cloud Computing', 'Java', 'Python', 'SQL', 'Selenium']"
JOB05282,Power BI Developer,"['DAX', 'Excel', 'Oracle', 'Power BI', 'Power Query', 'SQL']"
JOB05283,Power BI Developer,"['DAX', 'Excel', 'Power BI', 'Power Query', 'SQL']"
JOB05284,Software Engineer,"['Git', 'Java', 'Python', 'REST API', 'SQL']"
JOB05285,DevOps Engineer,"['AWS', 'Docker', 'Jenkins', 'Kubernetes', 'Linux']"
JOB05286,Business Analyst,"['Business Analysis', 'Excel', 'Power BI', 'Requirements Gathering', 'SQL']"
JOB05287,QA Engineer,"['Automation Testing', 'Java', 'Python', 'SQL', 'Selenium']"
JOB05288,Cloud Engineer,"['AWS', 'Azure', 'Cloud Computing', 'Docker', 'Linux']"
JOB05289,Business Analyst,"['Business Analysis', 'Excel', 'Power BI', 'Requirements Gathering', 'SQL']"
JOB05290,Marketing Analyst,"['Excel', 'Marketing Analytics', 'Power BI', 'Python', 'SQL']"
JOB05291,Software Engineer,"['Git', 'Java', 'Python', 'REST API', 'SQL']"
JOB05292,Data Scientist,"['Machine Learning', 'Pandas', 'Python', 'SQL', 'Statistics']"
JOB05293,QA Engineer,"['Automation Testing', 'Java', 'Python', 'SQL', 'Selenium']"
JOB05294,Data Analyst,"['Excel', 'Power BI', 'Python', 'SQL', 'Tableau']"
JOB05295,Database Administrator,"['Database', 'Database Administration', 'MySQL', 'Oracle', 'PostgreSQL', 'SQL']"
JOB05296,Machine Learning Engineer,"['Docker', 'Machine Learning', 'Python', 'Scikit-learn', 'TensorFlow']"
JOB05297,Cloud Engineer,"['AWS', 'Azure', 'Cloud Computing', 'Docker', 'Linux']"
JOB05298,QA Engineer,"['Automation Testing', 'Java', 'Python', 'SQL', 'Selenium']"
JOB05299,Database Administrator,"['Database', 'Database Administration', 'MySQL', 'Oracle', 'PostgreSQL', 'SQL']"
JOB05300,Product Analyst,"['Excel', 'Product Analytics', 'Python', 'SQL']"
JOB05301,Product Analyst,"['Excel', 'Product Analytics', 'Python', 'SQL']"
JOB05302,Data Engineer,"['AWS', 'ETL', 'Python', 'SQL', 'Spark']"
JOB05303,Data Engineer,"['AWS', 'ETL', 'Python', 'SQL', 'Spark']"
JOB05304,Marketing Analyst,"['Excel', 'Marketing Analytics', 'Power BI', 'Python', 'SQL']"
JOB05305,Financial Analyst,"['Excel', 'Financial Modeling', 'Power BI', 'SQL', 'Statistics']"
JOB05306,Financial Analyst,"['Cloud Computing', 'Excel', 'Financial Modeling', 'Power BI', 'SQL', 'Statistics']"
JOB05307,Data Analyst,"['Excel', 'Power BI', 'Python', 'SQL', 'Tableau']"
JOB05308,BI Analyst,"['Cloud Computing', 'DAX', 'Data Visualization', 'Excel', 'Power BI', 'SQL']"
JOB05309,Python Developer,"['Django', 'Flask', 'Git', 'Python', 'SQL']"
JOB05310,Machine Learning Engineer,"['Docker', 'Machine Learning', 'Python', 'Scikit-learn', 'TensorFlow']"
JOB05311,Full Stack Developer,"['CSS', 'HTML', 'Java', 'JavaScript', 'Machine Learning', 'Node', 'React']"
JOB05312,Software Engineer,"['Git', 'Java', 'Python', 'REST API', 'SQL']"
JOB05313,Web Developer,"['CSS', 'Git', 'HTML', 'Java', 'JavaScript', 'Machine Learning', 'React']"
JOB05314,Data Scientist,"['Machine Learning', 'Pandas', 'Python', 'SQL', 'Statistics']"
JOB05315,SQL Developer,"['Database', 'ETL', 'MySQL', 'PostgreSQL', 'SQL']"
JOB05316,Web Developer,"['CSS', 'Git', 'HTML', 'Java', 'JavaScript', 'Machine Learning', 'React']"
JOB05317,Cloud Engineer,"['AWS', 'Azure', 'Cloud Computing', 'Docker', 'Linux']"
JOB05318,HR Analyst,"['Data Analysis', 'Excel', 'HR Analytics', 'Oracle', 'Power BI', 'SQL']"
JOB05319,Web Developer,"['CSS', 'Git', 'HTML', 'Java', 'JavaScript', 'Machine Learning', 'React']"
JOB05320,BI Analyst,"['DAX', 'Data Visualization', 'Excel', 'Power BI', 'SQL']"
JOB05321,HR Analyst,"['Data Analysis', 'Excel', 'HR Analytics', 'Power BI', 'SQL']"
JOB05322,DevOps Engineer,"['AWS', 'Docker', 'Jenkins', 'Kubernetes', 'Linux']"
JOB05323,Database Administrator,"['Database', 'Database Administration', 'MySQL', 'Oracle', 'PostgreSQL', 'SQL']"
JOB05324,Python Developer,"['Django', 'Flask', 'Git', 'Python', 'SQL']"
JOB05325,Machine Learning Engineer,"['Docker', 'Machine Learning', 'Python', 'Scikit-learn', 'TensorFlow']"
JOB05326,Data Engineer,"['AWS', 'ETL', 'Python', 'SQL', 'Spark']"
JOB05327,DevOps Engineer,"['AWS', 'Docker', 'Jenkins', 'Kubernetes', 'Linux']"
JOB05328,Web Developer,"['CSS', 'Git', 'HTML', 'Java', 'JavaScript', 'Machine Learning', 'React']"
JOB05329,BI Analyst,"['DAX', 'Data Visualization', 'Excel', 'Power BI', 'SQL']"
JOB05330,Data Scientist,"['Machine Learning', 'Pandas', 'Python', 'SQL', 'Statistics']"
JOB05331,Python Developer,"['Django', 'Flask', 'Git', 'Python', 'SQL']"
JOB05332,Business Analyst,"['Business Analysis', 'Excel', 'Power BI', 'Requirements Gathering', 'SQL']"
JOB05333,SQL Developer,"['Database', 'ETL', 'MySQL', 'PostgreSQL', 'SQL']"
JOB05334,QA Engineer,"['Automation Testing', 'Cloud Computing', 'Java', 'Python', 'SQL', 'Selenium']"
JOB05335,HR Analyst,"['Data Analysis', 'Excel', 'HR Analytics', 'Power BI', 'SQL']"
JOB05336,HR Analyst,"['Data Analysis', 'Excel', 'HR Analytics', 'Power BI', 'SQL']"
JOB05337,Machine Learning Engineer,"['Docker', 'Machine Learning', 'Python', 'Scikit-learn', 'TensorFlow']"
JOB05338,Data Analyst,"['Excel', 'Power BI', 'Python', 'SQL', 'Tableau']"
JOB05339,Database Administrator,"['Database', 'Database Administration', 'MySQL', 'Oracle', 'PostgreSQL', 'SQL']"
JOB05340,DevOps Engineer,"['AWS', 'Docker', 'Jenkins', 'Kubernetes', 'Linux']"
JOB05341,Product Analyst,"['Excel', 'Product Analytics', 'Python', 'SQL']"
JOB05342,SQL Developer,"['Database', 'ETL', 'MySQL', 'PostgreSQL', 'SQL']"
JOB05343,Marketing Analyst,"['Excel', 'Marketing Analytics', 'Power BI', 'Python', 'SQL']"
JOB05344,SQL Developer,"['Database', 'ETL', 'MySQL', 'PostgreSQL', 'SQL']"
JOB05345,Data Scientist,"['Machine Learning', 'Pandas', 'Python', 'SQL', 'Statistics']"
JOB05346,BI Analyst,"['DAX', 'Data Visualization', 'Excel', 'Power BI', 'SQL']"
JOB05347,Business Analyst,"['Business Analysis', 'Excel', 'Power BI', 'Requirements Gathering', 'SQL']"
JOB05348,QA Engineer,"['Automation Testing', 'Java', 'Python', 'SQL', 'Selenium']"
JOB05349,Data Scientist,"['Machine Learning', 'Pandas', 'Python', 'SQL', 'Statistics']"
JOB05350,Cloud Engineer,"['AWS', 'Azure', 'Cloud Computing', 'Docker', 'Linux']"
JOB05351,HR Analyst,"['Data Analysis', 'Excel', 'HR Analytics', 'Power BI', 'SQL']"
JOB05352,Data Scientist,"['Machine Learning', 'Pandas', 'Python', 'SQL', 'Statistics']"
JOB05353,Full Stack Developer,"['CSS', 'HTML', 'Java', 'JavaScript', 'Machine Learning', 'Node', 'Oracle', 'React']"
JOB05354,Python Developer,"['Django', 'Flask', 'Git', 'Python', 'SQL']"
JOB05355,BI Analyst,"['DAX', 'Data Visualization', 'Excel', 'Power BI', 'SQL']"
JOB05356,Business Analyst,"['Business Analysis', 'Cloud Computing', 'Excel', 'Power BI', 'Requirements Gathering', 'SQL']"
JOB05357,Data Analyst,"['Excel', 'Power BI', 'Python', 'SQL', 'Tableau']"
JOB05358,Product Analyst,"['Excel', 'Product Analytics', 'Python', 'SQL']"
JOB05359,HR Analyst,"['Data Analysis', 'Excel', 'HR Analytics', 'Power BI', 'SQL']"
JOB05360,Power BI Developer,"['DAX', 'Excel', 'Power BI', 'Power Query', 'SQL']"
JOB05361,Data Engineer,"['AWS', 'ETL', 'Python', 'SQL', 'Spark']"
JOB05362,Marketing Analyst,"['Excel', 'Marketing Analytics', 'Power BI', 'Python', 'SQL']"
JOB05363,Database Administrator,"['Database', 'Database Administration', 'MySQL', 'Oracle', 'PostgreSQL', 'SQL']"
JOB05364,Python Developer,"['Django', 'Flask', 'Git', 'Python', 'SQL']"
JOB05365,HR Analyst,"['Data Analysis', 'Excel', 'HR Analytics', 'Power BI', 'SQL']"
JOB05366,Product Analyst,"['Excel', 'Product Analytics', 'Python', 'SQL']"
JOB05367,HR Analyst,"['Data Analysis', 'Excel', 'HR Analytics', 'Power BI', 'SQL']"
JOB05368,Power BI Developer,"['DAX', 'Excel', 'Power BI', 'Power Query', 'SQL']"
JOB05369,Data Scientist,"['Machine Learning', 'Pandas', 'Python', 'SQL', 'Statistics']"
JOB05370,Marketing Analyst,"['Excel', 'Marketing Analytics', 'Power BI', 'Python', 'SQL']"
JOB05371,Data Analyst,"['Excel', 'Power BI', 'Python', 'SQL', 'Tableau']"
JOB05372,Full Stack Developer,"['CSS', 'HTML', 'Java', 'JavaScript', 'Machine Learning', 'Node', 'React']"
JOB05373,Product Analyst,"['Excel', 'Product Analytics', 'Python', 'SQL']"
JOB05374,Machine Learning Engineer,"['Docker', 'Machine Learning', 'Python', 'Scikit-learn', 'TensorFlow']"
JOB05375,Software Engineer,"['Git', 'Java', 'Python', 'REST API', 'SQL']"
JOB05376,Data Scientist,"['Machine Learning', 'Pandas', 'Python', 'SQL', 'Statistics']"
JOB05377,Marketing Analyst,"['Excel', 'Marketing Analytics', 'Power BI', 'Python', 'SQL']"
JOB05378,BI Analyst,"['DAX', 'Data Visualization', 'Excel', 'Power BI', 'SQL']"
JOB05379,Data Scientist,"['Machine Learning', 'Pandas', 'Python', 'SQL', 'Statistics']"
JOB05380,Financial Analyst,"['Excel', 'Financial Modeling', 'Power BI', 'SQL', 'Statistics']"
JOB05381,Business Analyst,"['Business Analysis', 'Excel', 'Power BI', 'Requirements Gathering', 'SQL']"
JOB05382,HR Analyst,"['Data Analysis', 'Excel', 'HR Analytics', 'Oracle', 'Power BI', 'SQL']"
JOB05383,Machine Learning Engineer,"['Docker', 'Machine Learning', 'Python', 'Scikit-learn', 'TensorFlow']"
JOB05384,Python Developer,"['Django', 'Flask', 'Git', 'Python', 'SQL']"
JOB05385,Marketing Analyst,"['Excel', 'Marketing Analytics', 'Oracle', 'Power BI', 'Python', 'SQL']"
JOB05386,DevOps Engineer,"['AWS', 'Docker', 'Jenkins', 'Kubernetes', 'Linux']"
JOB05387,Product Analyst,"['Excel', 'Product Analytics', 'Python', 'SQL']"
JOB05388,Business Analyst,"['Business Analysis', 'Excel', 'Power BI', 'Requirements Gathering', 'SQL']"
JOB05389,Product Analyst,"['Excel', 'Product Analytics', 'Python', 'SQL']"
JOB05390,Python Developer,"['Django', 'Flask', 'Git', 'Python', 'SQL']"
JOB05391,Python Developer,"['Django', 'Flask', 'Git', 'Python', 'SQL']"
JOB05392,Python Developer,"['Django', 'Flask', 'Git', 'Python', 'SQL']"
JOB05393,Python Developer,"['Cloud Computing', 'Django', 'Flask', 'Git', 'Python', 'SQL']"
JOB05394,DevOps Engineer,"['AWS', 'Docker', 'Jenkins', 'Kubernetes', 'Linux']"
JOB05395,Machine Learning Engineer,"['Cloud Computing', 'Docker', 'Machine Learning', 'Python', 'Scikit-learn', 'TensorFlow']"
JOB05396,HR Analyst,"['Data Analysis', 'Excel', 'HR Analytics', 'Power BI', 'SQL']"
JOB05397,Machine Learning Engineer,"['Docker', 'Machine Learning', 'Python', 'Scikit-learn', 'TensorFlow']"
JOB05398,HR Analyst,"['Data Analysis', 'Excel', 'HR Analytics', 'Power BI', 'SQL']"
JOB05399,Data Scientist,"['Machine Learning', 'Oracle', 'Pandas', 'Python', 'SQL', 'Statistics']"
JOB05400,BI Analyst,"['DAX', 'Data Visualization', 'Excel', 'Power BI', 'SQL']"
JOB05401,Database Administrator,"['Database', 'Database Administration', 'MySQL', 'Oracle', 'PostgreSQL', 'SQL']"
JOB05402,Marketing Analyst,"['Excel', 'Marketing Analytics', 'Power BI', 'Python', 'SQL']"
JOB05403,Business Analyst,"['Business Analysis', 'Excel', 'Power BI', 'Requirements Gathering', 'SQL']"
JOB05404,Full Stack Developer,"['CSS', 'HTML', 'Java', 'JavaScript', 'Machine Learning', 'Node', 'Oracle', 'React']"
JOB05405,Power BI Developer,"['DAX', 'Excel', 'Power BI', 'Power Query', 'SQL']"
JOB05406,Database Administrator,"['Database', 'Database Administration', 'MySQL', 'Oracle', 'PostgreSQL', 'SQL']"
JOB05407,Python Developer,"['Django', 'Flask', 'Git', 'Python', 'SQL']"
JOB05408,Product Analyst,"['Excel', 'Product Analytics', 'Python', 'SQL']"
JOB05409,BI Analyst,"['DAX', 'Data Visualization', 'Excel', 'Power BI', 'SQL']"
JOB05410,Data Engineer,"['AWS', 'ETL', 'Python', 'SQL', 'Spark']"
JOB05411,BI Analyst,"['DAX', 'Data Visualization', 'Excel', 'Power BI', 'SQL']"
JOB05412,Data Scientist,"['Machine Learning', 'Oracle', 'Pandas', 'Python', 'SQL', 'Statistics']"
JOB05413,HR Analyst,"['Data Analysis', 'Excel', 'HR Analytics', 'Power BI', 'SQL']"
JOB05414,Marketing Analyst,"['Excel', 'Marketing Analytics', 'Power BI', 'Python', 'SQL']"
JOB05415,Business Analyst,"['Business Analysis', 'Excel', 'Power BI', 'Requirements Gathering', 'SQL']"
JOB05416,Product Analyst,"['Cloud Computing', 'Excel', 'Product Analytics', 'Python', 'SQL']"
JOB05417,Machine Learning Engineer,"['Docker', 'Machine Learning', 'Python', 'Scikit-learn', 'TensorFlow']"
JOB05418,HR Analyst,"['Data Analysis', 'Excel', 'HR Analytics', 'Power BI', 'SQL']"
JOB05419,QA Engineer,"['Automation Testing', 'Java', 'Python', 'SQL', 'Selenium']"
JOB05420,Machine Learning Engineer,"['Docker', 'Machine Learning', 'Python', 'Scikit-learn', 'TensorFlow']"
JOB05421,Business Analyst,"['Business Analysis', 'Excel', 'Power BI', 'Requirements Gathering', 'SQL']"
JOB05422,Cloud Engineer,"['AWS', 'Azure', 'Cloud Computing', 'Docker', 'Linux']"
JOB05423,Software Engineer,"['Git', 'Java', 'Python', 'REST API', 'SQL']"
JOB05424,QA Engineer,"['Automation Testing', 'Java', 'Python', 'SQL', 'Selenium']"
JOB05425,Marketing Analyst,"['Excel', 'Marketing Analytics', 'Oracle', 'Power BI', 'Python', 'SQL']"
JOB05426,Financial Analyst,"['Excel', 'Financial Modeling', 'Power BI', 'SQL', 'Statistics']"
JOB05427,Data Engineer,"['AWS', 'ETL', 'Python', 'SQL', 'Spark']"
JOB05428,Product Analyst,"['Excel', 'Product Analytics', 'Python', 'SQL']"
JOB05429,Database Administrator,"['Database', 'Database Administration', 'MySQL', 'Oracle', 'PostgreSQL', 'SQL']"
JOB05430,Product Analyst,"['Excel', 'Product Analytics', 'Python', 'SQL']"
JOB05431,Web Developer,"['CSS', 'Git', 'HTML', 'Java', 'JavaScript', 'Machine Learning', 'React']"
JOB05432,Python Developer,"['Django', 'Flask', 'Git', 'Python', 'SQL']"
JOB05433,Cloud Engineer,"['AWS', 'Azure', 'Cloud Computing', 'Docker', 'Linux']"
JOB05434,Power BI Developer,"['DAX', 'Excel', 'Power BI', 'Power Query', 'SQL']"
JOB05435,Python Developer,"['Django', 'Flask', 'Git', 'Python', 'SQL']"
JOB05436,HR Analyst,"['Data Analysis', 'Excel', 'HR Analytics', 'Power BI', 'SQL']"
JOB05437,DevOps Engineer,"['AWS', 'Docker', 'Jenkins', 'Kubernetes', 'Linux']"
JOB05438,HR Analyst,"['Data Analysis', 'Excel', 'HR Analytics', 'Power BI', 'SQL']"
JOB05439,Financial Analyst,"['Excel', 'Financial Modeling', 'Power BI', 'SQL', 'Statistics']"
JOB05440,Power BI Developer,"['DAX', 'Excel', 'Power BI', 'Power Query', 'SQL']"
JOB05441,Machine Learning Engineer,"['Docker', 'Machine Learning', 'Python', 'Scikit-learn', 'TensorFlow']"
JOB05442,DevOps Engineer,"['AWS', 'Docker', 'Jenkins', 'Kubernetes', 'Linux']"
JOB05443,HR Analyst,"['Data Analysis', 'Excel', 'HR Analytics', 'Power BI', 'SQL']"
JOB05444,BI Analyst,"['DAX', 'Data Visualization', 'Excel', 'Power BI', 'SQL']"
JOB05445,Cloud Engineer,"['AWS', 'Azure', 'Cloud Computing', 'Docker', 'Linux']"
JOB05446,QA Engineer,"['Automation Testing', 'Java', 'Python', 'SQL', 'Selenium']"
JOB05447,Cloud Engineer,"['AWS', 'Azure', 'Cloud Computing', 'Docker', 'Linux']"
JOB05448,Software Engineer,"['Git', 'Java', 'Python', 'REST API', 'SQL']"
JOB05449,Python Developer,"['Django', 'Flask', 'Git', 'Python', 'SQL']"
JOB05450,Data Analyst,"['Excel', 'Power BI', 'Python', 'SQL', 'Tableau']"
JOB05451,Power BI Developer,"['DAX', 'Excel', 'Power BI', 'Power Query', 'SQL']"
JOB05452,Software Engineer,"['Cloud Computing', 'Git', 'Java', 'Python', 'REST API', 'SQL']"
JOB05453,Data Analyst,"['Excel', 'Power BI', 'Python', 'SQL', 'Tableau']"
JOB05454,Machine Learning Engineer,"['Docker', 'Machine Learning', 'Python', 'Scikit-learn', 'TensorFlow']"
JOB05455,Data Scientist,"['Machine Learning', 'Pandas', 'Python', 'SQL', 'Statistics']"
JOB05456,Python Developer,"['Django', 'Flask', 'Git', 'Python', 'SQL']"
JOB05457,Software Engineer,"['Git', 'Java', 'Python', 'REST API', 'SQL']"
JOB05458,Full Stack Developer,"['CSS', 'HTML', 'Java', 'JavaScript', 'Machine Learning', 'Node', 'React']"
JOB05459,Power BI Developer,"['DAX', 'Excel', 'Power BI', 'Power Query', 'SQL']"
JOB05460,Business Analyst,"['Business Analysis', 'Cloud Computing', 'Excel', 'Power BI', 'Requirements Gathering', 'SQL']"
JOB05461,Power BI Developer,"['DAX', 'Excel', 'Power BI', 'Power Query', 'SQL']"
JOB05462,Product Analyst,"['Excel', 'Product Analytics', 'Python', 'SQL']"
JOB05463,Full Stack Developer,"['CSS', 'HTML', 'Java', 'JavaScript', 'Machine Learning', 'Node', 'React']"
JOB05464,SQL Developer,"['Database', 'ETL', 'MySQL', 'Oracle', 'PostgreSQL', 'SQL']"
JOB05465,Data Analyst,"['Excel', 'Power BI', 'Python', 'SQL', 'Tableau']"
JOB05466,Power BI Developer,"['DAX', 'Excel', 'Power BI', 'Power Query', 'SQL']"
JOB05467,Business Analyst,"['Business Analysis', 'Excel', 'Power BI', 'Requirements Gathering', 'SQL']"
JOB05468,Database Administrator,"['Database', 'Database Administration', 'MySQL', 'Oracle', 'PostgreSQL', 'SQL']"
JOB05469,Data Engineer,"['AWS', 'ETL', 'Python', 'SQL', 'Spark']"
JOB05470,Full Stack Developer,"['CSS', 'HTML', 'Java', 'JavaScript', 'Machine Learning', 'Node', 'React']"
JOB05471,DevOps Engineer,"['AWS', 'Docker', 'Jenkins', 'Kubernetes', 'Linux']"
JOB05472,Python Developer,"['Cloud Computing', 'Django', 'Flask', 'Git', 'Python', 'SQL']"
JOB05473,Python Developer,"['Django', 'Flask', 'Git', 'Python', 'SQL']"
JOB05474,Software Engineer,"['Git', 'Java', 'Python', 'REST API', 'SQL']"
JOB05475,Full Stack Developer,"['CSS', 'HTML', 'Java', 'JavaScript', 'Machine Learning', 'Node', 'React']"
JOB05476,Cloud Engineer,"['AWS', 'Azure', 'Cloud Computing', 'Docker', 'Linux']"
JOB05477,Data Engineer,"['AWS', 'ETL', 'Python', 'SQL', 'Spark']"
JOB05478,Product Analyst,"['Excel', 'Product Analytics', 'Python', 'SQL']"
JOB05479,Database Administrator,"['Database', 'Database Administration', 'MySQL', 'Oracle', 'PostgreSQL', 'SQL']"
JOB05480,Data Scientist,"['Machine Learning', 'Oracle', 'Pandas', 'Python', 'SQL', 'Statistics']"
JOB05481,Full Stack Developer,"['CSS', 'HTML', 'Java', 'JavaScript', 'Machine Learning', 'Node', 'React']"
JOB05482,Financial Analyst,"['Excel', 'Financial Modeling', 'Power BI', 'SQL', 'Statistics']"
JOB05483,Web Developer,"['CSS', 'Git', 'HTML', 'Java', 'JavaScript', 'Machine Learning', 'React']"
JOB05484,Product Analyst,"['Excel', 'Product Analytics', 'Python', 'SQL']"
JOB05485,Software Engineer,"['Git', 'Java', 'Python', 'REST API', 'SQL']"
JOB05486,Data Scientist,"['Machine Learning', 'Pandas', 'Python', 'SQL', 'Statistics']"
JOB05487,Database Administrator,"['Database', 'Database Administration', 'MySQL', 'Oracle', 'PostgreSQL', 'SQL']"
JOB05488,Data Engineer,"['AWS', 'ETL', 'Python', 'SQL', 'Spark']"
JOB05489,Power BI Developer,"['DAX', 'Excel', 'Power BI', 'Power Query', 'SQL']"
JOB05490,Marketing Analyst,"['Excel', 'Marketing Analytics', 'Oracle', 'Power BI', 'Python', 'SQL']"
JOB05491,BI Analyst,"['DAX', 'Data Visualization', 'Excel', 'Power BI', 'SQL']"
JOB05492,DevOps Engineer,"['AWS', 'Docker', 'Jenkins', 'Kubernetes', 'Linux']"
JOB05493,Business Analyst,"['Business Analysis', 'Excel', 'Power BI', 'Requirements Gathering', 'SQL']"
JOB05494,Data Scientist,"['Machine Learning', 'Pandas', 'Python', 'SQL', 'Statistics']"
JOB05495,Business Analyst,"['Business Analysis', 'Excel', 'Power BI', 'Requirements Gathering', 'SQL']"
JOB05496,Financial Analyst,"['Excel', 'Financial Modeling', 'Power BI', 'SQL', 'Statistics']"
JOB05497,Business Analyst,"['Business Analysis', 'Excel', 'Power BI', 'Requirements Gathering', 'SQL']"
JOB05498,HR Analyst,"['Data Analysis', 'Excel', 'HR Analytics', 'Power BI', 'SQL']"
JOB05499,BI Analyst,"['DAX', 'Data Visualization', 'Excel', 'Power BI', 'SQL']"
JOB05500,Marketing Analyst,"['Excel', 'Marketing Analytics', 'Power BI', 'Python', 'SQL']"
JOB05501,Machine Learning Engineer,"['Docker', 'Machine Learning', 'Python', 'Scikit-learn', 'TensorFlow']"
JOB05502,QA Engineer,"['Automation Testing', 'Java', 'Python', 'SQL', 'Selenium']"
JOB05503,SQL Developer,"['Database', 'ETL', 'MySQL', 'PostgreSQL', 'SQL']"
JOB05504,DevOps Engineer,"['AWS', 'Docker', 'Jenkins', 'Kubernetes', 'Linux']"
JOB05505,Software Engineer,"['Git', 'Java', 'Python', 'REST API', 'SQL']"
JOB05506,Power BI Developer,"['DAX', 'Excel', 'Power BI', 'Power Query', 'SQL']"
JOB05507,DevOps Engineer,"['AWS', 'Docker', 'Jenkins', 'Kubernetes', 'Linux']"
JOB05508,Product Analyst,"['Excel', 'Product Analytics', 'Python', 'SQL']"
JOB05509,Web Developer,"['CSS', 'Git', 'HTML', 'Java', 'JavaScript', 'Machine Learning', 'React']"
JOB05510,Financial Analyst,"['Excel', 'Financial Modeling', 'Power BI', 'SQL', 'Statistics']"
JOB05511,BI Analyst,"['DAX', 'Data Visualization', 'Excel', 'Power BI', 'SQL']"
JOB05512,BI Analyst,"['DAX', 'Data Visualization', 'Excel', 'Power BI', 'SQL']"
JOB05513,Full Stack Developer,"['CSS', 'HTML', 'Java', 'JavaScript', 'Machine Learning', 'Node', 'React']"
JOB05514,QA Engineer,"['Automation Testing', 'Java', 'Python', 'SQL', 'Selenium']"
JOB05515,Cloud Engineer,"['AWS', 'Azure', 'Cloud Computing', 'Docker', 'Linux']"
JOB05516,Data Scientist,"['Machine Learning', 'Pandas', 'Python', 'SQL', 'Statistics']"
JOB05517,Database Administrator,"['Database', 'Database Administration', 'MySQL', 'Oracle', 'PostgreSQL', 'SQL']"
JOB05518,Business Analyst,"['Business Analysis', 'Excel', 'Power BI', 'Requirements Gathering', 'SQL']"
JOB05519,Data Engineer,"['AWS', 'ETL', 'Oracle', 'Python', 'SQL', 'Spark']"
JOB05520,Business Analyst,"['Business Analysis', 'Excel', 'Power BI', 'Requirements Gathering', 'SQL']"
JOB05521,Financial Analyst,"['Excel', 'Financial Modeling', 'Power BI', 'SQL', 'Statistics']"
JOB05522,Machine Learning Engineer,"['Docker', 'Machine Learning', 'Python', 'Scikit-learn', 'TensorFlow']"
JOB05523,Data Scientist,"['Machine Learning', 'Pandas', 'Python', 'SQL', 'Statistics']"
JOB05524,Financial Analyst,"['Excel', 'Financial Modeling', 'Power BI', 'SQL', 'Statistics']"
JOB05525,Financial Analyst,"['Excel', 'Financial Modeling', 'Power BI', 'SQL', 'Statistics']"
JOB05526,Marketing Analyst,"['Excel', 'Marketing Analytics', 'Power BI', 'Python', 'SQL']"
JOB05527,BI Analyst,"['DAX', 'Data Visualization', 'Excel', 'Power BI', 'SQL']"
JOB05528,Business Analyst,"['Business Analysis', 'Excel', 'Power BI', 'Requirements Gathering', 'SQL']"
JOB05529,Data Engineer,"['AWS', 'ETL', 'Python', 'SQL', 'Spark']"
JOB05530,Machine Learning Engineer,"['Cloud Computing', 'Docker', 'Machine Learning', 'Python', 'Scikit-learn', 'TensorFlow']"
JOB05531,Python Developer,"['Django', 'Flask', 'Git', 'Python', 'SQL']"
JOB05532,Full Stack Developer,"['CSS', 'HTML', 'Java', 'JavaScript', 'Machine Learning', 'Node', 'React']"
JOB05533,QA Engineer,"['Automation Testing', 'Java', 'Python', 'SQL', 'Selenium']"
JOB05534,Product Analyst,"['Excel', 'Product Analytics', 'Python', 'SQL']"
JOB05535,Data Scientist,"['Machine Learning', 'Pandas', 'Python', 'SQL', 'Statistics']"
JOB05536,Business Analyst,"['Business Analysis', 'Excel', 'Power BI', 'Requirements Gathering', 'SQL']"
JOB05537,QA Engineer,"['Automation Testing', 'Cloud Computing', 'Java', 'Python', 'SQL', 'Selenium']"
JOB05538,Software Engineer,"['Git', 'Java', 'Oracle', 'Python', 'REST API', 'SQL']"
JOB05539,Power BI Developer,"['DAX', 'Excel', 'Power BI', 'Power Query', 'SQL']"
JOB05540,Data Analyst,"['Excel', 'Power BI', 'Python', 'SQL', 'Tableau']"
JOB05541,Software Engineer,"['Git', 'Java', 'Python', 'REST API', 'SQL']"
JOB05542,Financial Analyst,"['Excel', 'Financial Modeling', 'Power BI', 'SQL', 'Statistics']"
JOB05543,Full Stack Developer,"['CSS', 'HTML', 'Java', 'JavaScript', 'Machine Learning', 'Node', 'React']"
JOB05544,DevOps Engineer,"['AWS', 'Docker', 'Jenkins', 'Kubernetes', 'Linux']"
JOB05545,Data Analyst,"['Excel', 'Power BI', 'Python', 'SQL', 'Tableau']"
JOB05546,DevOps Engineer,"['AWS', 'Docker', 'Jenkins', 'Kubernetes', 'Linux']"
JOB05547,Data Scientist,"['Machine Learning', 'Pandas', 'Python', 'SQL', 'Statistics']"
JOB05548,Product Analyst,"['Excel', 'Product Analytics', 'Python', 'SQL']"
JOB05549,Software Engineer,"['Cloud Computing', 'Git', 'Java', 'Python', 'REST API', 'SQL']"
JOB05550,Machine Learning Engineer,"['Docker', 'Machine Learning', 'Python', 'Scikit-learn', 'TensorFlow']"
JOB05551,SQL Developer,"['Database', 'ETL', 'MySQL', 'PostgreSQL', 'SQL']"
JOB05552,Financial Analyst,"['Excel', 'Financial Modeling', 'Power BI', 'SQL', 'Statistics']"
JOB05553,Database Administrator,"['Database', 'Database Administration', 'MySQL', 'Oracle', 'PostgreSQL', 'SQL']"
JOB05554,Financial Analyst,"['Excel', 'Financial Modeling', 'Power BI', 'SQL', 'Statistics']"
JOB05555,Financial Analyst,"['Excel', 'Financial Modeling', 'Power BI', 'SQL', 'Statistics']"
JOB05556,SQL Developer,"['Database', 'ETL', 'MySQL', 'PostgreSQL', 'SQL']"
JOB05557,Database Administrator,"['Database', 'Database Administration', 'MySQL', 'Oracle', 'PostgreSQL', 'SQL']"
JOB05558,Business Analyst,"['Business Analysis', 'Excel', 'Power BI', 'Requirements Gathering', 'SQL']"
JOB05559,Software Engineer,"['Git', 'Java', 'Python', 'REST API', 'SQL']"
JOB05560,Marketing Analyst,"['Excel', 'Marketing Analytics', 'Power BI', 'Python', 'SQL']"
JOB05561,Data Analyst,"['Cloud Computing', 'Excel', 'Power BI', 'Python', 'SQL', 'Tableau']"
JOB05562,Data Engineer,"['AWS', 'ETL', 'Python', 'SQL', 'Spark']"
JOB05563,Data Engineer,"['AWS', 'ETL', 'Python', 'SQL', 'Spark']"
JOB05564,Software Engineer,"['Git', 'Java', 'Python', 'REST API', 'SQL']"
JOB05565,QA Engineer,"['Automation Testing', 'Java', 'Python', 'SQL', 'Selenium']"
JOB05566,QA Engineer,"['Automation Testing', 'Java', 'Python', 'SQL', 'Selenium']"
JOB05567,Data Engineer,"['AWS', 'ETL', 'Python', 'SQL', 'Spark']"
JOB05568,Data Analyst,"['Excel', 'Power BI', 'Python', 'SQL', 'Tableau']"
JOB05569,Power BI Developer,"['DAX', 'Excel', 'Power BI', 'Power Query', 'SQL']"
JOB05570,QA Engineer,"['Automation Testing', 'Java', 'Python', 'SQL', 'Selenium']"
JOB05571,HR Analyst,"['Data Analysis', 'Excel', 'HR Analytics', 'Power BI', 'SQL']"
JOB05572,Data Engineer,"['AWS', 'ETL', 'Python', 'SQL', 'Spark']"
JOB05573,Data Analyst,"['Excel', 'Power BI', 'Python', 'SQL', 'Tableau']"
JOB05574,Data Scientist,"['Machine Learning', 'Pandas', 'Python', 'SQL', 'Statistics']"
JOB05575,Data Engineer,"['AWS', 'ETL', 'Python', 'SQL', 'Spark']"
JOB05576,Web Developer,"['CSS', 'Git', 'HTML', 'Java', 'JavaScript', 'Machine Learning', 'React']"
JOB05577,Data Engineer,"['AWS', 'ETL', 'Oracle', 'Python', 'SQL', 'Spark']"
JOB05578,BI Analyst,"['DAX', 'Data Visualization', 'Excel', 'Power BI', 'SQL']"
JOB05579,Financial Analyst,"['Excel', 'Financial Modeling', 'Oracle', 'Power BI', 'SQL', 'Statistics']"
JOB05580,Full Stack Developer,"['CSS', 'HTML', 'Java', 'JavaScript', 'Machine Learning', 'Node', 'React']"
JOB05581,Cloud Engineer,"['AWS', 'Azure', 'Cloud Computing', 'Docker', 'Linux']"
JOB05582,Business Analyst,"['Business Analysis', 'Excel', 'Power BI', 'Requirements Gathering', 'SQL']"
JOB05583,Database Administrator,"['Database', 'Database Administration', 'MySQL', 'Oracle', 'PostgreSQL', 'SQL']"
JOB05584,Software Engineer,"['Git', 'Java', 'Python', 'REST API', 'SQL']"
JOB05585,QA Engineer,"['Automation Testing', 'Java', 'Python', 'SQL', 'Selenium']"
JOB05586,Power BI Developer,"['DAX', 'Excel', 'Power BI', 'Power Query', 'SQL']"
JOB05587,Business Analyst,"['Business Analysis', 'Excel', 'Power BI', 'Requirements Gathering', 'SQL']"
JOB05588,SQL Developer,"['Database', 'ETL', 'MySQL', 'PostgreSQL', 'SQL']"
JOB05589,DevOps Engineer,"['AWS', 'Docker', 'Jenkins', 'Kubernetes', 'Linux', 'Oracle']"
JOB05590,Product Analyst,"['Excel', 'Product Analytics', 'Python', 'SQL']"
JOB05591,QA Engineer,"['Automation Testing', 'Java', 'Python', 'SQL', 'Selenium']"
JOB05592,SQL Developer,"['Database', 'ETL', 'MySQL', 'PostgreSQL', 'SQL']"
JOB05593,BI Analyst,"['Cloud Computing', 'DAX', 'Data Visualization', 'Excel', 'Power BI', 'SQL']"
JOB05594,Full Stack Developer,"['CSS', 'HTML', 'Java', 'JavaScript', 'Machine Learning', 'Node', 'React']"
JOB05595,Data Scientist,"['Machine Learning', 'Pandas', 'Python', 'SQL', 'Statistics']"
JOB05596,Software Engineer,"['Git', 'Java', 'Python', 'REST API', 'SQL']"
JOB05597,HR Analyst,"['Data Analysis', 'Excel', 'HR Analytics', 'Power BI', 'SQL']"
JOB05598,Data Scientist,"['Machine Learning', 'Pandas', 'Python', 'SQL', 'Statistics']"
JOB05599,Product Analyst,"['Excel', 'Product Analytics', 'Python', 'SQL']"
JOB05600,Data Analyst,"['Excel', 'Power BI', 'Python', 'SQL', 'Tableau']"
JOB05601,QA Engineer,"['Automation Testing', 'Java', 'Python', 'SQL', 'Selenium']"
JOB05602,Python Developer,"['Django', 'Flask', 'Git', 'Python', 'SQL']"
JOB05603,Machine Learning Engineer,"['Docker', 'Machine Learning', 'Python', 'Scikit-learn', 'TensorFlow']"
JOB05604,Machine Learning Engineer,"['Docker', 'Machine Learning', 'Python', 'Scikit-learn', 'TensorFlow']"
JOB05605,Business Analyst,"['Business Analysis', 'Excel', 'Power BI', 'Requirements Gathering', 'SQL']"
JOB05606,QA Engineer,"['Automation Testing', 'Java', 'Python', 'SQL', 'Selenium']"
JOB05607,Business Analyst,"['Business Analysis', 'Excel', 'Power BI', 'Requirements Gathering', 'SQL']"
JOB05608,BI Analyst,"['DAX', 'Data Visualization', 'Excel', 'Power BI', 'SQL']"
JOB05609,Data Analyst,"['Excel', 'Power BI', 'Python', 'SQL', 'Tableau']"
JOB05610,Cloud Engineer,"['AWS', 'Azure', 'Cloud Computing', 'Docker', 'Linux']"
JOB05611,Data Scientist,"['Machine Learning', 'Pandas', 'Python', 'SQL', 'Statistics']"
JOB05612,BI Analyst,"['DAX', 'Data Visualization', 'Excel', 'Power BI', 'SQL']"
JOB05613,Python Developer,"['Django', 'Flask', 'Git', 'Python', 'SQL']"
JOB05614,Data Engineer,"['AWS', 'ETL', 'Python', 'SQL', 'Spark']"
JOB05615,Machine Learning Engineer,"['Docker', 'Machine Learning', 'Python', 'Scikit-learn', 'TensorFlow']"
JOB05616,Web Developer,"['CSS', 'Git', 'HTML', 'Java', 'JavaScript', 'Machine Learning', 'React']"
JOB05617,DevOps Engineer,"['AWS', 'Docker', 'Jenkins', 'Kubernetes', 'Linux']"
JOB05618,Product Analyst,"['Excel', 'Product Analytics', 'Python', 'SQL']"
JOB05619,Cloud Engineer,"['AWS', 'Azure', 'Cloud Computing', 'Docker', 'Linux']"
JOB05620,Business Analyst,"['Business Analysis', 'Excel', 'Power BI', 'Requirements Gathering', 'SQL']"
JOB05621,Web Developer,"['CSS', 'Git', 'HTML', 'Java', 'JavaScript', 'Machine Learning', 'React']"
JOB05622,Full Stack Developer,"['CSS', 'HTML', 'Java', 'JavaScript', 'Machine Learning', 'Node', 'React']"
JOB05623,Data Scientist,"['Machine Learning', 'Pandas', 'Python', 'SQL', 'Statistics']"
JOB05624,Power BI Developer,"['DAX', 'Excel', 'Power BI', 'Power Query', 'SQL']"
JOB05625,Software Engineer,"['Git', 'Java', 'Python', 'REST API', 'SQL']"
JOB05626,QA Engineer,"['Automation Testing', 'Java', 'Python', 'SQL', 'Selenium']"
JOB05627,SQL Developer,"['Database', 'ETL', 'MySQL', 'Oracle', 'PostgreSQL', 'SQL']"
JOB05628,Financial Analyst,"['Excel', 'Financial Modeling', 'Power BI', 'SQL', 'Statistics']"
JOB05629,QA Engineer,"['Automation Testing', 'Java', 'Python', 'SQL', 'Selenium']"
JOB05630,Data Scientist,"['Machine Learning', 'Pandas', 'Python', 'SQL', 'Statistics']"
JOB05631,BI Analyst,"['DAX', 'Data Visualization', 'Excel', 'Power BI', 'SQL']"
JOB05632,Cloud Engineer,"['AWS', 'Azure', 'Cloud Computing', 'Docker', 'Linux']"
JOB05633,Data Scientist,"['Machine Learning', 'Pandas', 'Python', 'SQL', 'Statistics']"
JOB05634,Web Developer,"['CSS', 'Git', 'HTML', 'Java', 'JavaScript', 'Machine Learning', 'React']"
JOB05635,SQL Developer,"['Database', 'ETL', 'MySQL', 'PostgreSQL', 'SQL']"
JOB05636,QA Engineer,"['Automation Testing', 'Java', 'Python', 'SQL', 'Selenium']"
JOB05637,Software Engineer,"['Cloud Computing', 'Git', 'Java', 'Python', 'REST API', 'SQL']"
JOB05638,Python Developer,"['Django', 'Flask', 'Git', 'Python', 'SQL']"
JOB05639,DevOps Engineer,"['AWS', 'Docker', 'Jenkins', 'Kubernetes', 'Linux']"
JOB05640,QA Engineer,"['Automation Testing', 'Java', 'Python', 'SQL', 'Selenium']"
JOB05641,Power BI Developer,"['DAX', 'Excel', 'Power BI', 'Power Query', 'SQL']"
JOB05642,SQL Developer,"['Database', 'ETL', 'MySQL', 'PostgreSQL', 'SQL']"
JOB05643,Financial Analyst,"['Excel', 'Financial Modeling', 'Power BI', 'SQL', 'Statistics']"
JOB05644,Power BI Developer,"['DAX', 'Excel', 'Power BI', 'Power Query', 'SQL']"
JOB05645,DevOps Engineer,"['AWS', 'Docker', 'Jenkins', 'Kubernetes', 'Linux']"
JOB05646,Business Analyst,"['Business Analysis', 'Excel', 'Power BI', 'Requirements Gathering', 'SQL']"
JOB05647,Web Developer,"['CSS', 'Git', 'HTML', 'Java', 'JavaScript', 'Machine Learning', 'React']"
JOB05648,DevOps Engineer,"['AWS', 'Cloud Computing', 'Docker', 'Jenkins', 'Kubernetes', 'Linux']"
JOB05649,Software Engineer,"['Git', 'Java', 'Python', 'REST API', 'SQL']"
JOB05650,Marketing Analyst,"['Excel', 'Marketing Analytics', 'Power BI', 'Python', 'SQL']"
JOB05651,Business Analyst,"['Business Analysis', 'Excel', 'Power BI', 'Requirements Gathering', 'SQL']"
JOB05652,Machine Learning Engineer,"['Docker', 'Machine Learning', 'Python', 'Scikit-learn', 'TensorFlow']"
JOB05653,Power BI Developer,"['DAX', 'Excel', 'Power BI', 'Power Query', 'SQL']"
JOB05654,Power BI Developer,"['DAX', 'Excel', 'Oracle', 'Power BI', 'Power Query', 'SQL']"
JOB05655,Software Engineer,"['Cloud Computing', 'Git', 'Java', 'Python', 'REST API', 'SQL']"
JOB05656,Software Engineer,"['Git', 'Java', 'Python', 'REST API', 'SQL']"
JOB05657,Cloud Engineer,"['AWS', 'Azure', 'Cloud Computing', 'Docker', 'Linux']"
JOB05658,Python Developer,"['Django', 'Flask', 'Git', 'Python', 'SQL']"
JOB05659,BI Analyst,"['DAX', 'Data Visualization', 'Excel', 'Power BI', 'SQL']"
JOB05660,Product Analyst,"['Excel', 'Product Analytics', 'Python', 'SQL']"
JOB05661,Data Scientist,"['Machine Learning', 'Pandas', 'Python', 'SQL', 'Statistics']"
JOB05662,Python Developer,"['Django', 'Flask', 'Git', 'Python', 'SQL']"
JOB05663,Python Developer,"['Django', 'Flask', 'Git', 'Python', 'SQL']"
JOB05664,Business Analyst,"['Business Analysis', 'Excel', 'Power BI', 'Requirements Gathering', 'SQL']"
JOB05665,Product Analyst,"['Excel', 'Product Analytics', 'Python', 'SQL']"
JOB05666,Business Analyst,"['Business Analysis', 'Excel', 'Power BI', 'Requirements Gathering', 'SQL']"
JOB05667,Cloud Engineer,"['AWS', 'Azure', 'Cloud Computing', 'Docker', 'Linux']"
JOB05668,Web Developer,"['CSS', 'Git', 'HTML', 'Java', 'JavaScript', 'Machine Learning', 'React']"
JOB05669,Full Stack Developer,"['CSS', 'HTML', 'Java', 'JavaScript', 'Machine Learning', 'Node', 'React']"
JOB05670,DevOps Engineer,"['AWS', 'Docker', 'Jenkins', 'Kubernetes', 'Linux']"
JOB05671,SQL Developer,"['Database', 'ETL', 'MySQL', 'PostgreSQL', 'SQL']"
JOB05672,Marketing Analyst,"['Excel', 'Marketing Analytics', 'Power BI', 'Python', 'SQL']"
JOB05673,Machine Learning Engineer,"['Docker', 'Machine Learning', 'Python', 'Scikit-learn', 'TensorFlow']"
JOB05674,Marketing Analyst,"['Excel', 'Marketing Analytics', 'Power BI', 'Python', 'SQL']"
JOB05675,Machine Learning Engineer,"['Docker', 'Machine Learning', 'Python', 'Scikit-learn', 'TensorFlow']"
JOB05676,SQL Developer,"['Database', 'ETL', 'MySQL', 'PostgreSQL', 'SQL']"
JOB05677,Financial Analyst,"['Excel', 'Financial Modeling', 'Power BI', 'SQL', 'Statistics']"
JOB05678,Data Scientist,"['Machine Learning', 'Oracle', 'Pandas', 'Python', 'SQL', 'Statistics']"
JOB05679,Cloud Engineer,"['AWS', 'Azure', 'Cloud Computing', 'Docker', 'Linux']"
JOB05680,Database Administrator,"['Database', 'Database Administration', 'MySQL', 'Oracle', 'PostgreSQL', 'SQL']"
JOB05681,Power BI Developer,"['DAX', 'Excel', 'Power BI', 'Power Query', 'SQL']"
JOB05682,Business Analyst,"['Business Analysis', 'Excel', 'Power BI', 'Requirements Gathering', 'SQL']"
JOB05683,Product Analyst,"['Excel', 'Product Analytics', 'Python', 'SQL']"
JOB05684,Marketing Analyst,"['Excel', 'Marketing Analytics', 'Power BI', 'Python', 'SQL']"
JOB05685,SQL Developer,"['Database', 'ETL', 'MySQL', 'PostgreSQL', 'SQL']"
JOB05686,Power BI Developer,"['DAX', 'Excel', 'Power BI', 'Power Query', 'SQL']"
JOB05687,Data Engineer,"['AWS', 'ETL', 'Python', 'SQL', 'Spark']"
JOB05688,Data Engineer,"['AWS', 'ETL', 'Python', 'SQL', 'Spark']"
JOB05689,Software Engineer,"['Git', 'Java', 'Python', 'REST API', 'SQL']"
JOB05690,Financial Analyst,"['Excel', 'Financial Modeling', 'Power BI', 'SQL', 'Statistics']"
JOB05691,Data Analyst,"['Excel', 'Power BI', 'Python', 'SQL', 'Tableau']"
JOB05692,Business Analyst,"['Business Analysis', 'Excel', 'Power BI', 'Requirements Gathering', 'SQL']"
JOB05693,Web Developer,"['CSS', 'Git', 'HTML', 'Java', 'JavaScript', 'Machine Learning', 'React']"
JOB05694,DevOps Engineer,"['AWS', 'Docker', 'Jenkins', 'Kubernetes', 'Linux']"
JOB05695,HR Analyst,"['Data Analysis', 'Excel', 'HR Analytics', 'Power BI', 'SQL']"
JOB05696,HR Analyst,"['Data Analysis', 'Excel', 'HR Analytics', 'Power BI', 'SQL']"
JOB05697,QA Engineer,"['Automation Testing', 'Java', 'Oracle', 'Python', 'SQL', 'Selenium']"
JOB05698,SQL Developer,"['Database', 'ETL', 'MySQL', 'PostgreSQL', 'SQL']"
JOB05699,Business Analyst,"['Business Analysis', 'Excel', 'Power BI', 'Requirements Gathering', 'SQL']"
JOB05700,Database Administrator,"['Database', 'Database Administration', 'MySQL', 'Oracle', 'PostgreSQL', 'SQL']"
JOB05701,Machine Learning Engineer,"['Docker', 'Machine Learning', 'Python', 'Scikit-learn', 'TensorFlow']"
JOB05702,QA Engineer,"['Automation Testing', 'Java', 'Python', 'SQL', 'Selenium']"
JOB05703,Data Engineer,"['AWS', 'ETL', 'Python', 'SQL', 'Spark']"
JOB05704,HR Analyst,"['Data Analysis', 'Excel', 'HR Analytics', 'Power BI', 'SQL']"
JOB05705,Database Administrator,"['Database', 'Database Administration', 'MySQL', 'Oracle', 'PostgreSQL', 'SQL']"
JOB05706,QA Engineer,"['Automation Testing', 'Java', 'Python', 'SQL', 'Selenium']"
JOB05707,Cloud Engineer,"['AWS', 'Azure', 'Cloud Computing', 'Docker', 'Linux']"
JOB05708,Machine Learning Engineer,"['Docker', 'Machine Learning', 'Python', 'Scikit-learn', 'TensorFlow']"
JOB05709,Web Developer,"['CSS', 'Git', 'HTML', 'Java', 'JavaScript', 'Machine Learning', 'React']"
JOB05710,Machine Learning Engineer,"['Docker', 'Machine Learning', 'Python', 'Scikit-learn', 'TensorFlow']"
JOB05711,Financial Analyst,"['Excel', 'Financial Modeling', 'Power BI', 'SQL', 'Statistics']"
JOB05712,Cloud Engineer,"['AWS', 'Azure', 'Cloud Computing', 'Docker', 'Linux']"
JOB05713,BI Analyst,"['DAX', 'Data Visualization', 'Excel', 'Power BI', 'SQL']"
JOB05714,DevOps Engineer,"['AWS', 'Docker', 'Jenkins', 'Kubernetes', 'Linux']"
JOB05715,Marketing Analyst,"['Excel', 'Marketing Analytics', 'Power BI', 'Python', 'SQL']"
JOB05716,Software Engineer,"['Git', 'Java', 'Python', 'REST API', 'SQL']"
JOB05717,QA Engineer,"['Automation Testing', 'Java', 'Python', 'SQL', 'Selenium']"
JOB05718,Data Engineer,"['AWS', 'ETL', 'Python', 'SQL', 'Spark']"
JOB05719,Marketing Analyst,"['Excel', 'Marketing Analytics', 'Power BI', 'Python', 'SQL']"
JOB05720,Data Scientist,"['Machine Learning', 'Pandas', 'Python', 'SQL', 'Statistics']"
JOB05721,Data Engineer,"['AWS', 'ETL', 'Oracle', 'Python', 'SQL', 'Spark']"
JOB05722,Data Analyst,"['Excel', 'Power BI', 'Python', 'SQL', 'Tableau']"
JOB05723,Python Developer,"['Django', 'Flask', 'Git', 'Python', 'SQL']"
JOB05724,Machine Learning Engineer,"['Docker', 'Machine Learning', 'Python', 'Scikit-learn', 'TensorFlow']"
JOB05725,Financial Analyst,"['Excel', 'Financial Modeling', 'Power BI', 'SQL', 'Statistics']"
JOB05726,Machine Learning Engineer,"['Docker', 'Machine Learning', 'Python', 'Scikit-learn', 'TensorFlow']"
JOB05727,DevOps Engineer,"['AWS', 'Docker', 'Jenkins', 'Kubernetes', 'Linux']"
JOB05728,SQL Developer,"['Database', 'ETL', 'MySQL', 'PostgreSQL', 'SQL']"
JOB05729,Software Engineer,"['Git', 'Java', 'Python', 'REST API', 'SQL']"
JOB05730,DevOps Engineer,"['AWS', 'Docker', 'Jenkins', 'Kubernetes', 'Linux']"
JOB05731,Database Administrator,"['Database', 'Database Administration', 'MySQL', 'Oracle', 'PostgreSQL', 'SQL']"
JOB05732,Data Engineer,"['AWS', 'ETL', 'Python', 'SQL', 'Spark']"
JOB05733,Business Analyst,"['Business Analysis', 'Excel', 'Power BI', 'Requirements Gathering', 'SQL']"
JOB05734,Database Administrator,"['Database', 'Database Administration', 'MySQL', 'Oracle', 'PostgreSQL', 'SQL']"
JOB05735,Data Analyst,"['Excel', 'Power BI', 'Python', 'SQL', 'Tableau']"
JOB05736,Business Analyst,"['Business Analysis', 'Excel', 'Power BI', 'Requirements Gathering', 'SQL']"
JOB05737,Data Analyst,"['Excel', 'Power BI', 'Python', 'SQL', 'Tableau']"
JOB05738,Data Engineer,"['AWS', 'ETL', 'Python', 'SQL', 'Spark']"
JOB05739,Marketing Analyst,"['Excel', 'Marketing Analytics', 'Power BI', 'Python', 'SQL']"
JOB05740,Web Developer,"['CSS', 'Git', 'HTML', 'Java', 'JavaScript', 'Machine Learning', 'React']"
JOB05741,Web Developer,"['CSS', 'Git', 'HTML', 'Java', 'JavaScript', 'Machine Learning', 'React']"
JOB05742,Database Administrator,"['Database', 'Database Administration', 'MySQL', 'Oracle', 'PostgreSQL', 'SQL']"
JOB05743,HR Analyst,"['Data Analysis', 'Excel', 'HR Analytics', 'Power BI', 'SQL']"
JOB05744,BI Analyst,"['DAX', 'Data Visualization', 'Excel', 'Power BI', 'SQL']"
JOB05745,Cloud Engineer,"['AWS', 'Azure', 'Cloud Computing', 'Docker', 'Linux']"
JOB05746,Python Developer,"['Django', 'Flask', 'Git', 'Python', 'SQL']"
JOB05747,Database Administrator,"['Database', 'Database Administration', 'MySQL', 'Oracle', 'PostgreSQL', 'SQL']"
JOB05748,Data Scientist,"['Machine Learning', 'Pandas', 'Python', 'SQL', 'Statistics']"
JOB05749,Data Scientist,"['Machine Learning', 'Pandas', 'Python', 'SQL', 'Statistics']"
JOB05750,SQL Developer,"['Cloud Computing', 'Database', 'ETL', 'MySQL', 'PostgreSQL', 'SQL']"
JOB05751,Database Administrator,"['Database', 'Database Administration', 'MySQL', 'Oracle', 'PostgreSQL', 'SQL']"
JOB05752,Data Engineer,"['AWS', 'ETL', 'Python', 'SQL', 'Spark']"
JOB05753,Cloud Engineer,"['AWS', 'Azure', 'Cloud Computing', 'Docker', 'Linux']"
JOB05754,Software Engineer,"['Git', 'Java', 'Python', 'REST API', 'SQL']"
JOB05755,Data Analyst,"['Excel', 'Power BI', 'Python', 'SQL', 'Tableau']"
JOB05756,Data Scientist,"['Machine Learning', 'Pandas', 'Python', 'SQL', 'Statistics']"
JOB05757,Web Developer,"['CSS', 'Git', 'HTML', 'Java', 'JavaScript', 'Machine Learning', 'React']"
JOB05758,Marketing Analyst,"['Excel', 'Marketing Analytics', 'Power BI', 'Python', 'SQL']"
JOB05759,Marketing Analyst,"['Excel', 'Marketing Analytics', 'Power BI', 'Python', 'SQL']"
JOB05760,Product Analyst,"['Excel', 'Product Analytics', 'Python', 'SQL']"
JOB05761,Database Administrator,"['Database', 'Database Administration', 'MySQL', 'Oracle', 'PostgreSQL', 'SQL']"
JOB05762,Web Developer,"['CSS', 'Git', 'HTML', 'Java', 'JavaScript', 'Machine Learning', 'React']"
JOB05763,Python Developer,"['Django', 'Flask', 'Git', 'Python', 'SQL']"
JOB05764,QA Engineer,"['Automation Testing', 'Java', 'Python', 'SQL', 'Selenium']"
JOB05765,Data Engineer,"['AWS', 'ETL', 'Python', 'SQL', 'Spark']"
JOB05766,Software Engineer,"['Git', 'Java', 'Python', 'REST API', 'SQL']"
JOB05767,HR Analyst,"['Data Analysis', 'Excel', 'HR Analytics', 'Power BI', 'SQL']"
JOB05768,Full Stack Developer,"['CSS', 'Cloud Computing', 'HTML', 'Java', 'JavaScript', 'Machine Learning', 'Node', 'React']"
JOB05769,Data Analyst,"['Excel', 'Power BI', 'Python', 'SQL', 'Tableau']"
JOB05770,BI Analyst,"['DAX', 'Data Visualization', 'Excel', 'Power BI', 'SQL']"
JOB05771,BI Analyst,"['DAX', 'Data Visualization', 'Excel', 'Oracle', 'Power BI', 'SQL']"
JOB05772,DevOps Engineer,"['AWS', 'Docker', 'Jenkins', 'Kubernetes', 'Linux']"
JOB05773,DevOps Engineer,"['AWS', 'Docker', 'Jenkins', 'Kubernetes', 'Linux']"
JOB05774,Software Engineer,"['Git', 'Java', 'Python', 'REST API', 'SQL']"
JOB05775,Data Analyst,"['Excel', 'Oracle', 'Power BI', 'Python', 'SQL', 'Tableau']"
JOB05776,Machine Learning Engineer,"['Docker', 'Machine Learning', 'Python', 'Scikit-learn', 'TensorFlow']"
JOB05777,Cloud Engineer,"['AWS', 'Azure', 'Cloud Computing', 'Docker', 'Linux']"
JOB05778,Marketing Analyst,"['Excel', 'Marketing Analytics', 'Power BI', 'Python', 'SQL']"
JOB05779,BI Analyst,"['DAX', 'Data Visualization', 'Excel', 'Power BI', 'SQL']"
JOB05780,QA Engineer,"['Automation Testing', 'Java', 'Python', 'SQL', 'Selenium']"
JOB05781,Full Stack Developer,"['CSS', 'HTML', 'Java', 'JavaScript', 'Machine Learning', 'Node', 'React']"
JOB05782,Full Stack Developer,"['CSS', 'HTML', 'Java', 'JavaScript', 'Machine Learning', 'Node', 'React']"
JOB05783,Software Engineer,"['Git', 'Java', 'Python', 'REST API', 'SQL']"
JOB05784,Database Administrator,"['Database', 'Database Administration', 'MySQL', 'Oracle', 'PostgreSQL', 'SQL']"
JOB05785,Database Administrator,"['Database', 'Database Administration', 'MySQL', 'Oracle', 'PostgreSQL', 'SQL']"
JOB05786,Marketing Analyst,"['Excel', 'Marketing Analytics', 'Power BI', 'Python', 'SQL']"
JOB05787,Data Engineer,"['AWS', 'ETL', 'Python', 'SQL', 'Spark']"
JOB05788,QA Engineer,"['Automation Testing', 'Java', 'Python', 'SQL', 'Selenium']"
JOB05789,Cloud Engineer,"['AWS', 'Azure', 'Cloud Computing', 'Docker', 'Linux']"
JOB05790,Data Analyst,"['Excel', 'Power BI', 'Python', 'SQL', 'Tableau']"
JOB05791,Data Engineer,"['AWS', 'ETL', 'Python', 'SQL', 'Spark']"
JOB05792,Financial Analyst,"['Excel', 'Financial Modeling', 'Power BI', 'SQL', 'Statistics']"
JOB05793,Data Scientist,"['Machine Learning', 'Pandas', 'Python', 'SQL', 'Statistics']"
JOB05794,Web Developer,"['CSS', 'Git', 'HTML', 'Java', 'JavaScript', 'Machine Learning', 'React']"
JOB05795,Product Analyst,"['Excel', 'Product Analytics', 'Python', 'SQL']"
JOB05796,SQL Developer,"['Database', 'ETL', 'MySQL', 'PostgreSQL', 'SQL']"
JOB05797,Full Stack Developer,"['CSS', 'HTML', 'Java', 'JavaScript', 'Machine Learning', 'Node', 'React']"
JOB05798,HR Analyst,"['Data Analysis', 'Excel', 'HR Analytics', 'Power BI', 'SQL']"
JOB05799,Business Analyst,"['Business Analysis', 'Excel', 'Power BI', 'Requirements Gathering', 'SQL']"
JOB05800,Machine Learning Engineer,"['Docker', 'Machine Learning', 'Python', 'Scikit-learn', 'TensorFlow']"
JOB05801,SQL Developer,"['Database', 'ETL', 'MySQL', 'PostgreSQL', 'SQL']"
JOB05802,Python Developer,"['Django', 'Flask', 'Git', 'Python', 'SQL']"
JOB05803,BI Analyst,"['DAX', 'Data Visualization', 'Excel', 'Power BI', 'SQL']"
JOB05804,Power BI Developer,"['DAX', 'Excel', 'Power BI', 'Power Query', 'SQL']"
JOB05805,Web Developer,"['CSS', 'Git', 'HTML', 'Java', 'JavaScript', 'Machine Learning', 'React']"
JOB05806,Data Scientist,"['Machine Learning', 'Pandas', 'Python', 'SQL', 'Statistics']"
JOB05807,HR Analyst,"['Data Analysis', 'Excel', 'HR Analytics', 'Power BI', 'SQL']"
JOB05808,Data Scientist,"['Machine Learning', 'Pandas', 'Python', 'SQL', 'Statistics']"
JOB05809,QA Engineer,"['Automation Testing', 'Java', 'Python', 'SQL', 'Selenium']"
JOB05810,Python Developer,"['Django', 'Flask', 'Git', 'Python', 'SQL']"
JOB05811,HR Analyst,"['Data Analysis', 'Excel', 'HR Analytics', 'Power BI', 'SQL']"
JOB05812,SQL Developer,"['Database', 'ETL', 'MySQL', 'PostgreSQL', 'SQL']"
JOB05813,HR Analyst,"['Data Analysis', 'Excel', 'HR Analytics', 'Power BI', 'SQL']"
JOB05814,Business Analyst,"['Business Analysis', 'Excel', 'Power BI', 'Requirements Gathering', 'SQL']"
JOB05815,Python Developer,"['Django', 'Flask', 'Git', 'Python', 'SQL']"
JOB05816,Power BI Developer,"['DAX', 'Excel', 'Power BI', 'Power Query', 'SQL']"
JOB05817,Machine Learning Engineer,"['Docker', 'Machine Learning', 'Python', 'Scikit-learn', 'TensorFlow']"
JOB05818,Data Analyst,"['Excel', 'Power BI', 'Python', 'SQL', 'Tableau']"
JOB05819,Marketing Analyst,"['Excel', 'Marketing Analytics', 'Oracle', 'Power BI', 'Python', 'SQL']"
JOB05820,Financial Analyst,"['Excel', 'Financial Modeling', 'Power BI', 'SQL', 'Statistics']"
JOB05821,Full Stack Developer,"['CSS', 'HTML', 'Java', 'JavaScript', 'Machine Learning', 'Node', 'React']"
JOB05822,HR Analyst,"['Data Analysis', 'Excel', 'HR Analytics', 'Power BI', 'SQL']"
JOB05823,SQL Developer,"['Database', 'ETL', 'MySQL', 'PostgreSQL', 'SQL']"
JOB05824,BI Analyst,"['DAX', 'Data Visualization', 'Excel', 'Power BI', 'SQL']"
JOB05825,Software Engineer,"['Git', 'Java', 'Python', 'REST API', 'SQL']"
JOB05826,SQL Developer,"['Cloud Computing', 'Database', 'ETL', 'MySQL', 'PostgreSQL', 'SQL']"
JOB05827,Cloud Engineer,"['AWS', 'Azure', 'Cloud Computing', 'Docker', 'Linux']"
JOB05828,Data Engineer,"['AWS', 'Cloud Computing', 'ETL', 'Python', 'SQL', 'Spark']"
JOB05829,Power BI Developer,"['DAX', 'Excel', 'Power BI', 'Power Query', 'SQL']"
JOB05830,Financial Analyst,"['Excel', 'Financial Modeling', 'Power BI', 'SQL', 'Statistics']"
JOB05831,Web Developer,"['CSS', 'Git', 'HTML', 'Java', 'JavaScript', 'Machine Learning', 'React']"
JOB05832,SQL Developer,"['Database', 'ETL', 'MySQL', 'PostgreSQL', 'SQL']"
JOB05833,BI Analyst,"['DAX', 'Data Visualization', 'Excel', 'Power BI', 'SQL']"
JOB05834,Database Administrator,"['Database', 'Database Administration', 'MySQL', 'Oracle', 'PostgreSQL', 'SQL']"
JOB05835,Python Developer,"['Django', 'Flask', 'Git', 'Python', 'SQL']"
JOB05836,Cloud Engineer,"['AWS', 'Azure', 'Cloud Computing', 'Docker', 'Linux']"
JOB05837,Full Stack Developer,"['CSS', 'HTML', 'Java', 'JavaScript', 'Machine Learning', 'Node', 'React']"
JOB05838,Python Developer,"['Django', 'Flask', 'Git', 'Python', 'SQL']"
JOB05839,QA Engineer,"['Automation Testing', 'Java', 'Python', 'SQL', 'Selenium']"
JOB05840,SQL Developer,"['Database', 'ETL', 'MySQL', 'PostgreSQL', 'SQL']"
JOB05841,Business Analyst,"['Business Analysis', 'Excel', 'Power BI', 'Requirements Gathering', 'SQL']"
JOB05842,Marketing Analyst,"['Excel', 'Marketing Analytics', 'Power BI', 'Python', 'SQL']"
JOB05843,BI Analyst,"['DAX', 'Data Visualization', 'Excel', 'Power BI', 'SQL']"
JOB05844,BI Analyst,"['DAX', 'Data Visualization', 'Excel', 'Power BI', 'SQL']"
JOB05845,HR Analyst,"['Data Analysis', 'Excel', 'HR Analytics', 'Power BI', 'SQL']"
JOB05846,Financial Analyst,"['Cloud Computing', 'Excel', 'Financial Modeling', 'Power BI', 'SQL', 'Statistics']"
JOB05847,Database Administrator,"['Database', 'Database Administration', 'MySQL', 'Oracle', 'PostgreSQL', 'SQL']"
JOB05848,Software Engineer,"['Git', 'Java', 'Python', 'REST API', 'SQL']"
JOB05849,Power BI Developer,"['DAX', 'Excel', 'Power BI', 'Power Query', 'SQL']"
JOB05850,Python Developer,"['Cloud Computing', 'Django', 'Flask', 'Git', 'Python', 'SQL']"
JOB05851,Financial Analyst,"['Excel', 'Financial Modeling', 'Oracle', 'Power BI', 'SQL', 'Statistics']"
JOB05852,Python Developer,"['Django', 'Flask', 'Git', 'Python', 'SQL']"
JOB05853,Data Engineer,"['AWS', 'ETL', 'Python', 'SQL', 'Spark']"
JOB05854,BI Analyst,"['DAX', 'Data Visualization', 'Excel', 'Power BI', 'SQL']"
JOB05855,Data Analyst,"['Excel', 'Power BI', 'Python', 'SQL', 'Tableau']"
JOB05856,Full Stack Developer,"['CSS', 'HTML', 'Java', 'JavaScript', 'Machine Learning', 'Node', 'React']"
JOB05857,Marketing Analyst,"['Excel', 'Marketing Analytics', 'Power BI', 'Python', 'SQL']"
JOB05858,DevOps Engineer,"['AWS', 'Docker', 'Jenkins', 'Kubernetes', 'Linux', 'Oracle']"
JOB05859,Cloud Engineer,"['AWS', 'Azure', 'Cloud Computing', 'Docker', 'Linux']"
JOB05860,Marketing Analyst,"['Excel', 'Marketing Analytics', 'Power BI', 'Python', 'SQL']"
JOB05861,Marketing Analyst,"['Excel', 'Marketing Analytics', 'Power BI', 'Python', 'SQL']"
JOB05862,BI Analyst,"['DAX', 'Data Visualization', 'Excel', 'Power BI', 'SQL']"
JOB05863,Database Administrator,"['Database', 'Database Administration', 'MySQL', 'Oracle', 'PostgreSQL', 'SQL']"
JOB05864,Cloud Engineer,"['AWS', 'Azure', 'Cloud Computing', 'Docker', 'Linux']"
JOB05865,Power BI Developer,"['DAX', 'Excel', 'Power BI', 'Power Query', 'SQL']"
JOB05866,Web Developer,"['CSS', 'Git', 'HTML', 'Java', 'JavaScript', 'Machine Learning', 'React']"
JOB05867,Web Developer,"['CSS', 'Git', 'HTML', 'Java', 'JavaScript', 'Machine Learning', 'React']"
JOB05868,Python Developer,"['Django', 'Flask', 'Git', 'Python', 'SQL']"
JOB05869,SQL Developer,"['Database', 'ETL', 'MySQL', 'Oracle', 'PostgreSQL', 'SQL']"
JOB05870,Database Administrator,"['Database', 'Database Administration', 'MySQL', 'Oracle', 'PostgreSQL', 'SQL']"
JOB05871,Data Analyst,"['Excel', 'Power BI', 'Python', 'SQL', 'Tableau']"
JOB05872,QA Engineer,"['Automation Testing', 'Java', 'Python', 'SQL', 'Selenium']"
JOB05873,HR Analyst,"['Data Analysis', 'Excel', 'HR Analytics', 'Power BI', 'SQL']"
JOB05874,Full Stack Developer,"['CSS', 'HTML', 'Java', 'JavaScript', 'Machine Learning', 'Node', 'React']"
JOB05875,Power BI Developer,"['DAX', 'Excel', 'Power BI', 'Power Query', 'SQL']"
JOB05876,Marketing Analyst,"['Excel', 'Marketing Analytics', 'Power BI', 'Python', 'SQL']"
JOB05877,HR Analyst,"['Data Analysis', 'Excel', 'HR Analytics', 'Power BI', 'SQL']"
JOB05878,Full Stack Developer,"['CSS', 'HTML', 'Java', 'JavaScript', 'Machine Learning', 'Node', 'React']"
JOB05879,Financial Analyst,"['Excel', 'Financial Modeling', 'Power BI', 'SQL', 'Statistics']"
JOB05880,Python Developer,"['Cloud Computing', 'Django', 'Flask', 'Git', 'Python', 'SQL']"
JOB05881,HR Analyst,"['Data Analysis', 'Excel', 'HR Analytics', 'Power BI', 'SQL']"
JOB05882,Database Administrator,"['Database', 'Database Administration', 'MySQL', 'Oracle', 'PostgreSQL', 'SQL']"
JOB05883,Full Stack Developer,"['CSS', 'HTML', 'Java', 'JavaScript', 'Machine Learning', 'Node', 'React']"
JOB05884,Database Administrator,"['Database', 'Database Administration', 'MySQL', 'Oracle', 'PostgreSQL', 'SQL']"
JOB05885,Product Analyst,"['Excel', 'Product Analytics', 'Python', 'SQL']"
JOB05886,Cloud Engineer,"['AWS', 'Azure', 'Cloud Computing', 'Docker', 'Linux']"
JOB05887,Machine Learning Engineer,"['Docker', 'Machine Learning', 'Python', 'Scikit-learn', 'TensorFlow']"
JOB05888,Database Administrator,"['Database', 'Database Administration', 'MySQL', 'Oracle', 'PostgreSQL', 'SQL']"
JOB05889,Database Administrator,"['Database', 'Database Administration', 'MySQL', 'Oracle', 'PostgreSQL', 'SQL']"
JOB05890,Machine Learning Engineer,"['Docker', 'Machine Learning', 'Python', 'Scikit-learn', 'TensorFlow']"
JOB05891,Database Administrator,"['Database', 'Database Administration', 'MySQL', 'Oracle', 'PostgreSQL', 'SQL']"
JOB05892,Data Engineer,"['AWS', 'ETL', 'Python', 'SQL', 'Spark']"
JOB05893,Data Engineer,"['AWS', 'ETL', 'Python', 'SQL', 'Spark']"
JOB05894,Marketing Analyst,"['Excel', 'Marketing Analytics', 'Power BI', 'Python', 'SQL']"
JOB05895,Cloud Engineer,"['AWS', 'Azure', 'Cloud Computing', 'Docker', 'Linux']"
JOB05896,Python Developer,"['Django', 'Flask', 'Git', 'Python', 'SQL']"
JOB05897,Full Stack Developer,"['CSS', 'HTML', 'Java', 'JavaScript', 'Machine Learning', 'Node', 'React']"
JOB05898,Software Engineer,"['Git', 'Java', 'Python', 'REST API', 'SQL']"
JOB05899,Data Analyst,"['Excel', 'Power BI', 'Python', 'SQL', 'Tableau']"
JOB05900,Data Engineer,"['AWS', 'ETL', 'Oracle', 'Python', 'SQL', 'Spark']"
JOB05901,QA Engineer,"['Automation Testing', 'Java', 'Python', 'SQL', 'Selenium']"
JOB05902,Product Analyst,"['Cloud Computing', 'Excel', 'Product Analytics', 'Python', 'SQL']"
JOB05903,Marketing Analyst,"['Excel', 'Marketing Analytics', 'Power BI', 'Python', 'SQL']"
JOB05904,SQL Developer,"['Database', 'ETL', 'MySQL', 'PostgreSQL', 'SQL']"
JOB05905,Database Administrator,"['Database', 'Database Administration', 'MySQL', 'Oracle', 'PostgreSQL', 'SQL']"
JOB05906,Full Stack Developer,"['CSS', 'HTML', 'Java', 'JavaScript', 'Machine Learning', 'Node', 'React']"
JOB05907,SQL Developer,"['Database', 'ETL', 'MySQL', 'PostgreSQL', 'SQL']"
JOB05908,Software Engineer,"['Git', 'Java', 'Python', 'REST API', 'SQL']"
JOB05909,Data Analyst,"['Excel', 'Power BI', 'Python', 'SQL', 'Tableau']"
JOB05910,Machine Learning Engineer,"['Docker', 'Machine Learning', 'Python', 'Scikit-learn', 'TensorFlow']"
JOB05911,Financial Analyst,"['Excel', 'Financial Modeling', 'Power BI', 'SQL', 'Statistics']"
JOB05912,QA Engineer,"['Automation Testing', 'Java', 'Python', 'SQL', 'Selenium']"
JOB05913,Product Analyst,"['Excel', 'Product Analytics', 'Python', 'SQL']"
JOB05914,Data Engineer,"['AWS', 'ETL', 'Python', 'SQL', 'Spark']"
JOB05915,Data Engineer,"['AWS', 'ETL', 'Python', 'SQL', 'Spark']"
JOB05916,QA Engineer,"['Automation Testing', 'Java', 'Python', 'SQL', 'Selenium']"
JOB05917,Data Analyst,"['Excel', 'Power BI', 'Python', 'SQL', 'Tableau']"
JOB05918,DevOps Engineer,"['AWS', 'Docker', 'Jenkins', 'Kubernetes', 'Linux']"
JOB05919,Database Administrator,"['Database', 'Database Administration', 'MySQL', 'Oracle', 'PostgreSQL', 'SQL']"
JOB05920,BI Analyst,"['DAX', 'Data Visualization', 'Excel', 'Oracle', 'Power BI', 'SQL']"
JOB05921,Machine Learning Engineer,"['Docker', 'Machine Learning', 'Python', 'Scikit-learn', 'TensorFlow']"
JOB05922,DevOps Engineer,"['AWS', 'Docker', 'Jenkins', 'Kubernetes', 'Linux']"
JOB05923,Data Engineer,"['AWS', 'ETL', 'Python', 'SQL', 'Spark']"
JOB05924,Data Engineer,"['AWS', 'Cloud Computing', 'ETL', 'Python', 'SQL', 'Spark']"
JOB05925,Business Analyst,"['Business Analysis', 'Excel', 'Power BI', 'Requirements Gathering', 'SQL']"
JOB05926,Software Engineer,"['Git', 'Java', 'Oracle', 'Python', 'REST API', 'SQL']"
JOB05927,DevOps Engineer,"['AWS', 'Docker', 'Jenkins', 'Kubernetes', 'Linux']"
JOB05928,BI Analyst,"['DAX', 'Data Visualization', 'Excel', 'Power BI', 'SQL']"
JOB05929,Power BI Developer,"['DAX', 'Excel', 'Power BI', 'Power Query', 'SQL']"
JOB05930,Marketing Analyst,"['Excel', 'Marketing Analytics', 'Power BI', 'Python', 'SQL']"
JOB05931,Data Scientist,"['Machine Learning', 'Pandas', 'Python', 'SQL', 'Statistics']"
JOB05932,Power BI Developer,"['DAX', 'Excel', 'Power BI', 'Power Query', 'SQL']"
JOB05933,Cloud Engineer,"['AWS', 'Azure', 'Cloud Computing', 'Docker', 'Linux']"
JOB05934,Financial Analyst,"['Excel', 'Financial Modeling', 'Power BI', 'SQL', 'Statistics']"
JOB05935,Machine Learning Engineer,"['Docker', 'Machine Learning', 'Python', 'Scikit-learn', 'TensorFlow']"
JOB05936,Financial Analyst,"['Excel', 'Financial Modeling', 'Power BI', 'SQL', 'Statistics']"
JOB05937,Web Developer,"['CSS', 'Git', 'HTML', 'Java', 'JavaScript', 'Machine Learning', 'React']"
JOB05938,Python Developer,"['Django', 'Flask', 'Git', 'Python', 'SQL']"
JOB05939,Database Administrator,"['Database', 'Database Administration', 'MySQL', 'Oracle', 'PostgreSQL', 'SQL']"
JOB05940,Web Developer,"['CSS', 'Git', 'HTML', 'Java', 'JavaScript', 'Machine Learning', 'React']"
JOB05941,HR Analyst,"['Data Analysis', 'Excel', 'HR Analytics', 'Power BI', 'SQL']"
JOB05942,QA Engineer,"['Automation Testing', 'Java', 'Python', 'SQL', 'Selenium']"
JOB05943,BI Analyst,"['DAX', 'Data Visualization', 'Excel', 'Power BI', 'SQL']"
JOB05944,Web Developer,"['CSS', 'Git', 'HTML', 'Java', 'JavaScript', 'Machine Learning', 'React']"
JOB05945,Cloud Engineer,"['AWS', 'Azure', 'Cloud Computing', 'Docker', 'Linux']"
JOB05946,Data Engineer,"['AWS', 'ETL', 'Python', 'SQL', 'Spark']"
JOB05947,Data Engineer,"['AWS', 'ETL', 'Python', 'SQL', 'Spark']"
JOB05948,Full Stack Developer,"['CSS', 'HTML', 'Java', 'JavaScript', 'Machine Learning', 'Node', 'React']"
JOB05949,Web Developer,"['CSS', 'Git', 'HTML', 'Java', 'JavaScript', 'Machine Learning', 'React']"
JOB05950,Data Analyst,"['Excel', 'Power BI', 'Python', 'SQL', 'Tableau']"
JOB05951,Database Administrator,"['Database', 'Database Administration', 'MySQL', 'Oracle', 'PostgreSQL', 'SQL']"
JOB05952,DevOps Engineer,"['AWS', 'Docker', 'Jenkins', 'Kubernetes', 'Linux']"
JOB05953,Data Engineer,"['AWS', 'ETL', 'Python', 'SQL', 'Spark']"
JOB05954,BI Analyst,"['DAX', 'Data Visualization', 'Excel', 'Power BI', 'SQL']"
JOB05955,Software Engineer,"['Cloud Computing', 'Git', 'Java', 'Python', 'REST API', 'SQL']"
JOB05956,BI Analyst,"['Cloud Computing', 'DAX', 'Data Visualization', 'Excel', 'Power BI', 'SQL']"
JOB05957,BI Analyst,"['DAX', 'Data Visualization', 'Excel', 'Power BI', 'SQL']"
JOB05958,Product Analyst,"['Excel', 'Product Analytics', 'Python', 'SQL']"
JOB05959,Data Analyst,"['Excel', 'Power BI', 'Python', 'SQL', 'Tableau']"
JOB05960,SQL Developer,"['Database', 'ETL', 'MySQL', 'PostgreSQL', 'SQL']"
JOB05961,Web Developer,"['CSS', 'Git', 'HTML', 'Java', 'JavaScript', 'Machine Learning', 'React']"
JOB05962,Software Engineer,"['Git', 'Java', 'Python', 'REST API', 'SQL']"
JOB05963,Data Engineer,"['AWS', 'ETL', 'Python', 'SQL', 'Spark']"
JOB05964,Power BI Developer,"['DAX', 'Excel', 'Power BI', 'Power Query', 'SQL']"
JOB05965,Cloud Engineer,"['AWS', 'Azure', 'Cloud Computing', 'Docker', 'Linux']"
JOB05966,BI Analyst,"['DAX', 'Data Visualization', 'Excel', 'Oracle', 'Power BI', 'SQL']"
JOB05967,Database Administrator,"['Database', 'Database Administration', 'MySQL', 'Oracle', 'PostgreSQL', 'SQL']"
JOB05968,SQL Developer,"['Cloud Computing', 'Database', 'ETL', 'MySQL', 'PostgreSQL', 'SQL']"
JOB05969,HR Analyst,"['Data Analysis', 'Excel', 'HR Analytics', 'Power BI', 'SQL']"
JOB05970,Product Analyst,"['Excel', 'Product Analytics', 'Python', 'SQL']"
JOB05971,Machine Learning Engineer,"['Docker', 'Machine Learning', 'Python', 'Scikit-learn', 'TensorFlow']"
JOB05972,Python Developer,"['Django', 'Flask', 'Git', 'Python', 'SQL']"
JOB05973,Marketing Analyst,"['Excel', 'Marketing Analytics', 'Power BI', 'Python', 'SQL']"
JOB05974,Machine Learning Engineer,"['Docker', 'Machine Learning', 'Python', 'Scikit-learn', 'TensorFlow']"
JOB05975,BI Analyst,"['DAX', 'Data Visualization', 'Excel', 'Oracle', 'Power BI', 'SQL']"
JOB05976,Data Analyst,"['Excel', 'Power BI', 'Python', 'SQL', 'Tableau']"
JOB05977,Power BI Developer,"['DAX', 'Excel', 'Power BI', 'Power Query', 'SQL']"
JOB05978,Python Developer,"['Django', 'Flask', 'Git', 'Python', 'SQL']"
JOB05979,Machine Learning Engineer,"['Docker', 'Machine Learning', 'Python', 'Scikit-learn', 'TensorFlow']"
JOB05980,Business Analyst,"['Business Analysis', 'Excel', 'Power BI', 'Requirements Gathering', 'SQL']"
JOB05981,Database Administrator,"['Database', 'Database Administration', 'MySQL', 'Oracle', 'PostgreSQL', 'SQL']"
JOB05982,Power BI Developer,"['DAX', 'Excel', 'Power BI', 'Power Query', 'SQL']"
JOB05983,BI Analyst,"['DAX', 'Data Visualization', 'Excel', 'Power BI', 'SQL']"
JOB05984,Business Analyst,"['Business Analysis', 'Excel', 'Power BI', 'Requirements Gathering', 'SQL']"
JOB05985,Machine Learning Engineer,"['Docker', 'Machine Learning', 'Python', 'Scikit-learn', 'TensorFlow']"
JOB05986,Marketing Analyst,"['Excel', 'Marketing Analytics', 'Power BI', 'Python', 'SQL']"
JOB05987,Full Stack Developer,"['CSS', 'HTML', 'Java', 'JavaScript', 'Machine Learning', 'Node', 'React']"
JOB05988,Business Analyst,"['Business Analysis', 'Excel', 'Oracle', 'Power BI', 'Requirements Gathering', 'SQL']"
JOB05989,Marketing Analyst,"['Excel', 'Marketing Analytics', 'Power BI', 'Python', 'SQL']"
JOB05990,Python Developer,"['Django', 'Flask', 'Git', 'Python', 'SQL']"
JOB05991,Full Stack Developer,"['CSS', 'HTML', 'Java', 'JavaScript', 'Machine Learning', 'Node', 'React']"
JOB05992,Database Administrator,"['Database', 'Database Administration', 'MySQL', 'Oracle', 'PostgreSQL', 'SQL']"
JOB05993,Financial Analyst,"['Excel', 'Financial Modeling', 'Power BI', 'SQL', 'Statistics']"
JOB05994,DevOps Engineer,"['AWS', 'Docker', 'Jenkins', 'Kubernetes', 'Linux']"
JOB05995,QA Engineer,"['Automation Testing', 'Java', 'Python', 'SQL', 'Selenium']"
JOB05996,Full Stack Developer,"['CSS', 'HTML', 'Java', 'JavaScript', 'Machine Learning', 'Node', 'React']"
JOB05997,Data Analyst,"['Excel', 'Power BI', 'Python', 'SQL', 'Tableau']"
JOB05998,BI Analyst,"['DAX', 'Data Visualization', 'Excel', 'Power BI', 'SQL']"
JOB05999,SQL Developer,"['Database', 'ETL', 'MySQL', 'PostgreSQL', 'SQL']"
JOB06000,QA Engineer,"['Automation Testing', 'Java', 'Python', 'SQL', 'Selenium']"
JOB06001,BI Analyst,"['DAX', 'Data Visualization', 'Excel', 'Power BI', 'SQL']"
JOB06002,Data Scientist,"['Machine Learning', 'Pandas', 'Python', 'SQL', 'Statistics']"
JOB06003,Python Developer,"['Django', 'Flask', 'Git', 'Python', 'SQL']"
JOB06004,QA Engineer,"['Automation Testing', 'Java', 'Python', 'SQL', 'Selenium']"
JOB06005,Power BI Developer,"['DAX', 'Excel', 'Power BI', 'Power Query', 'SQL']"
JOB06006,Product Analyst,"['Excel', 'Product Analytics', 'Python', 'SQL']"
JOB06007,HR Analyst,"['Data Analysis', 'Excel', 'HR Analytics', 'Power BI', 'SQL']"
JOB06008,Business Analyst,"['Business Analysis', 'Excel', 'Power BI', 'Requirements Gathering', 'SQL']"
JOB06009,Full Stack Developer,"['CSS', 'HTML', 'Java', 'JavaScript', 'Machine Learning', 'Node', 'React']"
JOB06010,Python Developer,"['Django', 'Flask', 'Git', 'Python', 'SQL']"
JOB06011,Data Engineer,"['AWS', 'ETL', 'Python', 'SQL', 'Spark']"
JOB06012,Software Engineer,"['Git', 'Java', 'Python', 'REST API', 'SQL']"
JOB06013,Power BI Developer,"['DAX', 'Excel', 'Power BI', 'Power Query', 'SQL']"
JOB06014,SQL Developer,"['Database', 'ETL', 'MySQL', 'PostgreSQL', 'SQL']"
JOB06015,DevOps Engineer,"['AWS', 'Docker', 'Jenkins', 'Kubernetes', 'Linux']"
JOB06016,SQL Developer,"['Database', 'ETL', 'MySQL', 'PostgreSQL', 'SQL']"
JOB06017,Python Developer,"['Django', 'Flask', 'Git', 'Python', 'SQL']"
JOB06018,Power BI Developer,"['DAX', 'Excel', 'Power BI', 'Power Query', 'SQL']"
JOB06019,Machine Learning Engineer,"['Cloud Computing', 'Docker', 'Machine Learning', 'Python', 'Scikit-learn', 'TensorFlow']"
JOB06020,DevOps Engineer,"['AWS', 'Docker', 'Jenkins', 'Kubernetes', 'Linux']"
JOB06021,Data Scientist,"['Machine Learning', 'Pandas', 'Python', 'SQL', 'Statistics']"
JOB06022,Data Scientist,"['Machine Learning', 'Pandas', 'Python', 'SQL', 'Statistics']"
JOB06023,DevOps Engineer,"['AWS', 'Docker', 'Jenkins', 'Kubernetes', 'Linux']"
JOB06024,SQL Developer,"['Database', 'ETL', 'MySQL', 'PostgreSQL', 'SQL']"
JOB06025,Data Scientist,"['Machine Learning', 'Pandas', 'Python', 'SQL', 'Statistics']"
JOB06026,Machine Learning Engineer,"['Docker', 'Machine Learning', 'Python', 'Scikit-learn', 'TensorFlow']"
JOB06027,Data Scientist,"['Machine Learning', 'Pandas', 'Python', 'SQL', 'Statistics']"
JOB06028,Database Administrator,"['Database', 'Database Administration', 'MySQL', 'Oracle', 'PostgreSQL', 'SQL']"
JOB06029,Data Analyst,"['Cloud Computing', 'Excel', 'Power BI', 'Python', 'SQL', 'Tableau']"
JOB06030,Power BI Developer,"['DAX', 'Excel', 'Power BI', 'Power Query', 'SQL']"
JOB06031,Machine Learning Engineer,"['Docker', 'Machine Learning', 'Python', 'Scikit-learn', 'TensorFlow']"
JOB06032,DevOps Engineer,"['AWS', 'Cloud Computing', 'Docker', 'Jenkins', 'Kubernetes', 'Linux']"
JOB06033,Power BI Developer,"['DAX', 'Excel', 'Power BI', 'Power Query', 'SQL']"
JOB06034,Business Analyst,"['Business Analysis', 'Excel', 'Power BI', 'Requirements Gathering', 'SQL']"
JOB06035,Marketing Analyst,"['Excel', 'Marketing Analytics', 'Power BI', 'Python', 'SQL']"
JOB06036,Full Stack Developer,"['CSS', 'HTML', 'Java', 'JavaScript', 'Machine Learning', 'Node', 'React']"
JOB06037,Software Engineer,"['Cloud Computing', 'Git', 'Java', 'Python', 'REST API', 'SQL']"
JOB06038,SQL Developer,"['Database', 'ETL', 'MySQL', 'PostgreSQL', 'SQL']"
JOB06039,Business Analyst,"['Business Analysis', 'Excel', 'Power BI', 'Requirements Gathering', 'SQL']"
JOB06040,Financial Analyst,"['Excel', 'Financial Modeling', 'Power BI', 'SQL', 'Statistics']"
JOB06041,Web Developer,"['CSS', 'Git', 'HTML', 'Java', 'JavaScript', 'Machine Learning', 'React']"
JOB06042,Product Analyst,"['Excel', 'Product Analytics', 'Python', 'SQL']"
JOB06043,Product Analyst,"['Excel', 'Product Analytics', 'Python', 'SQL']"
JOB06044,Cloud Engineer,"['AWS', 'Azure', 'Cloud Computing', 'Docker', 'Linux']"
JOB06045,Web Developer,"['CSS', 'Git', 'HTML', 'Java', 'JavaScript', 'Machine Learning', 'React']"
JOB06046,Business Analyst,"['Business Analysis', 'Excel', 'Power BI', 'Requirements Gathering', 'SQL']"
JOB06047,Web Developer,"['CSS', 'Cloud Computing', 'Git', 'HTML', 'Java', 'JavaScript', 'Machine Learning', 'React']"
JOB06048,QA Engineer,"['Automation Testing', 'Java', 'Python', 'SQL', 'Selenium']"
JOB06049,Full Stack Developer,"['CSS', 'HTML', 'Java', 'JavaScript', 'Machine Learning', 'Node', 'React']"
JOB06050,Full Stack Developer,"['CSS', 'HTML', 'Java', 'JavaScript', 'Machine Learning', 'Node', 'React']"
JOB06051,Business Analyst,"['Business Analysis', 'Excel', 'Power BI', 'Requirements Gathering', 'SQL']"
JOB06052,Marketing Analyst,"['Excel', 'Marketing Analytics', 'Power BI', 'Python', 'SQL']"
JOB06053,Power BI Developer,"['DAX', 'Excel', 'Power BI', 'Power Query', 'SQL']"
JOB06054,Data Engineer,"['AWS', 'ETL', 'Python', 'SQL', 'Spark']"
JOB06055,Python Developer,"['Django', 'Flask', 'Git', 'Oracle', 'Python', 'SQL']"
JOB06056,Data Scientist,"['Machine Learning', 'Pandas', 'Python', 'SQL', 'Statistics']"
JOB06057,Product Analyst,"['Excel', 'Product Analytics', 'Python', 'SQL']"
JOB06058,Database Administrator,"['Database', 'Database Administration', 'MySQL', 'Oracle', 'PostgreSQL', 'SQL']"
JOB06059,Marketing Analyst,"['Excel', 'Marketing Analytics', 'Power BI', 'Python', 'SQL']"
JOB06060,Machine Learning Engineer,"['Docker', 'Machine Learning', 'Python', 'Scikit-learn', 'TensorFlow']"
JOB06061,SQL Developer,"['Database', 'ETL', 'MySQL', 'PostgreSQL', 'SQL']"
JOB06062,Cloud Engineer,"['AWS', 'Azure', 'Cloud Computing', 'Docker', 'Linux']"
JOB06063,Data Analyst,"['Excel', 'Power BI', 'Python', 'SQL', 'Tableau']"
JOB06064,Financial Analyst,"['Excel', 'Financial Modeling', 'Power BI', 'SQL', 'Statistics']"
JOB06065,Software Engineer,"['Git', 'Java', 'Python', 'REST API', 'SQL']"
JOB06066,Web Developer,"['CSS', 'Git', 'HTML', 'Java', 'JavaScript', 'Machine Learning', 'React']"
JOB06067,Financial Analyst,"['Excel', 'Financial Modeling', 'Power BI', 'SQL', 'Statistics']"
JOB06068,Financial Analyst,"['Excel', 'Financial Modeling', 'Power BI', 'SQL', 'Statistics']"
JOB06069,Marketing Analyst,"['Excel', 'Marketing Analytics', 'Power BI', 'Python', 'SQL']"
JOB06070,Database Administrator,"['Database', 'Database Administration', 'MySQL', 'Oracle', 'PostgreSQL', 'SQL']"
JOB06071,Data Analyst,"['Excel', 'Oracle', 'Power BI', 'Python', 'SQL', 'Tableau']"
JOB06072,Power BI Developer,"['DAX', 'Excel', 'Power BI', 'Power Query', 'SQL']"
JOB06073,Software Engineer,"['Git', 'Java', 'Python', 'REST API', 'SQL']"
JOB06074,Web Developer,"['CSS', 'Git', 'HTML', 'Java', 'JavaScript', 'Machine Learning', 'React']"
JOB06075,SQL Developer,"['Database', 'ETL', 'MySQL', 'PostgreSQL', 'SQL']"
JOB06076,Product Analyst,"['Excel', 'Product Analytics', 'Python', 'SQL']"
JOB06077,Machine Learning Engineer,"['Docker', 'Machine Learning', 'Python', 'Scikit-learn', 'TensorFlow']"
JOB06078,Marketing Analyst,"['Excel', 'Marketing Analytics', 'Power BI', 'Python', 'SQL']"
JOB06079,Machine Learning Engineer,"['Docker', 'Machine Learning', 'Python', 'Scikit-learn', 'TensorFlow']"
JOB06080,Product Analyst,"['Excel', 'Product Analytics', 'Python', 'SQL']"
JOB06081,Web Developer,"['CSS', 'Git', 'HTML', 'Java', 'JavaScript', 'Machine Learning', 'React']"
JOB06082,Cloud Engineer,"['AWS', 'Azure', 'Cloud Computing', 'Docker', 'Linux']"
JOB06083,DevOps Engineer,"['AWS', 'Docker', 'Jenkins', 'Kubernetes', 'Linux']"
JOB06084,BI Analyst,"['DAX', 'Data Visualization', 'Excel', 'Power BI', 'SQL']"
JOB06085,Product Analyst,"['Excel', 'Product Analytics', 'Python', 'SQL']"
JOB06086,QA Engineer,"['Automation Testing', 'Java', 'Python', 'SQL', 'Selenium']"
JOB06087,Financial Analyst,"['Excel', 'Financial Modeling', 'Oracle', 'Power BI', 'SQL', 'Statistics']"
JOB06088,BI Analyst,"['DAX', 'Data Visualization', 'Excel', 'Power BI', 'SQL']"
JOB06089,Database Administrator,"['Database', 'Database Administration', 'MySQL', 'Oracle', 'PostgreSQL', 'SQL']"
JOB06090,Data Engineer,"['AWS', 'ETL', 'Oracle', 'Python', 'SQL', 'Spark']"
JOB06091,QA Engineer,"['Automation Testing', 'Cloud Computing', 'Java', 'Python', 'SQL', 'Selenium']"
JOB06092,Database Administrator,"['Database', 'Database Administration', 'MySQL', 'Oracle', 'PostgreSQL', 'SQL']"
JOB06093,SQL Developer,"['Database', 'ETL', 'MySQL', 'PostgreSQL', 'SQL']"
JOB06094,HR Analyst,"['Data Analysis', 'Excel', 'HR Analytics', 'Power BI', 'SQL']"
JOB06095,Machine Learning Engineer,"['Docker', 'Machine Learning', 'Python', 'Scikit-learn', 'TensorFlow']"
JOB06096,Marketing Analyst,"['Excel', 'Marketing Analytics', 'Power BI', 'Python', 'SQL']"
JOB06097,Cloud Engineer,"['AWS', 'Azure', 'Cloud Computing', 'Docker', 'Linux']"
JOB06098,Financial Analyst,"['Excel', 'Financial Modeling', 'Power BI', 'SQL', 'Statistics']"
JOB06099,Software Engineer,"['Git', 'Java', 'Python', 'REST API', 'SQL']"
JOB06100,Power BI Developer,"['DAX', 'Excel', 'Power BI', 'Power Query', 'SQL']"
JOB06101,Business Analyst,"['Business Analysis', 'Excel', 'Power BI', 'Requirements Gathering', 'SQL']"
JOB06102,Database Administrator,"['Database', 'Database Administration', 'MySQL', 'Oracle', 'PostgreSQL', 'SQL']"
JOB06103,Cloud Engineer,"['AWS', 'Azure', 'Cloud Computing', 'Docker', 'Linux']"
JOB06104,HR Analyst,"['Data Analysis', 'Excel', 'HR Analytics', 'Power BI', 'SQL']"
JOB06105,BI Analyst,"['Cloud Computing', 'DAX', 'Data Visualization', 'Excel', 'Power BI', 'SQL']"
JOB06106,Cloud Engineer,"['AWS', 'Azure', 'Cloud Computing', 'Docker', 'Linux']"
JOB06107,Financial Analyst,"['Excel', 'Financial Modeling', 'Power BI', 'SQL', 'Statistics']"
JOB06108,Data Scientist,"['Machine Learning', 'Pandas', 'Python', 'SQL', 'Statistics']"
JOB06109,BI Analyst,"['DAX', 'Data Visualization', 'Excel', 'Power BI', 'SQL']"
JOB06110,Cloud Engineer,"['AWS', 'Azure', 'Cloud Computing', 'Docker', 'Linux']"
JOB06111,Data Analyst,"['Excel', 'Power BI', 'Python', 'SQL', 'Tableau']"
JOB06112,Cloud Engineer,"['AWS', 'Azure', 'Cloud Computing', 'Docker', 'Linux']"
JOB06113,DevOps Engineer,"['AWS', 'Docker', 'Jenkins', 'Kubernetes', 'Linux']"
JOB06114,Data Analyst,"['Excel', 'Power BI', 'Python', 'SQL', 'Tableau']"
JOB06115,Data Engineer,"['AWS', 'ETL', 'Python', 'SQL', 'Spark']"
JOB06116,Marketing Analyst,"['Excel', 'Marketing Analytics', 'Power BI', 'Python', 'SQL']"
JOB06117,Data Scientist,"['Machine Learning', 'Pandas', 'Python', 'SQL', 'Statistics']"
JOB06118,Python Developer,"['Django', 'Flask', 'Git', 'Python', 'SQL']"
JOB06119,Full Stack Developer,"['CSS', 'HTML', 'Java', 'JavaScript', 'Machine Learning', 'Node', 'React']"
JOB06120,Data Scientist,"['Machine Learning', 'Oracle', 'Pandas', 'Python', 'SQL', 'Statistics']"
JOB06121,Financial Analyst,"['Excel', 'Financial Modeling', 'Oracle', 'Power BI', 'SQL', 'Statistics']"
JOB06122,Web Developer,"['CSS', 'Git', 'HTML', 'Java', 'JavaScript', 'Machine Learning', 'React']"
JOB06123,Business Analyst,"['Business Analysis', 'Excel', 'Power BI', 'Requirements Gathering', 'SQL']"
JOB06124,DevOps Engineer,"['AWS', 'Docker', 'Jenkins', 'Kubernetes', 'Linux']"
JOB06125,Cloud Engineer,"['AWS', 'Azure', 'Cloud Computing', 'Docker', 'Linux']"
JOB06126,Data Scientist,"['Machine Learning', 'Pandas', 'Python', 'SQL', 'Statistics']"
JOB06127,Financial Analyst,"['Excel', 'Financial Modeling', 'Power BI', 'SQL', 'Statistics']"
JOB06128,QA Engineer,"['Automation Testing', 'Cloud Computing', 'Java', 'Python', 'SQL', 'Selenium']"
JOB06129,QA Engineer,"['Automation Testing', 'Java', 'Python', 'SQL', 'Selenium']"
JOB06130,QA Engineer,"['Automation Testing', 'Java', 'Python', 'SQL', 'Selenium']"
JOB06131,Financial Analyst,"['Excel', 'Financial Modeling', 'Power BI', 'SQL', 'Statistics']"
JOB06132,QA Engineer,"['Automation Testing', 'Java', 'Oracle', 'Python', 'SQL', 'Selenium']"
JOB06133,Cloud Engineer,"['AWS', 'Azure', 'Cloud Computing', 'Docker', 'Linux']"
JOB06134,Machine Learning Engineer,"['Docker', 'Machine Learning', 'Python', 'Scikit-learn', 'TensorFlow']"
JOB06135,Data Engineer,"['AWS', 'ETL', 'Python', 'SQL', 'Spark']"
JOB06136,QA Engineer,"['Automation Testing', 'Java', 'Python', 'SQL', 'Selenium']"
JOB06137,Software Engineer,"['Git', 'Java', 'Python', 'REST API', 'SQL']"
JOB06138,QA Engineer,"['Automation Testing', 'Java', 'Oracle', 'Python', 'SQL', 'Selenium']"
JOB06139,Database Administrator,"['Database', 'Database Administration', 'MySQL', 'Oracle', 'PostgreSQL', 'SQL']"
JOB06140,SQL Developer,"['Database', 'ETL', 'MySQL', 'PostgreSQL', 'SQL']"
JOB06141,Cloud Engineer,"['AWS', 'Azure', 'Cloud Computing', 'Docker', 'Linux']"
JOB06142,HR Analyst,"['Data Analysis', 'Excel', 'HR Analytics', 'Power BI', 'SQL']"
JOB06143,Data Scientist,"['Machine Learning', 'Pandas', 'Python', 'SQL', 'Statistics']"
JOB06144,HR Analyst,"['Data Analysis', 'Excel', 'HR Analytics', 'Power BI', 'SQL']"
JOB06145,Cloud Engineer,"['AWS', 'Azure', 'Cloud Computing', 'Docker', 'Linux']"
JOB06146,Power BI Developer,"['DAX', 'Excel', 'Power BI', 'Power Query', 'SQL']"
JOB06147,Database Administrator,"['Database', 'Database Administration', 'MySQL', 'Oracle', 'PostgreSQL', 'SQL']"
JOB06148,Python Developer,"['Django', 'Flask', 'Git', 'Oracle', 'Python', 'SQL']"
JOB06149,QA Engineer,"['Automation Testing', 'Java', 'Python', 'SQL', 'Selenium']"
JOB06150,Python Developer,"['Django', 'Flask', 'Git', 'Python', 'SQL']"
JOB06151,Full Stack Developer,"['CSS', 'HTML', 'Java', 'JavaScript', 'Machine Learning', 'Node', 'React']"
JOB06152,Cloud Engineer,"['AWS', 'Azure', 'Cloud Computing', 'Docker', 'Linux']"
JOB06153,Business Analyst,"['Business Analysis', 'Excel', 'Power BI', 'Requirements Gathering', 'SQL']"
JOB06154,Web Developer,"['CSS', 'Git', 'HTML', 'Java', 'JavaScript', 'Machine Learning', 'Oracle', 'React']"
JOB06155,Financial Analyst,"['Excel', 'Financial Modeling', 'Power BI', 'SQL', 'Statistics']"
JOB06156,Power BI Developer,"['DAX', 'Excel', 'Power BI', 'Power Query', 'SQL']"
JOB06157,Python Developer,"['Django', 'Flask', 'Git', 'Python', 'SQL']"
JOB06158,Full Stack Developer,"['CSS', 'Cloud Computing', 'HTML', 'Java', 'JavaScript', 'Machine Learning', 'Node', 'React']"
JOB06159,Financial Analyst,"['Excel', 'Financial Modeling', 'Power BI', 'SQL', 'Statistics']"
JOB06160,Data Analyst,"['Excel', 'Power BI', 'Python', 'SQL', 'Tableau']"
JOB06161,Software Engineer,"['Git', 'Java', 'Python', 'REST API', 'SQL']"
JOB06162,QA Engineer,"['Automation Testing', 'Java', 'Python', 'SQL', 'Selenium']"
JOB06163,Data Scientist,"['Machine Learning', 'Pandas', 'Python', 'SQL', 'Statistics']"
JOB06164,Machine Learning Engineer,"['Docker', 'Machine Learning', 'Python', 'Scikit-learn', 'TensorFlow']"
JOB06165,Data Scientist,"['Machine Learning', 'Pandas', 'Python', 'SQL', 'Statistics']"
JOB06166,Cloud Engineer,"['AWS', 'Azure', 'Cloud Computing', 'Docker', 'Linux']"
JOB06167,Software Engineer,"['Git', 'Java', 'Python', 'REST API', 'SQL']"
JOB06168,Data Engineer,"['AWS', 'ETL', 'Python', 'SQL', 'Spark']"
JOB06169,SQL Developer,"['Database', 'ETL', 'MySQL', 'PostgreSQL', 'SQL']"
JOB06170,Python Developer,"['Django', 'Flask', 'Git', 'Python', 'SQL']"
JOB06171,Web Developer,"['CSS', 'Git', 'HTML', 'Java', 'JavaScript', 'Machine Learning', 'React']"
JOB06172,Data Analyst,"['Excel', 'Power BI', 'Python', 'SQL', 'Tableau']"
JOB06173,HR Analyst,"['Data Analysis', 'Excel', 'HR Analytics', 'Power BI', 'SQL']"
JOB06174,Database Administrator,"['Database', 'Database Administration', 'MySQL', 'Oracle', 'PostgreSQL', 'SQL']"
JOB06175,Cloud Engineer,"['AWS', 'Azure', 'Cloud Computing', 'Docker', 'Linux']"
JOB06176,Product Analyst,"['Excel', 'Product Analytics', 'Python', 'SQL']"
JOB06177,Full Stack Developer,"['CSS', 'Cloud Computing', 'HTML', 'Java', 'JavaScript', 'Machine Learning', 'Node', 'React']"
JOB06178,Marketing Analyst,"['Excel', 'Marketing Analytics', 'Oracle', 'Power BI', 'Python', 'SQL']"
JOB06179,Business Analyst,"['Business Analysis', 'Excel', 'Power BI', 'Requirements Gathering', 'SQL']"
JOB06180,Full Stack Developer,"['CSS', 'HTML', 'Java', 'JavaScript', 'Machine Learning', 'Node', 'React']"
JOB06181,Financial Analyst,"['Excel', 'Financial Modeling', 'Power BI', 'SQL', 'Statistics']"
JOB06182,Data Analyst,"['Excel', 'Power BI', 'Python', 'SQL', 'Tableau']"
JOB06183,Software Engineer,"['Git', 'Java', 'Python', 'REST API', 'SQL']"
JOB06184,Python Developer,"['Django', 'Flask', 'Git', 'Python', 'SQL']"
JOB06185,Web Developer,"['CSS', 'Git', 'HTML', 'Java', 'JavaScript', 'Machine Learning', 'React']"
JOB06186,Data Scientist,"['Cloud Computing', 'Machine Learning', 'Pandas', 'Python', 'SQL', 'Statistics']"
JOB06187,BI Analyst,"['DAX', 'Data Visualization', 'Excel', 'Power BI', 'SQL']"
JOB06188,Business Analyst,"['Business Analysis', 'Cloud Computing', 'Excel', 'Power BI', 'Requirements Gathering', 'SQL']"
JOB06189,BI Analyst,"['DAX', 'Data Visualization', 'Excel', 'Power BI', 'SQL']"
JOB06190,HR Analyst,"['Data Analysis', 'Excel', 'HR Analytics', 'Power BI', 'SQL']"
JOB06191,Data Scientist,"['Machine Learning', 'Pandas', 'Python', 'SQL', 'Statistics']"
JOB06192,Data Scientist,"['Machine Learning', 'Pandas', 'Python', 'SQL', 'Statistics']"
JOB06193,Data Engineer,"['AWS', 'Cloud Computing', 'ETL', 'Python', 'SQL', 'Spark']"
JOB06194,Power BI Developer,"['DAX', 'Excel', 'Power BI', 'Power Query', 'SQL']"
JOB06195,Product Analyst,"['Excel', 'Product Analytics', 'Python', 'SQL']"
JOB06196,Business Analyst,"['Business Analysis', 'Excel', 'Power BI', 'Requirements Gathering', 'SQL']"
JOB06197,Data Scientist,"['Machine Learning', 'Pandas', 'Python', 'SQL', 'Statistics']"
JOB06198,Financial Analyst,"['Excel', 'Financial Modeling', 'Power BI', 'SQL', 'Statistics']"
JOB06199,Full Stack Developer,"['CSS', 'HTML', 'Java', 'JavaScript', 'Machine Learning', 'Node', 'React']"
JOB06200,Power BI Developer,"['DAX', 'Excel', 'Power BI', 'Power Query', 'SQL']"
JOB06201,Python Developer,"['Django', 'Flask', 'Git', 'Python', 'SQL']"
JOB06202,Marketing Analyst,"['Excel', 'Marketing Analytics', 'Power BI', 'Python', 'SQL']"
JOB06203,Machine Learning Engineer,"['Docker', 'Machine Learning', 'Python', 'Scikit-learn', 'TensorFlow']"
JOB06204,Product Analyst,"['Excel', 'Product Analytics', 'Python', 'SQL']"
JOB06205,Data Scientist,"['Machine Learning', 'Pandas', 'Python', 'SQL', 'Statistics']"
JOB06206,Power BI Developer,"['DAX', 'Excel', 'Oracle', 'Power BI', 'Power Query', 'SQL']"
JOB06207,Cloud Engineer,"['AWS', 'Azure', 'Cloud Computing', 'Docker', 'Linux']"
JOB06208,Software Engineer,"['Git', 'Java', 'Python', 'REST API', 'SQL']"
JOB06209,Business Analyst,"['Business Analysis', 'Cloud Computing', 'Excel', 'Power BI', 'Requirements Gathering', 'SQL']"
JOB06210,Python Developer,"['Django', 'Flask', 'Git', 'Python', 'SQL']"
JOB06211,Software Engineer,"['Git', 'Java', 'Python', 'REST API', 'SQL']"
JOB06212,Data Analyst,"['Excel', 'Power BI', 'Python', 'SQL', 'Tableau']"
JOB06213,Business Analyst,"['Business Analysis', 'Excel', 'Power BI', 'Requirements Gathering', 'SQL']"
JOB06214,QA Engineer,"['Automation Testing', 'Java', 'Oracle', 'Python', 'SQL', 'Selenium']"
JOB06215,Machine Learning Engineer,"['Docker', 'Machine Learning', 'Python', 'Scikit-learn', 'TensorFlow']"
JOB06216,Business Analyst,"['Business Analysis', 'Excel', 'Power BI', 'Requirements Gathering', 'SQL']"
JOB06217,BI Analyst,"['DAX', 'Data Visualization', 'Excel', 'Power BI', 'SQL']"
JOB06218,Product Analyst,"['Excel', 'Product Analytics', 'Python', 'SQL']"
JOB06219,Data Engineer,"['AWS', 'ETL', 'Python', 'SQL', 'Spark']"
JOB06220,Data Engineer,"['AWS', 'ETL', 'Oracle', 'Python', 'SQL', 'Spark']"
JOB06221,DevOps Engineer,"['AWS', 'Docker', 'Jenkins', 'Kubernetes', 'Linux']"
JOB06222,Machine Learning Engineer,"['Docker', 'Machine Learning', 'Python', 'Scikit-learn', 'TensorFlow']"
JOB06223,Product Analyst,"['Excel', 'Product Analytics', 'Python', 'SQL']"
JOB06224,Marketing Analyst,"['Excel', 'Marketing Analytics', 'Power BI', 'Python', 'SQL']"
JOB06225,DevOps Engineer,"['AWS', 'Docker', 'Jenkins', 'Kubernetes', 'Linux']"
JOB06226,Python Developer,"['Django', 'Flask', 'Git', 'Python', 'SQL']"
JOB06227,Data Engineer,"['AWS', 'ETL', 'Python', 'SQL', 'Spark']"
JOB06228,Financial Analyst,"['Excel', 'Financial Modeling', 'Power BI', 'SQL', 'Statistics']"
JOB06229,Power BI Developer,"['DAX', 'Excel', 'Power BI', 'Power Query', 'SQL']"
JOB06230,Full Stack Developer,"['CSS', 'HTML', 'Java', 'JavaScript', 'Machine Learning', 'Node', 'React']"
JOB06231,Data Engineer,"['AWS', 'ETL', 'Python', 'SQL', 'Spark']"
JOB06232,SQL Developer,"['Database', 'ETL', 'MySQL', 'PostgreSQL', 'SQL']"
JOB06233,Marketing Analyst,"['Excel', 'Marketing Analytics', 'Oracle', 'Power BI', 'Python', 'SQL']"
JOB06234,Cloud Engineer,"['AWS', 'Azure', 'Cloud Computing', 'Docker', 'Linux']"
JOB06235,Data Analyst,"['Excel', 'Power BI', 'Python', 'SQL', 'Tableau']"
JOB06236,Machine Learning Engineer,"['Docker', 'Machine Learning', 'Python', 'Scikit-learn', 'TensorFlow']"
JOB06237,Business Analyst,"['Business Analysis', 'Excel', 'Power BI', 'Requirements Gathering', 'SQL']"
JOB06238,Web Developer,"['CSS', 'Git', 'HTML', 'Java', 'JavaScript', 'Machine Learning', 'React']"
JOB06239,Web Developer,"['CSS', 'Git', 'HTML', 'Java', 'JavaScript', 'Machine Learning', 'React']"
JOB06240,Cloud Engineer,"['AWS', 'Azure', 'Cloud Computing', 'Docker', 'Linux']"
JOB06241,DevOps Engineer,"['AWS', 'Docker', 'Jenkins', 'Kubernetes', 'Linux']"
JOB06242,Business Analyst,"['Business Analysis', 'Excel', 'Power BI', 'Requirements Gathering', 'SQL']"
JOB06243,Python Developer,"['Django', 'Flask', 'Git', 'Python', 'SQL']"
JOB06244,Business Analyst,"['Business Analysis', 'Excel', 'Power BI', 'Requirements Gathering', 'SQL']"
JOB06245,DevOps Engineer,"['AWS', 'Docker', 'Jenkins', 'Kubernetes', 'Linux', 'Oracle']"
JOB06246,Python Developer,"['Django', 'Flask', 'Git', 'Oracle', 'Python', 'SQL']"
JOB06247,Marketing Analyst,"['Excel', 'Marketing Analytics', 'Power BI', 'Python', 'SQL']"
JOB06248,Web Developer,"['CSS', 'Git', 'HTML', 'Java', 'JavaScript', 'Machine Learning', 'React']"
JOB06249,Data Scientist,"['Machine Learning', 'Pandas', 'Python', 'SQL', 'Statistics']"
JOB06250,Python Developer,"['Django', 'Flask', 'Git', 'Python', 'SQL']"
JOB06251,BI Analyst,"['DAX', 'Data Visualization', 'Excel', 'Power BI', 'SQL']"
JOB06252,Marketing Analyst,"['Excel', 'Marketing Analytics', 'Power BI', 'Python', 'SQL']"
JOB06253,DevOps Engineer,"['AWS', 'Docker', 'Jenkins', 'Kubernetes', 'Linux']"
JOB06254,Business Analyst,"['Business Analysis', 'Excel', 'Power BI', 'Requirements Gathering', 'SQL']"
JOB06255,SQL Developer,"['Database', 'ETL', 'MySQL', 'PostgreSQL', 'SQL']"
JOB06256,HR Analyst,"['Data Analysis', 'Excel', 'HR Analytics', 'Power BI', 'SQL']"
JOB06257,BI Analyst,"['DAX', 'Data Visualization', 'Excel', 'Power BI', 'SQL']"
JOB06258,BI Analyst,"['DAX', 'Data Visualization', 'Excel', 'Power BI', 'SQL']"
JOB06259,DevOps Engineer,"['AWS', 'Docker', 'Jenkins', 'Kubernetes', 'Linux']"
JOB06260,Software Engineer,"['Git', 'Java', 'Python', 'REST API', 'SQL']"
JOB06261,QA Engineer,"['Automation Testing', 'Java', 'Python', 'SQL', 'Selenium']"
JOB06262,BI Analyst,"['DAX', 'Data Visualization', 'Excel', 'Power BI', 'SQL']"
JOB06263,BI Analyst,"['DAX', 'Data Visualization', 'Excel', 'Power BI', 'SQL']"
JOB06264,Machine Learning Engineer,"['Docker', 'Machine Learning', 'Python', 'Scikit-learn', 'TensorFlow']"
JOB06265,Full Stack Developer,"['CSS', 'HTML', 'Java', 'JavaScript', 'Machine Learning', 'Node', 'React']"
JOB06266,Software Engineer,"['Git', 'Java', 'Python', 'REST API', 'SQL']"
JOB06267,Marketing Analyst,"['Excel', 'Marketing Analytics', 'Power BI', 'Python', 'SQL']"
JOB06268,Database Administrator,"['Database', 'Database Administration', 'MySQL', 'Oracle', 'PostgreSQL', 'SQL']"
JOB06269,Data Analyst,"['Excel', 'Power BI', 'Python', 'SQL', 'Tableau']"
JOB06270,HR Analyst,"['Data Analysis', 'Excel', 'HR Analytics', 'Power BI', 'SQL']"
JOB06271,Python Developer,"['Django', 'Flask', 'Git', 'Python', 'SQL']"
JOB06272,Data Engineer,"['AWS', 'ETL', 'Python', 'SQL', 'Spark']"
JOB06273,Product Analyst,"['Excel', 'Product Analytics', 'Python', 'SQL']"
JOB06274,Data Analyst,"['Cloud Computing', 'Excel', 'Power BI', 'Python', 'SQL', 'Tableau']"
JOB06275,Financial Analyst,"['Excel', 'Financial Modeling', 'Power BI', 'SQL', 'Statistics']"
JOB06276,Software Engineer,"['Git', 'Java', 'Python', 'REST API', 'SQL']"
JOB06277,HR Analyst,"['Data Analysis', 'Excel', 'HR Analytics', 'Power BI', 'SQL']"
JOB06278,Data Analyst,"['Excel', 'Power BI', 'Python', 'SQL', 'Tableau']"
JOB06279,QA Engineer,"['Automation Testing', 'Java', 'Python', 'SQL', 'Selenium']"
JOB06280,Power BI Developer,"['DAX', 'Excel', 'Power BI', 'Power Query', 'SQL']"
JOB06281,Full Stack Developer,"['CSS', 'HTML', 'Java', 'JavaScript', 'Machine Learning', 'Node', 'React']"
JOB06282,Data Analyst,"['Excel', 'Power BI', 'Python', 'SQL', 'Tableau']"
JOB06283,Cloud Engineer,"['AWS', 'Azure', 'Cloud Computing', 'Docker', 'Linux']"
JOB06284,Cloud Engineer,"['AWS', 'Azure', 'Cloud Computing', 'Docker', 'Linux']"
JOB06285,SQL Developer,"['Database', 'ETL', 'MySQL', 'PostgreSQL', 'SQL']"
JOB06286,Software Engineer,"['Git', 'Java', 'Python', 'REST API', 'SQL']"
JOB06287,Data Engineer,"['AWS', 'ETL', 'Python', 'SQL', 'Spark']"
JOB06288,DevOps Engineer,"['AWS', 'Docker', 'Jenkins', 'Kubernetes', 'Linux']"
JOB06289,SQL Developer,"['Database', 'ETL', 'MySQL', 'PostgreSQL', 'SQL']"
JOB06290,HR Analyst,"['Data Analysis', 'Excel', 'HR Analytics', 'Power BI', 'SQL']"
JOB06291,Data Scientist,"['Machine Learning', 'Pandas', 'Python', 'SQL', 'Statistics']"
JOB06292,SQL Developer,"['Cloud Computing', 'Database', 'ETL', 'MySQL', 'PostgreSQL', 'SQL']"
JOB06293,Power BI Developer,"['DAX', 'Excel', 'Power BI', 'Power Query', 'SQL']"
JOB06294,Web Developer,"['CSS', 'Git', 'HTML', 'Java', 'JavaScript', 'Machine Learning', 'React']"
JOB06295,Business Analyst,"['Business Analysis', 'Excel', 'Power BI', 'Requirements Gathering', 'SQL']"
JOB06296,Business Analyst,"['Business Analysis', 'Excel', 'Power BI', 'Requirements Gathering', 'SQL']"
JOB06297,Cloud Engineer,"['AWS', 'Azure', 'Cloud Computing', 'Docker', 'Linux']"
JOB06298,Data Engineer,"['AWS', 'ETL', 'Python', 'SQL', 'Spark']"
JOB06299,Data Engineer,"['AWS', 'ETL', 'Python', 'SQL', 'Spark']"
JOB06300,Software Engineer,"['Git', 'Java', 'Python', 'REST API', 'SQL']"
JOB06301,Full Stack Developer,"['CSS', 'HTML', 'Java', 'JavaScript', 'Machine Learning', 'Node', 'React']"
JOB06302,Data Engineer,"['AWS', 'ETL', 'Oracle', 'Python', 'SQL', 'Spark']"
JOB06303,Machine Learning Engineer,"['Docker', 'Machine Learning', 'Python', 'Scikit-learn', 'TensorFlow']"
JOB06304,HR Analyst,"['Data Analysis', 'Excel', 'HR Analytics', 'Power BI', 'SQL']"
JOB06305,SQL Developer,"['Database', 'ETL', 'MySQL', 'PostgreSQL', 'SQL']"
JOB06306,BI Analyst,"['DAX', 'Data Visualization', 'Excel', 'Power BI', 'SQL']"
JOB06307,Data Engineer,"['AWS', 'Cloud Computing', 'ETL', 'Python', 'SQL', 'Spark']"
JOB06308,Cloud Engineer,"['AWS', 'Azure', 'Cloud Computing', 'Docker', 'Linux']"
JOB06309,DevOps Engineer,"['AWS', 'Docker', 'Jenkins', 'Kubernetes', 'Linux']"
JOB06310,Data Analyst,"['Excel', 'Power BI', 'Python', 'SQL', 'Tableau']"
JOB06311,Data Engineer,"['AWS', 'ETL', 'Python', 'SQL', 'Spark']"
JOB06312,Data Scientist,"['Machine Learning', 'Pandas', 'Python', 'SQL', 'Statistics']"
JOB06313,Full Stack Developer,"['CSS', 'HTML', 'Java', 'JavaScript', 'Machine Learning', 'Node', 'React']"
JOB06314,DevOps Engineer,"['AWS', 'Docker', 'Jenkins', 'Kubernetes', 'Linux']"
JOB06315,Power BI Developer,"['DAX', 'Excel', 'Power BI', 'Power Query', 'SQL']"
JOB06316,Data Analyst,"['Excel', 'Power BI', 'Python', 'SQL', 'Tableau']"
JOB06317,Business Analyst,"['Business Analysis', 'Excel', 'Oracle', 'Power BI', 'Requirements Gathering', 'SQL']"
JOB06318,BI Analyst,"['DAX', 'Data Visualization', 'Excel', 'Power BI', 'SQL']"
JOB06319,Data Scientist,"['Machine Learning', 'Pandas', 'Python', 'SQL', 'Statistics']"
JOB06320,Data Analyst,"['Excel', 'Power BI', 'Python', 'SQL', 'Tableau']"
JOB06321,Software Engineer,"['Git', 'Java', 'Python', 'REST API', 'SQL']"
JOB06322,Data Engineer,"['AWS', 'ETL', 'Python', 'SQL', 'Spark']"
JOB06323,SQL Developer,"['Database', 'ETL', 'MySQL', 'PostgreSQL', 'SQL']"
JOB06324,Data Engineer,"['AWS', 'ETL', 'Python', 'SQL', 'Spark']"
JOB06325,Database Administrator,"['Database', 'Database Administration', 'MySQL', 'Oracle', 'PostgreSQL', 'SQL']"
JOB06326,Business Analyst,"['Business Analysis', 'Excel', 'Power BI', 'Requirements Gathering', 'SQL']"
JOB06327,Marketing Analyst,"['Excel', 'Marketing Analytics', 'Power BI', 'Python', 'SQL']"
JOB06328,Web Developer,"['CSS', 'Git', 'HTML', 'Java', 'JavaScript', 'Machine Learning', 'React']"
JOB06329,HR Analyst,"['Data Analysis', 'Excel', 'HR Analytics', 'Power BI', 'SQL']"
JOB06330,QA Engineer,"['Automation Testing', 'Java', 'Python', 'SQL', 'Selenium']"
JOB06331,Business Analyst,"['Business Analysis', 'Excel', 'Power BI', 'Requirements Gathering', 'SQL']"
JOB06332,Cloud Engineer,"['AWS', 'Azure', 'Cloud Computing', 'Docker', 'Linux']"
JOB06333,Machine Learning Engineer,"['Docker', 'Machine Learning', 'Python', 'Scikit-learn', 'TensorFlow']"
JOB06334,Data Analyst,"['Excel', 'Power BI', 'Python', 'SQL', 'Tableau']"
JOB06335,Full Stack Developer,"['CSS', 'HTML', 'Java', 'JavaScript', 'Machine Learning', 'Node', 'React']"
JOB06336,Cloud Engineer,"['AWS', 'Azure', 'Cloud Computing', 'Docker', 'Linux']"
JOB06337,Marketing Analyst,"['Excel', 'Marketing Analytics', 'Power BI', 'Python', 'SQL']"
JOB06338,Data Analyst,"['Excel', 'Power BI', 'Python', 'SQL', 'Tableau']"
JOB06339,Web Developer,"['CSS', 'Git', 'HTML', 'Java', 'JavaScript', 'Machine Learning', 'React']"
JOB06340,Web Developer,"['CSS', 'Git', 'HTML', 'Java', 'JavaScript', 'Machine Learning', 'React']"
JOB06341,Data Analyst,"['Excel', 'Power BI', 'Python', 'SQL', 'Tableau']"
JOB06342,QA Engineer,"['Automation Testing', 'Java', 'Python', 'SQL', 'Selenium']"
JOB06343,Database Administrator,"['Database', 'Database Administration', 'MySQL', 'Oracle', 'PostgreSQL', 'SQL']"
JOB06344,Data Scientist,"['Machine Learning', 'Pandas', 'Python', 'SQL', 'Statistics']"
JOB06345,Machine Learning Engineer,"['Docker', 'Machine Learning', 'Python', 'Scikit-learn', 'TensorFlow']"
JOB06346,HR Analyst,"['Data Analysis', 'Excel', 'HR Analytics', 'Power BI', 'SQL']"
JOB06347,Data Analyst,"['Excel', 'Power BI', 'Python', 'SQL', 'Tableau']"
JOB06348,SQL Developer,"['Database', 'ETL', 'MySQL', 'PostgreSQL', 'SQL']"
JOB06349,Software Engineer,"['Git', 'Java', 'Python', 'REST API', 'SQL']"
JOB06350,Cloud Engineer,"['AWS', 'Azure', 'Cloud Computing', 'Docker', 'Linux', 'Oracle']"
JOB06351,Financial Analyst,"['Excel', 'Financial Modeling', 'Power BI', 'SQL', 'Statistics']"
JOB06352,QA Engineer,"['Automation Testing', 'Java', 'Python', 'SQL', 'Selenium']"
JOB06353,Machine Learning Engineer,"['Docker', 'Machine Learning', 'Python', 'Scikit-learn', 'TensorFlow']"
JOB06354,Marketing Analyst,"['Excel', 'Marketing Analytics', 'Power BI', 'Python', 'SQL']"
JOB06355,BI Analyst,"['DAX', 'Data Visualization', 'Excel', 'Power BI', 'SQL']"
JOB06356,DevOps Engineer,"['AWS', 'Docker', 'Jenkins', 'Kubernetes', 'Linux']"
JOB06357,Database Administrator,"['Database', 'Database Administration', 'MySQL', 'Oracle', 'PostgreSQL', 'SQL']"
JOB06358,Data Scientist,"['Machine Learning', 'Pandas', 'Python', 'SQL', 'Statistics']"
JOB06359,Full Stack Developer,"['CSS', 'HTML', 'Java', 'JavaScript', 'Machine Learning', 'Node', 'React']"
JOB06360,Software Engineer,"['Git', 'Java', 'Python', 'REST API', 'SQL']"
JOB06361,Marketing Analyst,"['Excel', 'Marketing Analytics', 'Power BI', 'Python', 'SQL']"
JOB06362,Business Analyst,"['Business Analysis', 'Excel', 'Power BI', 'Requirements Gathering', 'SQL']"
JOB06363,Marketing Analyst,"['Excel', 'Marketing Analytics', 'Power BI', 'Python', 'SQL']"
JOB06364,Database Administrator,"['Database', 'Database Administration', 'MySQL', 'Oracle', 'PostgreSQL', 'SQL']"
JOB06365,QA Engineer,"['Automation Testing', 'Java', 'Python', 'SQL', 'Selenium']"
JOB06366,Power BI Developer,"['DAX', 'Excel', 'Power BI', 'Power Query', 'SQL']"
JOB06367,Data Scientist,"['Machine Learning', 'Pandas', 'Python', 'SQL', 'Statistics']"
JOB06368,HR Analyst,"['Data Analysis', 'Excel', 'HR Analytics', 'Power BI', 'SQL']"
JOB06369,Cloud Engineer,"['AWS', 'Azure', 'Cloud Computing', 'Docker', 'Linux']"
JOB06370,Database Administrator,"['Database', 'Database Administration', 'MySQL', 'Oracle', 'PostgreSQL', 'SQL']"
JOB06371,Product Analyst,"['Excel', 'Product Analytics', 'Python', 'SQL']"
JOB06372,Data Scientist,"['Machine Learning', 'Pandas', 'Python', 'SQL', 'Statistics']"
JOB06373,Data Analyst,"['Excel', 'Power BI', 'Python', 'SQL', 'Tableau']"
JOB06374,BI Analyst,"['Cloud Computing', 'DAX', 'Data Visualization', 'Excel', 'Power BI', 'SQL']"
JOB06375,HR Analyst,"['Data Analysis', 'Excel', 'HR Analytics', 'Power BI', 'SQL']"
JOB06376,BI Analyst,"['DAX', 'Data Visualization', 'Excel', 'Power BI', 'SQL']"
JOB06377,Power BI Developer,"['DAX', 'Excel', 'Power BI', 'Power Query', 'SQL']"
JOB06378,Data Analyst,"['Cloud Computing', 'Excel', 'Power BI', 'Python', 'SQL', 'Tableau']"
JOB06379,Power BI Developer,"['DAX', 'Excel', 'Power BI', 'Power Query', 'SQL']"
JOB06380,SQL Developer,"['Database', 'ETL', 'MySQL', 'PostgreSQL', 'SQL']"
JOB06381,Database Administrator,"['Database', 'Database Administration', 'MySQL', 'Oracle', 'PostgreSQL', 'SQL']"
JOB06382,Web Developer,"['CSS', 'Git', 'HTML', 'Java', 'JavaScript', 'Machine Learning', 'React']"
JOB06383,Machine Learning Engineer,"['Docker', 'Machine Learning', 'Python', 'Scikit-learn', 'TensorFlow']"
JOB06384,Power BI Developer,"['DAX', 'Excel', 'Power BI', 'Power Query', 'SQL']"
JOB06385,DevOps Engineer,"['AWS', 'Docker', 'Jenkins', 'Kubernetes', 'Linux']"
JOB06386,Data Engineer,"['AWS', 'ETL', 'Python', 'SQL', 'Spark']"
JOB06387,Business Analyst,"['Business Analysis', 'Excel', 'Oracle', 'Power BI', 'Requirements Gathering', 'SQL']"
JOB06388,Full Stack Developer,"['CSS', 'HTML', 'Java', 'JavaScript', 'Machine Learning', 'Node', 'React']"
JOB06389,Cloud Engineer,"['AWS', 'Azure', 'Cloud Computing', 'Docker', 'Linux']"
JOB06390,SQL Developer,"['Database', 'ETL', 'MySQL', 'PostgreSQL', 'SQL']"
JOB06391,QA Engineer,"['Automation Testing', 'Java', 'Python', 'SQL', 'Selenium']"
JOB06392,Data Scientist,"['Machine Learning', 'Pandas', 'Python', 'SQL', 'Statistics']"
JOB06393,Product Analyst,"['Excel', 'Product Analytics', 'Python', 'SQL']"
JOB06394,HR Analyst,"['Data Analysis', 'Excel', 'HR Analytics', 'Power BI', 'SQL']"
JOB06395,Python Developer,"['Django', 'Flask', 'Git', 'Python', 'SQL']"
JOB06396,QA Engineer,"['Automation Testing', 'Java', 'Python', 'SQL', 'Selenium']"
JOB06397,Data Analyst,"['Excel', 'Power BI', 'Python', 'SQL', 'Tableau']"
JOB06398,Data Scientist,"['Cloud Computing', 'Machine Learning', 'Pandas', 'Python', 'SQL', 'Statistics']"
JOB06399,Cloud Engineer,"['AWS', 'Azure', 'Cloud Computing', 'Docker', 'Linux']"
JOB06400,DevOps Engineer,"['AWS', 'Docker', 'Jenkins', 'Kubernetes', 'Linux']"
JOB06401,Data Engineer,"['AWS', 'ETL', 'Python', 'SQL', 'Spark']"
JOB06402,Machine Learning Engineer,"['Docker', 'Machine Learning', 'Python', 'Scikit-learn', 'TensorFlow']"
JOB06403,Web Developer,"['CSS', 'Git', 'HTML', 'Java', 'JavaScript', 'Machine Learning', 'React']"
JOB06404,Web Developer,"['CSS', 'Git', 'HTML', 'Java', 'JavaScript', 'Machine Learning', 'React']"
JOB06405,Full Stack Developer,"['CSS', 'HTML', 'Java', 'JavaScript', 'Machine Learning', 'Node', 'React']"
JOB06406,Business Analyst,"['Business Analysis', 'Excel', 'Power BI', 'Requirements Gathering', 'SQL']"
JOB06407,Full Stack Developer,"['CSS', 'HTML', 'Java', 'JavaScript', 'Machine Learning', 'Node', 'React']"
JOB06408,Full Stack Developer,"['CSS', 'HTML', 'Java', 'JavaScript', 'Machine Learning', 'Node', 'React']"
JOB06409,Business Analyst,"['Business Analysis', 'Excel', 'Power BI', 'Requirements Gathering', 'SQL']"
JOB06410,Data Engineer,"['AWS', 'ETL', 'Python', 'SQL', 'Spark']"
JOB06411,Software Engineer,"['Git', 'Java', 'Python', 'REST API', 'SQL']"
JOB06412,Product Analyst,"['Excel', 'Product Analytics', 'Python', 'SQL']"
JOB06413,Cloud Engineer,"['AWS', 'Azure', 'Cloud Computing', 'Docker', 'Linux']"
JOB06414,Financial Analyst,"['Excel', 'Financial Modeling', 'Power BI', 'SQL', 'Statistics']"
JOB06415,Data Scientist,"['Machine Learning', 'Pandas', 'Python', 'SQL', 'Statistics']"
JOB06416,QA Engineer,"['Automation Testing', 'Java', 'Python', 'SQL', 'Selenium']"
JOB06417,Full Stack Developer,"['CSS', 'HTML', 'Java', 'JavaScript', 'Machine Learning', 'Node', 'React']"
JOB06418,Full Stack Developer,"['CSS', 'HTML', 'Java', 'JavaScript', 'Machine Learning', 'Node', 'React']"
JOB06419,Data Scientist,"['Machine Learning', 'Pandas', 'Python', 'SQL', 'Statistics']"
JOB06420,Web Developer,"['CSS', 'Git', 'HTML', 'Java', 'JavaScript', 'Machine Learning', 'React']"
JOB06421,Financial Analyst,"['Excel', 'Financial Modeling', 'Power BI', 'SQL', 'Statistics']"
JOB06422,Data Engineer,"['AWS', 'ETL', 'Python', 'SQL', 'Spark']"
JOB06423,Cloud Engineer,"['AWS', 'Azure', 'Cloud Computing', 'Docker', 'Linux']"
JOB06424,Marketing Analyst,"['Excel', 'Marketing Analytics', 'Power BI', 'Python', 'SQL']"
JOB06425,Full Stack Developer,"['CSS', 'HTML', 'Java', 'JavaScript', 'Machine Learning', 'Node', 'React']"
JOB06426,Full Stack Developer,"['CSS', 'HTML', 'Java', 'JavaScript', 'Machine Learning', 'Node', 'React']"
JOB06427,Financial Analyst,"['Excel', 'Financial Modeling', 'Power BI', 'SQL', 'Statistics']"
JOB06428,HR Analyst,"['Data Analysis', 'Excel', 'HR Analytics', 'Power BI', 'SQL']"
JOB06429,Software Engineer,"['Git', 'Java', 'Python', 'REST API', 'SQL']"
JOB06430,QA Engineer,"['Automation Testing', 'Java', 'Python', 'SQL', 'Selenium']"
JOB06431,Python Developer,"['Django', 'Flask', 'Git', 'Python', 'SQL']"
JOB06432,Data Analyst,"['Excel', 'Power BI', 'Python', 'SQL', 'Tableau']"
JOB06433,DevOps Engineer,"['AWS', 'Docker', 'Jenkins', 'Kubernetes', 'Linux']"
JOB06434,Marketing Analyst,"['Excel', 'Marketing Analytics', 'Power BI', 'Python', 'SQL']"
JOB06435,Python Developer,"['Django', 'Flask', 'Git', 'Python', 'SQL']"
JOB06436,Marketing Analyst,"['Excel', 'Marketing Analytics', 'Power BI', 'Python', 'SQL']"
JOB06437,BI Analyst,"['DAX', 'Data Visualization', 'Excel', 'Power BI', 'SQL']"
JOB06438,SQL Developer,"['Cloud Computing', 'Database', 'ETL', 'MySQL', 'PostgreSQL', 'SQL']"
JOB06439,BI Analyst,"['DAX', 'Data Visualization', 'Excel', 'Power BI', 'SQL']"
JOB06440,SQL Developer,"['Database', 'ETL', 'MySQL', 'PostgreSQL', 'SQL']"
JOB06441,Power BI Developer,"['DAX', 'Excel', 'Power BI', 'Power Query', 'SQL']"
JOB06442,HR Analyst,"['Data Analysis', 'Excel', 'HR Analytics', 'Power BI', 'SQL']"
JOB06443,Database Administrator,"['Database', 'Database Administration', 'MySQL', 'Oracle', 'PostgreSQL', 'SQL']"
JOB06444,Web Developer,"['CSS', 'Git', 'HTML', 'Java', 'JavaScript', 'Machine Learning', 'React']"
JOB06445,Power BI Developer,"['DAX', 'Excel', 'Power BI', 'Power Query', 'SQL']"
JOB06446,Power BI Developer,"['DAX', 'Excel', 'Power BI', 'Power Query', 'SQL']"
JOB06447,Cloud Engineer,"['AWS', 'Azure', 'Cloud Computing', 'Docker', 'Linux']"
JOB06448,Marketing Analyst,"['Excel', 'Marketing Analytics', 'Power BI', 'Python', 'SQL']"
JOB06449,QA Engineer,"['Automation Testing', 'Java', 'Python', 'SQL', 'Selenium']"
JOB06450,Business Analyst,"['Business Analysis', 'Excel', 'Power BI', 'Requirements Gathering', 'SQL']"
JOB06451,Data Scientist,"['Machine Learning', 'Pandas', 'Python', 'SQL', 'Statistics']"
JOB06452,Python Developer,"['Django', 'Flask', 'Git', 'Oracle', 'Python', 'SQL']"
JOB06453,Web Developer,"['CSS', 'Git', 'HTML', 'Java', 'JavaScript', 'Machine Learning', 'React']"
JOB06454,Full Stack Developer,"['CSS', 'HTML', 'Java', 'JavaScript', 'Machine Learning', 'Node', 'React']"
JOB06455,QA Engineer,"['Automation Testing', 'Java', 'Python', 'SQL', 'Selenium']"
JOB06456,Python Developer,"['Django', 'Flask', 'Git', 'Python', 'SQL']"
JOB06457,Data Analyst,"['Excel', 'Power BI', 'Python', 'SQL', 'Tableau']"
JOB06458,Full Stack Developer,"['CSS', 'HTML', 'Java', 'JavaScript', 'Machine Learning', 'Node', 'React']"
JOB06459,Data Engineer,"['AWS', 'ETL', 'Python', 'SQL', 'Spark']"
JOB06460,Cloud Engineer,"['AWS', 'Azure', 'Cloud Computing', 'Docker', 'Linux']"
JOB06461,Data Engineer,"['AWS', 'ETL', 'Oracle', 'Python', 'SQL', 'Spark']"
JOB06462,Marketing Analyst,"['Excel', 'Marketing Analytics', 'Power BI', 'Python', 'SQL']"
JOB06463,Business Analyst,"['Business Analysis', 'Excel', 'Power BI', 'Requirements Gathering', 'SQL']"
JOB06464,Python Developer,"['Django', 'Flask', 'Git', 'Python', 'SQL']"
JOB06465,Cloud Engineer,"['AWS', 'Azure', 'Cloud Computing', 'Docker', 'Linux']"
JOB06466,Python Developer,"['Django', 'Flask', 'Git', 'Python', 'SQL']"
JOB06467,Data Analyst,"['Excel', 'Power BI', 'Python', 'SQL', 'Tableau']"
JOB06468,Data Scientist,"['Machine Learning', 'Oracle', 'Pandas', 'Python', 'SQL', 'Statistics']"
JOB06469,Web Developer,"['CSS', 'Git', 'HTML', 'Java', 'JavaScript', 'Machine Learning', 'React']"
JOB06470,Full Stack Developer,"['CSS', 'HTML', 'Java', 'JavaScript', 'Machine Learning', 'Node', 'React']"
JOB06471,Power BI Developer,"['DAX', 'Excel', 'Power BI', 'Power Query', 'SQL']"
JOB06472,Data Analyst,"['Excel', 'Power BI', 'Python', 'SQL', 'Tableau']"
JOB06473,HR Analyst,"['Data Analysis', 'Excel', 'HR Analytics', 'Power BI', 'SQL']"
JOB06474,Python Developer,"['Django', 'Flask', 'Git', 'Python', 'SQL']"
JOB06475,HR Analyst,"['Data Analysis', 'Excel', 'HR Analytics', 'Power BI', 'SQL']"
JOB06476,Data Analyst,"['Cloud Computing', 'Excel', 'Power BI', 'Python', 'SQL', 'Tableau']"
JOB06477,Power BI Developer,"['DAX', 'Excel', 'Power BI', 'Power Query', 'SQL']"
JOB06478,Business Analyst,"['Business Analysis', 'Excel', 'Power BI', 'Requirements Gathering', 'SQL']"
JOB06479,BI Analyst,"['DAX', 'Data Visualization', 'Excel', 'Power BI', 'SQL']"
JOB06480,Python Developer,"['Django', 'Flask', 'Git', 'Python', 'SQL']"
JOB06481,Power BI Developer,"['DAX', 'Excel', 'Power BI', 'Power Query', 'SQL']"
JOB06482,Database Administrator,"['Database', 'Database Administration', 'MySQL', 'Oracle', 'PostgreSQL', 'SQL']"
JOB06483,HR Analyst,"['Data Analysis', 'Excel', 'HR Analytics', 'Power BI', 'SQL']"
JOB06484,DevOps Engineer,"['AWS', 'Cloud Computing', 'Docker', 'Jenkins', 'Kubernetes', 'Linux']"
JOB06485,Web Developer,"['CSS', 'Git', 'HTML', 'Java', 'JavaScript', 'Machine Learning', 'React']"
JOB06486,Financial Analyst,"['Excel', 'Financial Modeling', 'Power BI', 'SQL', 'Statistics']"
JOB06487,Marketing Analyst,"['Excel', 'Marketing Analytics', 'Power BI', 'Python', 'SQL']"
JOB06488,Software Engineer,"['Git', 'Java', 'Python', 'REST API', 'SQL']"
JOB06489,Data Engineer,"['AWS', 'ETL', 'Python', 'SQL', 'Spark']"
JOB06490,Data Analyst,"['Excel', 'Power BI', 'Python', 'SQL', 'Tableau']"
JOB06491,Power BI Developer,"['DAX', 'Excel', 'Power BI', 'Power Query', 'SQL']"
JOB06492,Full Stack Developer,"['CSS', 'HTML', 'Java', 'JavaScript', 'Machine Learning', 'Node', 'React']"
JOB06493,BI Analyst,"['DAX', 'Data Visualization', 'Excel', 'Power BI', 'SQL']"
JOB06494,Full Stack Developer,"['CSS', 'HTML', 'Java', 'JavaScript', 'Machine Learning', 'Node', 'React']"
JOB06495,Machine Learning Engineer,"['Docker', 'Machine Learning', 'Python', 'Scikit-learn', 'TensorFlow']"
JOB06496,Data Analyst,"['Excel', 'Power BI', 'Python', 'SQL', 'Tableau']"
JOB06497,Marketing Analyst,"['Excel', 'Marketing Analytics', 'Power BI', 'Python', 'SQL']"
JOB06498,Product Analyst,"['Excel', 'Product Analytics', 'Python', 'SQL']"
JOB06499,Cloud Engineer,"['AWS', 'Azure', 'Cloud Computing', 'Docker', 'Linux']"
JOB06500,Web Developer,"['CSS', 'Git', 'HTML', 'Java', 'JavaScript', 'Machine Learning', 'React']"
JOB06501,Software Engineer,"['Git', 'Java', 'Oracle', 'Python', 'REST API', 'SQL']"
JOB06502,Data Scientist,"['Machine Learning', 'Pandas', 'Python', 'SQL', 'Statistics']"
JOB06503,Business Analyst,"['Business Analysis', 'Excel', 'Power BI', 'Requirements Gathering', 'SQL']"
JOB06504,DevOps Engineer,"['AWS', 'Docker', 'Jenkins', 'Kubernetes', 'Linux', 'Oracle']"
JOB06505,Software Engineer,"['Git', 'Java', 'Python', 'REST API', 'SQL']"
JOB06506,QA Engineer,"['Automation Testing', 'Java', 'Python', 'SQL', 'Selenium']"
JOB06507,Cloud Engineer,"['AWS', 'Azure', 'Cloud Computing', 'Docker', 'Linux']"
JOB06508,Data Engineer,"['AWS', 'ETL', 'Python', 'SQL', 'Spark']"
JOB06509,Data Analyst,"['Excel', 'Power BI', 'Python', 'SQL', 'Tableau']"
JOB06510,Data Scientist,"['Machine Learning', 'Pandas', 'Python', 'SQL', 'Statistics']"
JOB06511,Product Analyst,"['Excel', 'Product Analytics', 'Python', 'SQL']"
JOB06512,BI Analyst,"['DAX', 'Data Visualization', 'Excel', 'Power BI', 'SQL']"
JOB06513,Full Stack Developer,"['CSS', 'HTML', 'Java', 'JavaScript', 'Machine Learning', 'Node', 'React']"
JOB06514,HR Analyst,"['Data Analysis', 'Excel', 'HR Analytics', 'Power BI', 'SQL']"
JOB06515,Data Analyst,"['Excel', 'Power BI', 'Python', 'SQL', 'Tableau']"
JOB06516,Software Engineer,"['Git', 'Java', 'Python', 'REST API', 'SQL']"
JOB06517,Financial Analyst,"['Excel', 'Financial Modeling', 'Power BI', 'SQL', 'Statistics']"
JOB06518,Database Administrator,"['Database', 'Database Administration', 'MySQL', 'Oracle', 'PostgreSQL', 'SQL']"
JOB06519,DevOps Engineer,"['AWS', 'Docker', 'Jenkins', 'Kubernetes', 'Linux']"
JOB06520,Data Analyst,"['Excel', 'Power BI', 'Python', 'SQL', 'Tableau']"
JOB06521,Software Engineer,"['Git', 'Java', 'Python', 'REST API', 'SQL']"
JOB06522,Database Administrator,"['Database', 'Database Administration', 'MySQL', 'Oracle', 'PostgreSQL', 'SQL']"
JOB06523,Database Administrator,"['Database', 'Database Administration', 'MySQL', 'Oracle', 'PostgreSQL', 'SQL']"
JOB06524,Marketing Analyst,"['Excel', 'Marketing Analytics', 'Power BI', 'Python', 'SQL']"
JOB06525,Data Engineer,"['AWS', 'ETL', 'Oracle', 'Python', 'SQL', 'Spark']"
JOB06526,Product Analyst,"['Excel', 'Product Analytics', 'Python', 'SQL']"
JOB06527,HR Analyst,"['Data Analysis', 'Excel', 'HR Analytics', 'Power BI', 'SQL']"
JOB06528,Data Analyst,"['Excel', 'Power BI', 'Python', 'SQL', 'Tableau']"
JOB06529,Financial Analyst,"['Excel', 'Financial Modeling', 'Power BI', 'SQL', 'Statistics']"
JOB06530,QA Engineer,"['Automation Testing', 'Java', 'Python', 'SQL', 'Selenium']"
JOB06531,SQL Developer,"['Database', 'ETL', 'MySQL', 'PostgreSQL', 'SQL']"
JOB06532,BI Analyst,"['DAX', 'Data Visualization', 'Excel', 'Power BI', 'SQL']"
JOB06533,Full Stack Developer,"['CSS', 'HTML', 'Java', 'JavaScript', 'Machine Learning', 'Node', 'React']"
JOB06534,Financial Analyst,"['Excel', 'Financial Modeling', 'Power BI', 'SQL', 'Statistics']"
JOB06535,Full Stack Developer,"['CSS', 'Cloud Computing', 'HTML', 'Java', 'JavaScript', 'Machine Learning', 'Node', 'React']"
JOB06536,Machine Learning Engineer,"['Docker', 'Machine Learning', 'Python', 'Scikit-learn', 'TensorFlow']"
JOB06537,Power BI Developer,"['DAX', 'Excel', 'Power BI', 'Power Query', 'SQL']"
JOB06538,Data Engineer,"['AWS', 'ETL', 'Python', 'SQL', 'Spark']"
JOB06539,Financial Analyst,"['Excel', 'Financial Modeling', 'Power BI', 'SQL', 'Statistics']"
JOB06540,HR Analyst,"['Data Analysis', 'Excel', 'HR Analytics', 'Power BI', 'SQL']"
JOB06541,Data Scientist,"['Machine Learning', 'Pandas', 'Python', 'SQL', 'Statistics']"
JOB06542,SQL Developer,"['Database', 'ETL', 'MySQL', 'PostgreSQL', 'SQL']"
JOB06543,Data Engineer,"['AWS', 'ETL', 'Python', 'SQL', 'Spark']"
JOB06544,Python Developer,"['Django', 'Flask', 'Git', 'Python', 'SQL']"
JOB06545,Web Developer,"['CSS', 'Git', 'HTML', 'Java', 'JavaScript', 'Machine Learning', 'React']"
JOB06546,DevOps Engineer,"['AWS', 'Docker', 'Jenkins', 'Kubernetes', 'Linux']"
JOB06547,QA Engineer,"['Automation Testing', 'Java', 'Python', 'SQL', 'Selenium']"
JOB06548,Data Analyst,"['Excel', 'Power BI', 'Python', 'SQL', 'Tableau']"
JOB06549,Business Analyst,"['Business Analysis', 'Excel', 'Power BI', 'Requirements Gathering', 'SQL']"
JOB06550,Power BI Developer,"['DAX', 'Excel', 'Power BI', 'Power Query', 'SQL']"
JOB06551,Data Scientist,"['Machine Learning', 'Pandas', 'Python', 'SQL', 'Statistics']"
JOB06552,Power BI Developer,"['DAX', 'Excel', 'Power BI', 'Power Query', 'SQL']"
JOB06553,SQL Developer,"['Database', 'ETL', 'MySQL', 'PostgreSQL', 'SQL']"
JOB06554,SQL Developer,"['Cloud Computing', 'Database', 'ETL', 'MySQL', 'PostgreSQL', 'SQL']"
JOB06555,SQL Developer,"['Database', 'ETL', 'MySQL', 'PostgreSQL', 'SQL']"
JOB06556,DevOps Engineer,"['AWS', 'Docker', 'Jenkins', 'Kubernetes', 'Linux']"
JOB06557,Data Scientist,"['Machine Learning', 'Pandas', 'Python', 'SQL', 'Statistics']"
JOB06558,Financial Analyst,"['Excel', 'Financial Modeling', 'Power BI', 'SQL', 'Statistics']"
JOB06559,Financial Analyst,"['Excel', 'Financial Modeling', 'Power BI', 'SQL', 'Statistics']"
JOB06560,Product Analyst,"['Cloud Computing', 'Excel', 'Product Analytics', 'Python', 'SQL']"
JOB06561,Business Analyst,"['Business Analysis', 'Excel', 'Power BI', 'Requirements Gathering', 'SQL']"
JOB06562,Business Analyst,"['Business Analysis', 'Excel', 'Power BI', 'Requirements Gathering', 'SQL']"
JOB06563,Marketing Analyst,"['Excel', 'Marketing Analytics', 'Power BI', 'Python', 'SQL']"
JOB06564,Financial Analyst,"['Excel', 'Financial Modeling', 'Power BI', 'SQL', 'Statistics']"
JOB06565,Data Analyst,"['Excel', 'Power BI', 'Python', 'SQL', 'Tableau']"
JOB06566,Python Developer,"['Django', 'Flask', 'Git', 'Python', 'SQL']"
JOB06567,QA Engineer,"['Automation Testing', 'Java', 'Python', 'SQL', 'Selenium']"
JOB06568,Marketing Analyst,"['Excel', 'Marketing Analytics', 'Power BI', 'Python', 'SQL']"
JOB06569,Web Developer,"['CSS', 'Git', 'HTML', 'Java', 'JavaScript', 'Machine Learning', 'React']"
JOB06570,Business Analyst,"['Business Analysis', 'Excel', 'Power BI', 'Requirements Gathering', 'SQL']"
JOB06571,Database Administrator,"['Database', 'Database Administration', 'MySQL', 'Oracle', 'PostgreSQL', 'SQL']"
JOB06572,Financial Analyst,"['Excel', 'Financial Modeling', 'Power BI', 'SQL', 'Statistics']"
JOB06573,Business Analyst,"['Business Analysis', 'Cloud Computing', 'Excel', 'Power BI', 'Requirements Gathering', 'SQL']"
JOB06574,HR Analyst,"['Data Analysis', 'Excel', 'HR Analytics', 'Power BI', 'SQL']"
JOB06575,DevOps Engineer,"['AWS', 'Docker', 'Jenkins', 'Kubernetes', 'Linux']"
JOB06576,SQL Developer,"['Database', 'ETL', 'MySQL', 'PostgreSQL', 'SQL']"
JOB06577,Software Engineer,"['Git', 'Java', 'Python', 'REST API', 'SQL']"
JOB06578,Data Scientist,"['Machine Learning', 'Pandas', 'Python', 'SQL', 'Statistics']"
JOB06579,Financial Analyst,"['Excel', 'Financial Modeling', 'Power BI', 'SQL', 'Statistics']"
JOB06580,Data Engineer,"['AWS', 'ETL', 'Python', 'SQL', 'Spark']"
JOB06581,Data Engineer,"['AWS', 'Cloud Computing', 'ETL', 'Python', 'SQL', 'Spark']"
JOB06582,Financial Analyst,"['Excel', 'Financial Modeling', 'Power BI', 'SQL', 'Statistics']"
JOB06583,Full Stack Developer,"['CSS', 'HTML', 'Java', 'JavaScript', 'Machine Learning', 'Node', 'React']"
JOB06584,HR Analyst,"['Data Analysis', 'Excel', 'HR Analytics', 'Power BI', 'SQL']"
JOB06585,Business Analyst,"['Business Analysis', 'Excel', 'Power BI', 'Requirements Gathering', 'SQL']"
JOB06586,BI Analyst,"['DAX', 'Data Visualization', 'Excel', 'Power BI', 'SQL']"
JOB06587,Full Stack Developer,"['CSS', 'HTML', 'Java', 'JavaScript', 'Machine Learning', 'Node', 'React']"
JOB06588,Data Analyst,"['Excel', 'Power BI', 'Python', 'SQL', 'Tableau']"
JOB06589,Data Analyst,"['Excel', 'Power BI', 'Python', 'SQL', 'Tableau']"
JOB06590,Financial Analyst,"['Excel', 'Financial Modeling', 'Power BI', 'SQL', 'Statistics']"
JOB06591,Database Administrator,"['Database', 'Database Administration', 'MySQL', 'Oracle', 'PostgreSQL', 'SQL']"
JOB06592,Data Analyst,"['Excel', 'Oracle', 'Power BI', 'Python', 'SQL', 'Tableau']"
JOB06593,Web Developer,"['CSS', 'Git', 'HTML', 'Java', 'JavaScript', 'Machine Learning', 'React']"
JOB06594,BI Analyst,"['DAX', 'Data Visualization', 'Excel', 'Power BI', 'SQL']"
JOB06595,BI Analyst,"['DAX', 'Data Visualization', 'Excel', 'Power BI', 'SQL']"
JOB06596,SQL Developer,"['Database', 'ETL', 'MySQL', 'PostgreSQL', 'SQL']"
JOB06597,Database Administrator,"['Database', 'Database Administration', 'MySQL', 'Oracle', 'PostgreSQL', 'SQL']"
JOB06598,Machine Learning Engineer,"['Docker', 'Machine Learning', 'Python', 'Scikit-learn', 'TensorFlow']"
JOB06599,Power BI Developer,"['DAX', 'Excel', 'Power BI', 'Power Query', 'SQL']"
JOB06600,HR Analyst,"['Data Analysis', 'Excel', 'HR Analytics', 'Power BI', 'SQL']"
JOB06601,BI Analyst,"['DAX', 'Data Visualization', 'Excel', 'Power BI', 'SQL']"
JOB06602,DevOps Engineer,"['AWS', 'Docker', 'Jenkins', 'Kubernetes', 'Linux']"
JOB06603,Database Administrator,"['Database', 'Database Administration', 'MySQL', 'Oracle', 'PostgreSQL', 'SQL']"
JOB06604,Cloud Engineer,"['AWS', 'Azure', 'Cloud Computing', 'Docker', 'Linux']"
JOB06605,DevOps Engineer,"['AWS', 'Docker', 'Jenkins', 'Kubernetes', 'Linux']"
JOB06606,Product Analyst,"['Excel', 'Product Analytics', 'Python', 'SQL']"
JOB06607,DevOps Engineer,"['AWS', 'Docker', 'Jenkins', 'Kubernetes', 'Linux']"
JOB06608,Cloud Engineer,"['AWS', 'Azure', 'Cloud Computing', 'Docker', 'Linux']"
JOB06609,HR Analyst,"['Data Analysis', 'Excel', 'HR Analytics', 'Power BI', 'SQL']"
JOB06610,DevOps Engineer,"['AWS', 'Docker', 'Jenkins', 'Kubernetes', 'Linux']"
JOB06611,Database Administrator,"['Database', 'Database Administration', 'MySQL', 'Oracle', 'PostgreSQL', 'SQL']"
JOB06612,Python Developer,"['Django', 'Flask', 'Git', 'Python', 'SQL']"
JOB06613,Business Analyst,"['Business Analysis', 'Excel', 'Power BI', 'Requirements Gathering', 'SQL']"
JOB06614,HR Analyst,"['Cloud Computing', 'Data Analysis', 'Excel', 'HR Analytics', 'Power BI', 'SQL']"
JOB06615,Web Developer,"['CSS', 'Git', 'HTML', 'Java', 'JavaScript', 'Machine Learning', 'React']"
JOB06616,QA Engineer,"['Automation Testing', 'Java', 'Python', 'SQL', 'Selenium']"
JOB06617,Financial Analyst,"['Excel', 'Financial Modeling', 'Power BI', 'SQL', 'Statistics']"
JOB06618,Database Administrator,"['Database', 'Database Administration', 'MySQL', 'Oracle', 'PostgreSQL', 'SQL']"
JOB06619,Database Administrator,"['Database', 'Database Administration', 'MySQL', 'Oracle', 'PostgreSQL', 'SQL']"
JOB06620,Product Analyst,"['Excel', 'Product Analytics', 'Python', 'SQL']"
JOB06621,Machine Learning Engineer,"['Docker', 'Machine Learning', 'Python', 'Scikit-learn', 'TensorFlow']"
JOB06622,Marketing Analyst,"['Excel', 'Marketing Analytics', 'Power BI', 'Python', 'SQL']"
JOB06623,Marketing Analyst,"['Excel', 'Marketing Analytics', 'Power BI', 'Python', 'SQL']"
JOB06624,Database Administrator,"['Database', 'Database Administration', 'MySQL', 'Oracle', 'PostgreSQL', 'SQL']"
JOB06625,DevOps Engineer,"['AWS', 'Docker', 'Jenkins', 'Kubernetes', 'Linux']"
JOB06626,Software Engineer,"['Git', 'Java', 'Python', 'REST API', 'SQL']"
JOB06627,Data Scientist,"['Machine Learning', 'Pandas', 'Python', 'SQL', 'Statistics']"
JOB06628,Product Analyst,"['Excel', 'Oracle', 'Product Analytics', 'Python', 'SQL']"
JOB06629,Full Stack Developer,"['CSS', 'HTML', 'Java', 'JavaScript', 'Machine Learning', 'Node', 'React']"
JOB06630,Product Analyst,"['Excel', 'Product Analytics', 'Python', 'SQL']"
JOB06631,Data Analyst,"['Excel', 'Power BI', 'Python', 'SQL', 'Tableau']"
JOB06632,Data Analyst,"['Excel', 'Oracle', 'Power BI', 'Python', 'SQL', 'Tableau']"
JOB06633,Full Stack Developer,"['CSS', 'HTML', 'Java', 'JavaScript', 'Machine Learning', 'Node', 'React']"
JOB06634,Power BI Developer,"['DAX', 'Excel', 'Power BI', 'Power Query', 'SQL']"
JOB06635,Python Developer,"['Django', 'Flask', 'Git', 'Python', 'SQL']"
JOB06636,Web Developer,"['CSS', 'Git', 'HTML', 'Java', 'JavaScript', 'Machine Learning', 'React']"
JOB06637,Web Developer,"['CSS', 'Git', 'HTML', 'Java', 'JavaScript', 'Machine Learning', 'React']"
JOB06638,Full Stack Developer,"['CSS', 'HTML', 'Java', 'JavaScript', 'Machine Learning', 'Node', 'React']"
JOB06639,BI Analyst,"['DAX', 'Data Visualization', 'Excel', 'Power BI', 'SQL']"
JOB06640,Power BI Developer,"['DAX', 'Excel', 'Power BI', 'Power Query', 'SQL']"
JOB06641,Software Engineer,"['Git', 'Java', 'Python', 'REST API', 'SQL']"
JOB06642,Data Scientist,"['Machine Learning', 'Pandas', 'Python', 'SQL', 'Statistics']"
JOB06643,Product Analyst,"['Excel', 'Product Analytics', 'Python', 'SQL']"
JOB06644,Web Developer,"['CSS', 'Git', 'HTML', 'Java', 'JavaScript', 'Machine Learning', 'React']"
JOB06645,Full Stack Developer,"['CSS', 'HTML', 'Java', 'JavaScript', 'Machine Learning', 'Node', 'React']"
JOB06646,SQL Developer,"['Database', 'ETL', 'MySQL', 'PostgreSQL', 'SQL']"
JOB06647,Machine Learning Engineer,"['Docker', 'Machine Learning', 'Python', 'Scikit-learn', 'TensorFlow']"
JOB06648,HR Analyst,"['Data Analysis', 'Excel', 'HR Analytics', 'Power BI', 'SQL']"
JOB06649,QA Engineer,"['Automation Testing', 'Java', 'Python', 'SQL', 'Selenium']"
JOB06650,Full Stack Developer,"['CSS', 'HTML', 'Java', 'JavaScript', 'Machine Learning', 'Node', 'React']"
JOB06651,Cloud Engineer,"['AWS', 'Azure', 'Cloud Computing', 'Docker', 'Linux']"
JOB06652,QA Engineer,"['Automation Testing', 'Java', 'Python', 'SQL', 'Selenium']"
JOB06653,Data Scientist,"['Machine Learning', 'Pandas', 'Python', 'SQL', 'Statistics']"
JOB06654,Data Engineer,"['AWS', 'ETL', 'Python', 'SQL', 'Spark']"
JOB06655,BI Analyst,"['DAX', 'Data Visualization', 'Excel', 'Power BI', 'SQL']"
JOB06656,Web Developer,"['CSS', 'Git', 'HTML', 'Java', 'JavaScript', 'Machine Learning', 'React']"
JOB06657,DevOps Engineer,"['AWS', 'Docker', 'Jenkins', 'Kubernetes', 'Linux']"
JOB06658,DevOps Engineer,"['AWS', 'Docker', 'Jenkins', 'Kubernetes', 'Linux']"
JOB06659,Python Developer,"['Django', 'Flask', 'Git', 'Python', 'SQL']"
JOB06660,Financial Analyst,"['Excel', 'Financial Modeling', 'Power BI', 'SQL', 'Statistics']"
JOB06661,Database Administrator,"['Cloud Computing', 'Database', 'Database Administration', 'MySQL', 'Oracle', 'PostgreSQL', 'SQL']"
JOB06662,Full Stack Developer,"['CSS', 'Cloud Computing', 'HTML', 'Java', 'JavaScript', 'Machine Learning', 'Node', 'React']"
JOB06663,Cloud Engineer,"['AWS', 'Azure', 'Cloud Computing', 'Docker', 'Linux']"
JOB06664,BI Analyst,"['Cloud Computing', 'DAX', 'Data Visualization', 'Excel', 'Power BI', 'SQL']"
JOB06665,Machine Learning Engineer,"['Docker', 'Machine Learning', 'Python', 'Scikit-learn', 'TensorFlow']"
JOB06666,Software Engineer,"['Git', 'Java', 'Python', 'REST API', 'SQL']"
JOB06667,Power BI Developer,"['DAX', 'Excel', 'Power BI', 'Power Query', 'SQL']"
JOB06668,Database Administrator,"['Database', 'Database Administration', 'MySQL', 'Oracle', 'PostgreSQL', 'SQL']"
JOB06669,Machine Learning Engineer,"['Docker', 'Machine Learning', 'Python', 'Scikit-learn', 'TensorFlow']"
JOB06670,Database Administrator,"['Database', 'Database Administration', 'MySQL', 'Oracle', 'PostgreSQL', 'SQL']"
JOB06671,Python Developer,"['Django', 'Flask', 'Git', 'Python', 'SQL']"
JOB06672,BI Analyst,"['DAX', 'Data Visualization', 'Excel', 'Power BI', 'SQL']"
JOB06673,BI Analyst,"['DAX', 'Data Visualization', 'Excel', 'Power BI', 'SQL']"
JOB06674,Web Developer,"['CSS', 'Git', 'HTML', 'Java', 'JavaScript', 'Machine Learning', 'React']"
JOB06675,Data Analyst,"['Excel', 'Power BI', 'Python', 'SQL', 'Tableau']"
JOB06676,Marketing Analyst,"['Excel', 'Marketing Analytics', 'Power BI', 'Python', 'SQL']"
JOB06677,Marketing Analyst,"['Excel', 'Marketing Analytics', 'Power BI', 'Python', 'SQL']"
JOB06678,Product Analyst,"['Excel', 'Product Analytics', 'Python', 'SQL']"
JOB06679,HR Analyst,"['Data Analysis', 'Excel', 'HR Analytics', 'Power BI', 'SQL']"
JOB06680,HR Analyst,"['Data Analysis', 'Excel', 'HR Analytics', 'Power BI', 'SQL']"
JOB06681,BI Analyst,"['DAX', 'Data Visualization', 'Excel', 'Power BI', 'SQL']"
JOB06682,Business Analyst,"['Business Analysis', 'Excel', 'Oracle', 'Power BI', 'Requirements Gathering', 'SQL']"
JOB06683,HR Analyst,"['Data Analysis', 'Excel', 'HR Analytics', 'Power BI', 'SQL']"
JOB06684,Financial Analyst,"['Excel', 'Financial Modeling', 'Oracle', 'Power BI', 'SQL', 'Statistics']"
JOB06685,Cloud Engineer,"['AWS', 'Azure', 'Cloud Computing', 'Docker', 'Linux']"
JOB06686,Data Scientist,"['Machine Learning', 'Pandas', 'Python', 'SQL', 'Statistics']"
JOB06687,Python Developer,"['Django', 'Flask', 'Git', 'Python', 'SQL']"
JOB06688,Power BI Developer,"['DAX', 'Excel', 'Power BI', 'Power Query', 'SQL']"
JOB06689,Data Engineer,"['AWS', 'ETL', 'Python', 'SQL', 'Spark']"
JOB06690,BI Analyst,"['DAX', 'Data Visualization', 'Excel', 'Power BI', 'SQL']"
JOB06691,Product Analyst,"['Excel', 'Product Analytics', 'Python', 'SQL']"
JOB06692,Data Scientist,"['Machine Learning', 'Pandas', 'Python', 'SQL', 'Statistics']"
JOB06693,Business Analyst,"['Business Analysis', 'Excel', 'Oracle', 'Power BI', 'Requirements Gathering', 'SQL']"
JOB06694,SQL Developer,"['Database', 'ETL', 'MySQL', 'PostgreSQL', 'SQL']"
JOB06695,Machine Learning Engineer,"['Docker', 'Machine Learning', 'Python', 'Scikit-learn', 'TensorFlow']"
JOB06696,Cloud Engineer,"['AWS', 'Azure', 'Cloud Computing', 'Docker', 'Linux']"
JOB06697,Business Analyst,"['Business Analysis', 'Excel', 'Power BI', 'Requirements Gathering', 'SQL']"
JOB06698,Data Scientist,"['Machine Learning', 'Pandas', 'Python', 'SQL', 'Statistics']"
JOB06699,Python Developer,"['Django', 'Flask', 'Git', 'Python', 'SQL']"
JOB06700,Machine Learning Engineer,"['Docker', 'Machine Learning', 'Python', 'Scikit-learn', 'TensorFlow']"
JOB06701,HR Analyst,"['Data Analysis', 'Excel', 'HR Analytics', 'Power BI', 'SQL']"
JOB06702,HR Analyst,"['Data Analysis', 'Excel', 'HR Analytics', 'Power BI', 'SQL']"
JOB06703,Database Administrator,"['Database', 'Database Administration', 'MySQL', 'Oracle', 'PostgreSQL', 'SQL']"
JOB06704,Financial Analyst,"['Excel', 'Financial Modeling', 'Power BI', 'SQL', 'Statistics']"
JOB06705,SQL Developer,"['Database', 'ETL', 'MySQL', 'PostgreSQL', 'SQL']"
JOB06706,Cloud Engineer,"['AWS', 'Azure', 'Cloud Computing', 'Docker', 'Linux']"
JOB06707,Business Analyst,"['Business Analysis', 'Excel', 'Power BI', 'Requirements Gathering', 'SQL']"
JOB06708,Cloud Engineer,"['AWS', 'Azure', 'Cloud Computing', 'Docker', 'Linux']"
JOB06709,Data Engineer,"['AWS', 'ETL', 'Python', 'SQL', 'Spark']"
JOB06710,Software Engineer,"['Git', 'Java', 'Python', 'REST API', 'SQL']"
JOB06711,Python Developer,"['Django', 'Flask', 'Git', 'Python', 'SQL']"
JOB06712,Product Analyst,"['Excel', 'Product Analytics', 'Python', 'SQL']"
JOB06713,Machine Learning Engineer,"['Docker', 'Machine Learning', 'Python', 'Scikit-learn', 'TensorFlow']"
JOB06714,Web Developer,"['CSS', 'Git', 'HTML', 'Java', 'JavaScript', 'Machine Learning', 'React']"
JOB06715,Data Scientist,"['Machine Learning', 'Pandas', 'Python', 'SQL', 'Statistics']"
JOB06716,Data Analyst,"['Excel', 'Power BI', 'Python', 'SQL', 'Tableau']"
JOB06717,Web Developer,"['CSS', 'Git', 'HTML', 'Java', 'JavaScript', 'Machine Learning', 'React']"
JOB06718,SQL Developer,"['Database', 'ETL', 'MySQL', 'PostgreSQL', 'SQL']"
JOB06719,Product Analyst,"['Excel', 'Product Analytics', 'Python', 'SQL']"
JOB06720,Machine Learning Engineer,"['Docker', 'Machine Learning', 'Python', 'Scikit-learn', 'TensorFlow']"
JOB06721,SQL Developer,"['Database', 'ETL', 'MySQL', 'PostgreSQL', 'SQL']"
JOB06722,HR Analyst,"['Data Analysis', 'Excel', 'HR Analytics', 'Power BI', 'SQL']"
JOB06723,Web Developer,"['CSS', 'Git', 'HTML', 'Java', 'JavaScript', 'Machine Learning', 'React']"
JOB06724,Python Developer,"['Django', 'Flask', 'Git', 'Python', 'SQL']"
JOB06725,Data Analyst,"['Excel', 'Power BI', 'Python', 'SQL', 'Tableau']"
JOB06726,BI Analyst,"['DAX', 'Data Visualization', 'Excel', 'Power BI', 'SQL']"
JOB06727,Business Analyst,"['Business Analysis', 'Excel', 'Power BI', 'Requirements Gathering', 'SQL']"
JOB06728,Data Scientist,"['Cloud Computing', 'Machine Learning', 'Pandas', 'Python', 'SQL', 'Statistics']"
JOB06729,Web Developer,"['CSS', 'Git', 'HTML', 'Java', 'JavaScript', 'Machine Learning', 'React']"
JOB06730,Data Engineer,"['AWS', 'ETL', 'Python', 'SQL', 'Spark']"
JOB06731,Power BI Developer,"['DAX', 'Excel', 'Power BI', 'Power Query', 'SQL']"
JOB06732,Marketing Analyst,"['Excel', 'Marketing Analytics', 'Power BI', 'Python', 'SQL']"
JOB06733,Database Administrator,"['Database', 'Database Administration', 'MySQL', 'Oracle', 'PostgreSQL', 'SQL']"
JOB06734,DevOps Engineer,"['AWS', 'Docker', 'Jenkins', 'Kubernetes', 'Linux', 'Oracle']"
JOB06735,HR Analyst,"['Data Analysis', 'Excel', 'HR Analytics', 'Power BI', 'SQL']"
JOB06736,Web Developer,"['CSS', 'Git', 'HTML', 'Java', 'JavaScript', 'Machine Learning', 'React']"
JOB06737,Full Stack Developer,"['CSS', 'HTML', 'Java', 'JavaScript', 'Machine Learning', 'Node', 'React']"
JOB06738,Marketing Analyst,"['Excel', 'Marketing Analytics', 'Oracle', 'Power BI', 'Python', 'SQL']"
JOB06739,Machine Learning Engineer,"['Docker', 'Machine Learning', 'Python', 'Scikit-learn', 'TensorFlow']"
JOB06740,BI Analyst,"['DAX', 'Data Visualization', 'Excel', 'Power BI', 'SQL']"
JOB06741,SQL Developer,"['Database', 'ETL', 'MySQL', 'PostgreSQL', 'SQL']"
JOB06742,Power BI Developer,"['DAX', 'Excel', 'Power BI', 'Power Query', 'SQL']"
JOB06743,Cloud Engineer,"['AWS', 'Azure', 'Cloud Computing', 'Docker', 'Linux']"
JOB06744,Software Engineer,"['Git', 'Java', 'Python', 'REST API', 'SQL']"
JOB06745,QA Engineer,"['Automation Testing', 'Java', 'Python', 'SQL', 'Selenium']"
JOB06746,Web Developer,"['CSS', 'Git', 'HTML', 'Java', 'JavaScript', 'Machine Learning', 'React']"
JOB06747,HR Analyst,"['Data Analysis', 'Excel', 'HR Analytics', 'Power BI', 'SQL']"
JOB06748,Cloud Engineer,"['AWS', 'Azure', 'Cloud Computing', 'Docker', 'Linux']"
JOB06749,DevOps Engineer,"['AWS', 'Docker', 'Jenkins', 'Kubernetes', 'Linux']"
JOB06750,Machine Learning Engineer,"['Docker', 'Machine Learning', 'Python', 'Scikit-learn', 'TensorFlow']"
JOB06751,SQL Developer,"['Database', 'ETL', 'MySQL', 'PostgreSQL', 'SQL']"
JOB06752,Cloud Engineer,"['AWS', 'Azure', 'Cloud Computing', 'Docker', 'Linux']"
JOB06753,SQL Developer,"['Database', 'ETL', 'MySQL', 'PostgreSQL', 'SQL']"
JOB06754,BI Analyst,"['DAX', 'Data Visualization', 'Excel', 'Power BI', 'SQL']"
JOB06755,Business Analyst,"['Business Analysis', 'Excel', 'Power BI', 'Requirements Gathering', 'SQL']"
JOB06756,QA Engineer,"['Automation Testing', 'Java', 'Python', 'SQL', 'Selenium']"
JOB06757,Machine Learning Engineer,"['Docker', 'Machine Learning', 'Python', 'Scikit-learn', 'TensorFlow']"
JOB06758,Machine Learning Engineer,"['Docker', 'Machine Learning', 'Python', 'Scikit-learn', 'TensorFlow']"
JOB06759,QA Engineer,"['Automation Testing', 'Java', 'Python', 'SQL', 'Selenium']"
JOB06760,Data Analyst,"['Excel', 'Power BI', 'Python', 'SQL', 'Tableau']"
JOB06761,Power BI Developer,"['DAX', 'Excel', 'Power BI', 'Power Query', 'SQL']"
JOB06762,Business Analyst,"['Business Analysis', 'Excel', 'Power BI', 'Requirements Gathering', 'SQL']"
JOB06763,Database Administrator,"['Database', 'Database Administration', 'MySQL', 'Oracle', 'PostgreSQL', 'SQL']"
JOB06764,Software Engineer,"['Git', 'Java', 'Python', 'REST API', 'SQL']"
JOB06765,Python Developer,"['Django', 'Flask', 'Git', 'Python', 'SQL']"
JOB06766,Machine Learning Engineer,"['Docker', 'Machine Learning', 'Python', 'Scikit-learn', 'TensorFlow']"
JOB06767,Data Analyst,"['Excel', 'Power BI', 'Python', 'SQL', 'Tableau']"
JOB06768,Marketing Analyst,"['Excel', 'Marketing Analytics', 'Oracle', 'Power BI', 'Python', 'SQL']"
JOB06769,Data Analyst,"['Excel', 'Power BI', 'Python', 'SQL', 'Tableau']"
JOB06770,Python Developer,"['Django', 'Flask', 'Git', 'Python', 'SQL']"
JOB06771,Python Developer,"['Django', 'Flask', 'Git', 'Python', 'SQL']"
JOB06772,QA Engineer,"['Automation Testing', 'Java', 'Python', 'SQL', 'Selenium']"
JOB06773,Full Stack Developer,"['CSS', 'HTML', 'Java', 'JavaScript', 'Machine Learning', 'Node', 'React']"
JOB06774,SQL Developer,"['Database', 'ETL', 'MySQL', 'PostgreSQL', 'SQL']"
JOB06775,SQL Developer,"['Database', 'ETL', 'MySQL', 'PostgreSQL', 'SQL']"
JOB06776,BI Analyst,"['DAX', 'Data Visualization', 'Excel', 'Power BI', 'SQL']"
JOB06777,Web Developer,"['CSS', 'Git', 'HTML', 'Java', 'JavaScript', 'Machine Learning', 'React']"
JOB06778,Marketing Analyst,"['Excel', 'Marketing Analytics', 'Power BI', 'Python', 'SQL']"
JOB06779,Data Engineer,"['AWS', 'Cloud Computing', 'ETL', 'Python', 'SQL', 'Spark']"
JOB06780,BI Analyst,"['DAX', 'Data Visualization', 'Excel', 'Power BI', 'SQL']"
JOB06781,QA Engineer,"['Automation Testing', 'Java', 'Python', 'SQL', 'Selenium']"
JOB06782,HR Analyst,"['Data Analysis', 'Excel', 'HR Analytics', 'Power BI', 'SQL']"
JOB06783,Full Stack Developer,"['CSS', 'HTML', 'Java', 'JavaScript', 'Machine Learning', 'Node', 'React']"
JOB06784,Data Scientist,"['Machine Learning', 'Pandas', 'Python', 'SQL', 'Statistics']"
JOB06785,Database Administrator,"['Database', 'Database Administration', 'MySQL', 'Oracle', 'PostgreSQL', 'SQL']"
JOB06786,Business Analyst,"['Business Analysis', 'Excel', 'Power BI', 'Requirements Gathering', 'SQL']"
JOB06787,BI Analyst,"['DAX', 'Data Visualization', 'Excel', 'Power BI', 'SQL']"
JOB06788,Product Analyst,"['Excel', 'Product Analytics', 'Python', 'SQL']"
JOB06789,DevOps Engineer,"['AWS', 'Docker', 'Jenkins', 'Kubernetes', 'Linux']"
JOB06790,Full Stack Developer,"['CSS', 'HTML', 'Java', 'JavaScript', 'Machine Learning', 'Node', 'React']"
JOB06791,Marketing Analyst,"['Excel', 'Marketing Analytics', 'Power BI', 'Python', 'SQL']"
JOB06792,Data Analyst,"['Excel', 'Power BI', 'Python', 'SQL', 'Tableau']"
JOB06793,Software Engineer,"['Git', 'Java', 'Python', 'REST API', 'SQL']"
JOB06794,Data Analyst,"['Excel', 'Power BI', 'Python', 'SQL', 'Tableau']"
JOB06795,Software Engineer,"['Git', 'Java', 'Python', 'REST API', 'SQL']"
JOB06796,Financial Analyst,"['Excel', 'Financial Modeling', 'Oracle', 'Power BI', 'SQL', 'Statistics']"
JOB06797,HR Analyst,"['Data Analysis', 'Excel', 'HR Analytics', 'Power BI', 'SQL']"
JOB06798,Software Engineer,"['Git', 'Java', 'Python', 'REST API', 'SQL']"
JOB06799,Business Analyst,"['Business Analysis', 'Excel', 'Power BI', 'Requirements Gathering', 'SQL']"
JOB06800,Marketing Analyst,"['Excel', 'Marketing Analytics', 'Power BI', 'Python', 'SQL']"
JOB06801,Python Developer,"['Django', 'Flask', 'Git', 'Python', 'SQL']"
JOB06802,Web Developer,"['CSS', 'Git', 'HTML', 'Java', 'JavaScript', 'Machine Learning', 'React']"
JOB06803,Power BI Developer,"['DAX', 'Excel', 'Power BI', 'Power Query', 'SQL']"
JOB06804,Database Administrator,"['Database', 'Database Administration', 'MySQL', 'Oracle', 'PostgreSQL', 'SQL']"
JOB06805,Data Analyst,"['Excel', 'Power BI', 'Python', 'SQL', 'Tableau']"
JOB06806,Power BI Developer,"['DAX', 'Excel', 'Power BI', 'Power Query', 'SQL']"
JOB06807,Business Analyst,"['Business Analysis', 'Excel', 'Power BI', 'Requirements Gathering', 'SQL']"
JOB06808,Database Administrator,"['Database', 'Database Administration', 'MySQL', 'Oracle', 'PostgreSQL', 'SQL']"
JOB06809,Marketing Analyst,"['Excel', 'Marketing Analytics', 'Power BI', 'Python', 'SQL']"
JOB06810,BI Analyst,"['DAX', 'Data Visualization', 'Excel', 'Power BI', 'SQL']"
JOB06811,Data Engineer,"['AWS', 'ETL', 'Python', 'SQL', 'Spark']"
JOB06812,QA Engineer,"['Automation Testing', 'Java', 'Python', 'SQL', 'Selenium']"
JOB06813,Database Administrator,"['Database', 'Database Administration', 'MySQL', 'Oracle', 'PostgreSQL', 'SQL']"
JOB06814,Web Developer,"['CSS', 'Git', 'HTML', 'Java', 'JavaScript', 'Machine Learning', 'React']"
JOB06815,Data Scientist,"['Machine Learning', 'Pandas', 'Python', 'SQL', 'Statistics']"
JOB06816,DevOps Engineer,"['AWS', 'Docker', 'Jenkins', 'Kubernetes', 'Linux']"
JOB06817,Full Stack Developer,"['CSS', 'HTML', 'Java', 'JavaScript', 'Machine Learning', 'Node', 'React']"
JOB06818,QA Engineer,"['Automation Testing', 'Java', 'Python', 'SQL', 'Selenium']"
JOB06819,Financial Analyst,"['Excel', 'Financial Modeling', 'Power BI', 'SQL', 'Statistics']"
JOB06820,Data Scientist,"['Machine Learning', 'Pandas', 'Python', 'SQL', 'Statistics']"
JOB06821,DevOps Engineer,"['AWS', 'Docker', 'Jenkins', 'Kubernetes', 'Linux']"
JOB06822,Full Stack Developer,"['CSS', 'HTML', 'Java', 'JavaScript', 'Machine Learning', 'Node', 'React']"
JOB06823,QA Engineer,"['Automation Testing', 'Java', 'Python', 'SQL', 'Selenium']"
JOB06824,Software Engineer,"['Git', 'Java', 'Python', 'REST API', 'SQL']"
JOB06825,Software Engineer,"['Git', 'Java', 'Python', 'REST API', 'SQL']"
JOB06826,Data Engineer,"['AWS', 'ETL', 'Python', 'SQL', 'Spark']"
JOB06827,Data Engineer,"['AWS', 'ETL', 'Python', 'SQL', 'Spark']"
JOB06828,HR Analyst,"['Data Analysis', 'Excel', 'HR Analytics', 'Power BI', 'SQL']"
JOB06829,Machine Learning Engineer,"['Docker', 'Machine Learning', 'Python', 'Scikit-learn', 'TensorFlow']"
JOB06830,SQL Developer,"['Database', 'ETL', 'MySQL', 'PostgreSQL', 'SQL']"
JOB06831,DevOps Engineer,"['AWS', 'Docker', 'Jenkins', 'Kubernetes', 'Linux']"
JOB06832,HR Analyst,"['Data Analysis', 'Excel', 'HR Analytics', 'Power BI', 'SQL']"
JOB06833,Marketing Analyst,"['Excel', 'Marketing Analytics', 'Power BI', 'Python', 'SQL']"
JOB06834,Machine Learning Engineer,"['Docker', 'Machine Learning', 'Python', 'Scikit-learn', 'TensorFlow']"
JOB06835,Data Analyst,"['Excel', 'Oracle', 'Power BI', 'Python', 'SQL', 'Tableau']"
JOB06836,Cloud Engineer,"['AWS', 'Azure', 'Cloud Computing', 'Docker', 'Linux']"
JOB06837,BI Analyst,"['DAX', 'Data Visualization', 'Excel', 'Power BI', 'SQL']"
JOB06838,QA Engineer,"['Automation Testing', 'Java', 'Python', 'SQL', 'Selenium']"
JOB06839,Machine Learning Engineer,"['Docker', 'Machine Learning', 'Python', 'Scikit-learn', 'TensorFlow']"
JOB06840,Financial Analyst,"['Excel', 'Financial Modeling', 'Power BI', 'SQL', 'Statistics']"
JOB06841,Business Analyst,"['Business Analysis', 'Excel', 'Power BI', 'Requirements Gathering', 'SQL']"
JOB06842,Business Analyst,"['Business Analysis', 'Excel', 'Power BI', 'Requirements Gathering', 'SQL']"
JOB06843,Software Engineer,"['Git', 'Java', 'Python', 'REST API', 'SQL']"
JOB06844,Power BI Developer,"['Cloud Computing', 'DAX', 'Excel', 'Power BI', 'Power Query', 'SQL']"
JOB06845,BI Analyst,"['DAX', 'Data Visualization', 'Excel', 'Power BI', 'SQL']"
JOB06846,SQL Developer,"['Database', 'ETL', 'MySQL', 'PostgreSQL', 'SQL']"
JOB06847,Product Analyst,"['Excel', 'Product Analytics', 'Python', 'SQL']"
JOB06848,Marketing Analyst,"['Excel', 'Marketing Analytics', 'Power BI', 'Python', 'SQL']"
JOB06849,SQL Developer,"['Database', 'ETL', 'MySQL', 'PostgreSQL', 'SQL']"
JOB06850,Business Analyst,"['Business Analysis', 'Excel', 'Power BI', 'Requirements Gathering', 'SQL']"
JOB06851,HR Analyst,"['Data Analysis', 'Excel', 'HR Analytics', 'Power BI', 'SQL']"
JOB06852,Data Analyst,"['Excel', 'Power BI', 'Python', 'SQL', 'Tableau']"
JOB06853,Database Administrator,"['Database', 'Database Administration', 'MySQL', 'Oracle', 'PostgreSQL', 'SQL']"
JOB06854,Marketing Analyst,"['Excel', 'Marketing Analytics', 'Power BI', 'Python', 'SQL']"
JOB06855,Database Administrator,"['Database', 'Database Administration', 'MySQL', 'Oracle', 'PostgreSQL', 'SQL']"
JOB06856,Python Developer,"['Django', 'Flask', 'Git', 'Python', 'SQL']"
JOB06857,Data Analyst,"['Excel', 'Power BI', 'Python', 'SQL', 'Tableau']"
JOB06858,Business Analyst,"['Business Analysis', 'Excel', 'Power BI', 'Requirements Gathering', 'SQL']"
JOB06859,Power BI Developer,"['DAX', 'Excel', 'Power BI', 'Power Query', 'SQL']"
JOB06860,Business Analyst,"['Business Analysis', 'Excel', 'Power BI', 'Requirements Gathering', 'SQL']"
JOB06861,Python Developer,"['Django', 'Flask', 'Git', 'Python', 'SQL']"
JOB06862,DevOps Engineer,"['AWS', 'Docker', 'Jenkins', 'Kubernetes', 'Linux']"
JOB06863,Python Developer,"['Django', 'Flask', 'Git', 'Python', 'SQL']"
JOB06864,Business Analyst,"['Business Analysis', 'Excel', 'Power BI', 'Requirements Gathering', 'SQL']"
JOB06865,Product Analyst,"['Excel', 'Product Analytics', 'Python', 'SQL']"
JOB06866,QA Engineer,"['Automation Testing', 'Java', 'Python', 'SQL', 'Selenium']"
JOB06867,Power BI Developer,"['DAX', 'Excel', 'Power BI', 'Power Query', 'SQL']"
JOB06868,Marketing Analyst,"['Excel', 'Marketing Analytics', 'Power BI', 'Python', 'SQL']"
JOB06869,HR Analyst,"['Data Analysis', 'Excel', 'HR Analytics', 'Power BI', 'SQL']"
JOB06870,Data Analyst,"['Excel', 'Power BI', 'Python', 'SQL', 'Tableau']"
JOB06871,Power BI Developer,"['DAX', 'Excel', 'Power BI', 'Power Query', 'SQL']"
JOB06872,SQL Developer,"['Database', 'ETL', 'MySQL', 'PostgreSQL', 'SQL']"
JOB06873,Data Engineer,"['AWS', 'Cloud Computing', 'ETL', 'Python', 'SQL', 'Spark']"
JOB06874,DevOps Engineer,"['AWS', 'Docker', 'Jenkins', 'Kubernetes', 'Linux']"
JOB06875,HR Analyst,"['Data Analysis', 'Excel', 'HR Analytics', 'Power BI', 'SQL']"
JOB06876,Data Scientist,"['Machine Learning', 'Pandas', 'Python', 'SQL', 'Statistics']"
JOB06877,Python Developer,"['Django', 'Flask', 'Git', 'Python', 'SQL']"
JOB06878,Python Developer,"['Django', 'Flask', 'Git', 'Python', 'SQL']"
JOB06879,Financial Analyst,"['Excel', 'Financial Modeling', 'Power BI', 'SQL', 'Statistics']"
JOB06880,Cloud Engineer,"['AWS', 'Azure', 'Cloud Computing', 'Docker', 'Linux']"
JOB06881,QA Engineer,"['Automation Testing', 'Java', 'Python', 'SQL', 'Selenium']"
JOB06882,Marketing Analyst,"['Excel', 'Marketing Analytics', 'Power BI', 'Python', 'SQL']"
JOB06883,Business Analyst,"['Business Analysis', 'Excel', 'Power BI', 'Requirements Gathering', 'SQL']"
JOB06884,Cloud Engineer,"['AWS', 'Azure', 'Cloud Computing', 'Docker', 'Linux']"
JOB06885,Marketing Analyst,"['Excel', 'Marketing Analytics', 'Power BI', 'Python', 'SQL']"
JOB06886,Business Analyst,"['Business Analysis', 'Excel', 'Power BI', 'Requirements Gathering', 'SQL']"
JOB06887,Business Analyst,"['Business Analysis', 'Excel', 'Power BI', 'Requirements Gathering', 'SQL']"
JOB06888,Python Developer,"['Django', 'Flask', 'Git', 'Python', 'SQL']"
JOB06889,Data Scientist,"['Machine Learning', 'Pandas', 'Python', 'SQL', 'Statistics']"
JOB06890,DevOps Engineer,"['AWS', 'Docker', 'Jenkins', 'Kubernetes', 'Linux']"
JOB06891,BI Analyst,"['DAX', 'Data Visualization', 'Excel', 'Power BI', 'SQL']"
JOB06892,Software Engineer,"['Git', 'Java', 'Python', 'REST API', 'SQL']"
JOB06893,BI Analyst,"['DAX', 'Data Visualization', 'Excel', 'Power BI', 'SQL']"
JOB06894,Data Engineer,"['AWS', 'ETL', 'Python', 'SQL', 'Spark']"
JOB06895,HR Analyst,"['Data Analysis', 'Excel', 'HR Analytics', 'Power BI', 'SQL']"
JOB06896,QA Engineer,"['Automation Testing', 'Java', 'Python', 'SQL', 'Selenium']"
JOB06897,Cloud Engineer,"['AWS', 'Azure', 'Cloud Computing', 'Docker', 'Linux']"
JOB06898,Data Analyst,"['Excel', 'Power BI', 'Python', 'SQL', 'Tableau']"
JOB06899,Data Scientist,"['Machine Learning', 'Pandas', 'Python', 'SQL', 'Statistics']"
JOB06900,BI Analyst,"['DAX', 'Data Visualization', 'Excel', 'Power BI', 'SQL']"
JOB06901,Database Administrator,"['Database', 'Database Administration', 'MySQL', 'Oracle', 'PostgreSQL', 'SQL']"
JOB06902,Web Developer,"['CSS', 'Cloud Computing', 'Git', 'HTML', 'Java', 'JavaScript', 'Machine Learning', 'React']"
JOB06903,Cloud Engineer,"['AWS', 'Azure', 'Cloud Computing', 'Docker', 'Linux']"
JOB06904,HR Analyst,"['Data Analysis', 'Excel', 'HR Analytics', 'Power BI', 'SQL']"
JOB06905,Business Analyst,"['Business Analysis', 'Excel', 'Power BI', 'Requirements Gathering', 'SQL']"
JOB06906,Data Scientist,"['Machine Learning', 'Pandas', 'Python', 'SQL', 'Statistics']"
JOB06907,BI Analyst,"['DAX', 'Data Visualization', 'Excel', 'Power BI', 'SQL']"
JOB06908,DevOps Engineer,"['AWS', 'Docker', 'Jenkins', 'Kubernetes', 'Linux']"
JOB06909,Business Analyst,"['Business Analysis', 'Excel', 'Power BI', 'Requirements Gathering', 'SQL']"
JOB06910,DevOps Engineer,"['AWS', 'Docker', 'Jenkins', 'Kubernetes', 'Linux']"
JOB06911,DevOps Engineer,"['AWS', 'Docker', 'Jenkins', 'Kubernetes', 'Linux']"
JOB06912,HR Analyst,"['Data Analysis', 'Excel', 'HR Analytics', 'Power BI', 'SQL']"
JOB06913,BI Analyst,"['DAX', 'Data Visualization', 'Excel', 'Power BI', 'SQL']"
JOB06914,Product Analyst,"['Excel', 'Product Analytics', 'Python', 'SQL']"
JOB06915,BI Analyst,"['DAX', 'Data Visualization', 'Excel', 'Power BI', 'SQL']"
JOB06916,Database Administrator,"['Database', 'Database Administration', 'MySQL', 'Oracle', 'PostgreSQL', 'SQL']"
JOB06917,HR Analyst,"['Data Analysis', 'Excel', 'HR Analytics', 'Oracle', 'Power BI', 'SQL']"
JOB06918,Machine Learning Engineer,"['Docker', 'Machine Learning', 'Python', 'Scikit-learn', 'TensorFlow']"
JOB06919,Python Developer,"['Django', 'Flask', 'Git', 'Oracle', 'Python', 'SQL']"
JOB06920,Cloud Engineer,"['AWS', 'Azure', 'Cloud Computing', 'Docker', 'Linux']"
JOB06921,Cloud Engineer,"['AWS', 'Azure', 'Cloud Computing', 'Docker', 'Linux', 'Oracle']"
JOB06922,Financial Analyst,"['Excel', 'Financial Modeling', 'Power BI', 'SQL', 'Statistics']"
JOB06923,Software Engineer,"['Git', 'Java', 'Python', 'REST API', 'SQL']"
JOB06924,DevOps Engineer,"['AWS', 'Docker', 'Jenkins', 'Kubernetes', 'Linux']"
JOB06925,QA Engineer,"['Automation Testing', 'Java', 'Python', 'SQL', 'Selenium']"
JOB06926,Data Analyst,"['Excel', 'Power BI', 'Python', 'SQL', 'Tableau']"
JOB06927,Cloud Engineer,"['AWS', 'Azure', 'Cloud Computing', 'Docker', 'Linux']"
JOB06928,Machine Learning Engineer,"['Docker', 'Machine Learning', 'Python', 'Scikit-learn', 'TensorFlow']"
JOB06929,Database Administrator,"['Database', 'Database Administration', 'MySQL', 'Oracle', 'PostgreSQL', 'SQL']"
JOB06930,SQL Developer,"['Database', 'ETL', 'MySQL', 'PostgreSQL', 'SQL']"
JOB06931,Cloud Engineer,"['AWS', 'Azure', 'Cloud Computing', 'Docker', 'Linux']"
JOB06932,Data Engineer,"['AWS', 'ETL', 'Python', 'SQL', 'Spark']"
JOB06933,Python Developer,"['Django', 'Flask', 'Git', 'Python', 'SQL']"
JOB06934,SQL Developer,"['Database', 'ETL', 'MySQL', 'PostgreSQL', 'SQL']"
JOB06935,Power BI Developer,"['DAX', 'Excel', 'Power BI', 'Power Query', 'SQL']"
JOB06936,Marketing Analyst,"['Excel', 'Marketing Analytics', 'Power BI', 'Python', 'SQL']"
JOB06937,Data Scientist,"['Machine Learning', 'Pandas', 'Python', 'SQL', 'Statistics']"
JOB06938,Business Analyst,"['Business Analysis', 'Excel', 'Power BI', 'Requirements Gathering', 'SQL']"
JOB06939,Python Developer,"['Django', 'Flask', 'Git', 'Python', 'SQL']"
JOB06940,Software Engineer,"['Git', 'Java', 'Python', 'REST API', 'SQL']"
JOB06941,Machine Learning Engineer,"['Cloud Computing', 'Docker', 'Machine Learning', 'Python', 'Scikit-learn', 'TensorFlow']"
JOB06942,Full Stack Developer,"['CSS', 'HTML', 'Java', 'JavaScript', 'Machine Learning', 'Node', 'React']"
JOB06943,SQL Developer,"['Database', 'ETL', 'MySQL', 'PostgreSQL', 'SQL']"
JOB06944,QA Engineer,"['Automation Testing', 'Java', 'Python', 'SQL', 'Selenium']"
JOB06945,Financial Analyst,"['Excel', 'Financial Modeling', 'Power BI', 'SQL', 'Statistics']"
JOB06946,Business Analyst,"['Business Analysis', 'Excel', 'Power BI', 'Requirements Gathering', 'SQL']"
JOB06947,Business Analyst,"['Business Analysis', 'Excel', 'Power BI', 'Requirements Gathering', 'SQL']"
JOB06948,BI Analyst,"['DAX', 'Data Visualization', 'Excel', 'Power BI', 'SQL']"
JOB06949,Data Scientist,"['Machine Learning', 'Pandas', 'Python', 'SQL', 'Statistics']"
JOB06950,BI Analyst,"['DAX', 'Data Visualization', 'Excel', 'Power BI', 'SQL']"
JOB06951,Data Scientist,"['Machine Learning', 'Pandas', 'Python', 'SQL', 'Statistics']"
JOB06952,Data Engineer,"['AWS', 'ETL', 'Oracle', 'Python', 'SQL', 'Spark']"
JOB06953,Data Scientist,"['Machine Learning', 'Pandas', 'Python', 'SQL', 'Statistics']"
JOB06954,Data Engineer,"['AWS', 'ETL', 'Python', 'SQL', 'Spark']"
JOB06955,Financial Analyst,"['Excel', 'Financial Modeling', 'Power BI', 'SQL', 'Statistics']"
JOB06956,BI Analyst,"['DAX', 'Data Visualization', 'Excel', 'Power BI', 'SQL']"
JOB06957,Product Analyst,"['Excel', 'Product Analytics', 'Python', 'SQL']"
JOB06958,Financial Analyst,"['Excel', 'Financial Modeling', 'Power BI', 'SQL', 'Statistics']"
JOB06959,BI Analyst,"['DAX', 'Data Visualization', 'Excel', 'Power BI', 'SQL']"
JOB06960,Financial Analyst,"['Excel', 'Financial Modeling', 'Power BI', 'SQL', 'Statistics']"
JOB06961,Python Developer,"['Django', 'Flask', 'Git', 'Python', 'SQL']"
JOB06962,Product Analyst,"['Cloud Computing', 'Excel', 'Product Analytics', 'Python', 'SQL']"
JOB06963,Data Analyst,"['Excel', 'Power BI', 'Python', 'SQL', 'Tableau']"
JOB06964,Full Stack Developer,"['CSS', 'HTML', 'Java', 'JavaScript', 'Machine Learning', 'Node', 'React']"
JOB06965,Machine Learning Engineer,"['Docker', 'Machine Learning', 'Python', 'Scikit-learn', 'TensorFlow']"
JOB06966,Cloud Engineer,"['AWS', 'Azure', 'Cloud Computing', 'Docker', 'Linux']"
JOB06967,Power BI Developer,"['Cloud Computing', 'DAX', 'Excel', 'Power BI', 'Power Query', 'SQL']"
JOB06968,Software Engineer,"['Git', 'Java', 'Python', 'REST API', 'SQL']"
JOB06969,Python Developer,"['Django', 'Flask', 'Git', 'Python', 'SQL']"
JOB06970,Database Administrator,"['Database', 'Database Administration', 'MySQL', 'Oracle', 'PostgreSQL', 'SQL']"
JOB06971,Cloud Engineer,"['AWS', 'Azure', 'Cloud Computing', 'Docker', 'Linux']"
JOB06972,SQL Developer,"['Database', 'ETL', 'MySQL', 'PostgreSQL', 'SQL']"
JOB06973,Product Analyst,"['Excel', 'Product Analytics', 'Python', 'SQL']"
JOB06974,Web Developer,"['CSS', 'Git', 'HTML', 'Java', 'JavaScript', 'Machine Learning', 'React']"
JOB06975,Full Stack Developer,"['CSS', 'HTML', 'Java', 'JavaScript', 'Machine Learning', 'Node', 'React']"
JOB06976,Full Stack Developer,"['CSS', 'HTML', 'Java', 'JavaScript', 'Machine Learning', 'Node', 'React']"
JOB06977,Cloud Engineer,"['AWS', 'Azure', 'Cloud Computing', 'Docker', 'Linux']"
JOB06978,QA Engineer,"['Automation Testing', 'Java', 'Python', 'SQL', 'Selenium']"
JOB06979,DevOps Engineer,"['AWS', 'Docker', 'Jenkins', 'Kubernetes', 'Linux']"
JOB06980,Data Engineer,"['AWS', 'ETL', 'Oracle', 'Python', 'SQL', 'Spark']"
JOB06981,Data Analyst,"['Excel', 'Power BI', 'Python', 'SQL', 'Tableau']"
JOB06982,DevOps Engineer,"['AWS', 'Docker', 'Jenkins', 'Kubernetes', 'Linux']"
JOB06983,QA Engineer,"['Automation Testing', 'Java', 'Python', 'SQL', 'Selenium']"
JOB06984,DevOps Engineer,"['AWS', 'Docker', 'Jenkins', 'Kubernetes', 'Linux']"
JOB06985,Cloud Engineer,"['AWS', 'Azure', 'Cloud Computing', 'Docker', 'Linux']"
JOB06986,Full Stack Developer,"['CSS', 'HTML', 'Java', 'JavaScript', 'Machine Learning', 'Node', 'React']"
JOB06987,Python Developer,"['Django', 'Flask', 'Git', 'Python', 'SQL']"
JOB06988,Data Analyst,"['Excel', 'Oracle', 'Power BI', 'Python', 'SQL', 'Tableau']"
JOB06989,DevOps Engineer,"['AWS', 'Docker', 'Jenkins', 'Kubernetes', 'Linux']"
JOB06990,BI Analyst,"['DAX', 'Data Visualization', 'Excel', 'Power BI', 'SQL']"
JOB06991,Python Developer,"['Django', 'Flask', 'Git', 'Python', 'SQL']"
JOB06992,Data Scientist,"['Machine Learning', 'Pandas', 'Python', 'SQL', 'Statistics']"
JOB06993,DevOps Engineer,"['AWS', 'Docker', 'Jenkins', 'Kubernetes', 'Linux']"
JOB06994,Marketing Analyst,"['Excel', 'Marketing Analytics', 'Power BI', 'Python', 'SQL']"
JOB06995,Business Analyst,"['Business Analysis', 'Excel', 'Power BI', 'Requirements Gathering', 'SQL']"
JOB06996,Data Analyst,"['Excel', 'Power BI', 'Python', 'SQL', 'Tableau']"
JOB06997,Business Analyst,"['Business Analysis', 'Excel', 'Power BI', 'Requirements Gathering', 'SQL']"
JOB06998,Cloud Engineer,"['AWS', 'Azure', 'Cloud Computing', 'Docker', 'Linux']"
JOB06999,Data Engineer,"['AWS', 'ETL', 'Python', 'SQL', 'Spark']"
JOB07000,Cloud Engineer,"['AWS', 'Azure', 'Cloud Computing', 'Docker', 'Linux']"
JOB07001,Data Engineer,"['AWS', 'ETL', 'Python', 'SQL', 'Spark']"
JOB07002,HR Analyst,"['Data Analysis', 'Excel', 'HR Analytics', 'Power BI', 'SQL']"
JOB07003,Data Scientist,"['Machine Learning', 'Pandas', 'Python', 'SQL', 'Statistics']"
JOB07004,Data Scientist,"['Machine Learning', 'Pandas', 'Python', 'SQL', 'Statistics']"
JOB07005,Database Administrator,"['Database', 'Database Administration', 'MySQL', 'Oracle', 'PostgreSQL', 'SQL']"
JOB07006,Software Engineer,"['Git', 'Java', 'Python', 'REST API', 'SQL']"
JOB07007,Power BI Developer,"['DAX', 'Excel', 'Power BI', 'Power Query', 'SQL']"
JOB07008,Machine Learning Engineer,"['Docker', 'Machine Learning', 'Python', 'Scikit-learn', 'TensorFlow']"
JOB07009,Software Engineer,"['Git', 'Java', 'Python', 'REST API', 'SQL']"
JOB07010,Database Administrator,"['Database', 'Database Administration', 'MySQL', 'Oracle', 'PostgreSQL', 'SQL']"
JOB07011,Power BI Developer,"['DAX', 'Excel', 'Power BI', 'Power Query', 'SQL']"
JOB07012,Data Analyst,"['Excel', 'Power BI', 'Python', 'SQL', 'Tableau']"
JOB07013,BI Analyst,"['DAX', 'Data Visualization', 'Excel', 'Power BI', 'SQL']"
JOB07014,Python Developer,"['Django', 'Flask', 'Git', 'Python', 'SQL']"
JOB07015,Database Administrator,"['Database', 'Database Administration', 'MySQL', 'Oracle', 'PostgreSQL', 'SQL']"
JOB07016,Full Stack Developer,"['CSS', 'HTML', 'Java', 'JavaScript', 'Machine Learning', 'Node', 'React']"
JOB07017,HR Analyst,"['Data Analysis', 'Excel', 'HR Analytics', 'Power BI', 'SQL']"
JOB07018,Marketing Analyst,"['Excel', 'Marketing Analytics', 'Power BI', 'Python', 'SQL']"
JOB07019,Web Developer,"['CSS', 'Git', 'HTML', 'Java', 'JavaScript', 'Machine Learning', 'React']"
JOB07020,Product Analyst,"['Excel', 'Product Analytics', 'Python', 'SQL']"
JOB07021,Full Stack Developer,"['CSS', 'HTML', 'Java', 'JavaScript', 'Machine Learning', 'Node', 'React']"
JOB07022,Marketing Analyst,"['Excel', 'Marketing Analytics', 'Power BI', 'Python', 'SQL']"
JOB07023,Power BI Developer,"['DAX', 'Excel', 'Power BI', 'Power Query', 'SQL']"
JOB07024,DevOps Engineer,"['AWS', 'Docker', 'Jenkins', 'Kubernetes', 'Linux']"
JOB07025,Product Analyst,"['Excel', 'Product Analytics', 'Python', 'SQL']"
JOB07026,Machine Learning Engineer,"['Docker', 'Machine Learning', 'Python', 'Scikit-learn', 'TensorFlow']"
JOB07027,Financial Analyst,"['Cloud Computing', 'Excel', 'Financial Modeling', 'Power BI', 'SQL', 'Statistics']"
JOB07028,DevOps Engineer,"['AWS', 'Docker', 'Jenkins', 'Kubernetes', 'Linux']"
JOB07029,Data Engineer,"['AWS', 'ETL', 'Python', 'SQL', 'Spark']"
JOB07030,Financial Analyst,"['Excel', 'Financial Modeling', 'Power BI', 'SQL', 'Statistics']"
JOB07031,HR Analyst,"['Data Analysis', 'Excel', 'HR Analytics', 'Power BI', 'SQL']"
JOB07032,Product Analyst,"['Excel', 'Product Analytics', 'Python', 'SQL']"
JOB07033,HR Analyst,"['Cloud Computing', 'Data Analysis', 'Excel', 'HR Analytics', 'Power BI', 'SQL']"
JOB07034,Database Administrator,"['Database', 'Database Administration', 'MySQL', 'Oracle', 'PostgreSQL', 'SQL']"
JOB07035,Software Engineer,"['Git', 'Java', 'Python', 'REST API', 'SQL']"
JOB07036,Web Developer,"['CSS', 'Git', 'HTML', 'Java', 'JavaScript', 'Machine Learning', 'React']"
JOB07037,Financial Analyst,"['Excel', 'Financial Modeling', 'Power BI', 'SQL', 'Statistics']"
JOB07038,Product Analyst,"['Excel', 'Product Analytics', 'Python', 'SQL']"
JOB07039,Full Stack Developer,"['CSS', 'HTML', 'Java', 'JavaScript', 'Machine Learning', 'Node', 'React']"
JOB07040,Full Stack Developer,"['CSS', 'HTML', 'Java', 'JavaScript', 'Machine Learning', 'Node', 'React']"
JOB07041,Database Administrator,"['Database', 'Database Administration', 'MySQL', 'Oracle', 'PostgreSQL', 'SQL']"
JOB07042,BI Analyst,"['DAX', 'Data Visualization', 'Excel', 'Power BI', 'SQL']"
JOB07043,Data Scientist,"['Machine Learning', 'Pandas', 'Python', 'SQL', 'Statistics']"
JOB07044,HR Analyst,"['Data Analysis', 'Excel', 'HR Analytics', 'Power BI', 'SQL']"
JOB07045,QA Engineer,"['Automation Testing', 'Java', 'Python', 'SQL', 'Selenium']"
JOB07046,Data Analyst,"['Excel', 'Power BI', 'Python', 'SQL', 'Tableau']"
JOB07047,Python Developer,"['Django', 'Flask', 'Git', 'Python', 'SQL']"
JOB07048,Power BI Developer,"['DAX', 'Excel', 'Power BI', 'Power Query', 'SQL']"
JOB07049,Web Developer,"['CSS', 'Git', 'HTML', 'Java', 'JavaScript', 'Machine Learning', 'React']"
JOB07050,QA Engineer,"['Automation Testing', 'Java', 'Python', 'SQL', 'Selenium']"
JOB07051,Data Engineer,"['AWS', 'ETL', 'Python', 'SQL', 'Spark']"
JOB07052,Power BI Developer,"['DAX', 'Excel', 'Power BI', 'Power Query', 'SQL']"
JOB07053,Data Scientist,"['Cloud Computing', 'Machine Learning', 'Pandas', 'Python', 'SQL', 'Statistics']"
JOB07054,Database Administrator,"['Database', 'Database Administration', 'MySQL', 'Oracle', 'PostgreSQL', 'SQL']"
JOB07055,Business Analyst,"['Business Analysis', 'Excel', 'Power BI', 'Requirements Gathering', 'SQL']"
JOB07056,Machine Learning Engineer,"['Docker', 'Machine Learning', 'Python', 'Scikit-learn', 'TensorFlow']"
JOB07057,QA Engineer,"['Automation Testing', 'Java', 'Python', 'SQL', 'Selenium']"
JOB07058,Full Stack Developer,"['CSS', 'HTML', 'Java', 'JavaScript', 'Machine Learning', 'Node', 'React']"
JOB07059,Power BI Developer,"['DAX', 'Excel', 'Power BI', 'Power Query', 'SQL']"
JOB07060,Data Analyst,"['Excel', 'Power BI', 'Python', 'SQL', 'Tableau']"
JOB07061,Machine Learning Engineer,"['Docker', 'Machine Learning', 'Python', 'Scikit-learn', 'TensorFlow']"
JOB07062,Cloud Engineer,"['AWS', 'Azure', 'Cloud Computing', 'Docker', 'Linux']"
JOB07063,Cloud Engineer,"['AWS', 'Azure', 'Cloud Computing', 'Docker', 'Linux']"
JOB07064,Financial Analyst,"['Excel', 'Financial Modeling', 'Power BI', 'SQL', 'Statistics']"
JOB07065,Full Stack Developer,"['CSS', 'Cloud Computing', 'HTML', 'Java', 'JavaScript', 'Machine Learning', 'Node', 'React']"
JOB07066,Database Administrator,"['Database', 'Database Administration', 'MySQL', 'Oracle', 'PostgreSQL', 'SQL']"
JOB07067,Power BI Developer,"['DAX', 'Excel', 'Power BI', 'Power Query', 'SQL']"
JOB07068,Machine Learning Engineer,"['Cloud Computing', 'Docker', 'Machine Learning', 'Python', 'Scikit-learn', 'TensorFlow']"
JOB07069,DevOps Engineer,"['AWS', 'Docker', 'Jenkins', 'Kubernetes', 'Linux']"
JOB07070,Full Stack Developer,"['CSS', 'HTML', 'Java', 'JavaScript', 'Machine Learning', 'Node', 'Oracle', 'React']"
JOB07071,Business Analyst,"['Business Analysis', 'Excel', 'Power BI', 'Requirements Gathering', 'SQL']"
JOB07072,BI Analyst,"['DAX', 'Data Visualization', 'Excel', 'Power BI', 'SQL']"
JOB07073,DevOps Engineer,"['AWS', 'Docker', 'Jenkins', 'Kubernetes', 'Linux']"
JOB07074,Database Administrator,"['Database', 'Database Administration', 'MySQL', 'Oracle', 'PostgreSQL', 'SQL']"
JOB07075,Business Analyst,"['Business Analysis', 'Excel', 'Power BI', 'Requirements Gathering', 'SQL']"
JOB07076,QA Engineer,"['Automation Testing', 'Java', 'Python', 'SQL', 'Selenium']"
JOB07077,Web Developer,"['CSS', 'Git', 'HTML', 'Java', 'JavaScript', 'Machine Learning', 'React']"
JOB07078,HR Analyst,"['Data Analysis', 'Excel', 'HR Analytics', 'Power BI', 'SQL']"
JOB07079,Marketing Analyst,"['Excel', 'Marketing Analytics', 'Power BI', 'Python', 'SQL']"
JOB07080,Software Engineer,"['Git', 'Java', 'Python', 'REST API', 'SQL']"
JOB07081,Financial Analyst,"['Excel', 'Financial Modeling', 'Power BI', 'SQL', 'Statistics']"
JOB07082,Data Analyst,"['Excel', 'Power BI', 'Python', 'SQL', 'Tableau']"
JOB07083,BI Analyst,"['DAX', 'Data Visualization', 'Excel', 'Power BI', 'SQL']"
JOB07084,SQL Developer,"['Database', 'ETL', 'MySQL', 'PostgreSQL', 'SQL']"
JOB07085,SQL Developer,"['Database', 'ETL', 'MySQL', 'PostgreSQL', 'SQL']"
JOB07086,Database Administrator,"['Database', 'Database Administration', 'MySQL', 'Oracle', 'PostgreSQL', 'SQL']"
JOB07087,Data Scientist,"['Machine Learning', 'Oracle', 'Pandas', 'Python', 'SQL', 'Statistics']"
JOB07088,DevOps Engineer,"['AWS', 'Docker', 'Jenkins', 'Kubernetes', 'Linux']"
JOB07089,Marketing Analyst,"['Excel', 'Marketing Analytics', 'Power BI', 'Python', 'SQL']"
JOB07090,Database Administrator,"['Database', 'Database Administration', 'MySQL', 'Oracle', 'PostgreSQL', 'SQL']"
JOB07091,Data Engineer,"['AWS', 'Cloud Computing', 'ETL', 'Python', 'SQL', 'Spark']"
JOB07092,Business Analyst,"['Business Analysis', 'Cloud Computing', 'Excel', 'Power BI', 'Requirements Gathering', 'SQL']"
JOB07093,Machine Learning Engineer,"['Docker', 'Machine Learning', 'Python', 'Scikit-learn', 'TensorFlow']"
JOB07094,Machine Learning Engineer,"['Docker', 'Machine Learning', 'Python', 'Scikit-learn', 'TensorFlow']"
JOB07095,Business Analyst,"['Business Analysis', 'Excel', 'Power BI', 'Requirements Gathering', 'SQL']"
JOB07096,Machine Learning Engineer,"['Docker', 'Machine Learning', 'Python', 'Scikit-learn', 'TensorFlow']"
JOB07097,Business Analyst,"['Business Analysis', 'Excel', 'Power BI', 'Requirements Gathering', 'SQL']"
JOB07098,Machine Learning Engineer,"['Docker', 'Machine Learning', 'Python', 'Scikit-learn', 'TensorFlow']"
JOB07099,HR Analyst,"['Data Analysis', 'Excel', 'HR Analytics', 'Power BI', 'SQL']"
JOB07100,Machine Learning Engineer,"['Docker', 'Machine Learning', 'Python', 'Scikit-learn', 'TensorFlow']"
JOB07101,Marketing Analyst,"['Excel', 'Marketing Analytics', 'Power BI', 'Python', 'SQL']"
JOB07102,Marketing Analyst,"['Excel', 'Marketing Analytics', 'Power BI', 'Python', 'SQL']"
JOB07103,Python Developer,"['Django', 'Flask', 'Git', 'Python', 'SQL']"
JOB07104,Database Administrator,"['Database', 'Database Administration', 'MySQL', 'Oracle', 'PostgreSQL', 'SQL']"
JOB07105,Python Developer,"['Django', 'Flask', 'Git', 'Python', 'SQL']"
JOB07106,BI Analyst,"['DAX', 'Data Visualization', 'Excel', 'Power BI', 'SQL']"
JOB07107,Database Administrator,"['Cloud Computing', 'Database', 'Database Administration', 'MySQL', 'Oracle', 'PostgreSQL', 'SQL']"
JOB07108,Python Developer,"['Django', 'Flask', 'Git', 'Python', 'SQL']"
JOB07109,Machine Learning Engineer,"['Docker', 'Machine Learning', 'Oracle', 'Python', 'Scikit-learn', 'TensorFlow']"
JOB07110,Marketing Analyst,"['Excel', 'Marketing Analytics', 'Oracle', 'Power BI', 'Python', 'SQL']"
JOB07111,Data Analyst,"['Excel', 'Power BI', 'Python', 'SQL', 'Tableau']"
JOB07112,Database Administrator,"['Database', 'Database Administration', 'MySQL', 'Oracle', 'PostgreSQL', 'SQL']"
JOB07113,DevOps Engineer,"['AWS', 'Docker', 'Jenkins', 'Kubernetes', 'Linux']"
JOB07114,DevOps Engineer,"['AWS', 'Docker', 'Jenkins', 'Kubernetes', 'Linux']"
JOB07115,SQL Developer,"['Database', 'ETL', 'MySQL', 'PostgreSQL', 'SQL']"
JOB07116,Data Analyst,"['Excel', 'Power BI', 'Python', 'SQL', 'Tableau']"
JOB07117,DevOps Engineer,"['AWS', 'Docker', 'Jenkins', 'Kubernetes', 'Linux']"
JOB07118,Marketing Analyst,"['Excel', 'Marketing Analytics', 'Power BI', 'Python', 'SQL']"
JOB07119,Financial Analyst,"['Excel', 'Financial Modeling', 'Oracle', 'Power BI', 'SQL', 'Statistics']"
JOB07120,QA Engineer,"['Automation Testing', 'Java', 'Python', 'SQL', 'Selenium']"
JOB07121,Python Developer,"['Django', 'Flask', 'Git', 'Python', 'SQL']"
JOB07122,SQL Developer,"['Database', 'ETL', 'MySQL', 'PostgreSQL', 'SQL']"
JOB07123,HR Analyst,"['Data Analysis', 'Excel', 'HR Analytics', 'Power BI', 'SQL']"
JOB07124,QA Engineer,"['Automation Testing', 'Java', 'Python', 'SQL', 'Selenium']"
JOB07125,Full Stack Developer,"['CSS', 'HTML', 'Java', 'JavaScript', 'Machine Learning', 'Node', 'React']"
JOB07126,Software Engineer,"['Git', 'Java', 'Python', 'REST API', 'SQL']"
JOB07127,Software Engineer,"['Git', 'Java', 'Python', 'REST API', 'SQL']"
JOB07128,SQL Developer,"['Database', 'ETL', 'MySQL', 'PostgreSQL', 'SQL']"
JOB07129,Data Scientist,"['Machine Learning', 'Pandas', 'Python', 'SQL', 'Statistics']"
JOB07130,Data Engineer,"['AWS', 'ETL', 'Python', 'SQL', 'Spark']"
JOB07131,Data Scientist,"['Machine Learning', 'Pandas', 'Python', 'SQL', 'Statistics']"
JOB07132,QA Engineer,"['Automation Testing', 'Java', 'Python', 'SQL', 'Selenium']"
JOB07133,Marketing Analyst,"['Excel', 'Marketing Analytics', 'Power BI', 'Python', 'SQL']"
JOB07134,Power BI Developer,"['DAX', 'Excel', 'Power BI', 'Power Query', 'SQL']"
JOB07135,QA Engineer,"['Automation Testing', 'Java', 'Python', 'SQL', 'Selenium']"
JOB07136,BI Analyst,"['DAX', 'Data Visualization', 'Excel', 'Power BI', 'SQL']"
JOB07137,Data Scientist,"['Machine Learning', 'Oracle', 'Pandas', 'Python', 'SQL', 'Statistics']"
JOB07138,Business Analyst,"['Business Analysis', 'Excel', 'Power BI', 'Requirements Gathering', 'SQL']"
JOB07139,DevOps Engineer,"['AWS', 'Docker', 'Jenkins', 'Kubernetes', 'Linux']"
JOB07140,Business Analyst,"['Business Analysis', 'Excel', 'Power BI', 'Requirements Gathering', 'SQL']"
JOB07141,Product Analyst,"['Excel', 'Product Analytics', 'Python', 'SQL']"
JOB07142,HR Analyst,"['Data Analysis', 'Excel', 'HR Analytics', 'Power BI', 'SQL']"
JOB07143,HR Analyst,"['Data Analysis', 'Excel', 'HR Analytics', 'Power BI', 'SQL']"
JOB07144,Web Developer,"['CSS', 'Git', 'HTML', 'Java', 'JavaScript', 'Machine Learning', 'React']"
JOB07145,Financial Analyst,"['Excel', 'Financial Modeling', 'Power BI', 'SQL', 'Statistics']"
JOB07146,BI Analyst,"['DAX', 'Data Visualization', 'Excel', 'Power BI', 'SQL']"
JOB07147,HR Analyst,"['Data Analysis', 'Excel', 'HR Analytics', 'Power BI', 'SQL']"
JOB07148,DevOps Engineer,"['AWS', 'Docker', 'Jenkins', 'Kubernetes', 'Linux']"
JOB07149,SQL Developer,"['Database', 'ETL', 'MySQL', 'PostgreSQL', 'SQL']"
JOB07150,BI Analyst,"['DAX', 'Data Visualization', 'Excel', 'Power BI', 'SQL']"
JOB07151,Power BI Developer,"['DAX', 'Excel', 'Power BI', 'Power Query', 'SQL']"
JOB07152,Database Administrator,"['Database', 'Database Administration', 'MySQL', 'Oracle', 'PostgreSQL', 'SQL']"
JOB07153,Data Engineer,"['AWS', 'ETL', 'Python', 'SQL', 'Spark']"
JOB07154,SQL Developer,"['Database', 'ETL', 'MySQL', 'PostgreSQL', 'SQL']"
JOB07155,Python Developer,"['Django', 'Flask', 'Git', 'Python', 'SQL']"
JOB07156,QA Engineer,"['Automation Testing', 'Java', 'Python', 'SQL', 'Selenium']"
JOB07157,Business Analyst,"['Business Analysis', 'Excel', 'Power BI', 'Requirements Gathering', 'SQL']"
JOB07158,Full Stack Developer,"['CSS', 'HTML', 'Java', 'JavaScript', 'Machine Learning', 'Node', 'React']"
JOB07159,Business Analyst,"['Business Analysis', 'Excel', 'Power BI', 'Requirements Gathering', 'SQL']"
JOB07160,Python Developer,"['Django', 'Flask', 'Git', 'Python', 'SQL']"
JOB07161,QA Engineer,"['Automation Testing', 'Java', 'Python', 'SQL', 'Selenium']"
JOB07162,Cloud Engineer,"['AWS', 'Azure', 'Cloud Computing', 'Docker', 'Linux']"
JOB07163,Data Scientist,"['Machine Learning', 'Pandas', 'Python', 'SQL', 'Statistics']"
JOB07164,Financial Analyst,"['Excel', 'Financial Modeling', 'Power BI', 'SQL', 'Statistics']"
JOB07165,Web Developer,"['CSS', 'Git', 'HTML', 'Java', 'JavaScript', 'Machine Learning', 'React']"
JOB07166,Full Stack Developer,"['CSS', 'HTML', 'Java', 'JavaScript', 'Machine Learning', 'Node', 'React']"
JOB07167,Marketing Analyst,"['Excel', 'Marketing Analytics', 'Power BI', 'Python', 'SQL']"
JOB07168,Cloud Engineer,"['AWS', 'Azure', 'Cloud Computing', 'Docker', 'Linux']"
JOB07169,Data Scientist,"['Machine Learning', 'Pandas', 'Python', 'SQL', 'Statistics']"
JOB07170,Product Analyst,"['Excel', 'Product Analytics', 'Python', 'SQL']"
JOB07171,Power BI Developer,"['DAX', 'Excel', 'Oracle', 'Power BI', 'Power Query', 'SQL']"
JOB07172,Financial Analyst,"['Excel', 'Financial Modeling', 'Power BI', 'SQL', 'Statistics']"
JOB07173,Machine Learning Engineer,"['Docker', 'Machine Learning', 'Python', 'Scikit-learn', 'TensorFlow']"
JOB07174,SQL Developer,"['Database', 'ETL', 'MySQL', 'PostgreSQL', 'SQL']"
JOB07175,Financial Analyst,"['Excel', 'Financial Modeling', 'Power BI', 'SQL', 'Statistics']"
JOB07176,Python Developer,"['Django', 'Flask', 'Git', 'Python', 'SQL']"
JOB07177,Data Engineer,"['AWS', 'ETL', 'Python', 'SQL', 'Spark']"
JOB07178,Power BI Developer,"['DAX', 'Excel', 'Power BI', 'Power Query', 'SQL']"
JOB07179,SQL Developer,"['Database', 'ETL', 'MySQL', 'PostgreSQL', 'SQL']"
JOB07180,Power BI Developer,"['Cloud Computing', 'DAX', 'Excel', 'Power BI', 'Power Query', 'SQL']"
JOB07181,Power BI Developer,"['Cloud Computing', 'DAX', 'Excel', 'Power BI', 'Power Query', 'SQL']"
JOB07182,Cloud Engineer,"['AWS', 'Azure', 'Cloud Computing', 'Docker', 'Linux']"
JOB07183,Financial Analyst,"['Excel', 'Financial Modeling', 'Power BI', 'SQL', 'Statistics']"
JOB07184,Database Administrator,"['Database', 'Database Administration', 'MySQL', 'Oracle', 'PostgreSQL', 'SQL']"
JOB07185,Python Developer,"['Django', 'Flask', 'Git', 'Python', 'SQL']"
JOB07186,Product Analyst,"['Excel', 'Product Analytics', 'Python', 'SQL']"
JOB07187,Power BI Developer,"['DAX', 'Excel', 'Power BI', 'Power Query', 'SQL']"
JOB07188,Machine Learning Engineer,"['Cloud Computing', 'Docker', 'Machine Learning', 'Python', 'Scikit-learn', 'TensorFlow']"
JOB07189,BI Analyst,"['DAX', 'Data Visualization', 'Excel', 'Power BI', 'SQL']"
JOB07190,Power BI Developer,"['DAX', 'Excel', 'Power BI', 'Power Query', 'SQL']"
JOB07191,BI Analyst,"['DAX', 'Data Visualization', 'Excel', 'Power BI', 'SQL']"
JOB07192,Power BI Developer,"['Cloud Computing', 'DAX', 'Excel', 'Power BI', 'Power Query', 'SQL']"
JOB07193,Cloud Engineer,"['AWS', 'Azure', 'Cloud Computing', 'Docker', 'Linux']"
JOB07194,Data Analyst,"['Excel', 'Oracle', 'Power BI', 'Python', 'SQL', 'Tableau']"
JOB07195,Business Analyst,"['Business Analysis', 'Excel', 'Power BI', 'Requirements Gathering', 'SQL']"
JOB07196,BI Analyst,"['DAX', 'Data Visualization', 'Excel', 'Power BI', 'SQL']"
JOB07197,Product Analyst,"['Excel', 'Product Analytics', 'Python', 'SQL']"
JOB07198,Business Analyst,"['Business Analysis', 'Excel', 'Power BI', 'Requirements Gathering', 'SQL']"
JOB07199,Full Stack Developer,"['CSS', 'HTML', 'Java', 'JavaScript', 'Machine Learning', 'Node', 'React']"
JOB07200,Data Analyst,"['Excel', 'Power BI', 'Python', 'SQL', 'Tableau']"
JOB07201,Data Scientist,"['Machine Learning', 'Pandas', 'Python', 'SQL', 'Statistics']"
JOB07202,Python Developer,"['Django', 'Flask', 'Git', 'Oracle', 'Python', 'SQL']"
JOB07203,Data Engineer,"['AWS', 'ETL', 'Python', 'SQL', 'Spark']"
JOB07204,Financial Analyst,"['Excel', 'Financial Modeling', 'Power BI', 'SQL', 'Statistics']"
JOB07205,Power BI Developer,"['DAX', 'Excel', 'Power BI', 'Power Query', 'SQL']"
JOB07206,Financial Analyst,"['Excel', 'Financial Modeling', 'Power BI', 'SQL', 'Statistics']"
JOB07207,Data Engineer,"['AWS', 'Cloud Computing', 'ETL', 'Python', 'SQL', 'Spark']"
JOB07208,Cloud Engineer,"['AWS', 'Azure', 'Cloud Computing', 'Docker', 'Linux']"
JOB07209,HR Analyst,"['Data Analysis', 'Excel', 'HR Analytics', 'Power BI', 'SQL']"
JOB07210,BI Analyst,"['DAX', 'Data Visualization', 'Excel', 'Power BI', 'SQL']"
JOB07211,Financial Analyst,"['Excel', 'Financial Modeling', 'Power BI', 'SQL', 'Statistics']"
JOB07212,Software Engineer,"['Git', 'Java', 'Python', 'REST API', 'SQL']"
JOB07213,Cloud Engineer,"['AWS', 'Azure', 'Cloud Computing', 'Docker', 'Linux']"
JOB07214,Data Engineer,"['AWS', 'ETL', 'Python', 'SQL', 'Spark']"
JOB07215,Machine Learning Engineer,"['Docker', 'Machine Learning', 'Python', 'Scikit-learn', 'TensorFlow']"
JOB07216,Database Administrator,"['Database', 'Database Administration', 'MySQL', 'Oracle', 'PostgreSQL', 'SQL']"
JOB07217,Financial Analyst,"['Cloud Computing', 'Excel', 'Financial Modeling', 'Power BI', 'SQL', 'Statistics']"
JOB07218,Data Analyst,"['Excel', 'Power BI', 'Python', 'SQL', 'Tableau']"
JOB07219,Product Analyst,"['Excel', 'Product Analytics', 'Python', 'SQL']"
JOB07220,Data Engineer,"['AWS', 'ETL', 'Python', 'SQL', 'Spark']"
JOB07221,Data Engineer,"['AWS', 'ETL', 'Python', 'SQL', 'Spark']"
JOB07222,Data Engineer,"['AWS', 'ETL', 'Python', 'SQL', 'Spark']"
JOB07223,Power BI Developer,"['DAX', 'Excel', 'Power BI', 'Power Query', 'SQL']"
JOB07224,DevOps Engineer,"['AWS', 'Docker', 'Jenkins', 'Kubernetes', 'Linux']"
JOB07225,Software Engineer,"['Git', 'Java', 'Python', 'REST API', 'SQL']"
JOB07226,Machine Learning Engineer,"['Docker', 'Machine Learning', 'Oracle', 'Python', 'Scikit-learn', 'TensorFlow']"
JOB07227,Software Engineer,"['Git', 'Java', 'Python', 'REST API', 'SQL']"
JOB07228,QA Engineer,"['Automation Testing', 'Java', 'Oracle', 'Python', 'SQL', 'Selenium']"
JOB07229,HR Analyst,"['Data Analysis', 'Excel', 'HR Analytics', 'Power BI', 'SQL']"
JOB07230,QA Engineer,"['Automation Testing', 'Java', 'Python', 'SQL', 'Selenium']"
JOB07231,Web Developer,"['CSS', 'Git', 'HTML', 'Java', 'JavaScript', 'Machine Learning', 'React']"
JOB07232,Database Administrator,"['Cloud Computing', 'Database', 'Database Administration', 'MySQL', 'Oracle', 'PostgreSQL', 'SQL']"
JOB07233,DevOps Engineer,"['AWS', 'Docker', 'Jenkins', 'Kubernetes', 'Linux']"
JOB07234,SQL Developer,"['Database', 'ETL', 'MySQL', 'PostgreSQL', 'SQL']"
JOB07235,Cloud Engineer,"['AWS', 'Azure', 'Cloud Computing', 'Docker', 'Linux']"
JOB07236,Financial Analyst,"['Excel', 'Financial Modeling', 'Power BI', 'SQL', 'Statistics']"
JOB07237,Product Analyst,"['Excel', 'Product Analytics', 'Python', 'SQL']"
JOB07238,Python Developer,"['Django', 'Flask', 'Git', 'Python', 'SQL']"
JOB07239,QA Engineer,"['Automation Testing', 'Java', 'Python', 'SQL', 'Selenium']"
JOB07240,BI Analyst,"['DAX', 'Data Visualization', 'Excel', 'Power BI', 'SQL']"
JOB07241,Web Developer,"['CSS', 'Git', 'HTML', 'Java', 'JavaScript', 'Machine Learning', 'React']"
JOB07242,Machine Learning Engineer,"['Docker', 'Machine Learning', 'Python', 'Scikit-learn', 'TensorFlow']"
JOB07243,Data Engineer,"['AWS', 'ETL', 'Python', 'SQL', 'Spark']"
JOB07244,HR Analyst,"['Data Analysis', 'Excel', 'HR Analytics', 'Power BI', 'SQL']"
JOB07245,Financial Analyst,"['Excel', 'Financial Modeling', 'Power BI', 'SQL', 'Statistics']"
JOB07246,Python Developer,"['Django', 'Flask', 'Git', 'Python', 'SQL']"
JOB07247,Full Stack Developer,"['CSS', 'HTML', 'Java', 'JavaScript', 'Machine Learning', 'Node', 'React']"
JOB07248,Cloud Engineer,"['AWS', 'Azure', 'Cloud Computing', 'Docker', 'Linux']"
JOB07249,Power BI Developer,"['DAX', 'Excel', 'Power BI', 'Power Query', 'SQL']"
JOB07250,Financial Analyst,"['Excel', 'Financial Modeling', 'Power BI', 'SQL', 'Statistics']"
JOB07251,BI Analyst,"['DAX', 'Data Visualization', 'Excel', 'Power BI', 'SQL']"
JOB07252,Cloud Engineer,"['AWS', 'Azure', 'Cloud Computing', 'Docker', 'Linux']"
JOB07253,Product Analyst,"['Excel', 'Product Analytics', 'Python', 'SQL']"
JOB07254,Financial Analyst,"['Excel', 'Financial Modeling', 'Power BI', 'SQL', 'Statistics']"
JOB07255,QA Engineer,"['Automation Testing', 'Java', 'Python', 'SQL', 'Selenium']"
JOB07256,Full Stack Developer,"['CSS', 'HTML', 'Java', 'JavaScript', 'Machine Learning', 'Node', 'React']"
JOB07257,Database Administrator,"['Database', 'Database Administration', 'MySQL', 'Oracle', 'PostgreSQL', 'SQL']"
JOB07258,Software Engineer,"['Git', 'Java', 'Python', 'REST API', 'SQL']"
JOB07259,BI Analyst,"['DAX', 'Data Visualization', 'Excel', 'Power BI', 'SQL']"
JOB07260,HR Analyst,"['Data Analysis', 'Excel', 'HR Analytics', 'Power BI', 'SQL']"
JOB07261,Software Engineer,"['Git', 'Java', 'Python', 'REST API', 'SQL']"
JOB07262,SQL Developer,"['Database', 'ETL', 'MySQL', 'PostgreSQL', 'SQL']"
JOB07263,HR Analyst,"['Data Analysis', 'Excel', 'HR Analytics', 'Power BI', 'SQL']"
JOB07264,Full Stack Developer,"['CSS', 'HTML', 'Java', 'JavaScript', 'Machine Learning', 'Node', 'React']"
JOB07265,Data Engineer,"['AWS', 'ETL', 'Python', 'SQL', 'Spark']"
JOB07266,Product Analyst,"['Excel', 'Product Analytics', 'Python', 'SQL']"
JOB07267,Marketing Analyst,"['Excel', 'Marketing Analytics', 'Power BI', 'Python', 'SQL']"
JOB07268,Full Stack Developer,"['CSS', 'HTML', 'Java', 'JavaScript', 'Machine Learning', 'Node', 'React']"
JOB07269,Cloud Engineer,"['AWS', 'Azure', 'Cloud Computing', 'Docker', 'Linux']"
JOB07270,QA Engineer,"['Automation Testing', 'Java', 'Python', 'SQL', 'Selenium']"
JOB07271,Financial Analyst,"['Excel', 'Financial Modeling', 'Power BI', 'SQL', 'Statistics']"
JOB07272,HR Analyst,"['Data Analysis', 'Excel', 'HR Analytics', 'Power BI', 'SQL']"
JOB07273,Web Developer,"['CSS', 'Git', 'HTML', 'Java', 'JavaScript', 'Machine Learning', 'React']"
JOB07274,Data Analyst,"['Excel', 'Power BI', 'Python', 'SQL', 'Tableau']"
JOB07275,Data Analyst,"['Excel', 'Oracle', 'Power BI', 'Python', 'SQL', 'Tableau']"
JOB07276,Business Analyst,"['Business Analysis', 'Excel', 'Power BI', 'Requirements Gathering', 'SQL']"
JOB07277,QA Engineer,"['Automation Testing', 'Java', 'Python', 'SQL', 'Selenium']"
JOB07278,SQL Developer,"['Database', 'ETL', 'MySQL', 'PostgreSQL', 'SQL']"
JOB07279,Data Scientist,"['Machine Learning', 'Pandas', 'Python', 'SQL', 'Statistics']"
JOB07280,BI Analyst,"['DAX', 'Data Visualization', 'Excel', 'Power BI', 'SQL']"
JOB07281,Full Stack Developer,"['CSS', 'HTML', 'Java', 'JavaScript', 'Machine Learning', 'Node', 'React']"
JOB07282,Database Administrator,"['Database', 'Database Administration', 'MySQL', 'Oracle', 'PostgreSQL', 'SQL']"
JOB07283,Web Developer,"['CSS', 'Git', 'HTML', 'Java', 'JavaScript', 'Machine Learning', 'React']"
JOB07284,Database Administrator,"['Cloud Computing', 'Database', 'Database Administration', 'MySQL', 'Oracle', 'PostgreSQL', 'SQL']"
JOB07285,Business Analyst,"['Business Analysis', 'Excel', 'Power BI', 'Requirements Gathering', 'SQL']"
JOB07286,Data Engineer,"['AWS', 'ETL', 'Python', 'SQL', 'Spark']"
JOB07287,SQL Developer,"['Database', 'ETL', 'MySQL', 'PostgreSQL', 'SQL']"
JOB07288,Financial Analyst,"['Excel', 'Financial Modeling', 'Power BI', 'SQL', 'Statistics']"
JOB07289,HR Analyst,"['Data Analysis', 'Excel', 'HR Analytics', 'Power BI', 'SQL']"
JOB07290,Data Analyst,"['Excel', 'Power BI', 'Python', 'SQL', 'Tableau']"
JOB07291,Marketing Analyst,"['Excel', 'Marketing Analytics', 'Power BI', 'Python', 'SQL']"
JOB07292,Product Analyst,"['Excel', 'Product Analytics', 'Python', 'SQL']"
JOB07293,Data Analyst,"['Excel', 'Power BI', 'Python', 'SQL', 'Tableau']"
JOB07294,Data Engineer,"['AWS', 'ETL', 'Python', 'SQL', 'Spark']"
JOB07295,HR Analyst,"['Data Analysis', 'Excel', 'HR Analytics', 'Power BI', 'SQL']"
JOB07296,Data Analyst,"['Excel', 'Power BI', 'Python', 'SQL', 'Tableau']"
JOB07297,Business Analyst,"['Business Analysis', 'Excel', 'Power BI', 'Requirements Gathering', 'SQL']"
JOB07298,Cloud Engineer,"['AWS', 'Azure', 'Cloud Computing', 'Docker', 'Linux']"
JOB07299,Full Stack Developer,"['CSS', 'HTML', 'Java', 'JavaScript', 'Machine Learning', 'Node', 'React']"
JOB07300,Full Stack Developer,"['CSS', 'HTML', 'Java', 'JavaScript', 'Machine Learning', 'Node', 'React']"
JOB07301,Financial Analyst,"['Excel', 'Financial Modeling', 'Power BI', 'SQL', 'Statistics']"
JOB07302,Database Administrator,"['Database', 'Database Administration', 'MySQL', 'Oracle', 'PostgreSQL', 'SQL']"
JOB07303,QA Engineer,"['Automation Testing', 'Java', 'Python', 'SQL', 'Selenium']"
JOB07304,Product Analyst,"['Excel', 'Product Analytics', 'Python', 'SQL']"
JOB07305,Data Analyst,"['Excel', 'Power BI', 'Python', 'SQL', 'Tableau']"
JOB07306,Product Analyst,"['Excel', 'Product Analytics', 'Python', 'SQL']"
JOB07307,Business Analyst,"['Business Analysis', 'Excel', 'Power BI', 'Requirements Gathering', 'SQL']"
JOB07308,Python Developer,"['Django', 'Flask', 'Git', 'Python', 'SQL']"
JOB07309,Software Engineer,"['Git', 'Java', 'Python', 'REST API', 'SQL']"
JOB07310,Data Analyst,"['Excel', 'Power BI', 'Python', 'SQL', 'Tableau']"
JOB07311,Web Developer,"['CSS', 'Git', 'HTML', 'Java', 'JavaScript', 'Machine Learning', 'Oracle', 'React']"
JOB07312,Python Developer,"['Django', 'Flask', 'Git', 'Python', 'SQL']"
JOB07313,Data Engineer,"['AWS', 'ETL', 'Python', 'SQL', 'Spark']"
JOB07314,SQL Developer,"['Database', 'ETL', 'MySQL', 'PostgreSQL', 'SQL']"
JOB07315,HR Analyst,"['Data Analysis', 'Excel', 'HR Analytics', 'Power BI', 'SQL']"
JOB07316,Financial Analyst,"['Excel', 'Financial Modeling', 'Power BI', 'SQL', 'Statistics']"
JOB07317,BI Analyst,"['DAX', 'Data Visualization', 'Excel', 'Power BI', 'SQL']"
JOB07318,Power BI Developer,"['DAX', 'Excel', 'Power BI', 'Power Query', 'SQL']"
JOB07319,Full Stack Developer,"['CSS', 'HTML', 'Java', 'JavaScript', 'Machine Learning', 'Node', 'React']"
JOB07320,Financial Analyst,"['Excel', 'Financial Modeling', 'Power BI', 'SQL', 'Statistics']"
JOB07321,Product Analyst,"['Excel', 'Product Analytics', 'Python', 'SQL']"
JOB07322,DevOps Engineer,"['AWS', 'Docker', 'Jenkins', 'Kubernetes', 'Linux', 'Oracle']"
JOB07323,Financial Analyst,"['Excel', 'Financial Modeling', 'Oracle', 'Power BI', 'SQL', 'Statistics']"
JOB07324,BI Analyst,"['DAX', 'Data Visualization', 'Excel', 'Power BI', 'SQL']"
JOB07325,Data Scientist,"['Machine Learning', 'Pandas', 'Python', 'SQL', 'Statistics']"
JOB07326,Database Administrator,"['Database', 'Database Administration', 'MySQL', 'Oracle', 'PostgreSQL', 'SQL']"
JOB07327,Cloud Engineer,"['AWS', 'Azure', 'Cloud Computing', 'Docker', 'Linux']"
JOB07328,DevOps Engineer,"['AWS', 'Docker', 'Jenkins', 'Kubernetes', 'Linux']"
JOB07329,Marketing Analyst,"['Excel', 'Marketing Analytics', 'Power BI', 'Python', 'SQL']"
JOB07330,Database Administrator,"['Database', 'Database Administration', 'MySQL', 'Oracle', 'PostgreSQL', 'SQL']"
JOB07331,Python Developer,"['Django', 'Flask', 'Git', 'Python', 'SQL']"
JOB07332,Cloud Engineer,"['AWS', 'Azure', 'Cloud Computing', 'Docker', 'Linux']"
JOB07333,Machine Learning Engineer,"['Docker', 'Machine Learning', 'Python', 'Scikit-learn', 'TensorFlow']"
JOB07334,Database Administrator,"['Database', 'Database Administration', 'MySQL', 'Oracle', 'PostgreSQL', 'SQL']"
JOB07335,Product Analyst,"['Excel', 'Product Analytics', 'Python', 'SQL']"
JOB07336,Data Engineer,"['AWS', 'ETL', 'Python', 'SQL', 'Spark']"
JOB07337,Product Analyst,"['Excel', 'Oracle', 'Product Analytics', 'Python', 'SQL']"
JOB07338,Data Scientist,"['Machine Learning', 'Pandas', 'Python', 'SQL', 'Statistics']"
JOB07339,Web Developer,"['CSS', 'Cloud Computing', 'Git', 'HTML', 'Java', 'JavaScript', 'Machine Learning', 'React']"
JOB07340,Data Engineer,"['AWS', 'ETL', 'Python', 'SQL', 'Spark']"
JOB07341,Data Analyst,"['Excel', 'Power BI', 'Python', 'SQL', 'Tableau']"
JOB07342,Full Stack Developer,"['CSS', 'HTML', 'Java', 'JavaScript', 'Machine Learning', 'Node', 'React']"
JOB07343,Full Stack Developer,"['CSS', 'HTML', 'Java', 'JavaScript', 'Machine Learning', 'Node', 'Oracle', 'React']"
JOB07344,BI Analyst,"['DAX', 'Data Visualization', 'Excel', 'Power BI', 'SQL']"
JOB07345,Python Developer,"['Django', 'Flask', 'Git', 'Python', 'SQL']"
JOB07346,Product Analyst,"['Excel', 'Product Analytics', 'Python', 'SQL']"
JOB07347,Python Developer,"['Django', 'Flask', 'Git', 'Python', 'SQL']"
JOB07348,Database Administrator,"['Database', 'Database Administration', 'MySQL', 'Oracle', 'PostgreSQL', 'SQL']"
JOB07349,HR Analyst,"['Data Analysis', 'Excel', 'HR Analytics', 'Power BI', 'SQL']"
JOB07350,Power BI Developer,"['Cloud Computing', 'DAX', 'Excel', 'Power BI', 'Power Query', 'SQL']"
JOB07351,BI Analyst,"['DAX', 'Data Visualization', 'Excel', 'Power BI', 'SQL']"
JOB07352,BI Analyst,"['DAX', 'Data Visualization', 'Excel', 'Power BI', 'SQL']"
JOB07353,Business Analyst,"['Business Analysis', 'Excel', 'Power BI', 'Requirements Gathering', 'SQL']"
JOB07354,BI Analyst,"['DAX', 'Data Visualization', 'Excel', 'Power BI', 'SQL']"
JOB07355,Marketing Analyst,"['Excel', 'Marketing Analytics', 'Power BI', 'Python', 'SQL']"
JOB07356,Web Developer,"['CSS', 'Git', 'HTML', 'Java', 'JavaScript', 'Machine Learning', 'React']"
JOB07357,BI Analyst,"['DAX', 'Data Visualization', 'Excel', 'Power BI', 'SQL']"
JOB07358,SQL Developer,"['Database', 'ETL', 'MySQL', 'PostgreSQL', 'SQL']"
JOB07359,SQL Developer,"['Database', 'ETL', 'MySQL', 'PostgreSQL', 'SQL']"
JOB07360,Web Developer,"['CSS', 'Git', 'HTML', 'Java', 'JavaScript', 'Machine Learning', 'React']"
JOB07361,Product Analyst,"['Excel', 'Product Analytics', 'Python', 'SQL']"
JOB07362,Full Stack Developer,"['CSS', 'HTML', 'Java', 'JavaScript', 'Machine Learning', 'Node', 'React']"
JOB07363,Web Developer,"['CSS', 'Git', 'HTML', 'Java', 'JavaScript', 'Machine Learning', 'React']"
JOB07364,Machine Learning Engineer,"['Docker', 'Machine Learning', 'Python', 'Scikit-learn', 'TensorFlow']"
JOB07365,Marketing Analyst,"['Excel', 'Marketing Analytics', 'Oracle', 'Power BI', 'Python', 'SQL']"
JOB07366,SQL Developer,"['Database', 'ETL', 'MySQL', 'PostgreSQL', 'SQL']"
JOB07367,DevOps Engineer,"['AWS', 'Docker', 'Jenkins', 'Kubernetes', 'Linux']"
JOB07368,Full Stack Developer,"['CSS', 'HTML', 'Java', 'JavaScript', 'Machine Learning', 'Node', 'Oracle', 'React']"
JOB07369,Financial Analyst,"['Excel', 'Financial Modeling', 'Power BI', 'SQL', 'Statistics']"
JOB07370,Full Stack Developer,"['CSS', 'HTML', 'Java', 'JavaScript', 'Machine Learning', 'Node', 'React']"
JOB07371,Python Developer,"['Django', 'Flask', 'Git', 'Python', 'SQL']"
JOB07372,Product Analyst,"['Excel', 'Product Analytics', 'Python', 'SQL']"
JOB07373,SQL Developer,"['Database', 'ETL', 'MySQL', 'PostgreSQL', 'SQL']"
JOB07374,QA Engineer,"['Automation Testing', 'Java', 'Python', 'SQL', 'Selenium']"
JOB07375,BI Analyst,"['DAX', 'Data Visualization', 'Excel', 'Power BI', 'SQL']"
JOB07376,Data Scientist,"['Machine Learning', 'Pandas', 'Python', 'SQL', 'Statistics']"
JOB07377,Product Analyst,"['Excel', 'Product Analytics', 'Python', 'SQL']"
JOB07378,HR Analyst,"['Data Analysis', 'Excel', 'HR Analytics', 'Power BI', 'SQL']"
JOB07379,Machine Learning Engineer,"['Docker', 'Machine Learning', 'Python', 'Scikit-learn', 'TensorFlow']"
JOB07380,Database Administrator,"['Database', 'Database Administration', 'MySQL', 'Oracle', 'PostgreSQL', 'SQL']"
JOB07381,Database Administrator,"['Database', 'Database Administration', 'MySQL', 'Oracle', 'PostgreSQL', 'SQL']"
JOB07382,Full Stack Developer,"['CSS', 'HTML', 'Java', 'JavaScript', 'Machine Learning', 'Node', 'React']"
JOB07383,QA Engineer,"['Automation Testing', 'Cloud Computing', 'Java', 'Python', 'SQL', 'Selenium']"
JOB07384,QA Engineer,"['Automation Testing', 'Java', 'Python', 'SQL', 'Selenium']"
JOB07385,HR Analyst,"['Data Analysis', 'Excel', 'HR Analytics', 'Power BI', 'SQL']"
JOB07386,Software Engineer,"['Git', 'Java', 'Python', 'REST API', 'SQL']"
JOB07387,QA Engineer,"['Automation Testing', 'Java', 'Python', 'SQL', 'Selenium']"
JOB07388,Cloud Engineer,"['AWS', 'Azure', 'Cloud Computing', 'Docker', 'Linux']"
JOB07389,DevOps Engineer,"['AWS', 'Docker', 'Jenkins', 'Kubernetes', 'Linux']"
JOB07390,Database Administrator,"['Database', 'Database Administration', 'MySQL', 'Oracle', 'PostgreSQL', 'SQL']"
JOB07391,Web Developer,"['CSS', 'Cloud Computing', 'Git', 'HTML', 'Java', 'JavaScript', 'Machine Learning', 'React']"
JOB07392,Full Stack Developer,"['CSS', 'HTML', 'Java', 'JavaScript', 'Machine Learning', 'Node', 'React']"
JOB07393,Marketing Analyst,"['Excel', 'Marketing Analytics', 'Power BI', 'Python', 'SQL']"
JOB07394,HR Analyst,"['Data Analysis', 'Excel', 'HR Analytics', 'Power BI', 'SQL']"
JOB07395,Python Developer,"['Django', 'Flask', 'Git', 'Python', 'SQL']"
JOB07396,Cloud Engineer,"['AWS', 'Azure', 'Cloud Computing', 'Docker', 'Linux']"
JOB07397,HR Analyst,"['Data Analysis', 'Excel', 'HR Analytics', 'Power BI', 'SQL']"
JOB07398,BI Analyst,"['DAX', 'Data Visualization', 'Excel', 'Power BI', 'SQL']"
JOB07399,Python Developer,"['Django', 'Flask', 'Git', 'Python', 'SQL']"
JOB07400,Web Developer,"['CSS', 'Git', 'HTML', 'Java', 'JavaScript', 'Machine Learning', 'React']"
JOB07401,HR Analyst,"['Data Analysis', 'Excel', 'HR Analytics', 'Power BI', 'SQL']"
JOB07402,Data Scientist,"['Machine Learning', 'Pandas', 'Python', 'SQL', 'Statistics']"
JOB07403,Product Analyst,"['Excel', 'Product Analytics', 'Python', 'SQL']"
JOB07404,Machine Learning Engineer,"['Docker', 'Machine Learning', 'Python', 'Scikit-learn', 'TensorFlow']"
JOB07405,DevOps Engineer,"['AWS', 'Docker', 'Jenkins', 'Kubernetes', 'Linux']"
JOB07406,QA Engineer,"['Automation Testing', 'Java', 'Python', 'SQL', 'Selenium']"
JOB07407,QA Engineer,"['Automation Testing', 'Java', 'Python', 'SQL', 'Selenium']"
JOB07408,Cloud Engineer,"['AWS', 'Azure', 'Cloud Computing', 'Docker', 'Linux']"
JOB07409,Software Engineer,"['Git', 'Java', 'Python', 'REST API', 'SQL']"
JOB07410,HR Analyst,"['Data Analysis', 'Excel', 'HR Analytics', 'Power BI', 'SQL']"
JOB07411,Web Developer,"['CSS', 'Git', 'HTML', 'Java', 'JavaScript', 'Machine Learning', 'React']"
JOB07412,Cloud Engineer,"['AWS', 'Azure', 'Cloud Computing', 'Docker', 'Linux', 'Oracle']"
JOB07413,Software Engineer,"['Cloud Computing', 'Git', 'Java', 'Python', 'REST API', 'SQL']"
JOB07414,Full Stack Developer,"['CSS', 'Cloud Computing', 'HTML', 'Java', 'JavaScript', 'Machine Learning', 'Node', 'React']"
JOB07415,Financial Analyst,"['Excel', 'Financial Modeling', 'Power BI', 'SQL', 'Statistics']"
JOB07416,HR Analyst,"['Data Analysis', 'Excel', 'HR Analytics', 'Power BI', 'SQL']"
JOB07417,Product Analyst,"['Excel', 'Product Analytics', 'Python', 'SQL']"
JOB07418,Machine Learning Engineer,"['Docker', 'Machine Learning', 'Python', 'Scikit-learn', 'TensorFlow']"
JOB07419,Business Analyst,"['Business Analysis', 'Excel', 'Power BI', 'Requirements Gathering', 'SQL']"
JOB07420,Power BI Developer,"['DAX', 'Excel', 'Power BI', 'Power Query', 'SQL']"
JOB07421,Database Administrator,"['Database', 'Database Administration', 'MySQL', 'Oracle', 'PostgreSQL', 'SQL']"
JOB07422,Power BI Developer,"['DAX', 'Excel', 'Power BI', 'Power Query', 'SQL']"
JOB07423,QA Engineer,"['Automation Testing', 'Java', 'Oracle', 'Python', 'SQL', 'Selenium']"
JOB07424,Product Analyst,"['Excel', 'Product Analytics', 'Python', 'SQL']"
JOB07425,Business Analyst,"['Business Analysis', 'Excel', 'Power BI', 'Requirements Gathering', 'SQL']"
JOB07426,SQL Developer,"['Database', 'ETL', 'MySQL', 'PostgreSQL', 'SQL']"
JOB07427,Software Engineer,"['Git', 'Java', 'Python', 'REST API', 'SQL']"
JOB07428,Business Analyst,"['Business Analysis', 'Excel', 'Power BI', 'Requirements Gathering', 'SQL']"
JOB07429,Business Analyst,"['Business Analysis', 'Excel', 'Power BI', 'Requirements Gathering', 'SQL']"
JOB07430,BI Analyst,"['DAX', 'Data Visualization', 'Excel', 'Power BI', 'SQL']"
JOB07431,Power BI Developer,"['DAX', 'Excel', 'Power BI', 'Power Query', 'SQL']"
JOB07432,Data Engineer,"['AWS', 'ETL', 'Python', 'SQL', 'Spark']"
JOB07433,SQL Developer,"['Database', 'ETL', 'MySQL', 'PostgreSQL', 'SQL']"
JOB07434,HR Analyst,"['Data Analysis', 'Excel', 'HR Analytics', 'Power BI', 'SQL']"
JOB07435,Python Developer,"['Django', 'Flask', 'Git', 'Python', 'SQL']"
JOB07436,HR Analyst,"['Data Analysis', 'Excel', 'HR Analytics', 'Power BI', 'SQL']"
JOB07437,DevOps Engineer,"['AWS', 'Docker', 'Jenkins', 'Kubernetes', 'Linux']"
JOB07438,BI Analyst,"['DAX', 'Data Visualization', 'Excel', 'Power BI', 'SQL']"
JOB07439,Web Developer,"['CSS', 'Git', 'HTML', 'Java', 'JavaScript', 'Machine Learning', 'Oracle', 'React']"
JOB07440,DevOps Engineer,"['AWS', 'Docker', 'Jenkins', 'Kubernetes', 'Linux']"
JOB07441,Business Analyst,"['Business Analysis', 'Excel', 'Power BI', 'Requirements Gathering', 'SQL']"
JOB07442,Python Developer,"['Cloud Computing', 'Django', 'Flask', 'Git', 'Python', 'SQL']"
JOB07443,Data Scientist,"['Machine Learning', 'Pandas', 'Python', 'SQL', 'Statistics']"
JOB07444,Marketing Analyst,"['Excel', 'Marketing Analytics', 'Power BI', 'Python', 'SQL']"
JOB07445,BI Analyst,"['DAX', 'Data Visualization', 'Excel', 'Power BI', 'SQL']"
JOB07446,Product Analyst,"['Excel', 'Product Analytics', 'Python', 'SQL']"
JOB07447,BI Analyst,"['DAX', 'Data Visualization', 'Excel', 'Power BI', 'SQL']"
JOB07448,SQL Developer,"['Database', 'ETL', 'MySQL', 'PostgreSQL', 'SQL']"
JOB07449,QA Engineer,"['Automation Testing', 'Java', 'Oracle', 'Python', 'SQL', 'Selenium']"
JOB07450,Marketing Analyst,"['Excel', 'Marketing Analytics', 'Power BI', 'Python', 'SQL']"
JOB07451,Marketing Analyst,"['Excel', 'Marketing Analytics', 'Power BI', 'Python', 'SQL']"
JOB07452,BI Analyst,"['DAX', 'Data Visualization', 'Excel', 'Power BI', 'SQL']"
JOB07453,Financial Analyst,"['Cloud Computing', 'Excel', 'Financial Modeling', 'Power BI', 'SQL', 'Statistics']"
JOB07454,Python Developer,"['Django', 'Flask', 'Git', 'Python', 'SQL']"
JOB07455,Full Stack Developer,"['CSS', 'HTML', 'Java', 'JavaScript', 'Machine Learning', 'Node', 'React']"
JOB07456,Data Scientist,"['Machine Learning', 'Pandas', 'Python', 'SQL', 'Statistics']"
JOB07457,SQL Developer,"['Database', 'ETL', 'MySQL', 'PostgreSQL', 'SQL']"
JOB07458,Web Developer,"['CSS', 'Git', 'HTML', 'Java', 'JavaScript', 'Machine Learning', 'React']"
JOB07459,Full Stack Developer,"['CSS', 'HTML', 'Java', 'JavaScript', 'Machine Learning', 'Node', 'Oracle', 'React']"
JOB07460,SQL Developer,"['Database', 'ETL', 'MySQL', 'PostgreSQL', 'SQL']"
JOB07461,Software Engineer,"['Git', 'Java', 'Python', 'REST API', 'SQL']"
JOB07462,HR Analyst,"['Cloud Computing', 'Data Analysis', 'Excel', 'HR Analytics', 'Power BI', 'SQL']"
JOB07463,Data Analyst,"['Excel', 'Power BI', 'Python', 'SQL', 'Tableau']"
JOB07464,QA Engineer,"['Automation Testing', 'Java', 'Python', 'SQL', 'Selenium']"
JOB07465,Machine Learning Engineer,"['Docker', 'Machine Learning', 'Python', 'Scikit-learn', 'TensorFlow']"
JOB07466,Financial Analyst,"['Excel', 'Financial Modeling', 'Power BI', 'SQL', 'Statistics']"
JOB07467,Full Stack Developer,"['CSS', 'HTML', 'Java', 'JavaScript', 'Machine Learning', 'Node', 'React']"
JOB07468,Business Analyst,"['Business Analysis', 'Cloud Computing', 'Excel', 'Power BI', 'Requirements Gathering', 'SQL']"
JOB07469,Power BI Developer,"['Cloud Computing', 'DAX', 'Excel', 'Power BI', 'Power Query', 'SQL']"
JOB07470,Web Developer,"['CSS', 'Git', 'HTML', 'Java', 'JavaScript', 'Machine Learning', 'React']"
JOB07471,Data Analyst,"['Excel', 'Power BI', 'Python', 'SQL', 'Tableau']"
JOB07472,Product Analyst,"['Excel', 'Product Analytics', 'Python', 'SQL']"
JOB07473,Machine Learning Engineer,"['Cloud Computing', 'Docker', 'Machine Learning', 'Python', 'Scikit-learn', 'TensorFlow']"
JOB07474,Cloud Engineer,"['AWS', 'Azure', 'Cloud Computing', 'Docker', 'Linux']"
JOB07475,Data Scientist,"['Machine Learning', 'Pandas', 'Python', 'SQL', 'Statistics']"
JOB07476,Data Engineer,"['AWS', 'ETL', 'Python', 'SQL', 'Spark']"
JOB07477,BI Analyst,"['DAX', 'Data Visualization', 'Excel', 'Power BI', 'SQL']"
JOB07478,Marketing Analyst,"['Excel', 'Marketing Analytics', 'Power BI', 'Python', 'SQL']"
JOB07479,Financial Analyst,"['Excel', 'Financial Modeling', 'Power BI', 'SQL', 'Statistics']"
JOB07480,Database Administrator,"['Database', 'Database Administration', 'MySQL', 'Oracle', 'PostgreSQL', 'SQL']"
JOB07481,Data Scientist,"['Machine Learning', 'Pandas', 'Python', 'SQL', 'Statistics']"
JOB07482,Database Administrator,"['Database', 'Database Administration', 'MySQL', 'Oracle', 'PostgreSQL', 'SQL']"
JOB07483,Software Engineer,"['Git', 'Java', 'Python', 'REST API', 'SQL']"
JOB07484,Python Developer,"['Django', 'Flask', 'Git', 'Python', 'SQL']"
JOB07485,Financial Analyst,"['Excel', 'Financial Modeling', 'Power BI', 'SQL', 'Statistics']"
JOB07486,Power BI Developer,"['Cloud Computing', 'DAX', 'Excel', 'Power BI', 'Power Query', 'SQL']"
JOB07487,Machine Learning Engineer,"['Docker', 'Machine Learning', 'Python', 'Scikit-learn', 'TensorFlow']"
JOB07488,Marketing Analyst,"['Excel', 'Marketing Analytics', 'Power BI', 'Python', 'SQL']"
JOB07489,Financial Analyst,"['Excel', 'Financial Modeling', 'Power BI', 'SQL', 'Statistics']"
JOB07490,Web Developer,"['CSS', 'Git', 'HTML', 'Java', 'JavaScript', 'Machine Learning', 'React']"
JOB07491,Data Engineer,"['AWS', 'ETL', 'Python', 'SQL', 'Spark']"
JOB07492,DevOps Engineer,"['AWS', 'Docker', 'Jenkins', 'Kubernetes', 'Linux']"
JOB07493,Machine Learning Engineer,"['Docker', 'Machine Learning', 'Python', 'Scikit-learn', 'TensorFlow']"
JOB07494,DevOps Engineer,"['AWS', 'Docker', 'Jenkins', 'Kubernetes', 'Linux']"
JOB07495,Machine Learning Engineer,"['Docker', 'Machine Learning', 'Python', 'Scikit-learn', 'TensorFlow']"
JOB07496,Python Developer,"['Django', 'Flask', 'Git', 'Python', 'SQL']"
JOB07497,Power BI Developer,"['DAX', 'Excel', 'Power BI', 'Power Query', 'SQL']"
JOB07498,DevOps Engineer,"['AWS', 'Docker', 'Jenkins', 'Kubernetes', 'Linux']"
JOB07499,Business Analyst,"['Business Analysis', 'Excel', 'Power BI', 'Requirements Gathering', 'SQL']"
JOB07500,DevOps Engineer,"['AWS', 'Docker', 'Jenkins', 'Kubernetes', 'Linux']"
JOB07501,Product Analyst,"['Excel', 'Product Analytics', 'Python', 'SQL']"
JOB07502,Web Developer,"['CSS', 'Git', 'HTML', 'Java', 'JavaScript', 'Machine Learning', 'React']"
JOB07503,BI Analyst,"['DAX', 'Data Visualization', 'Excel', 'Oracle', 'Power BI', 'SQL']"
JOB07504,Web Developer,"['CSS', 'Git', 'HTML', 'Java', 'JavaScript', 'Machine Learning', 'React']"
JOB07505,Power BI Developer,"['Cloud Computing', 'DAX', 'Excel', 'Power BI', 'Power Query', 'SQL']"
JOB07506,Financial Analyst,"['Excel', 'Financial Modeling', 'Power BI', 'SQL', 'Statistics']"
JOB07507,Marketing Analyst,"['Excel', 'Marketing Analytics', 'Power BI', 'Python', 'SQL']"
JOB07508,Web Developer,"['CSS', 'Git', 'HTML', 'Java', 'JavaScript', 'Machine Learning', 'React']"
JOB07509,Product Analyst,"['Excel', 'Product Analytics', 'Python', 'SQL']"
JOB07510,Power BI Developer,"['DAX', 'Excel', 'Power BI', 'Power Query', 'SQL']"
JOB07511,HR Analyst,"['Data Analysis', 'Excel', 'HR Analytics', 'Power BI', 'SQL']"
JOB07512,Full Stack Developer,"['CSS', 'HTML', 'Java', 'JavaScript', 'Machine Learning', 'Node', 'React']"
JOB07513,DevOps Engineer,"['AWS', 'Docker', 'Jenkins', 'Kubernetes', 'Linux']"
JOB07514,Software Engineer,"['Git', 'Java', 'Python', 'REST API', 'SQL']"
JOB07515,Software Engineer,"['Git', 'Java', 'Python', 'REST API', 'SQL']"
JOB07516,Marketing Analyst,"['Excel', 'Marketing Analytics', 'Power BI', 'Python', 'SQL']"
JOB07517,Web Developer,"['CSS', 'Git', 'HTML', 'Java', 'JavaScript', 'Machine Learning', 'React']"
JOB07518,HR Analyst,"['Data Analysis', 'Excel', 'HR Analytics', 'Power BI', 'SQL']"
JOB07519,Machine Learning Engineer,"['Docker', 'Machine Learning', 'Python', 'Scikit-learn', 'TensorFlow']"
JOB07520,Data Analyst,"['Excel', 'Power BI', 'Python', 'SQL', 'Tableau']"
JOB07521,SQL Developer,"['Database', 'ETL', 'MySQL', 'PostgreSQL', 'SQL']"
JOB07522,DevOps Engineer,"['AWS', 'Docker', 'Jenkins', 'Kubernetes', 'Linux']"
JOB07523,BI Analyst,"['DAX', 'Data Visualization', 'Excel', 'Power BI', 'SQL']"
JOB07524,Financial Analyst,"['Excel', 'Financial Modeling', 'Power BI', 'SQL', 'Statistics']"
JOB07525,Database Administrator,"['Database', 'Database Administration', 'MySQL', 'Oracle', 'PostgreSQL', 'SQL']"
JOB07526,Database Administrator,"['Database', 'Database Administration', 'MySQL', 'Oracle', 'PostgreSQL', 'SQL']"
JOB07527,Data Analyst,"['Excel', 'Power BI', 'Python', 'SQL', 'Tableau']"
JOB07528,Financial Analyst,"['Excel', 'Financial Modeling', 'Power BI', 'SQL', 'Statistics']"
JOB07529,BI Analyst,"['DAX', 'Data Visualization', 'Excel', 'Power BI', 'SQL']"
JOB07530,Data Engineer,"['AWS', 'ETL', 'Python', 'SQL', 'Spark']"
JOB07531,Business Analyst,"['Business Analysis', 'Excel', 'Power BI', 'Requirements Gathering', 'SQL']"
JOB07532,Python Developer,"['Django', 'Flask', 'Git', 'Python', 'SQL']"
JOB07533,Machine Learning Engineer,"['Docker', 'Machine Learning', 'Python', 'Scikit-learn', 'TensorFlow']"
JOB07534,Business Analyst,"['Business Analysis', 'Excel', 'Power BI', 'Requirements Gathering', 'SQL']"
JOB07535,BI Analyst,"['DAX', 'Data Visualization', 'Excel', 'Power BI', 'SQL']"
JOB07536,Data Engineer,"['AWS', 'ETL', 'Python', 'SQL', 'Spark']"
JOB07537,Data Scientist,"['Machine Learning', 'Pandas', 'Python', 'SQL', 'Statistics']"
JOB07538,Product Analyst,"['Excel', 'Oracle', 'Product Analytics', 'Python', 'SQL']"
JOB07539,BI Analyst,"['DAX', 'Data Visualization', 'Excel', 'Power BI', 'SQL']"
JOB07540,Product Analyst,"['Excel', 'Product Analytics', 'Python', 'SQL']"
JOB07541,Cloud Engineer,"['AWS', 'Azure', 'Cloud Computing', 'Docker', 'Linux']"
JOB07542,Data Analyst,"['Excel', 'Power BI', 'Python', 'SQL', 'Tableau']"
JOB07543,Product Analyst,"['Excel', 'Product Analytics', 'Python', 'SQL']"
JOB07544,Web Developer,"['CSS', 'Git', 'HTML', 'Java', 'JavaScript', 'Machine Learning', 'React']"
JOB07545,BI Analyst,"['DAX', 'Data Visualization', 'Excel', 'Power BI', 'SQL']"
JOB07546,Product Analyst,"['Excel', 'Product Analytics', 'Python', 'SQL']"
JOB07547,DevOps Engineer,"['AWS', 'Cloud Computing', 'Docker', 'Jenkins', 'Kubernetes', 'Linux']"
JOB07548,Data Scientist,"['Cloud Computing', 'Machine Learning', 'Pandas', 'Python', 'SQL', 'Statistics']"
JOB07549,Python Developer,"['Django', 'Flask', 'Git', 'Python', 'SQL']"
JOB07550,Web Developer,"['CSS', 'Git', 'HTML', 'Java', 'JavaScript', 'Machine Learning', 'React']"
JOB07551,Product Analyst,"['Excel', 'Product Analytics', 'Python', 'SQL']"
JOB07552,Power BI Developer,"['Cloud Computing', 'DAX', 'Excel', 'Power BI', 'Power Query', 'SQL']"
JOB07553,Data Scientist,"['Machine Learning', 'Pandas', 'Python', 'SQL', 'Statistics']"
JOB07554,SQL Developer,"['Database', 'ETL', 'MySQL', 'PostgreSQL', 'SQL']"
JOB07555,Financial Analyst,"['Excel', 'Financial Modeling', 'Oracle', 'Power BI', 'SQL', 'Statistics']"
JOB07556,Machine Learning Engineer,"['Docker', 'Machine Learning', 'Python', 'Scikit-learn', 'TensorFlow']"
JOB07557,BI Analyst,"['DAX', 'Data Visualization', 'Excel', 'Power BI', 'SQL']"
JOB07558,Database Administrator,"['Database', 'Database Administration', 'MySQL', 'Oracle', 'PostgreSQL', 'SQL']"
JOB07559,HR Analyst,"['Data Analysis', 'Excel', 'HR Analytics', 'Power BI', 'SQL']"
JOB07560,Data Engineer,"['AWS', 'ETL', 'Python', 'SQL', 'Spark']"
JOB07561,Software Engineer,"['Git', 'Java', 'Python', 'REST API', 'SQL']"
JOB07562,SQL Developer,"['Database', 'ETL', 'MySQL', 'PostgreSQL', 'SQL']"
JOB07563,Data Scientist,"['Machine Learning', 'Pandas', 'Python', 'SQL', 'Statistics']"
JOB07564,Marketing Analyst,"['Excel', 'Marketing Analytics', 'Power BI', 'Python', 'SQL']"
JOB07565,Data Analyst,"['Cloud Computing', 'Excel', 'Power BI', 'Python', 'SQL', 'Tableau']"
JOB07566,SQL Developer,"['Database', 'ETL', 'MySQL', 'PostgreSQL', 'SQL']"
JOB07567,Financial Analyst,"['Cloud Computing', 'Excel', 'Financial Modeling', 'Power BI', 'SQL', 'Statistics']"
JOB07568,Full Stack Developer,"['CSS', 'HTML', 'Java', 'JavaScript', 'Machine Learning', 'Node', 'React']"
JOB07569,Data Analyst,"['Excel', 'Power BI', 'Python', 'SQL', 'Tableau']"
JOB07570,HR Analyst,"['Data Analysis', 'Excel', 'HR Analytics', 'Power BI', 'SQL']"
JOB07571,HR Analyst,"['Data Analysis', 'Excel', 'HR Analytics', 'Power BI', 'SQL']"
JOB07572,Full Stack Developer,"['CSS', 'Cloud Computing', 'HTML', 'Java', 'JavaScript', 'Machine Learning', 'Node', 'React']"
JOB07573,Power BI Developer,"['DAX', 'Excel', 'Power BI', 'Power Query', 'SQL']"
JOB07574,SQL Developer,"['Cloud Computing', 'Database', 'ETL', 'MySQL', 'PostgreSQL', 'SQL']"
JOB07575,Machine Learning Engineer,"['Docker', 'Machine Learning', 'Python', 'Scikit-learn', 'TensorFlow']"
JOB07576,Python Developer,"['Django', 'Flask', 'Git', 'Python', 'SQL']"
JOB07577,Data Scientist,"['Cloud Computing', 'Machine Learning', 'Pandas', 'Python', 'SQL', 'Statistics']"
JOB07578,Database Administrator,"['Database', 'Database Administration', 'MySQL', 'Oracle', 'PostgreSQL', 'SQL']"
JOB07579,Financial Analyst,"['Excel', 'Financial Modeling', 'Power BI', 'SQL', 'Statistics']"
JOB07580,Product Analyst,"['Cloud Computing', 'Excel', 'Product Analytics', 'Python', 'SQL']"
JOB07581,Data Analyst,"['Excel', 'Power BI', 'Python', 'SQL', 'Tableau']"
JOB07582,DevOps Engineer,"['AWS', 'Docker', 'Jenkins', 'Kubernetes', 'Linux']"
JOB07583,DevOps Engineer,"['AWS', 'Docker', 'Jenkins', 'Kubernetes', 'Linux']"
JOB07584,Machine Learning Engineer,"['Docker', 'Machine Learning', 'Python', 'Scikit-learn', 'TensorFlow']"
JOB07585,Database Administrator,"['Database', 'Database Administration', 'MySQL', 'Oracle', 'PostgreSQL', 'SQL']"
JOB07586,BI Analyst,"['DAX', 'Data Visualization', 'Excel', 'Power BI', 'SQL']"
JOB07587,Power BI Developer,"['DAX', 'Excel', 'Power BI', 'Power Query', 'SQL']"
JOB07588,Full Stack Developer,"['CSS', 'HTML', 'Java', 'JavaScript', 'Machine Learning', 'Node', 'React']"
JOB07589,Cloud Engineer,"['AWS', 'Azure', 'Cloud Computing', 'Docker', 'Linux']"
JOB07590,Python Developer,"['Django', 'Flask', 'Git', 'Python', 'SQL']"
JOB07591,Data Analyst,"['Excel', 'Power BI', 'Python', 'SQL', 'Tableau']"
JOB07592,BI Analyst,"['DAX', 'Data Visualization', 'Excel', 'Power BI', 'SQL']"
JOB07593,Business Analyst,"['Business Analysis', 'Excel', 'Power BI', 'Requirements Gathering', 'SQL']"
JOB07594,Financial Analyst,"['Excel', 'Financial Modeling', 'Power BI', 'SQL', 'Statistics']"
JOB07595,SQL Developer,"['Database', 'ETL', 'MySQL', 'PostgreSQL', 'SQL']"
JOB07596,Business Analyst,"['Business Analysis', 'Excel', 'Power BI', 'Requirements Gathering', 'SQL']"
JOB07597,Financial Analyst,"['Excel', 'Financial Modeling', 'Power BI', 'SQL', 'Statistics']"
JOB07598,Data Scientist,"['Machine Learning', 'Pandas', 'Python', 'SQL', 'Statistics']"
JOB07599,Machine Learning Engineer,"['Docker', 'Machine Learning', 'Python', 'Scikit-learn', 'TensorFlow']"
JOB07600,Marketing Analyst,"['Excel', 'Marketing Analytics', 'Power BI', 'Python', 'SQL']"
JOB07601,HR Analyst,"['Data Analysis', 'Excel', 'HR Analytics', 'Power BI', 'SQL']"
JOB07602,HR Analyst,"['Data Analysis', 'Excel', 'HR Analytics', 'Power BI', 'SQL']"
JOB07603,Power BI Developer,"['DAX', 'Excel', 'Power BI', 'Power Query', 'SQL']"
JOB07604,Product Analyst,"['Excel', 'Product Analytics', 'Python', 'SQL']"
JOB07605,Product Analyst,"['Excel', 'Product Analytics', 'Python', 'SQL']"
JOB07606,Web Developer,"['CSS', 'Git', 'HTML', 'Java', 'JavaScript', 'Machine Learning', 'React']"
JOB07607,Software Engineer,"['Git', 'Java', 'Python', 'REST API', 'SQL']"
JOB07608,Data Engineer,"['AWS', 'ETL', 'Python', 'SQL', 'Spark']"
JOB07609,QA Engineer,"['Automation Testing', 'Java', 'Python', 'SQL', 'Selenium']"
JOB07610,QA Engineer,"['Automation Testing', 'Java', 'Python', 'SQL', 'Selenium']"
JOB07611,QA Engineer,"['Automation Testing', 'Java', 'Oracle', 'Python', 'SQL', 'Selenium']"
JOB07612,Product Analyst,"['Excel', 'Product Analytics', 'Python', 'SQL']"
JOB07613,Power BI Developer,"['DAX', 'Excel', 'Power BI', 'Power Query', 'SQL']"
JOB07614,Power BI Developer,"['Cloud Computing', 'DAX', 'Excel', 'Power BI', 'Power Query', 'SQL']"
JOB07615,Marketing Analyst,"['Excel', 'Marketing Analytics', 'Power BI', 'Python', 'SQL']"
JOB07616,Python Developer,"['Django', 'Flask', 'Git', 'Python', 'SQL']"
JOB07617,Data Analyst,"['Excel', 'Power BI', 'Python', 'SQL', 'Tableau']"
JOB07618,Power BI Developer,"['DAX', 'Excel', 'Power BI', 'Power Query', 'SQL']"
JOB07619,SQL Developer,"['Database', 'ETL', 'MySQL', 'PostgreSQL', 'SQL']"
JOB07620,Machine Learning Engineer,"['Docker', 'Machine Learning', 'Python', 'Scikit-learn', 'TensorFlow']"
JOB07621,Financial Analyst,"['Excel', 'Financial Modeling', 'Power BI', 'SQL', 'Statistics']"
JOB07622,Machine Learning Engineer,"['Docker', 'Machine Learning', 'Python', 'Scikit-learn', 'TensorFlow']"
JOB07623,Product Analyst,"['Excel', 'Product Analytics', 'Python', 'SQL']"
JOB07624,Financial Analyst,"['Excel', 'Financial Modeling', 'Power BI', 'SQL', 'Statistics']"
JOB07625,Business Analyst,"['Business Analysis', 'Excel', 'Power BI', 'Requirements Gathering', 'SQL']"
JOB07626,Data Scientist,"['Machine Learning', 'Pandas', 'Python', 'SQL', 'Statistics']"
JOB07627,BI Analyst,"['DAX', 'Data Visualization', 'Excel', 'Oracle', 'Power BI', 'SQL']"
JOB07628,Python Developer,"['Django', 'Flask', 'Git', 'Python', 'SQL']"
JOB07629,HR Analyst,"['Data Analysis', 'Excel', 'HR Analytics', 'Power BI', 'SQL']"
JOB07630,Financial Analyst,"['Excel', 'Financial Modeling', 'Power BI', 'SQL', 'Statistics']"
JOB07631,Data Analyst,"['Excel', 'Power BI', 'Python', 'SQL', 'Tableau']"
JOB07632,DevOps Engineer,"['AWS', 'Docker', 'Jenkins', 'Kubernetes', 'Linux']"
JOB07633,Data Analyst,"['Excel', 'Power BI', 'Python', 'SQL', 'Tableau']"
JOB07634,Data Engineer,"['AWS', 'ETL', 'Python', 'SQL', 'Spark']"
JOB07635,Product Analyst,"['Excel', 'Product Analytics', 'Python', 'SQL']"
JOB07636,Python Developer,"['Django', 'Flask', 'Git', 'Python', 'SQL']"
JOB07637,Marketing Analyst,"['Excel', 'Marketing Analytics', 'Oracle', 'Power BI', 'Python', 'SQL']"
JOB07638,Product Analyst,"['Excel', 'Product Analytics', 'Python', 'SQL']"
JOB07639,Database Administrator,"['Database', 'Database Administration', 'MySQL', 'Oracle', 'PostgreSQL', 'SQL']"
JOB07640,DevOps Engineer,"['AWS', 'Docker', 'Jenkins', 'Kubernetes', 'Linux']"
JOB07641,Python Developer,"['Django', 'Flask', 'Git', 'Python', 'SQL']"
JOB07642,Python Developer,"['Django', 'Flask', 'Git', 'Python', 'SQL']"
JOB07643,QA Engineer,"['Automation Testing', 'Java', 'Python', 'SQL', 'Selenium']"
JOB07644,DevOps Engineer,"['AWS', 'Docker', 'Jenkins', 'Kubernetes', 'Linux']"
JOB07645,Financial Analyst,"['Excel', 'Financial Modeling', 'Power BI', 'SQL', 'Statistics']"
JOB07646,Financial Analyst,"['Cloud Computing', 'Excel', 'Financial Modeling', 'Power BI', 'SQL', 'Statistics']"
JOB07647,Cloud Engineer,"['AWS', 'Azure', 'Cloud Computing', 'Docker', 'Linux']"
JOB07648,Full Stack Developer,"['CSS', 'HTML', 'Java', 'JavaScript', 'Machine Learning', 'Node', 'Oracle', 'React']"
JOB07649,Web Developer,"['CSS', 'Git', 'HTML', 'Java', 'JavaScript', 'Machine Learning', 'React']"
JOB07650,Product Analyst,"['Excel', 'Product Analytics', 'Python', 'SQL']"
JOB07651,HR Analyst,"['Data Analysis', 'Excel', 'HR Analytics', 'Power BI', 'SQL']"
JOB07652,Python Developer,"['Django', 'Flask', 'Git', 'Python', 'SQL']"
JOB07653,Financial Analyst,"['Excel', 'Financial Modeling', 'Power BI', 'SQL', 'Statistics']"
JOB07654,QA Engineer,"['Automation Testing', 'Java', 'Python', 'SQL', 'Selenium']"
JOB07655,Data Analyst,"['Excel', 'Power BI', 'Python', 'SQL', 'Tableau']"
JOB07656,Business Analyst,"['Business Analysis', 'Excel', 'Power BI', 'Requirements Gathering', 'SQL']"
JOB07657,Python Developer,"['Django', 'Flask', 'Git', 'Python', 'SQL']"
JOB07658,HR Analyst,"['Data Analysis', 'Excel', 'HR Analytics', 'Power BI', 'SQL']"
JOB07659,Data Scientist,"['Machine Learning', 'Pandas', 'Python', 'SQL', 'Statistics']"
JOB07660,Cloud Engineer,"['AWS', 'Azure', 'Cloud Computing', 'Docker', 'Linux']"
JOB07661,BI Analyst,"['DAX', 'Data Visualization', 'Excel', 'Power BI', 'SQL']"
JOB07662,Python Developer,"['Django', 'Flask', 'Git', 'Python', 'SQL']"
JOB07663,Web Developer,"['CSS', 'Git', 'HTML', 'Java', 'JavaScript', 'Machine Learning', 'React']"
JOB07664,Power BI Developer,"['DAX', 'Excel', 'Power BI', 'Power Query', 'SQL']"
JOB07665,Full Stack Developer,"['CSS', 'HTML', 'Java', 'JavaScript', 'Machine Learning', 'Node', 'React']"
JOB07666,QA Engineer,"['Automation Testing', 'Java', 'Python', 'SQL', 'Selenium']"
JOB07667,Cloud Engineer,"['AWS', 'Azure', 'Cloud Computing', 'Docker', 'Linux']"
JOB07668,Power BI Developer,"['DAX', 'Excel', 'Power BI', 'Power Query', 'SQL']"
JOB07669,Web Developer,"['CSS', 'Git', 'HTML', 'Java', 'JavaScript', 'Machine Learning', 'React']"
JOB07670,Data Engineer,"['AWS', 'ETL', 'Python', 'SQL', 'Spark']"
JOB07671,Database Administrator,"['Cloud Computing', 'Database', 'Database Administration', 'MySQL', 'Oracle', 'PostgreSQL', 'SQL']"
JOB07672,Web Developer,"['CSS', 'Git', 'HTML', 'Java', 'JavaScript', 'Machine Learning', 'React']"
JOB07673,DevOps Engineer,"['AWS', 'Docker', 'Jenkins', 'Kubernetes', 'Linux']"
JOB07674,Financial Analyst,"['Excel', 'Financial Modeling', 'Oracle', 'Power BI', 'SQL', 'Statistics']"
JOB07675,Software Engineer,"['Git', 'Java', 'Python', 'REST API', 'SQL']"
JOB07676,Database Administrator,"['Database', 'Database Administration', 'MySQL', 'Oracle', 'PostgreSQL', 'SQL']"
JOB07677,Software Engineer,"['Git', 'Java', 'Python', 'REST API', 'SQL']"
JOB07678,Full Stack Developer,"['CSS', 'HTML', 'Java', 'JavaScript', 'Machine Learning', 'Node', 'Oracle', 'React']"
JOB07679,Database Administrator,"['Database', 'Database Administration', 'MySQL', 'Oracle', 'PostgreSQL', 'SQL']"
JOB07680,Machine Learning Engineer,"['Docker', 'Machine Learning', 'Python', 'Scikit-learn', 'TensorFlow']"
JOB07681,Data Analyst,"['Excel', 'Power BI', 'Python', 'SQL', 'Tableau']"
JOB07682,Marketing Analyst,"['Excel', 'Marketing Analytics', 'Power BI', 'Python', 'SQL']"
JOB07683,Cloud Engineer,"['AWS', 'Azure', 'Cloud Computing', 'Docker', 'Linux']"
JOB07684,Software Engineer,"['Git', 'Java', 'Python', 'REST API', 'SQL']"
JOB07685,SQL Developer,"['Database', 'ETL', 'MySQL', 'PostgreSQL', 'SQL']"
JOB07686,HR Analyst,"['Data Analysis', 'Excel', 'HR Analytics', 'Power BI', 'SQL']"
JOB07687,Product Analyst,"['Cloud Computing', 'Excel', 'Product Analytics', 'Python', 'SQL']"
JOB07688,Financial Analyst,"['Excel', 'Financial Modeling', 'Power BI', 'SQL', 'Statistics']"
JOB07689,Data Analyst,"['Excel', 'Power BI', 'Python', 'SQL', 'Tableau']"
JOB07690,Software Engineer,"['Git', 'Java', 'Python', 'REST API', 'SQL']"
JOB07691,Data Scientist,"['Machine Learning', 'Pandas', 'Python', 'SQL', 'Statistics']"
JOB07692,Marketing Analyst,"['Excel', 'Marketing Analytics', 'Power BI', 'Python', 'SQL']"
JOB07693,Marketing Analyst,"['Excel', 'Marketing Analytics', 'Power BI', 'Python', 'SQL']"
JOB07694,Data Analyst,"['Excel', 'Power BI', 'Python', 'SQL', 'Tableau']"
JOB07695,Marketing Analyst,"['Excel', 'Marketing Analytics', 'Power BI', 'Python', 'SQL']"
JOB07696,Machine Learning Engineer,"['Docker', 'Machine Learning', 'Python', 'Scikit-learn', 'TensorFlow']"
JOB07697,Product Analyst,"['Excel', 'Product Analytics', 'Python', 'SQL']"
JOB07698,Full Stack Developer,"['CSS', 'HTML', 'Java', 'JavaScript', 'Machine Learning', 'Node', 'React']"
JOB07699,Product Analyst,"['Excel', 'Product Analytics', 'Python', 'SQL']"
JOB07700,Financial Analyst,"['Excel', 'Financial Modeling', 'Power BI', 'SQL', 'Statistics']"
JOB07701,Business Analyst,"['Business Analysis', 'Excel', 'Power BI', 'Requirements Gathering', 'SQL']"
JOB07702,BI Analyst,"['DAX', 'Data Visualization', 'Excel', 'Power BI', 'SQL']"
JOB07703,Machine Learning Engineer,"['Docker', 'Machine Learning', 'Python', 'Scikit-learn', 'TensorFlow']"
JOB07704,Data Engineer,"['AWS', 'ETL', 'Python', 'SQL', 'Spark']"
JOB07705,Data Analyst,"['Excel', 'Power BI', 'Python', 'SQL', 'Tableau']"
JOB07706,HR Analyst,"['Data Analysis', 'Excel', 'HR Analytics', 'Power BI', 'SQL']"
JOB07707,QA Engineer,"['Automation Testing', 'Java', 'Python', 'SQL', 'Selenium']"
JOB07708,HR Analyst,"['Data Analysis', 'Excel', 'HR Analytics', 'Power BI', 'SQL']"
JOB07709,Database Administrator,"['Database', 'Database Administration', 'MySQL', 'Oracle', 'PostgreSQL', 'SQL']"
JOB07710,Data Analyst,"['Excel', 'Power BI', 'Python', 'SQL', 'Tableau']"
JOB07711,Python Developer,"['Django', 'Flask', 'Git', 'Python', 'SQL']"
JOB07712,QA Engineer,"['Automation Testing', 'Java', 'Python', 'SQL', 'Selenium']"
JOB07713,Web Developer,"['CSS', 'Git', 'HTML', 'Java', 'JavaScript', 'Machine Learning', 'Oracle', 'React']"
JOB07714,Data Analyst,"['Excel', 'Power BI', 'Python', 'SQL', 'Tableau']"
JOB07715,Python Developer,"['Django', 'Flask', 'Git', 'Python', 'SQL']"
JOB07716,SQL Developer,"['Database', 'ETL', 'MySQL', 'PostgreSQL', 'SQL']"
JOB07717,BI Analyst,"['DAX', 'Data Visualization', 'Excel', 'Power BI', 'SQL']"
JOB07718,Database Administrator,"['Database', 'Database Administration', 'MySQL', 'Oracle', 'PostgreSQL', 'SQL']"
JOB07719,SQL Developer,"['Database', 'ETL', 'MySQL', 'PostgreSQL', 'SQL']"
JOB07720,Database Administrator,"['Database', 'Database Administration', 'MySQL', 'Oracle', 'PostgreSQL', 'SQL']"
JOB07721,Product Analyst,"['Excel', 'Product Analytics', 'Python', 'SQL']"
JOB07722,DevOps Engineer,"['AWS', 'Docker', 'Jenkins', 'Kubernetes', 'Linux']"
JOB07723,Data Engineer,"['AWS', 'ETL', 'Python', 'SQL', 'Spark']"
JOB07724,HR Analyst,"['Cloud Computing', 'Data Analysis', 'Excel', 'HR Analytics', 'Power BI', 'SQL']"
JOB07725,Power BI Developer,"['DAX', 'Excel', 'Power BI', 'Power Query', 'SQL']"
JOB07726,Database Administrator,"['Database', 'Database Administration', 'MySQL', 'Oracle', 'PostgreSQL', 'SQL']"
JOB07727,Data Engineer,"['AWS', 'ETL', 'Python', 'SQL', 'Spark']"
JOB07728,Cloud Engineer,"['AWS', 'Azure', 'Cloud Computing', 'Docker', 'Linux']"
JOB07729,Python Developer,"['Django', 'Flask', 'Git', 'Python', 'SQL']"
JOB07730,Marketing Analyst,"['Excel', 'Marketing Analytics', 'Power BI', 'Python', 'SQL']"
JOB07731,Power BI Developer,"['DAX', 'Excel', 'Power BI', 'Power Query', 'SQL']"
JOB07732,SQL Developer,"['Database', 'ETL', 'MySQL', 'PostgreSQL', 'SQL']"
JOB07733,BI Analyst,"['DAX', 'Data Visualization', 'Excel', 'Power BI', 'SQL']"
JOB07734,Marketing Analyst,"['Excel', 'Marketing Analytics', 'Power BI', 'Python', 'SQL']"
JOB07735,HR Analyst,"['Data Analysis', 'Excel', 'HR Analytics', 'Power BI', 'SQL']"
JOB07736,Data Scientist,"['Machine Learning', 'Pandas', 'Python', 'SQL', 'Statistics']"
JOB07737,Marketing Analyst,"['Excel', 'Marketing Analytics', 'Power BI', 'Python', 'SQL']"
JOB07738,Database Administrator,"['Database', 'Database Administration', 'MySQL', 'Oracle', 'PostgreSQL', 'SQL']"
JOB07739,Cloud Engineer,"['AWS', 'Azure', 'Cloud Computing', 'Docker', 'Linux']"
JOB07740,Machine Learning Engineer,"['Docker', 'Machine Learning', 'Oracle', 'Python', 'Scikit-learn', 'TensorFlow']"
JOB07741,Power BI Developer,"['DAX', 'Excel', 'Power BI', 'Power Query', 'SQL']"
JOB07742,Database Administrator,"['Database', 'Database Administration', 'MySQL', 'Oracle', 'PostgreSQL', 'SQL']"
JOB07743,Database Administrator,"['Cloud Computing', 'Database', 'Database Administration', 'MySQL', 'Oracle', 'PostgreSQL', 'SQL']"
JOB07744,Marketing Analyst,"['Excel', 'Marketing Analytics', 'Power BI', 'Python', 'SQL']"
JOB07745,Data Engineer,"['AWS', 'Cloud Computing', 'ETL', 'Python', 'SQL', 'Spark']"
JOB07746,DevOps Engineer,"['AWS', 'Docker', 'Jenkins', 'Kubernetes', 'Linux']"
JOB07747,Python Developer,"['Django', 'Flask', 'Git', 'Python', 'SQL']"
JOB07748,Machine Learning Engineer,"['Docker', 'Machine Learning', 'Python', 'Scikit-learn', 'TensorFlow']"
JOB07749,SQL Developer,"['Database', 'ETL', 'MySQL', 'Oracle', 'PostgreSQL', 'SQL']"
JOB07750,SQL Developer,"['Database', 'ETL', 'MySQL', 'PostgreSQL', 'SQL']"
JOB07751,Financial Analyst,"['Excel', 'Financial Modeling', 'Power BI', 'SQL', 'Statistics']"
JOB07752,BI Analyst,"['DAX', 'Data Visualization', 'Excel', 'Power BI', 'SQL']"
JOB07753,Database Administrator,"['Database', 'Database Administration', 'MySQL', 'Oracle', 'PostgreSQL', 'SQL']"
JOB07754,Product Analyst,"['Excel', 'Product Analytics', 'Python', 'SQL']"
JOB07755,Marketing Analyst,"['Excel', 'Marketing Analytics', 'Power BI', 'Python', 'SQL']"
JOB07756,Marketing Analyst,"['Excel', 'Marketing Analytics', 'Power BI', 'Python', 'SQL']"
JOB07757,Full Stack Developer,"['CSS', 'HTML', 'Java', 'JavaScript', 'Machine Learning', 'Node', 'React']"
JOB07758,Cloud Engineer,"['AWS', 'Azure', 'Cloud Computing', 'Docker', 'Linux']"
JOB07759,Power BI Developer,"['DAX', 'Excel', 'Power BI', 'Power Query', 'SQL']"
JOB07760,Marketing Analyst,"['Cloud Computing', 'Excel', 'Marketing Analytics', 'Power BI', 'Python', 'SQL']"
JOB07761,Data Analyst,"['Excel', 'Power BI', 'Python', 'SQL', 'Tableau']"
JOB07762,Python Developer,"['Django', 'Flask', 'Git', 'Python', 'SQL']"
JOB07763,Business Analyst,"['Business Analysis', 'Excel', 'Power BI', 'Requirements Gathering', 'SQL']"
JOB07764,QA Engineer,"['Automation Testing', 'Java', 'Python', 'SQL', 'Selenium']"
JOB07765,Software Engineer,"['Git', 'Java', 'Python', 'REST API', 'SQL']"
JOB07766,SQL Developer,"['Database', 'ETL', 'MySQL', 'PostgreSQL', 'SQL']"
JOB07767,BI Analyst,"['DAX', 'Data Visualization', 'Excel', 'Power BI', 'SQL']"
JOB07768,Power BI Developer,"['DAX', 'Excel', 'Power BI', 'Power Query', 'SQL']"
JOB07769,Cloud Engineer,"['AWS', 'Azure', 'Cloud Computing', 'Docker', 'Linux']"
JOB07770,Machine Learning Engineer,"['Docker', 'Machine Learning', 'Python', 'Scikit-learn', 'TensorFlow']"
JOB07771,Data Engineer,"['AWS', 'ETL', 'Python', 'SQL', 'Spark']"
JOB07772,BI Analyst,"['DAX', 'Data Visualization', 'Excel', 'Power BI', 'SQL']"
JOB07773,Software Engineer,"['Git', 'Java', 'Python', 'REST API', 'SQL']"
JOB07774,Marketing Analyst,"['Excel', 'Marketing Analytics', 'Power BI', 'Python', 'SQL']"
JOB07775,QA Engineer,"['Automation Testing', 'Java', 'Python', 'SQL', 'Selenium']"
JOB07776,Data Scientist,"['Machine Learning', 'Oracle', 'Pandas', 'Python', 'SQL', 'Statistics']"
JOB07777,Full Stack Developer,"['CSS', 'HTML', 'Java', 'JavaScript', 'Machine Learning', 'Node', 'React']"
JOB07778,Python Developer,"['Django', 'Flask', 'Git', 'Python', 'SQL']"
JOB07779,Product Analyst,"['Excel', 'Product Analytics', 'Python', 'SQL']"
JOB07780,Business Analyst,"['Business Analysis', 'Excel', 'Power BI', 'Requirements Gathering', 'SQL']"
JOB07781,Web Developer,"['CSS', 'Git', 'HTML', 'Java', 'JavaScript', 'Machine Learning', 'React']"
JOB07782,Python Developer,"['Cloud Computing', 'Django', 'Flask', 'Git', 'Python', 'SQL']"
JOB07783,Database Administrator,"['Database', 'Database Administration', 'MySQL', 'Oracle', 'PostgreSQL', 'SQL']"
JOB07784,Marketing Analyst,"['Excel', 'Marketing Analytics', 'Power BI', 'Python', 'SQL']"
JOB07785,SQL Developer,"['Database', 'ETL', 'MySQL', 'PostgreSQL', 'SQL']"
JOB07786,Data Scientist,"['Machine Learning', 'Pandas', 'Python', 'SQL', 'Statistics']"
JOB07787,Data Analyst,"['Excel', 'Power BI', 'Python', 'SQL', 'Tableau']"
JOB07788,Financial Analyst,"['Excel', 'Financial Modeling', 'Power BI', 'SQL', 'Statistics']"
JOB07789,Product Analyst,"['Excel', 'Product Analytics', 'Python', 'SQL']"
JOB07790,Python Developer,"['Django', 'Flask', 'Git', 'Python', 'SQL']"
JOB07791,Python Developer,"['Django', 'Flask', 'Git', 'Python', 'SQL']"
JOB07792,Software Engineer,"['Git', 'Java', 'Python', 'REST API', 'SQL']"
JOB07793,Data Engineer,"['AWS', 'ETL', 'Python', 'SQL', 'Spark']"
JOB07794,Cloud Engineer,"['AWS', 'Azure', 'Cloud Computing', 'Docker', 'Linux']"
JOB07795,Cloud Engineer,"['AWS', 'Azure', 'Cloud Computing', 'Docker', 'Linux']"
JOB07796,Financial Analyst,"['Excel', 'Financial Modeling', 'Power BI', 'SQL', 'Statistics']"
JOB07797,Full Stack Developer,"['CSS', 'HTML', 'Java', 'JavaScript', 'Machine Learning', 'Node', 'React']"
JOB07798,Python Developer,"['Django', 'Flask', 'Git', 'Python', 'SQL']"
JOB07799,SQL Developer,"['Database', 'ETL', 'MySQL', 'PostgreSQL', 'SQL']"
JOB07800,Database Administrator,"['Database', 'Database Administration', 'MySQL', 'Oracle', 'PostgreSQL', 'SQL']"
JOB07801,Product Analyst,"['Excel', 'Product Analytics', 'Python', 'SQL']"
JOB07802,Product Analyst,"['Excel', 'Oracle', 'Product Analytics', 'Python', 'SQL']"
JOB07803,SQL Developer,"['Database', 'ETL', 'MySQL', 'PostgreSQL', 'SQL']"
JOB07804,Marketing Analyst,"['Excel', 'Marketing Analytics', 'Power BI', 'Python', 'SQL']"
JOB07805,Product Analyst,"['Excel', 'Product Analytics', 'Python', 'SQL']"
JOB07806,QA Engineer,"['Automation Testing', 'Java', 'Python', 'SQL', 'Selenium']"
JOB07807,Machine Learning Engineer,"['Docker', 'Machine Learning', 'Python', 'Scikit-learn', 'TensorFlow']"
JOB07808,DevOps Engineer,"['AWS', 'Cloud Computing', 'Docker', 'Jenkins', 'Kubernetes', 'Linux']"
JOB07809,SQL Developer,"['Database', 'ETL', 'MySQL', 'PostgreSQL', 'SQL']"
JOB07810,Business Analyst,"['Business Analysis', 'Excel', 'Power BI', 'Requirements Gathering', 'SQL']"
JOB07811,Marketing Analyst,"['Excel', 'Marketing Analytics', 'Power BI', 'Python', 'SQL']"
JOB07812,Data Scientist,"['Machine Learning', 'Pandas', 'Python', 'SQL', 'Statistics']"
JOB07813,DevOps Engineer,"['AWS', 'Docker', 'Jenkins', 'Kubernetes', 'Linux']"
JOB07814,DevOps Engineer,"['AWS', 'Docker', 'Jenkins', 'Kubernetes', 'Linux']"
JOB07815,Data Scientist,"['Machine Learning', 'Pandas', 'Python', 'SQL', 'Statistics']"
JOB07816,HR Analyst,"['Data Analysis', 'Excel', 'HR Analytics', 'Power BI', 'SQL']"
JOB07817,Full Stack Developer,"['CSS', 'HTML', 'Java', 'JavaScript', 'Machine Learning', 'Node', 'React']"
JOB07818,Python Developer,"['Django', 'Flask', 'Git', 'Python', 'SQL']"
JOB07819,Machine Learning Engineer,"['Docker', 'Machine Learning', 'Python', 'Scikit-learn', 'TensorFlow']"
JOB07820,Data Analyst,"['Excel', 'Power BI', 'Python', 'SQL', 'Tableau']"
JOB07821,Business Analyst,"['Business Analysis', 'Excel', 'Power BI', 'Requirements Gathering', 'SQL']"
JOB07822,DevOps Engineer,"['AWS', 'Docker', 'Jenkins', 'Kubernetes', 'Linux']"
JOB07823,Data Analyst,"['Cloud Computing', 'Excel', 'Power BI', 'Python', 'SQL', 'Tableau']"
JOB07824,Python Developer,"['Django', 'Flask', 'Git', 'Python', 'SQL']"
JOB07825,Python Developer,"['Django', 'Flask', 'Git', 'Python', 'SQL']"
JOB07826,Cloud Engineer,"['AWS', 'Azure', 'Cloud Computing', 'Docker', 'Linux']"
JOB07827,SQL Developer,"['Database', 'ETL', 'MySQL', 'PostgreSQL', 'SQL']"
JOB07828,Data Analyst,"['Excel', 'Power BI', 'Python', 'SQL', 'Tableau']"
JOB07829,Web Developer,"['CSS', 'Git', 'HTML', 'Java', 'JavaScript', 'Machine Learning', 'React']"
JOB07830,HR Analyst,"['Data Analysis', 'Excel', 'HR Analytics', 'Power BI', 'SQL']"
JOB07831,Python Developer,"['Django', 'Flask', 'Git', 'Python', 'SQL']"
JOB07832,Product Analyst,"['Excel', 'Product Analytics', 'Python', 'SQL']"
JOB07833,QA Engineer,"['Automation Testing', 'Java', 'Python', 'SQL', 'Selenium']"
JOB07834,Database Administrator,"['Database', 'Database Administration', 'MySQL', 'Oracle', 'PostgreSQL', 'SQL']"
JOB07835,Web Developer,"['CSS', 'Git', 'HTML', 'Java', 'JavaScript', 'Machine Learning', 'React']"
JOB07836,Financial Analyst,"['Excel', 'Financial Modeling', 'Power BI', 'SQL', 'Statistics']"
JOB07837,Web Developer,"['CSS', 'Git', 'HTML', 'Java', 'JavaScript', 'Machine Learning', 'React']"
JOB07838,SQL Developer,"['Database', 'ETL', 'MySQL', 'PostgreSQL', 'SQL']"
JOB07839,Database Administrator,"['Database', 'Database Administration', 'MySQL', 'Oracle', 'PostgreSQL', 'SQL']"
JOB07840,Database Administrator,"['Database', 'Database Administration', 'MySQL', 'Oracle', 'PostgreSQL', 'SQL']"
JOB07841,SQL Developer,"['Database', 'ETL', 'MySQL', 'PostgreSQL', 'SQL']"
JOB07842,Marketing Analyst,"['Excel', 'Marketing Analytics', 'Power BI', 'Python', 'SQL']"
JOB07843,Data Engineer,"['AWS', 'ETL', 'Python', 'SQL', 'Spark']"
JOB07844,QA Engineer,"['Automation Testing', 'Java', 'Python', 'SQL', 'Selenium']"
JOB07845,Web Developer,"['CSS', 'Cloud Computing', 'Git', 'HTML', 'Java', 'JavaScript', 'Machine Learning', 'React']"
JOB07846,Data Engineer,"['AWS', 'ETL', 'Oracle', 'Python', 'SQL', 'Spark']"
JOB07847,Database Administrator,"['Cloud Computing', 'Database', 'Database Administration', 'MySQL', 'Oracle', 'PostgreSQL', 'SQL']"
JOB07848,SQL Developer,"['Database', 'ETL', 'MySQL', 'PostgreSQL', 'SQL']"
JOB07849,Python Developer,"['Django', 'Flask', 'Git', 'Python', 'SQL']"
JOB07850,Full Stack Developer,"['CSS', 'HTML', 'Java', 'JavaScript', 'Machine Learning', 'Node', 'React']"
JOB07851,Web Developer,"['CSS', 'Git', 'HTML', 'Java', 'JavaScript', 'Machine Learning', 'React']"
JOB07852,DevOps Engineer,"['AWS', 'Docker', 'Jenkins', 'Kubernetes', 'Linux']"
JOB07853,Database Administrator,"['Database', 'Database Administration', 'MySQL', 'Oracle', 'PostgreSQL', 'SQL']"
JOB07854,Data Analyst,"['Excel', 'Power BI', 'Python', 'SQL', 'Tableau']"
JOB07855,Software Engineer,"['Git', 'Java', 'Oracle', 'Python', 'REST API', 'SQL']"
JOB07856,Cloud Engineer,"['AWS', 'Azure', 'Cloud Computing', 'Docker', 'Linux']"
JOB07857,Full Stack Developer,"['CSS', 'HTML', 'Java', 'JavaScript', 'Machine Learning', 'Node', 'React']"
JOB07858,Data Scientist,"['Machine Learning', 'Pandas', 'Python', 'SQL', 'Statistics']"
JOB07859,Power BI Developer,"['DAX', 'Excel', 'Oracle', 'Power BI', 'Power Query', 'SQL']"
JOB07860,Financial Analyst,"['Excel', 'Financial Modeling', 'Power BI', 'SQL', 'Statistics']"
JOB07861,SQL Developer,"['Database', 'ETL', 'MySQL', 'PostgreSQL', 'SQL']"
JOB07862,Software Engineer,"['Git', 'Java', 'Oracle', 'Python', 'REST API', 'SQL']"
JOB07863,Data Analyst,"['Excel', 'Power BI', 'Python', 'SQL', 'Tableau']"
JOB07864,Data Scientist,"['Machine Learning', 'Pandas', 'Python', 'SQL', 'Statistics']"
JOB07865,Machine Learning Engineer,"['Docker', 'Machine Learning', 'Python', 'Scikit-learn', 'TensorFlow']"
JOB07866,Business Analyst,"['Business Analysis', 'Excel', 'Power BI', 'Requirements Gathering', 'SQL']"
JOB07867,Power BI Developer,"['DAX', 'Excel', 'Power BI', 'Power Query', 'SQL']"
JOB07868,QA Engineer,"['Automation Testing', 'Java', 'Python', 'SQL', 'Selenium']"
JOB07869,QA Engineer,"['Automation Testing', 'Java', 'Python', 'SQL', 'Selenium']"
JOB07870,Full Stack Developer,"['CSS', 'HTML', 'Java', 'JavaScript', 'Machine Learning', 'Node', 'React']"
JOB07871,Business Analyst,"['Business Analysis', 'Excel', 'Power BI', 'Requirements Gathering', 'SQL']"
JOB07872,DevOps Engineer,"['AWS', 'Docker', 'Jenkins', 'Kubernetes', 'Linux', 'Oracle']"
JOB07873,Financial Analyst,"['Excel', 'Financial Modeling', 'Power BI', 'SQL', 'Statistics']"
JOB07874,Machine Learning Engineer,"['Docker', 'Machine Learning', 'Python', 'Scikit-learn', 'TensorFlow']"
JOB07875,SQL Developer,"['Database', 'ETL', 'MySQL', 'PostgreSQL', 'SQL']"
JOB07876,Web Developer,"['CSS', 'Git', 'HTML', 'Java', 'JavaScript', 'Machine Learning', 'React']"
JOB07877,Machine Learning Engineer,"['Docker', 'Machine Learning', 'Python', 'Scikit-learn', 'TensorFlow']"
JOB07878,Web Developer,"['CSS', 'Git', 'HTML', 'Java', 'JavaScript', 'Machine Learning', 'React']"
JOB07879,Power BI Developer,"['DAX', 'Excel', 'Power BI', 'Power Query', 'SQL']"
JOB07880,Python Developer,"['Django', 'Flask', 'Git', 'Python', 'SQL']"
JOB07881,Cloud Engineer,"['AWS', 'Azure', 'Cloud Computing', 'Docker', 'Linux']"
JOB07882,SQL Developer,"['Database', 'ETL', 'MySQL', 'PostgreSQL', 'SQL']"
JOB07883,DevOps Engineer,"['AWS', 'Docker', 'Jenkins', 'Kubernetes', 'Linux']"
JOB07884,Software Engineer,"['Git', 'Java', 'Python', 'REST API', 'SQL']"
JOB07885,Data Analyst,"['Excel', 'Power BI', 'Python', 'SQL', 'Tableau']"
JOB07886,DevOps Engineer,"['AWS', 'Cloud Computing', 'Docker', 'Jenkins', 'Kubernetes', 'Linux']"
JOB07887,QA Engineer,"['Automation Testing', 'Java', 'Python', 'SQL', 'Selenium']"
JOB07888,Cloud Engineer,"['AWS', 'Azure', 'Cloud Computing', 'Docker', 'Linux']"
JOB07889,HR Analyst,"['Data Analysis', 'Excel', 'HR Analytics', 'Power BI', 'SQL']"
JOB07890,Cloud Engineer,"['AWS', 'Azure', 'Cloud Computing', 'Docker', 'Linux']"
JOB07891,Data Engineer,"['AWS', 'ETL', 'Python', 'SQL', 'Spark']"
JOB07892,Web Developer,"['CSS', 'Git', 'HTML', 'Java', 'JavaScript', 'Machine Learning', 'React']"
JOB07893,Database Administrator,"['Database', 'Database Administration', 'MySQL', 'Oracle', 'PostgreSQL', 'SQL']"
JOB07894,Data Engineer,"['AWS', 'ETL', 'Python', 'SQL', 'Spark']"
JOB07895,Machine Learning Engineer,"['Docker', 'Machine Learning', 'Python', 'Scikit-learn', 'TensorFlow']"
JOB07896,Data Scientist,"['Machine Learning', 'Pandas', 'Python', 'SQL', 'Statistics']"
JOB07897,DevOps Engineer,"['AWS', 'Docker', 'Jenkins', 'Kubernetes', 'Linux']"
JOB07898,SQL Developer,"['Database', 'ETL', 'MySQL', 'PostgreSQL', 'SQL']"
JOB07899,Full Stack Developer,"['CSS', 'HTML', 'Java', 'JavaScript', 'Machine Learning', 'Node', 'React']"
JOB07900,Machine Learning Engineer,"['Docker', 'Machine Learning', 'Python', 'Scikit-learn', 'TensorFlow']"
JOB07901,DevOps Engineer,"['AWS', 'Docker', 'Jenkins', 'Kubernetes', 'Linux']"
JOB07902,QA Engineer,"['Automation Testing', 'Java', 'Python', 'SQL', 'Selenium']"
JOB07903,Business Analyst,"['Business Analysis', 'Excel', 'Power BI', 'Requirements Gathering', 'SQL']"
JOB07904,Web Developer,"['CSS', 'Cloud Computing', 'Git', 'HTML', 'Java', 'JavaScript', 'Machine Learning', 'React']"
JOB07905,HR Analyst,"['Data Analysis', 'Excel', 'HR Analytics', 'Power BI', 'SQL']"
JOB07906,HR Analyst,"['Data Analysis', 'Excel', 'HR Analytics', 'Power BI', 'SQL']"
JOB07907,Product Analyst,"['Excel', 'Product Analytics', 'Python', 'SQL']"
JOB07908,BI Analyst,"['Cloud Computing', 'DAX', 'Data Visualization', 'Excel', 'Power BI', 'SQL']"
JOB07909,Python Developer,"['Django', 'Flask', 'Git', 'Python', 'SQL']"
JOB07910,DevOps Engineer,"['AWS', 'Docker', 'Jenkins', 'Kubernetes', 'Linux']"
JOB07911,Web Developer,"['CSS', 'Git', 'HTML', 'Java', 'JavaScript', 'Machine Learning', 'React']"
JOB07912,Product Analyst,"['Excel', 'Product Analytics', 'Python', 'SQL']"
JOB07913,QA Engineer,"['Automation Testing', 'Java', 'Python', 'SQL', 'Selenium']"
JOB07914,Web Developer,"['CSS', 'Git', 'HTML', 'Java', 'JavaScript', 'Machine Learning', 'React']"
JOB07915,Data Scientist,"['Cloud Computing', 'Machine Learning', 'Pandas', 'Python', 'SQL', 'Statistics']"
JOB07916,Power BI Developer,"['Cloud Computing', 'DAX', 'Excel', 'Power BI', 'Power Query', 'SQL']"
JOB07917,Product Analyst,"['Excel', 'Product Analytics', 'Python', 'SQL']"
JOB07918,Full Stack Developer,"['CSS', 'HTML', 'Java', 'JavaScript', 'Machine Learning', 'Node', 'React']"
JOB07919,Marketing Analyst,"['Excel', 'Marketing Analytics', 'Power BI', 'Python', 'SQL']"
JOB07920,Web Developer,"['CSS', 'Git', 'HTML', 'Java', 'JavaScript', 'Machine Learning', 'React']"
JOB07921,Software Engineer,"['Git', 'Java', 'Python', 'REST API', 'SQL']"
JOB07922,SQL Developer,"['Database', 'ETL', 'MySQL', 'PostgreSQL', 'SQL']"
JOB07923,Cloud Engineer,"['AWS', 'Azure', 'Cloud Computing', 'Docker', 'Linux']"
JOB07924,SQL Developer,"['Cloud Computing', 'Database', 'ETL', 'MySQL', 'PostgreSQL', 'SQL']"
JOB07925,Power BI Developer,"['DAX', 'Excel', 'Power BI', 'Power Query', 'SQL']"
JOB07926,Machine Learning Engineer,"['Docker', 'Machine Learning', 'Python', 'Scikit-learn', 'TensorFlow']"
JOB07927,Business Analyst,"['Business Analysis', 'Excel', 'Power BI', 'Requirements Gathering', 'SQL']"
JOB07928,Data Engineer,"['AWS', 'ETL', 'Python', 'SQL', 'Spark']"
JOB07929,Database Administrator,"['Database', 'Database Administration', 'MySQL', 'Oracle', 'PostgreSQL', 'SQL']"
JOB07930,Machine Learning Engineer,"['Cloud Computing', 'Docker', 'Machine Learning', 'Python', 'Scikit-learn', 'TensorFlow']"
JOB07931,Machine Learning Engineer,"['Docker', 'Machine Learning', 'Python', 'Scikit-learn', 'TensorFlow']"
JOB07932,BI Analyst,"['DAX', 'Data Visualization', 'Excel', 'Power BI', 'SQL']"
JOB07933,BI Analyst,"['DAX', 'Data Visualization', 'Excel', 'Power BI', 'SQL']"
JOB07934,Data Analyst,"['Excel', 'Power BI', 'Python', 'SQL', 'Tableau']"
JOB07935,Marketing Analyst,"['Excel', 'Marketing Analytics', 'Power BI', 'Python', 'SQL']"
JOB07936,SQL Developer,"['Database', 'ETL', 'MySQL', 'PostgreSQL', 'SQL']"
JOB07937,SQL Developer,"['Database', 'ETL', 'MySQL', 'PostgreSQL', 'SQL']"
JOB07938,Web Developer,"['CSS', 'Git', 'HTML', 'Java', 'JavaScript', 'Machine Learning', 'React']"
JOB07939,Cloud Engineer,"['AWS', 'Azure', 'Cloud Computing', 'Docker', 'Linux']"
JOB07940,QA Engineer,"['Automation Testing', 'Java', 'Python', 'SQL', 'Selenium']"
JOB07941,Data Analyst,"['Excel', 'Power BI', 'Python', 'SQL', 'Tableau']"
JOB07942,Full Stack Developer,"['CSS', 'HTML', 'Java', 'JavaScript', 'Machine Learning', 'Node', 'React']"
JOB07943,Cloud Engineer,"['AWS', 'Azure', 'Cloud Computing', 'Docker', 'Linux']"
JOB07944,Marketing Analyst,"['Excel', 'Marketing Analytics', 'Power BI', 'Python', 'SQL']"
JOB07945,Power BI Developer,"['DAX', 'Excel', 'Power BI', 'Power Query', 'SQL']"
JOB07946,Power BI Developer,"['DAX', 'Excel', 'Power BI', 'Power Query', 'SQL']"
JOB07947,Database Administrator,"['Database', 'Database Administration', 'MySQL', 'Oracle', 'PostgreSQL', 'SQL']"
JOB07948,Power BI Developer,"['DAX', 'Excel', 'Power BI', 'Power Query', 'SQL']"
JOB07949,Cloud Engineer,"['AWS', 'Azure', 'Cloud Computing', 'Docker', 'Linux']"
JOB07950,Financial Analyst,"['Excel', 'Financial Modeling', 'Power BI', 'SQL', 'Statistics']"
JOB07951,Business Analyst,"['Business Analysis', 'Excel', 'Power BI', 'Requirements Gathering', 'SQL']"
JOB07952,Product Analyst,"['Excel', 'Product Analytics', 'Python', 'SQL']"
JOB07953,Web Developer,"['CSS', 'Git', 'HTML', 'Java', 'JavaScript', 'Machine Learning', 'React']"
JOB07954,Cloud Engineer,"['AWS', 'Azure', 'Cloud Computing', 'Docker', 'Linux']"
JOB07955,Full Stack Developer,"['CSS', 'HTML', 'Java', 'JavaScript', 'Machine Learning', 'Node', 'React']"
JOB07956,DevOps Engineer,"['AWS', 'Docker', 'Jenkins', 'Kubernetes', 'Linux']"
JOB07957,SQL Developer,"['Database', 'ETL', 'MySQL', 'PostgreSQL', 'SQL']"
JOB07958,Financial Analyst,"['Excel', 'Financial Modeling', 'Power BI', 'SQL', 'Statistics']"
JOB07959,Database Administrator,"['Database', 'Database Administration', 'MySQL', 'Oracle', 'PostgreSQL', 'SQL']"
JOB07960,Data Scientist,"['Machine Learning', 'Pandas', 'Python', 'SQL', 'Statistics']"
JOB07961,Product Analyst,"['Excel', 'Product Analytics', 'Python', 'SQL']"
JOB07962,QA Engineer,"['Automation Testing', 'Java', 'Python', 'SQL', 'Selenium']"
JOB07963,Data Engineer,"['AWS', 'Cloud Computing', 'ETL', 'Python', 'SQL', 'Spark']"
JOB07964,Business Analyst,"['Business Analysis', 'Excel', 'Power BI', 'Requirements Gathering', 'SQL']"
JOB07965,Power BI Developer,"['DAX', 'Excel', 'Power BI', 'Power Query', 'SQL']"
JOB07966,BI Analyst,"['DAX', 'Data Visualization', 'Excel', 'Power BI', 'SQL']"
JOB07967,Data Analyst,"['Excel', 'Power BI', 'Python', 'SQL', 'Tableau']"
JOB07968,Data Engineer,"['AWS', 'ETL', 'Python', 'SQL', 'Spark']"
JOB07969,Python Developer,"['Django', 'Flask', 'Git', 'Oracle', 'Python', 'SQL']"
JOB07970,Machine Learning Engineer,"['Docker', 'Machine Learning', 'Python', 'Scikit-learn', 'TensorFlow']"
JOB07971,QA Engineer,"['Automation Testing', 'Java', 'Python', 'SQL', 'Selenium']"
JOB07972,Financial Analyst,"['Excel', 'Financial Modeling', 'Power BI', 'SQL', 'Statistics']"
JOB07973,SQL Developer,"['Database', 'ETL', 'MySQL', 'PostgreSQL', 'SQL']"
JOB07974,HR Analyst,"['Data Analysis', 'Excel', 'HR Analytics', 'Oracle', 'Power BI', 'SQL']"
JOB07975,Power BI Developer,"['DAX', 'Excel', 'Power BI', 'Power Query', 'SQL']"
JOB07976,Machine Learning Engineer,"['Docker', 'Machine Learning', 'Python', 'Scikit-learn', 'TensorFlow']"
JOB07977,Financial Analyst,"['Excel', 'Financial Modeling', 'Power BI', 'SQL', 'Statistics']"
JOB07978,Marketing Analyst,"['Excel', 'Marketing Analytics', 'Power BI', 'Python', 'SQL']"
JOB07979,BI Analyst,"['Cloud Computing', 'DAX', 'Data Visualization', 'Excel', 'Power BI', 'SQL']"
JOB07980,QA Engineer,"['Automation Testing', 'Java', 'Python', 'SQL', 'Selenium']"
JOB07981,Data Scientist,"['Machine Learning', 'Pandas', 'Python', 'SQL', 'Statistics']"
JOB07982,Machine Learning Engineer,"['Cloud Computing', 'Docker', 'Machine Learning', 'Python', 'Scikit-learn', 'TensorFlow']"
JOB07983,Data Scientist,"['Machine Learning', 'Pandas', 'Python', 'SQL', 'Statistics']"
JOB07984,HR Analyst,"['Data Analysis', 'Excel', 'HR Analytics', 'Power BI', 'SQL']"
JOB07985,Data Analyst,"['Excel', 'Power BI', 'Python', 'SQL', 'Tableau']"
JOB07986,Financial Analyst,"['Excel', 'Financial Modeling', 'Power BI', 'SQL', 'Statistics']"
JOB07987,Python Developer,"['Django', 'Flask', 'Git', 'Python', 'SQL']"
JOB07988,Power BI Developer,"['DAX', 'Excel', 'Power BI', 'Power Query', 'SQL']"
JOB07989,Database Administrator,"['Cloud Computing', 'Database', 'Database Administration', 'MySQL', 'Oracle', 'PostgreSQL', 'SQL']"
JOB07990,Data Scientist,"['Machine Learning', 'Pandas', 'Python', 'SQL', 'Statistics']"
JOB07991,Full Stack Developer,"['CSS', 'HTML', 'Java', 'JavaScript', 'Machine Learning', 'Node', 'React']"
JOB07992,Marketing Analyst,"['Excel', 'Marketing Analytics', 'Power BI', 'Python', 'SQL']"
JOB07993,Business Analyst,"['Business Analysis', 'Excel', 'Power BI', 'Requirements Gathering', 'SQL']"
JOB07994,Full Stack Developer,"['CSS', 'HTML', 'Java', 'JavaScript', 'Machine Learning', 'Node', 'React']"
JOB07995,Python Developer,"['Django', 'Flask', 'Git', 'Python', 'SQL']"
JOB07996,BI Analyst,"['DAX', 'Data Visualization', 'Excel', 'Power BI', 'SQL']"
JOB07997,SQL Developer,"['Database', 'ETL', 'MySQL', 'PostgreSQL', 'SQL']"
JOB07998,Python Developer,"['Django', 'Flask', 'Git', 'Python', 'SQL']"
JOB07999,Data Scientist,"['Machine Learning', 'Pandas', 'Python', 'SQL', 'Statistics']"
JOB08000,Full Stack Developer,"['CSS', 'HTML', 'Java', 'JavaScript', 'Machine Learning', 'Node', 'React']"
JOB08001,Database Administrator,"['Database', 'Database Administration', 'MySQL', 'Oracle', 'PostgreSQL', 'SQL']"
JOB08002,Software Engineer,"['Git', 'Java', 'Python', 'REST API', 'SQL']"
JOB08003,Data Scientist,"['Machine Learning', 'Pandas', 'Python', 'SQL', 'Statistics']"
JOB08004,Full Stack Developer,"['CSS', 'HTML', 'Java', 'JavaScript', 'Machine Learning', 'Node', 'React']"
JOB08005,Power BI Developer,"['DAX', 'Excel', 'Power BI', 'Power Query', 'SQL']"
JOB08006,Database Administrator,"['Database', 'Database Administration', 'MySQL', 'Oracle', 'PostgreSQL', 'SQL']"
JOB08007,SQL Developer,"['Database', 'ETL', 'MySQL', 'PostgreSQL', 'SQL']"
JOB08008,BI Analyst,"['DAX', 'Data Visualization', 'Excel', 'Power BI', 'SQL']"
JOB08009,Power BI Developer,"['DAX', 'Excel', 'Power BI', 'Power Query', 'SQL']"
JOB08010,Business Analyst,"['Business Analysis', 'Excel', 'Power BI', 'Requirements Gathering', 'SQL']"
JOB08011,Marketing Analyst,"['Excel', 'Marketing Analytics', 'Power BI', 'Python', 'SQL']"
JOB08012,Cloud Engineer,"['AWS', 'Azure', 'Cloud Computing', 'Docker', 'Linux']"
JOB08013,Software Engineer,"['Git', 'Java', 'Python', 'REST API', 'SQL']"
JOB08014,QA Engineer,"['Automation Testing', 'Java', 'Python', 'SQL', 'Selenium']"
JOB08015,Business Analyst,"['Business Analysis', 'Excel', 'Power BI', 'Requirements Gathering', 'SQL']"
JOB08016,Data Scientist,"['Machine Learning', 'Pandas', 'Python', 'SQL', 'Statistics']"
JOB08017,Machine Learning Engineer,"['Docker', 'Machine Learning', 'Python', 'Scikit-learn', 'TensorFlow']"
JOB08018,Data Analyst,"['Excel', 'Power BI', 'Python', 'SQL', 'Tableau']"
JOB08019,Full Stack Developer,"['CSS', 'HTML', 'Java', 'JavaScript', 'Machine Learning', 'Node', 'React']"
JOB08020,Data Analyst,"['Excel', 'Oracle', 'Power BI', 'Python', 'SQL', 'Tableau']"
JOB08021,Data Engineer,"['AWS', 'ETL', 'Python', 'SQL', 'Spark']"
JOB08022,Data Scientist,"['Machine Learning', 'Pandas', 'Python', 'SQL', 'Statistics']"
JOB08023,Cloud Engineer,"['AWS', 'Azure', 'Cloud Computing', 'Docker', 'Linux']"
JOB08024,Product Analyst,"['Excel', 'Product Analytics', 'Python', 'SQL']"
JOB08025,Database Administrator,"['Database', 'Database Administration', 'MySQL', 'Oracle', 'PostgreSQL', 'SQL']"
JOB08026,SQL Developer,"['Cloud Computing', 'Database', 'ETL', 'MySQL', 'PostgreSQL', 'SQL']"
JOB08027,BI Analyst,"['DAX', 'Data Visualization', 'Excel', 'Power BI', 'SQL']"
JOB08028,SQL Developer,"['Database', 'ETL', 'MySQL', 'PostgreSQL', 'SQL']"
JOB08029,Database Administrator,"['Database', 'Database Administration', 'MySQL', 'Oracle', 'PostgreSQL', 'SQL']"
JOB08030,Full Stack Developer,"['CSS', 'HTML', 'Java', 'JavaScript', 'Machine Learning', 'Node', 'React']"
JOB08031,Database Administrator,"['Database', 'Database Administration', 'MySQL', 'Oracle', 'PostgreSQL', 'SQL']"
JOB08032,Data Engineer,"['AWS', 'ETL', 'Python', 'SQL', 'Spark']"
JOB08033,Software Engineer,"['Git', 'Java', 'Python', 'REST API', 'SQL']"
JOB08034,Web Developer,"['CSS', 'Git', 'HTML', 'Java', 'JavaScript', 'Machine Learning', 'React']"
JOB08035,Machine Learning Engineer,"['Docker', 'Machine Learning', 'Python', 'Scikit-learn', 'TensorFlow']"
JOB08036,Marketing Analyst,"['Excel', 'Marketing Analytics', 'Oracle', 'Power BI', 'Python', 'SQL']"
JOB08037,BI Analyst,"['DAX', 'Data Visualization', 'Excel', 'Power BI', 'SQL']"
JOB08038,Power BI Developer,"['DAX', 'Excel', 'Power BI', 'Power Query', 'SQL']"
JOB08039,Product Analyst,"['Excel', 'Product Analytics', 'Python', 'SQL']"
JOB08040,Data Engineer,"['AWS', 'ETL', 'Python', 'SQL', 'Spark']"
JOB08041,Full Stack Developer,"['CSS', 'HTML', 'Java', 'JavaScript', 'Machine Learning', 'Node', 'React']"
JOB08042,Cloud Engineer,"['AWS', 'Azure', 'Cloud Computing', 'Docker', 'Linux']"
JOB08043,QA Engineer,"['Automation Testing', 'Java', 'Python', 'SQL', 'Selenium']"
JOB08044,Marketing Analyst,"['Excel', 'Marketing Analytics', 'Oracle', 'Power BI', 'Python', 'SQL']"
JOB08045,Python Developer,"['Django', 'Flask', 'Git', 'Python', 'SQL']"
JOB08046,Business Analyst,"['Business Analysis', 'Excel', 'Power BI', 'Requirements Gathering', 'SQL']"
JOB08047,Marketing Analyst,"['Excel', 'Marketing Analytics', 'Power BI', 'Python', 'SQL']"
JOB08048,HR Analyst,"['Data Analysis', 'Excel', 'HR Analytics', 'Power BI', 'SQL']"
JOB08049,Cloud Engineer,"['AWS', 'Azure', 'Cloud Computing', 'Docker', 'Linux']"
JOB08050,SQL Developer,"['Database', 'ETL', 'MySQL', 'PostgreSQL', 'SQL']"
JOB08051,Marketing Analyst,"['Excel', 'Marketing Analytics', 'Power BI', 'Python', 'SQL']"
JOB08052,Business Analyst,"['Business Analysis', 'Excel', 'Power BI', 'Requirements Gathering', 'SQL']"
JOB08053,BI Analyst,"['DAX', 'Data Visualization', 'Excel', 'Power BI', 'SQL']"
JOB08054,Software Engineer,"['Git', 'Java', 'Python', 'REST API', 'SQL']"
JOB08055,Data Scientist,"['Machine Learning', 'Pandas', 'Python', 'SQL', 'Statistics']"
JOB08056,Power BI Developer,"['DAX', 'Excel', 'Power BI', 'Power Query', 'SQL']"
JOB08057,Data Engineer,"['AWS', 'ETL', 'Python', 'SQL', 'Spark']"
JOB08058,Data Analyst,"['Excel', 'Power BI', 'Python', 'SQL', 'Tableau']"
JOB08059,Cloud Engineer,"['AWS', 'Azure', 'Cloud Computing', 'Docker', 'Linux']"
JOB08060,Data Analyst,"['Excel', 'Oracle', 'Power BI', 'Python', 'SQL', 'Tableau']"
JOB08061,Database Administrator,"['Database', 'Database Administration', 'MySQL', 'Oracle', 'PostgreSQL', 'SQL']"
JOB08062,Software Engineer,"['Git', 'Java', 'Python', 'REST API', 'SQL']"
JOB08063,Database Administrator,"['Database', 'Database Administration', 'MySQL', 'Oracle', 'PostgreSQL', 'SQL']"
JOB08064,Product Analyst,"['Excel', 'Product Analytics', 'Python', 'SQL']"
JOB08065,Business Analyst,"['Business Analysis', 'Excel', 'Power BI', 'Requirements Gathering', 'SQL']"
JOB08066,Python Developer,"['Django', 'Flask', 'Git', 'Python', 'SQL']"
JOB08067,DevOps Engineer,"['AWS', 'Docker', 'Jenkins', 'Kubernetes', 'Linux']"
JOB08068,Power BI Developer,"['DAX', 'Excel', 'Power BI', 'Power Query', 'SQL']"
JOB08069,BI Analyst,"['DAX', 'Data Visualization', 'Excel', 'Power BI', 'SQL']"
JOB08070,Database Administrator,"['Database', 'Database Administration', 'MySQL', 'Oracle', 'PostgreSQL', 'SQL']"
JOB08071,Product Analyst,"['Excel', 'Product Analytics', 'Python', 'SQL']"
JOB08072,Power BI Developer,"['DAX', 'Excel', 'Power BI', 'Power Query', 'SQL']"
JOB08073,Product Analyst,"['Cloud Computing', 'Excel', 'Product Analytics', 'Python', 'SQL']"
JOB08074,Python Developer,"['Django', 'Flask', 'Git', 'Python', 'SQL']"
JOB08075,Business Analyst,"['Business Analysis', 'Cloud Computing', 'Excel', 'Power BI', 'Requirements Gathering', 'SQL']"
JOB08076,Data Scientist,"['Machine Learning', 'Pandas', 'Python', 'SQL', 'Statistics']"
JOB08077,DevOps Engineer,"['AWS', 'Docker', 'Jenkins', 'Kubernetes', 'Linux']"
JOB08078,Data Scientist,"['Machine Learning', 'Pandas', 'Python', 'SQL', 'Statistics']"
JOB08079,HR Analyst,"['Data Analysis', 'Excel', 'HR Analytics', 'Power BI', 'SQL']"
JOB08080,DevOps Engineer,"['AWS', 'Docker', 'Jenkins', 'Kubernetes', 'Linux']"
JOB08081,Power BI Developer,"['DAX', 'Excel', 'Power BI', 'Power Query', 'SQL']"
JOB08082,Data Scientist,"['Machine Learning', 'Pandas', 'Python', 'SQL', 'Statistics']"
JOB08083,BI Analyst,"['DAX', 'Data Visualization', 'Excel', 'Power BI', 'SQL']"
JOB08084,SQL Developer,"['Database', 'ETL', 'MySQL', 'PostgreSQL', 'SQL']"
JOB08085,QA Engineer,"['Automation Testing', 'Java', 'Python', 'SQL', 'Selenium']"
JOB08086,Product Analyst,"['Excel', 'Product Analytics', 'Python', 'SQL']"
JOB08087,Cloud Engineer,"['AWS', 'Azure', 'Cloud Computing', 'Docker', 'Linux']"
JOB08088,Marketing Analyst,"['Excel', 'Marketing Analytics', 'Power BI', 'Python', 'SQL']"
JOB08089,Product Analyst,"['Excel', 'Product Analytics', 'Python', 'SQL']"
JOB08090,Full Stack Developer,"['CSS', 'HTML', 'Java', 'JavaScript', 'Machine Learning', 'Node', 'React']"
JOB08091,Product Analyst,"['Excel', 'Product Analytics', 'Python', 'SQL']"
JOB08092,HR Analyst,"['Data Analysis', 'Excel', 'HR Analytics', 'Power BI', 'SQL']"
JOB08093,Software Engineer,"['Git', 'Java', 'Python', 'REST API', 'SQL']"
JOB08094,Data Scientist,"['Machine Learning', 'Oracle', 'Pandas', 'Python', 'SQL', 'Statistics']"
JOB08095,Business Analyst,"['Business Analysis', 'Excel', 'Power BI', 'Requirements Gathering', 'SQL']"
JOB08096,DevOps Engineer,"['AWS', 'Docker', 'Jenkins', 'Kubernetes', 'Linux']"
JOB08097,Marketing Analyst,"['Excel', 'Marketing Analytics', 'Power BI', 'Python', 'SQL']"
JOB08098,Data Analyst,"['Cloud Computing', 'Excel', 'Power BI', 'Python', 'SQL', 'Tableau']"
JOB08099,Cloud Engineer,"['AWS', 'Azure', 'Cloud Computing', 'Docker', 'Linux']"
JOB08100,Web Developer,"['CSS', 'Git', 'HTML', 'Java', 'JavaScript', 'Machine Learning', 'React']"
JOB08101,HR Analyst,"['Data Analysis', 'Excel', 'HR Analytics', 'Oracle', 'Power BI', 'SQL']"
JOB08102,Data Engineer,"['AWS', 'ETL', 'Python', 'SQL', 'Spark']"
JOB08103,BI Analyst,"['DAX', 'Data Visualization', 'Excel', 'Power BI', 'SQL']"
JOB08104,DevOps Engineer,"['AWS', 'Docker', 'Jenkins', 'Kubernetes', 'Linux', 'Oracle']"
JOB08105,Machine Learning Engineer,"['Docker', 'Machine Learning', 'Python', 'Scikit-learn', 'TensorFlow']"
JOB08106,Power BI Developer,"['DAX', 'Excel', 'Power BI', 'Power Query', 'SQL']"
JOB08107,Product Analyst,"['Cloud Computing', 'Excel', 'Product Analytics', 'Python', 'SQL']"
JOB08108,Power BI Developer,"['DAX', 'Excel', 'Power BI', 'Power Query', 'SQL']"
JOB08109,Marketing Analyst,"['Excel', 'Marketing Analytics', 'Power BI', 'Python', 'SQL']"
JOB08110,BI Analyst,"['DAX', 'Data Visualization', 'Excel', 'Power BI', 'SQL']"
JOB08111,Financial Analyst,"['Excel', 'Financial Modeling', 'Power BI', 'SQL', 'Statistics']"
JOB08112,Database Administrator,"['Database', 'Database Administration', 'MySQL', 'Oracle', 'PostgreSQL', 'SQL']"
JOB08113,Financial Analyst,"['Excel', 'Financial Modeling', 'Power BI', 'SQL', 'Statistics']"
JOB08114,DevOps Engineer,"['AWS', 'Cloud Computing', 'Docker', 'Jenkins', 'Kubernetes', 'Linux']"
JOB08115,Database Administrator,"['Database', 'Database Administration', 'MySQL', 'Oracle', 'PostgreSQL', 'SQL']"
JOB08116,Data Analyst,"['Excel', 'Power BI', 'Python', 'SQL', 'Tableau']"
JOB08117,Web Developer,"['CSS', 'Git', 'HTML', 'Java', 'JavaScript', 'Machine Learning', 'React']"
JOB08118,Marketing Analyst,"['Excel', 'Marketing Analytics', 'Power BI', 'Python', 'SQL']"
JOB08119,Database Administrator,"['Database', 'Database Administration', 'MySQL', 'Oracle', 'PostgreSQL', 'SQL']"
JOB08120,Financial Analyst,"['Excel', 'Financial Modeling', 'Power BI', 'SQL', 'Statistics']"
JOB08121,Data Engineer,"['AWS', 'ETL', 'Python', 'SQL', 'Spark']"
JOB08122,DevOps Engineer,"['AWS', 'Docker', 'Jenkins', 'Kubernetes', 'Linux']"
JOB08123,Product Analyst,"['Excel', 'Product Analytics', 'Python', 'SQL']"
JOB08124,Python Developer,"['Django', 'Flask', 'Git', 'Python', 'SQL']"
JOB08125,Web Developer,"['CSS', 'Git', 'HTML', 'Java', 'JavaScript', 'Machine Learning', 'React']"
JOB08126,Machine Learning Engineer,"['Docker', 'Machine Learning', 'Python', 'Scikit-learn', 'TensorFlow']"
JOB08127,Cloud Engineer,"['AWS', 'Azure', 'Cloud Computing', 'Docker', 'Linux']"
JOB08128,Business Analyst,"['Business Analysis', 'Cloud Computing', 'Excel', 'Power BI', 'Requirements Gathering', 'SQL']"
JOB08129,Data Engineer,"['AWS', 'ETL', 'Python', 'SQL', 'Spark']"
JOB08130,Machine Learning Engineer,"['Docker', 'Machine Learning', 'Python', 'Scikit-learn', 'TensorFlow']"
JOB08131,Business Analyst,"['Business Analysis', 'Excel', 'Oracle', 'Power BI', 'Requirements Gathering', 'SQL']"
JOB08132,Data Scientist,"['Machine Learning', 'Pandas', 'Python', 'SQL', 'Statistics']"
JOB08133,Business Analyst,"['Business Analysis', 'Excel', 'Power BI', 'Requirements Gathering', 'SQL']"
JOB08134,Financial Analyst,"['Excel', 'Financial Modeling', 'Power BI', 'SQL', 'Statistics']"
JOB08135,Data Engineer,"['AWS', 'ETL', 'Python', 'SQL', 'Spark']"
JOB08136,SQL Developer,"['Database', 'ETL', 'MySQL', 'PostgreSQL', 'SQL']"
JOB08137,BI Analyst,"['DAX', 'Data Visualization', 'Excel', 'Power BI', 'SQL']"
JOB08138,Web Developer,"['CSS', 'Git', 'HTML', 'Java', 'JavaScript', 'Machine Learning', 'React']"
JOB08139,Business Analyst,"['Business Analysis', 'Excel', 'Power BI', 'Requirements Gathering', 'SQL']"
JOB08140,Database Administrator,"['Database', 'Database Administration', 'MySQL', 'Oracle', 'PostgreSQL', 'SQL']"
JOB08141,Power BI Developer,"['DAX', 'Excel', 'Power BI', 'Power Query', 'SQL']"
JOB08142,Financial Analyst,"['Excel', 'Financial Modeling', 'Oracle', 'Power BI', 'SQL', 'Statistics']"
JOB08143,Database Administrator,"['Database', 'Database Administration', 'MySQL', 'Oracle', 'PostgreSQL', 'SQL']"
JOB08144,Database Administrator,"['Database', 'Database Administration', 'MySQL', 'Oracle', 'PostgreSQL', 'SQL']"
JOB08145,SQL Developer,"['Database', 'ETL', 'MySQL', 'PostgreSQL', 'SQL']"
JOB08146,SQL Developer,"['Database', 'ETL', 'MySQL', 'PostgreSQL', 'SQL']"
JOB08147,BI Analyst,"['DAX', 'Data Visualization', 'Excel', 'Power BI', 'SQL']"
JOB08148,Business Analyst,"['Business Analysis', 'Excel', 'Power BI', 'Requirements Gathering', 'SQL']"
JOB08149,Web Developer,"['CSS', 'Git', 'HTML', 'Java', 'JavaScript', 'Machine Learning', 'React']"
JOB08150,QA Engineer,"['Automation Testing', 'Java', 'Python', 'SQL', 'Selenium']"
JOB08151,Power BI Developer,"['DAX', 'Excel', 'Power BI', 'Power Query', 'SQL']"
JOB08152,Power BI Developer,"['DAX', 'Excel', 'Power BI', 'Power Query', 'SQL']"
JOB08153,BI Analyst,"['DAX', 'Data Visualization', 'Excel', 'Oracle', 'Power BI', 'SQL']"
JOB08154,QA Engineer,"['Automation Testing', 'Java', 'Python', 'SQL', 'Selenium']"
JOB08155,Data Engineer,"['AWS', 'ETL', 'Python', 'SQL', 'Spark']"
JOB08156,Full Stack Developer,"['CSS', 'HTML', 'Java', 'JavaScript', 'Machine Learning', 'Node', 'React']"
JOB08157,Financial Analyst,"['Excel', 'Financial Modeling', 'Power BI', 'SQL', 'Statistics']"
JOB08158,Full Stack Developer,"['CSS', 'Cloud Computing', 'HTML', 'Java', 'JavaScript', 'Machine Learning', 'Node', 'React']"
JOB08159,Database Administrator,"['Database', 'Database Administration', 'MySQL', 'Oracle', 'PostgreSQL', 'SQL']"
JOB08160,Data Scientist,"['Machine Learning', 'Pandas', 'Python', 'SQL', 'Statistics']"
JOB08161,Software Engineer,"['Git', 'Java', 'Python', 'REST API', 'SQL']"
JOB08162,Machine Learning Engineer,"['Docker', 'Machine Learning', 'Python', 'Scikit-learn', 'TensorFlow']"
JOB08163,Product Analyst,"['Excel', 'Product Analytics', 'Python', 'SQL']"
JOB08164,DevOps Engineer,"['AWS', 'Docker', 'Jenkins', 'Kubernetes', 'Linux']"
JOB08165,Power BI Developer,"['DAX', 'Excel', 'Power BI', 'Power Query', 'SQL']"
JOB08166,DevOps Engineer,"['AWS', 'Docker', 'Jenkins', 'Kubernetes', 'Linux']"
JOB08167,Software Engineer,"['Git', 'Java', 'Python', 'REST API', 'SQL']"
JOB08168,Power BI Developer,"['DAX', 'Excel', 'Power BI', 'Power Query', 'SQL']"
JOB08169,DevOps Engineer,"['AWS', 'Docker', 'Jenkins', 'Kubernetes', 'Linux']"
JOB08170,Full Stack Developer,"['CSS', 'HTML', 'Java', 'JavaScript', 'Machine Learning', 'Node', 'React']"
JOB08171,HR Analyst,"['Data Analysis', 'Excel', 'HR Analytics', 'Power BI', 'SQL']"
JOB08172,BI Analyst,"['DAX', 'Data Visualization', 'Excel', 'Power BI', 'SQL']"
JOB08173,Python Developer,"['Django', 'Flask', 'Git', 'Python', 'SQL']"
JOB08174,Cloud Engineer,"['AWS', 'Azure', 'Cloud Computing', 'Docker', 'Linux']"
JOB08175,Machine Learning Engineer,"['Docker', 'Machine Learning', 'Python', 'Scikit-learn', 'TensorFlow']"
JOB08176,Financial Analyst,"['Excel', 'Financial Modeling', 'Power BI', 'SQL', 'Statistics']"
JOB08177,Database Administrator,"['Database', 'Database Administration', 'MySQL', 'Oracle', 'PostgreSQL', 'SQL']"
JOB08178,Machine Learning Engineer,"['Docker', 'Machine Learning', 'Python', 'Scikit-learn', 'TensorFlow']"
JOB08179,HR Analyst,"['Data Analysis', 'Excel', 'HR Analytics', 'Power BI', 'SQL']"
JOB08180,Marketing Analyst,"['Excel', 'Marketing Analytics', 'Power BI', 'Python', 'SQL']"
JOB08181,Marketing Analyst,"['Excel', 'Marketing Analytics', 'Power BI', 'Python', 'SQL']"
JOB08182,Product Analyst,"['Excel', 'Product Analytics', 'Python', 'SQL']"
JOB08183,Full Stack Developer,"['CSS', 'HTML', 'Java', 'JavaScript', 'Machine Learning', 'Node', 'React']"
JOB08184,BI Analyst,"['DAX', 'Data Visualization', 'Excel', 'Power BI', 'SQL']"
JOB08185,BI Analyst,"['DAX', 'Data Visualization', 'Excel', 'Power BI', 'SQL']"
JOB08186,Financial Analyst,"['Excel', 'Financial Modeling', 'Power BI', 'SQL', 'Statistics']"
JOB08187,Data Scientist,"['Machine Learning', 'Pandas', 'Python', 'SQL', 'Statistics']"
JOB08188,BI Analyst,"['DAX', 'Data Visualization', 'Excel', 'Power BI', 'SQL']"
JOB08189,SQL Developer,"['Database', 'ETL', 'MySQL', 'PostgreSQL', 'SQL']"
JOB08190,Business Analyst,"['Business Analysis', 'Excel', 'Power BI', 'Requirements Gathering', 'SQL']"
JOB08191,Financial Analyst,"['Excel', 'Financial Modeling', 'Power BI', 'SQL', 'Statistics']"
JOB08192,Product Analyst,"['Excel', 'Product Analytics', 'Python', 'SQL']"
JOB08193,QA Engineer,"['Automation Testing', 'Java', 'Python', 'SQL', 'Selenium']"
JOB08194,Data Scientist,"['Machine Learning', 'Pandas', 'Python', 'SQL', 'Statistics']"
JOB08195,QA Engineer,"['Automation Testing', 'Java', 'Python', 'SQL', 'Selenium']"
JOB08196,Machine Learning Engineer,"['Docker', 'Machine Learning', 'Python', 'Scikit-learn', 'TensorFlow']"
JOB08197,Web Developer,"['CSS', 'Git', 'HTML', 'Java', 'JavaScript', 'Machine Learning', 'React']"
JOB08198,Software Engineer,"['Git', 'Java', 'Python', 'REST API', 'SQL']"
JOB08199,Marketing Analyst,"['Excel', 'Marketing Analytics', 'Power BI', 'Python', 'SQL']"
JOB08200,QA Engineer,"['Automation Testing', 'Java', 'Python', 'SQL', 'Selenium']"
JOB08201,DevOps Engineer,"['AWS', 'Docker', 'Jenkins', 'Kubernetes', 'Linux']"
JOB08202,Financial Analyst,"['Cloud Computing', 'Excel', 'Financial Modeling', 'Power BI', 'SQL', 'Statistics']"
JOB08203,Business Analyst,"['Business Analysis', 'Excel', 'Power BI', 'Requirements Gathering', 'SQL']"
JOB08204,Web Developer,"['CSS', 'Git', 'HTML', 'Java', 'JavaScript', 'Machine Learning', 'React']"
JOB08205,Machine Learning Engineer,"['Docker', 'Machine Learning', 'Oracle', 'Python', 'Scikit-learn', 'TensorFlow']"
JOB08206,BI Analyst,"['DAX', 'Data Visualization', 'Excel', 'Power BI', 'SQL']"
JOB08207,Machine Learning Engineer,"['Docker', 'Machine Learning', 'Python', 'Scikit-learn', 'TensorFlow']"
JOB08208,Machine Learning Engineer,"['Cloud Computing', 'Docker', 'Machine Learning', 'Python', 'Scikit-learn', 'TensorFlow']"
JOB08209,Full Stack Developer,"['CSS', 'HTML', 'Java', 'JavaScript', 'Machine Learning', 'Node', 'React']"
JOB08210,Database Administrator,"['Database', 'Database Administration', 'MySQL', 'Oracle', 'PostgreSQL', 'SQL']"
JOB08211,Power BI Developer,"['DAX', 'Excel', 'Power BI', 'Power Query', 'SQL']"
JOB08212,SQL Developer,"['Database', 'ETL', 'MySQL', 'PostgreSQL', 'SQL']"
JOB08213,QA Engineer,"['Automation Testing', 'Java', 'Python', 'SQL', 'Selenium']"
JOB08214,Product Analyst,"['Excel', 'Product Analytics', 'Python', 'SQL']"
JOB08215,BI Analyst,"['DAX', 'Data Visualization', 'Excel', 'Power BI', 'SQL']"
JOB08216,QA Engineer,"['Automation Testing', 'Java', 'Oracle', 'Python', 'SQL', 'Selenium']"
JOB08217,BI Analyst,"['DAX', 'Data Visualization', 'Excel', 'Power BI', 'SQL']"
JOB08218,Cloud Engineer,"['AWS', 'Azure', 'Cloud Computing', 'Docker', 'Linux']"
JOB08219,Full Stack Developer,"['CSS', 'HTML', 'Java', 'JavaScript', 'Machine Learning', 'Node', 'React']"
JOB08220,Data Engineer,"['AWS', 'ETL', 'Python', 'SQL', 'Spark']"
JOB08221,SQL Developer,"['Database', 'ETL', 'MySQL', 'PostgreSQL', 'SQL']"
JOB08222,DevOps Engineer,"['AWS', 'Docker', 'Jenkins', 'Kubernetes', 'Linux']"
JOB08223,Data Analyst,"['Excel', 'Power BI', 'Python', 'SQL', 'Tableau']"
JOB08224,Cloud Engineer,"['AWS', 'Azure', 'Cloud Computing', 'Docker', 'Linux']"
JOB08225,Business Analyst,"['Business Analysis', 'Excel', 'Power BI', 'Requirements Gathering', 'SQL']"
JOB08226,Data Analyst,"['Excel', 'Power BI', 'Python', 'SQL', 'Tableau']"
JOB08227,Financial Analyst,"['Excel', 'Financial Modeling', 'Power BI', 'SQL', 'Statistics']"
JOB08228,Full Stack Developer,"['CSS', 'HTML', 'Java', 'JavaScript', 'Machine Learning', 'Node', 'React']"
JOB08229,Cloud Engineer,"['AWS', 'Azure', 'Cloud Computing', 'Docker', 'Linux']"
JOB08230,Marketing Analyst,"['Excel', 'Marketing Analytics', 'Power BI', 'Python', 'SQL']"
JOB08231,Web Developer,"['CSS', 'Git', 'HTML', 'Java', 'JavaScript', 'Machine Learning', 'React']"
JOB08232,Data Analyst,"['Excel', 'Oracle', 'Power BI', 'Python', 'SQL', 'Tableau']"
JOB08233,Software Engineer,"['Git', 'Java', 'Python', 'REST API', 'SQL']"
JOB08234,Data Scientist,"['Machine Learning', 'Pandas', 'Python', 'SQL', 'Statistics']"
JOB08235,Machine Learning Engineer,"['Docker', 'Machine Learning', 'Python', 'Scikit-learn', 'TensorFlow']"
JOB08236,DevOps Engineer,"['AWS', 'Docker', 'Jenkins', 'Kubernetes', 'Linux']"
JOB08237,Business Analyst,"['Business Analysis', 'Excel', 'Power BI', 'Requirements Gathering', 'SQL']"
JOB08238,Financial Analyst,"['Cloud Computing', 'Excel', 'Financial Modeling', 'Power BI', 'SQL', 'Statistics']"
JOB08239,HR Analyst,"['Data Analysis', 'Excel', 'HR Analytics', 'Power BI', 'SQL']"
JOB08240,QA Engineer,"['Automation Testing', 'Java', 'Python', 'SQL', 'Selenium']"
JOB08241,Database Administrator,"['Database', 'Database Administration', 'MySQL', 'Oracle', 'PostgreSQL', 'SQL']"
JOB08242,Software Engineer,"['Git', 'Java', 'Python', 'REST API', 'SQL']"
JOB08243,QA Engineer,"['Automation Testing', 'Java', 'Python', 'SQL', 'Selenium']"
JOB08244,Software Engineer,"['Git', 'Java', 'Python', 'REST API', 'SQL']"
JOB08245,Database Administrator,"['Database', 'Database Administration', 'MySQL', 'Oracle', 'PostgreSQL', 'SQL']"
JOB08246,Product Analyst,"['Cloud Computing', 'Excel', 'Product Analytics', 'Python', 'SQL']"
JOB08247,HR Analyst,"['Data Analysis', 'Excel', 'HR Analytics', 'Power BI', 'SQL']"
JOB08248,Marketing Analyst,"['Excel', 'Marketing Analytics', 'Power BI', 'Python', 'SQL']"
JOB08249,Machine Learning Engineer,"['Docker', 'Machine Learning', 'Python', 'Scikit-learn', 'TensorFlow']"
JOB08250,Data Engineer,"['AWS', 'ETL', 'Python', 'SQL', 'Spark']"
JOB08251,Database Administrator,"['Database', 'Database Administration', 'MySQL', 'Oracle', 'PostgreSQL', 'SQL']"
JOB08252,SQL Developer,"['Database', 'ETL', 'MySQL', 'PostgreSQL', 'SQL']"
JOB08253,Product Analyst,"['Excel', 'Product Analytics', 'Python', 'SQL']"
JOB08254,Business Analyst,"['Business Analysis', 'Excel', 'Power BI', 'Requirements Gathering', 'SQL']"
JOB08255,Financial Analyst,"['Excel', 'Financial Modeling', 'Power BI', 'SQL', 'Statistics']"
JOB08256,Machine Learning Engineer,"['Cloud Computing', 'Docker', 'Machine Learning', 'Python', 'Scikit-learn', 'TensorFlow']"
JOB08257,Python Developer,"['Django', 'Flask', 'Git', 'Python', 'SQL']"
JOB08258,Marketing Analyst,"['Excel', 'Marketing Analytics', 'Power BI', 'Python', 'SQL']"
JOB08259,Machine Learning Engineer,"['Docker', 'Machine Learning', 'Python', 'Scikit-learn', 'TensorFlow']"
JOB08260,Data Scientist,"['Machine Learning', 'Pandas', 'Python', 'SQL', 'Statistics']"
JOB08261,SQL Developer,"['Database', 'ETL', 'MySQL', 'PostgreSQL', 'SQL']"
JOB08262,Machine Learning Engineer,"['Docker', 'Machine Learning', 'Python', 'Scikit-learn', 'TensorFlow']"
JOB08263,Cloud Engineer,"['AWS', 'Azure', 'Cloud Computing', 'Docker', 'Linux']"
JOB08264,Product Analyst,"['Excel', 'Product Analytics', 'Python', 'SQL']"
JOB08265,Financial Analyst,"['Excel', 'Financial Modeling', 'Power BI', 'SQL', 'Statistics']"
JOB08266,BI Analyst,"['DAX', 'Data Visualization', 'Excel', 'Oracle', 'Power BI', 'SQL']"
JOB08267,Software Engineer,"['Git', 'Java', 'Python', 'REST API', 'SQL']"
JOB08268,Machine Learning Engineer,"['Docker', 'Machine Learning', 'Python', 'Scikit-learn', 'TensorFlow']"
JOB08269,Cloud Engineer,"['AWS', 'Azure', 'Cloud Computing', 'Docker', 'Linux']"
JOB08270,SQL Developer,"['Database', 'ETL', 'MySQL', 'PostgreSQL', 'SQL']"
JOB08271,Web Developer,"['CSS', 'Git', 'HTML', 'Java', 'JavaScript', 'Machine Learning', 'React']"
JOB08272,SQL Developer,"['Database', 'ETL', 'MySQL', 'PostgreSQL', 'SQL']"
JOB08273,Data Scientist,"['Cloud Computing', 'Machine Learning', 'Pandas', 'Python', 'SQL', 'Statistics']"
JOB08274,Full Stack Developer,"['CSS', 'HTML', 'Java', 'JavaScript', 'Machine Learning', 'Node', 'React']"
JOB08275,Software Engineer,"['Git', 'Java', 'Python', 'REST API', 'SQL']"
JOB08276,Data Scientist,"['Machine Learning', 'Pandas', 'Python', 'SQL', 'Statistics']"
JOB08277,Power BI Developer,"['DAX', 'Excel', 'Power BI', 'Power Query', 'SQL']"
JOB08278,Power BI Developer,"['DAX', 'Excel', 'Power BI', 'Power Query', 'SQL']"
JOB08279,SQL Developer,"['Database', 'ETL', 'MySQL', 'PostgreSQL', 'SQL']"
JOB08280,Software Engineer,"['Git', 'Java', 'Python', 'REST API', 'SQL']"
JOB08281,Python Developer,"['Django', 'Flask', 'Git', 'Python', 'SQL']"
JOB08282,Financial Analyst,"['Excel', 'Financial Modeling', 'Power BI', 'SQL', 'Statistics']"
JOB08283,Database Administrator,"['Database', 'Database Administration', 'MySQL', 'Oracle', 'PostgreSQL', 'SQL']"
JOB08284,Cloud Engineer,"['AWS', 'Azure', 'Cloud Computing', 'Docker', 'Linux']"
JOB08285,Cloud Engineer,"['AWS', 'Azure', 'Cloud Computing', 'Docker', 'Linux']"
JOB08286,Business Analyst,"['Business Analysis', 'Excel', 'Power BI', 'Requirements Gathering', 'SQL']"
JOB08287,Software Engineer,"['Git', 'Java', 'Python', 'REST API', 'SQL']"
JOB08288,Cloud Engineer,"['AWS', 'Azure', 'Cloud Computing', 'Docker', 'Linux']"
JOB08289,Power BI Developer,"['DAX', 'Excel', 'Power BI', 'Power Query', 'SQL']"
JOB08290,Python Developer,"['Django', 'Flask', 'Git', 'Python', 'SQL']"
JOB08291,Cloud Engineer,"['AWS', 'Azure', 'Cloud Computing', 'Docker', 'Linux']"
JOB08292,QA Engineer,"['Automation Testing', 'Cloud Computing', 'Java', 'Python', 'SQL', 'Selenium']"
JOB08293,DevOps Engineer,"['AWS', 'Docker', 'Jenkins', 'Kubernetes', 'Linux']"
JOB08294,BI Analyst,"['DAX', 'Data Visualization', 'Excel', 'Power BI', 'SQL']"
JOB08295,Python Developer,"['Django', 'Flask', 'Git', 'Python', 'SQL']"
JOB08296,Business Analyst,"['Business Analysis', 'Excel', 'Power BI', 'Requirements Gathering', 'SQL']"
JOB08297,Cloud Engineer,"['AWS', 'Azure', 'Cloud Computing', 'Docker', 'Linux']"
JOB08298,Database Administrator,"['Database', 'Database Administration', 'MySQL', 'Oracle', 'PostgreSQL', 'SQL']"
JOB08299,Product Analyst,"['Excel', 'Product Analytics', 'Python', 'SQL']"
JOB08300,Data Analyst,"['Excel', 'Power BI', 'Python', 'SQL', 'Tableau']"
JOB08301,Database Administrator,"['Database', 'Database Administration', 'MySQL', 'Oracle', 'PostgreSQL', 'SQL']"
JOB08302,Data Scientist,"['Machine Learning', 'Pandas', 'Python', 'SQL', 'Statistics']"
JOB08303,Python Developer,"['Cloud Computing', 'Django', 'Flask', 'Git', 'Python', 'SQL']"
JOB08304,DevOps Engineer,"['AWS', 'Docker', 'Jenkins', 'Kubernetes', 'Linux']"
JOB08305,Data Engineer,"['AWS', 'ETL', 'Python', 'SQL', 'Spark']"
JOB08306,Business Analyst,"['Business Analysis', 'Cloud Computing', 'Excel', 'Power BI', 'Requirements Gathering', 'SQL']"
JOB08307,Database Administrator,"['Database', 'Database Administration', 'MySQL', 'Oracle', 'PostgreSQL', 'SQL']"
JOB08308,Software Engineer,"['Cloud Computing', 'Git', 'Java', 'Python', 'REST API', 'SQL']"
JOB08309,SQL Developer,"['Cloud Computing', 'Database', 'ETL', 'MySQL', 'PostgreSQL', 'SQL']"
JOB08310,Data Analyst,"['Excel', 'Power BI', 'Python', 'SQL', 'Tableau']"
JOB08311,Python Developer,"['Django', 'Flask', 'Git', 'Python', 'SQL']"
JOB08312,Business Analyst,"['Business Analysis', 'Excel', 'Power BI', 'Requirements Gathering', 'SQL']"
JOB08313,Power BI Developer,"['DAX', 'Excel', 'Power BI', 'Power Query', 'SQL']"
JOB08314,Full Stack Developer,"['CSS', 'HTML', 'Java', 'JavaScript', 'Machine Learning', 'Node', 'Oracle', 'React']"
JOB08315,Python Developer,"['Django', 'Flask', 'Git', 'Python', 'SQL']"
JOB08316,Software Engineer,"['Cloud Computing', 'Git', 'Java', 'Python', 'REST API', 'SQL']"
JOB08317,Python Developer,"['Django', 'Flask', 'Git', 'Python', 'SQL']"
JOB08318,Power BI Developer,"['DAX', 'Excel', 'Power BI', 'Power Query', 'SQL']"
JOB08319,Database Administrator,"['Database', 'Database Administration', 'MySQL', 'Oracle', 'PostgreSQL', 'SQL']"
JOB08320,Cloud Engineer,"['AWS', 'Azure', 'Cloud Computing', 'Docker', 'Linux']"
JOB08321,Database Administrator,"['Database', 'Database Administration', 'MySQL', 'Oracle', 'PostgreSQL', 'SQL']"
JOB08322,Python Developer,"['Django', 'Flask', 'Git', 'Python', 'SQL']"
JOB08323,Software Engineer,"['Git', 'Java', 'Python', 'REST API', 'SQL']"
JOB08324,Marketing Analyst,"['Excel', 'Marketing Analytics', 'Power BI', 'Python', 'SQL']"
JOB08325,Product Analyst,"['Excel', 'Product Analytics', 'Python', 'SQL']"
JOB08326,Product Analyst,"['Excel', 'Product Analytics', 'Python', 'SQL']"
JOB08327,Power BI Developer,"['DAX', 'Excel', 'Power BI', 'Power Query', 'SQL']"
JOB08328,SQL Developer,"['Database', 'ETL', 'MySQL', 'PostgreSQL', 'SQL']"
JOB08329,Machine Learning Engineer,"['Docker', 'Machine Learning', 'Python', 'Scikit-learn', 'TensorFlow']"
JOB08330,Data Analyst,"['Excel', 'Power BI', 'Python', 'SQL', 'Tableau']"
JOB08331,Data Analyst,"['Excel', 'Power BI', 'Python', 'SQL', 'Tableau']"
JOB08332,Data Analyst,"['Excel', 'Power BI', 'Python', 'SQL', 'Tableau']"
JOB08333,Business Analyst,"['Business Analysis', 'Excel', 'Power BI', 'Requirements Gathering', 'SQL']"
JOB08334,BI Analyst,"['DAX', 'Data Visualization', 'Excel', 'Power BI', 'SQL']"
JOB08335,Business Analyst,"['Business Analysis', 'Excel', 'Power BI', 'Requirements Gathering', 'SQL']"
JOB08336,Marketing Analyst,"['Excel', 'Marketing Analytics', 'Power BI', 'Python', 'SQL']"
JOB08337,Power BI Developer,"['DAX', 'Excel', 'Power BI', 'Power Query', 'SQL']"
JOB08338,HR Analyst,"['Data Analysis', 'Excel', 'HR Analytics', 'Power BI', 'SQL']"
JOB08339,DevOps Engineer,"['AWS', 'Docker', 'Jenkins', 'Kubernetes', 'Linux', 'Oracle']"
JOB08340,Full Stack Developer,"['CSS', 'HTML', 'Java', 'JavaScript', 'Machine Learning', 'Node', 'React']"
JOB08341,Database Administrator,"['Database', 'Database Administration', 'MySQL', 'Oracle', 'PostgreSQL', 'SQL']"
JOB08342,Financial Analyst,"['Excel', 'Financial Modeling', 'Power BI', 'SQL', 'Statistics']"
JOB08343,Cloud Engineer,"['AWS', 'Azure', 'Cloud Computing', 'Docker', 'Linux']"
JOB08344,HR Analyst,"['Data Analysis', 'Excel', 'HR Analytics', 'Power BI', 'SQL']"
JOB08345,Machine Learning Engineer,"['Docker', 'Machine Learning', 'Python', 'Scikit-learn', 'TensorFlow']"
JOB08346,Data Scientist,"['Machine Learning', 'Oracle', 'Pandas', 'Python', 'SQL', 'Statistics']"
JOB08347,Product Analyst,"['Excel', 'Product Analytics', 'Python', 'SQL']"
JOB08348,Python Developer,"['Django', 'Flask', 'Git', 'Python', 'SQL']"
JOB08349,Product Analyst,"['Excel', 'Product Analytics', 'Python', 'SQL']"
JOB08350,Business Analyst,"['Business Analysis', 'Cloud Computing', 'Excel', 'Power BI', 'Requirements Gathering', 'SQL']"
JOB08351,DevOps Engineer,"['AWS', 'Docker', 'Jenkins', 'Kubernetes', 'Linux']"
JOB08352,QA Engineer,"['Automation Testing', 'Java', 'Python', 'SQL', 'Selenium']"
JOB08353,Python Developer,"['Cloud Computing', 'Django', 'Flask', 'Git', 'Python', 'SQL']"
JOB08354,Data Analyst,"['Excel', 'Power BI', 'Python', 'SQL', 'Tableau']"
JOB08355,HR Analyst,"['Data Analysis', 'Excel', 'HR Analytics', 'Power BI', 'SQL']"
JOB08356,Cloud Engineer,"['AWS', 'Azure', 'Cloud Computing', 'Docker', 'Linux']"
JOB08357,Power BI Developer,"['DAX', 'Excel', 'Power BI', 'Power Query', 'SQL']"
JOB08358,Power BI Developer,"['DAX', 'Excel', 'Power BI', 'Power Query', 'SQL']"
JOB08359,Python Developer,"['Django', 'Flask', 'Git', 'Python', 'SQL']"
JOB08360,Marketing Analyst,"['Excel', 'Marketing Analytics', 'Power BI', 'Python', 'SQL']"
JOB08361,Cloud Engineer,"['AWS', 'Azure', 'Cloud Computing', 'Docker', 'Linux']"
JOB08362,QA Engineer,"['Automation Testing', 'Java', 'Python', 'SQL', 'Selenium']"
JOB08363,Software Engineer,"['Git', 'Java', 'Python', 'REST API', 'SQL']"
JOB08364,Data Engineer,"['AWS', 'ETL', 'Python', 'SQL', 'Spark']"
JOB08365,Machine Learning Engineer,"['Docker', 'Machine Learning', 'Python', 'Scikit-learn', 'TensorFlow']"
JOB08366,HR Analyst,"['Data Analysis', 'Excel', 'HR Analytics', 'Power BI', 'SQL']"
JOB08367,Power BI Developer,"['DAX', 'Excel', 'Power BI', 'Power Query', 'SQL']"
JOB08368,Data Analyst,"['Excel', 'Power BI', 'Python', 'SQL', 'Tableau']"
JOB08369,Data Engineer,"['AWS', 'ETL', 'Oracle', 'Python', 'SQL', 'Spark']"
JOB08370,Database Administrator,"['Database', 'Database Administration', 'MySQL', 'Oracle', 'PostgreSQL', 'SQL']"
JOB08371,Machine Learning Engineer,"['Docker', 'Machine Learning', 'Python', 'Scikit-learn', 'TensorFlow']"
JOB08372,SQL Developer,"['Database', 'ETL', 'MySQL', 'PostgreSQL', 'SQL']"
JOB08373,Web Developer,"['CSS', 'Git', 'HTML', 'Java', 'JavaScript', 'Machine Learning', 'React']"
JOB08374,Cloud Engineer,"['AWS', 'Azure', 'Cloud Computing', 'Docker', 'Linux']"
JOB08375,Cloud Engineer,"['AWS', 'Azure', 'Cloud Computing', 'Docker', 'Linux']"
JOB08376,SQL Developer,"['Database', 'ETL', 'MySQL', 'PostgreSQL', 'SQL']"
JOB08377,Machine Learning Engineer,"['Docker', 'Machine Learning', 'Python', 'Scikit-learn', 'TensorFlow']"
JOB08378,Marketing Analyst,"['Excel', 'Marketing Analytics', 'Power BI', 'Python', 'SQL']"
JOB08379,HR Analyst,"['Data Analysis', 'Excel', 'HR Analytics', 'Power BI', 'SQL']"
JOB08380,DevOps Engineer,"['AWS', 'Docker', 'Jenkins', 'Kubernetes', 'Linux']"
JOB08381,Cloud Engineer,"['AWS', 'Azure', 'Cloud Computing', 'Docker', 'Linux']"
JOB08382,Python Developer,"['Django', 'Flask', 'Git', 'Python', 'SQL']"
JOB08383,SQL Developer,"['Database', 'ETL', 'MySQL', 'Oracle', 'PostgreSQL', 'SQL']"
JOB08384,HR Analyst,"['Data Analysis', 'Excel', 'HR Analytics', 'Power BI', 'SQL']"
JOB08385,Data Analyst,"['Excel', 'Power BI', 'Python', 'SQL', 'Tableau']"
JOB08386,Data Engineer,"['AWS', 'ETL', 'Python', 'SQL', 'Spark']"
JOB08387,Financial Analyst,"['Cloud Computing', 'Excel', 'Financial Modeling', 'Power BI', 'SQL', 'Statistics']"
JOB08388,Database Administrator,"['Database', 'Database Administration', 'MySQL', 'Oracle', 'PostgreSQL', 'SQL']"
JOB08389,Product Analyst,"['Excel', 'Product Analytics', 'Python', 'SQL']"
JOB08390,Full Stack Developer,"['CSS', 'HTML', 'Java', 'JavaScript', 'Machine Learning', 'Node', 'React']"
JOB08391,HR Analyst,"['Data Analysis', 'Excel', 'HR Analytics', 'Power BI', 'SQL']"
JOB08392,Software Engineer,"['Git', 'Java', 'Python', 'REST API', 'SQL']"
JOB08393,Cloud Engineer,"['AWS', 'Azure', 'Cloud Computing', 'Docker', 'Linux']"
JOB08394,Web Developer,"['CSS', 'Git', 'HTML', 'Java', 'JavaScript', 'Machine Learning', 'React']"
JOB08395,Data Scientist,"['Machine Learning', 'Pandas', 'Python', 'SQL', 'Statistics']"
JOB08396,HR Analyst,"['Data Analysis', 'Excel', 'HR Analytics', 'Power BI', 'SQL']"
JOB08397,Business Analyst,"['Business Analysis', 'Excel', 'Power BI', 'Requirements Gathering', 'SQL']"
JOB08398,Financial Analyst,"['Excel', 'Financial Modeling', 'Power BI', 'SQL', 'Statistics']"
JOB08399,Web Developer,"['CSS', 'Git', 'HTML', 'Java', 'JavaScript', 'Machine Learning', 'React']"
JOB08400,Data Analyst,"['Excel', 'Power BI', 'Python', 'SQL', 'Tableau']"
JOB08401,Machine Learning Engineer,"['Docker', 'Machine Learning', 'Python', 'Scikit-learn', 'TensorFlow']"
JOB08402,Business Analyst,"['Business Analysis', 'Excel', 'Power BI', 'Requirements Gathering', 'SQL']"
JOB08403,Machine Learning Engineer,"['Docker', 'Machine Learning', 'Python', 'Scikit-learn', 'TensorFlow']"
JOB08404,Data Analyst,"['Excel', 'Power BI', 'Python', 'SQL', 'Tableau']"
JOB08405,BI Analyst,"['DAX', 'Data Visualization', 'Excel', 'Power BI', 'SQL']"
JOB08406,QA Engineer,"['Automation Testing', 'Java', 'Python', 'SQL', 'Selenium']"
JOB08407,Marketing Analyst,"['Excel', 'Marketing Analytics', 'Power BI', 'Python', 'SQL']"
JOB08408,Business Analyst,"['Business Analysis', 'Excel', 'Power BI', 'Requirements Gathering', 'SQL']"
JOB08409,SQL Developer,"['Database', 'ETL', 'MySQL', 'PostgreSQL', 'SQL']"
JOB08410,QA Engineer,"['Automation Testing', 'Java', 'Python', 'SQL', 'Selenium']"
JOB08411,Full Stack Developer,"['CSS', 'HTML', 'Java', 'JavaScript', 'Machine Learning', 'Node', 'React']"
JOB08412,Machine Learning Engineer,"['Docker', 'Machine Learning', 'Python', 'Scikit-learn', 'TensorFlow']"
JOB08413,Python Developer,"['Django', 'Flask', 'Git', 'Python', 'SQL']"
JOB08414,Data Analyst,"['Excel', 'Power BI', 'Python', 'SQL', 'Tableau']"
JOB08415,Marketing Analyst,"['Excel', 'Marketing Analytics', 'Power BI', 'Python', 'SQL']"
JOB08416,Python Developer,"['Django', 'Flask', 'Git', 'Oracle', 'Python', 'SQL']"
JOB08417,Python Developer,"['Django', 'Flask', 'Git', 'Oracle', 'Python', 'SQL']"
JOB08418,Web Developer,"['CSS', 'Git', 'HTML', 'Java', 'JavaScript', 'Machine Learning', 'React']"
JOB08419,Data Engineer,"['AWS', 'ETL', 'Python', 'SQL', 'Spark']"
JOB08420,HR Analyst,"['Data Analysis', 'Excel', 'HR Analytics', 'Power BI', 'SQL']"
JOB08421,BI Analyst,"['DAX', 'Data Visualization', 'Excel', 'Power BI', 'SQL']"
JOB08422,DevOps Engineer,"['AWS', 'Docker', 'Jenkins', 'Kubernetes', 'Linux']"
JOB08423,Full Stack Developer,"['CSS', 'HTML', 'Java', 'JavaScript', 'Machine Learning', 'Node', 'React']"
JOB08424,Full Stack Developer,"['CSS', 'HTML', 'Java', 'JavaScript', 'Machine Learning', 'Node', 'React']"
JOB08425,Data Analyst,"['Excel', 'Power BI', 'Python', 'SQL', 'Tableau']"
JOB08426,Data Analyst,"['Excel', 'Power BI', 'Python', 'SQL', 'Tableau']"
JOB08427,Data Engineer,"['AWS', 'ETL', 'Python', 'SQL', 'Spark']"
JOB08428,SQL Developer,"['Database', 'ETL', 'MySQL', 'PostgreSQL', 'SQL']"
JOB08429,Web Developer,"['CSS', 'Git', 'HTML', 'Java', 'JavaScript', 'Machine Learning', 'React']"
JOB08430,BI Analyst,"['DAX', 'Data Visualization', 'Excel', 'Power BI', 'SQL']"
JOB08431,Python Developer,"['Django', 'Flask', 'Git', 'Python', 'SQL']"
JOB08432,HR Analyst,"['Data Analysis', 'Excel', 'HR Analytics', 'Power BI', 'SQL']"
JOB08433,Power BI Developer,"['DAX', 'Excel', 'Power BI', 'Power Query', 'SQL']"
JOB08434,Power BI Developer,"['DAX', 'Excel', 'Power BI', 'Power Query', 'SQL']"
JOB08435,Power BI Developer,"['Cloud Computing', 'DAX', 'Excel', 'Power BI', 'Power Query', 'SQL']"
JOB08436,Data Analyst,"['Excel', 'Power BI', 'Python', 'SQL', 'Tableau']"
JOB08437,Python Developer,"['Django', 'Flask', 'Git', 'Python', 'SQL']"
JOB08438,Database Administrator,"['Database', 'Database Administration', 'MySQL', 'Oracle', 'PostgreSQL', 'SQL']"
JOB08439,Python Developer,"['Django', 'Flask', 'Git', 'Python', 'SQL']"
JOB08440,Full Stack Developer,"['CSS', 'HTML', 'Java', 'JavaScript', 'Machine Learning', 'Node', 'React']"
JOB08441,DevOps Engineer,"['AWS', 'Docker', 'Jenkins', 'Kubernetes', 'Linux']"
JOB08442,Data Analyst,"['Excel', 'Power BI', 'Python', 'SQL', 'Tableau']"
JOB08443,Cloud Engineer,"['AWS', 'Azure', 'Cloud Computing', 'Docker', 'Linux']"
JOB08444,Marketing Analyst,"['Excel', 'Marketing Analytics', 'Power BI', 'Python', 'SQL']"
JOB08445,Data Engineer,"['AWS', 'ETL', 'Python', 'SQL', 'Spark']"
JOB08446,Python Developer,"['Django', 'Flask', 'Git', 'Python', 'SQL']"
JOB08447,Data Scientist,"['Machine Learning', 'Pandas', 'Python', 'SQL', 'Statistics']"
JOB08448,DevOps Engineer,"['AWS', 'Docker', 'Jenkins', 'Kubernetes', 'Linux']"
JOB08449,Product Analyst,"['Excel', 'Product Analytics', 'Python', 'SQL']"
JOB08450,Full Stack Developer,"['CSS', 'HTML', 'Java', 'JavaScript', 'Machine Learning', 'Node', 'React']"
JOB08451,Business Analyst,"['Business Analysis', 'Excel', 'Power BI', 'Requirements Gathering', 'SQL']"
JOB08452,QA Engineer,"['Automation Testing', 'Java', 'Python', 'SQL', 'Selenium']"
JOB08453,BI Analyst,"['DAX', 'Data Visualization', 'Excel', 'Power BI', 'SQL']"
JOB08454,Database Administrator,"['Database', 'Database Administration', 'MySQL', 'Oracle', 'PostgreSQL', 'SQL']"
JOB08455,Full Stack Developer,"['CSS', 'HTML', 'Java', 'JavaScript', 'Machine Learning', 'Node', 'React']"
JOB08456,Python Developer,"['Django', 'Flask', 'Git', 'Python', 'SQL']"
JOB08457,Web Developer,"['CSS', 'Git', 'HTML', 'Java', 'JavaScript', 'Machine Learning', 'React']"
JOB08458,Data Engineer,"['AWS', 'ETL', 'Oracle', 'Python', 'SQL', 'Spark']"
JOB08459,Marketing Analyst,"['Excel', 'Marketing Analytics', 'Power BI', 'Python', 'SQL']"
JOB08460,SQL Developer,"['Database', 'ETL', 'MySQL', 'PostgreSQL', 'SQL']"
JOB08461,Full Stack Developer,"['CSS', 'HTML', 'Java', 'JavaScript', 'Machine Learning', 'Node', 'React']"
JOB08462,HR Analyst,"['Data Analysis', 'Excel', 'HR Analytics', 'Power BI', 'SQL']"
JOB08463,Cloud Engineer,"['AWS', 'Azure', 'Cloud Computing', 'Docker', 'Linux']"
JOB08464,DevOps Engineer,"['AWS', 'Docker', 'Jenkins', 'Kubernetes', 'Linux']"
JOB08465,Power BI Developer,"['DAX', 'Excel', 'Power BI', 'Power Query', 'SQL']"
JOB08466,Data Scientist,"['Machine Learning', 'Pandas', 'Python', 'SQL', 'Statistics']"
JOB08467,Business Analyst,"['Business Analysis', 'Excel', 'Power BI', 'Requirements Gathering', 'SQL']"
JOB08468,Financial Analyst,"['Excel', 'Financial Modeling', 'Power BI', 'SQL', 'Statistics']"
JOB08469,Full Stack Developer,"['CSS', 'HTML', 'Java', 'JavaScript', 'Machine Learning', 'Node', 'React']"
JOB08470,Power BI Developer,"['DAX', 'Excel', 'Power BI', 'Power Query', 'SQL']"
JOB08471,Machine Learning Engineer,"['Docker', 'Machine Learning', 'Oracle', 'Python', 'Scikit-learn', 'TensorFlow']"
JOB08472,Data Engineer,"['AWS', 'Cloud Computing', 'ETL', 'Python', 'SQL', 'Spark']"
JOB08473,SQL Developer,"['Cloud Computing', 'Database', 'ETL', 'MySQL', 'PostgreSQL', 'SQL']"
JOB08474,Data Engineer,"['AWS', 'ETL', 'Python', 'SQL', 'Spark']"
JOB08475,Marketing Analyst,"['Excel', 'Marketing Analytics', 'Power BI', 'Python', 'SQL']"
JOB08476,Data Engineer,"['AWS', 'ETL', 'Python', 'SQL', 'Spark']"
JOB08477,Machine Learning Engineer,"['Docker', 'Machine Learning', 'Python', 'Scikit-learn', 'TensorFlow']"
JOB08478,Financial Analyst,"['Excel', 'Financial Modeling', 'Power BI', 'SQL', 'Statistics']"
JOB08479,Marketing Analyst,"['Excel', 'Marketing Analytics', 'Power BI', 'Python', 'SQL']"
JOB08480,Data Analyst,"['Excel', 'Power BI', 'Python', 'SQL', 'Tableau']"
JOB08481,Product Analyst,"['Excel', 'Product Analytics', 'Python', 'SQL']"
JOB08482,Web Developer,"['CSS', 'Git', 'HTML', 'Java', 'JavaScript', 'Machine Learning', 'React']"
JOB08483,Data Scientist,"['Machine Learning', 'Pandas', 'Python', 'SQL', 'Statistics']"
JOB08484,Data Scientist,"['Machine Learning', 'Pandas', 'Python', 'SQL', 'Statistics']"
JOB08485,Product Analyst,"['Excel', 'Product Analytics', 'Python', 'SQL']"
JOB08486,Data Analyst,"['Excel', 'Power BI', 'Python', 'SQL', 'Tableau']"
JOB08487,Data Engineer,"['AWS', 'ETL', 'Python', 'SQL', 'Spark']"
JOB08488,DevOps Engineer,"['AWS', 'Docker', 'Jenkins', 'Kubernetes', 'Linux']"
JOB08489,Database Administrator,"['Database', 'Database Administration', 'MySQL', 'Oracle', 'PostgreSQL', 'SQL']"
JOB08490,Web Developer,"['CSS', 'Cloud Computing', 'Git', 'HTML', 'Java', 'JavaScript', 'Machine Learning', 'React']"
JOB08491,Marketing Analyst,"['Excel', 'Marketing Analytics', 'Power BI', 'Python', 'SQL']"
JOB08492,Data Analyst,"['Excel', 'Power BI', 'Python', 'SQL', 'Tableau']"
JOB08493,Full Stack Developer,"['CSS', 'HTML', 'Java', 'JavaScript', 'Machine Learning', 'Node', 'React']"
JOB08494,Product Analyst,"['Cloud Computing', 'Excel', 'Product Analytics', 'Python', 'SQL']"
JOB08495,Power BI Developer,"['DAX', 'Excel', 'Power BI', 'Power Query', 'SQL']"
JOB08496,Cloud Engineer,"['AWS', 'Azure', 'Cloud Computing', 'Docker', 'Linux']"
JOB08497,Financial Analyst,"['Excel', 'Financial Modeling', 'Oracle', 'Power BI', 'SQL', 'Statistics']"
JOB08498,Python Developer,"['Django', 'Flask', 'Git', 'Python', 'SQL']"
JOB08499,BI Analyst,"['DAX', 'Data Visualization', 'Excel', 'Power BI', 'SQL']"
JOB08500,Financial Analyst,"['Cloud Computing', 'Excel', 'Financial Modeling', 'Power BI', 'SQL', 'Statistics']"
JOB08501,Python Developer,"['Django', 'Flask', 'Git', 'Python', 'SQL']"
JOB08502,Machine Learning Engineer,"['Docker', 'Machine Learning', 'Python', 'Scikit-learn', 'TensorFlow']"
JOB08503,HR Analyst,"['Data Analysis', 'Excel', 'HR Analytics', 'Power BI', 'SQL']"
JOB08504,Cloud Engineer,"['AWS', 'Azure', 'Cloud Computing', 'Docker', 'Linux']"
JOB08505,Product Analyst,"['Excel', 'Product Analytics', 'Python', 'SQL']"
JOB08506,Web Developer,"['CSS', 'Git', 'HTML', 'Java', 'JavaScript', 'Machine Learning', 'React']"
JOB08507,DevOps Engineer,"['AWS', 'Cloud Computing', 'Docker', 'Jenkins', 'Kubernetes', 'Linux']"
JOB08508,Machine Learning Engineer,"['Docker', 'Machine Learning', 'Python', 'Scikit-learn', 'TensorFlow']"
JOB08509,Marketing Analyst,"['Excel', 'Marketing Analytics', 'Power BI', 'Python', 'SQL']"
JOB08510,Software Engineer,"['Git', 'Java', 'Python', 'REST API', 'SQL']"
JOB08511,Full Stack Developer,"['CSS', 'HTML', 'Java', 'JavaScript', 'Machine Learning', 'Node', 'React']"
JOB08512,Data Scientist,"['Machine Learning', 'Pandas', 'Python', 'SQL', 'Statistics']"
JOB08513,Software Engineer,"['Git', 'Java', 'Python', 'REST API', 'SQL']"
JOB08514,Data Scientist,"['Machine Learning', 'Pandas', 'Python', 'SQL', 'Statistics']"
JOB08515,Full Stack Developer,"['CSS', 'HTML', 'Java', 'JavaScript', 'Machine Learning', 'Node', 'React']"
JOB08516,Software Engineer,"['Cloud Computing', 'Git', 'Java', 'Python', 'REST API', 'SQL']"
JOB08517,Data Analyst,"['Excel', 'Power BI', 'Python', 'SQL', 'Tableau']"
JOB08518,Software Engineer,"['Cloud Computing', 'Git', 'Java', 'Python', 'REST API', 'SQL']"
JOB08519,Product Analyst,"['Excel', 'Oracle', 'Product Analytics', 'Python', 'SQL']"
JOB08520,Business Analyst,"['Business Analysis', 'Excel', 'Power BI', 'Requirements Gathering', 'SQL']"
JOB08521,BI Analyst,"['DAX', 'Data Visualization', 'Excel', 'Power BI', 'SQL']"
JOB08522,Python Developer,"['Django', 'Flask', 'Git', 'Python', 'SQL']"
JOB08523,Data Scientist,"['Machine Learning', 'Pandas', 'Python', 'SQL', 'Statistics']"
JOB08524,Full Stack Developer,"['CSS', 'HTML', 'Java', 'JavaScript', 'Machine Learning', 'Node', 'React']"
JOB08525,Power BI Developer,"['DAX', 'Excel', 'Power BI', 'Power Query', 'SQL']"
JOB08526,Database Administrator,"['Database', 'Database Administration', 'MySQL', 'Oracle', 'PostgreSQL', 'SQL']"
JOB08527,BI Analyst,"['DAX', 'Data Visualization', 'Excel', 'Power BI', 'SQL']"
JOB08528,DevOps Engineer,"['AWS', 'Docker', 'Jenkins', 'Kubernetes', 'Linux']"
JOB08529,HR Analyst,"['Data Analysis', 'Excel', 'HR Analytics', 'Power BI', 'SQL']"
JOB08530,HR Analyst,"['Data Analysis', 'Excel', 'HR Analytics', 'Power BI', 'SQL']"
JOB08531,Python Developer,"['Django', 'Flask', 'Git', 'Python', 'SQL']"
JOB08532,HR Analyst,"['Data Analysis', 'Excel', 'HR Analytics', 'Power BI', 'SQL']"
JOB08533,Data Engineer,"['AWS', 'ETL', 'Python', 'SQL', 'Spark']"
JOB08534,Full Stack Developer,"['CSS', 'HTML', 'Java', 'JavaScript', 'Machine Learning', 'Node', 'React']"
JOB08535,Business Analyst,"['Business Analysis', 'Excel', 'Power BI', 'Requirements Gathering', 'SQL']"
JOB08536,Cloud Engineer,"['AWS', 'Azure', 'Cloud Computing', 'Docker', 'Linux']"
JOB08537,QA Engineer,"['Automation Testing', 'Java', 'Python', 'SQL', 'Selenium']"
JOB08538,Data Analyst,"['Excel', 'Power BI', 'Python', 'SQL', 'Tableau']"
JOB08539,Marketing Analyst,"['Excel', 'Marketing Analytics', 'Power BI', 'Python', 'SQL']"
JOB08540,BI Analyst,"['DAX', 'Data Visualization', 'Excel', 'Power BI', 'SQL']"
JOB08541,HR Analyst,"['Data Analysis', 'Excel', 'HR Analytics', 'Power BI', 'SQL']"
JOB08542,Financial Analyst,"['Excel', 'Financial Modeling', 'Oracle', 'Power BI', 'SQL', 'Statistics']"
JOB08543,Software Engineer,"['Git', 'Java', 'Python', 'REST API', 'SQL']"
JOB08544,Python Developer,"['Cloud Computing', 'Django', 'Flask', 'Git', 'Python', 'SQL']"
JOB08545,Marketing Analyst,"['Excel', 'Marketing Analytics', 'Power BI', 'Python', 'SQL']"
JOB08546,Python Developer,"['Django', 'Flask', 'Git', 'Python', 'SQL']"
JOB08547,HR Analyst,"['Data Analysis', 'Excel', 'HR Analytics', 'Power BI', 'SQL']"
JOB08548,QA Engineer,"['Automation Testing', 'Java', 'Python', 'SQL', 'Selenium']"
JOB08549,Web Developer,"['CSS', 'Cloud Computing', 'Git', 'HTML', 'Java', 'JavaScript', 'Machine Learning', 'React']"
JOB08550,HR Analyst,"['Data Analysis', 'Excel', 'HR Analytics', 'Power BI', 'SQL']"
JOB08551,SQL Developer,"['Database', 'ETL', 'MySQL', 'PostgreSQL', 'SQL']"
JOB08552,HR Analyst,"['Data Analysis', 'Excel', 'HR Analytics', 'Power BI', 'SQL']"
JOB08553,BI Analyst,"['DAX', 'Data Visualization', 'Excel', 'Power BI', 'SQL']"
JOB08554,Financial Analyst,"['Excel', 'Financial Modeling', 'Power BI', 'SQL', 'Statistics']"
JOB08555,Software Engineer,"['Git', 'Java', 'Python', 'REST API', 'SQL']"
JOB08556,Full Stack Developer,"['CSS', 'HTML', 'Java', 'JavaScript', 'Machine Learning', 'Node', 'React']"
JOB08557,Machine Learning Engineer,"['Docker', 'Machine Learning', 'Python', 'Scikit-learn', 'TensorFlow']"
JOB08558,DevOps Engineer,"['AWS', 'Docker', 'Jenkins', 'Kubernetes', 'Linux']"
JOB08559,Machine Learning Engineer,"['Cloud Computing', 'Docker', 'Machine Learning', 'Python', 'Scikit-learn', 'TensorFlow']"
JOB08560,Data Scientist,"['Machine Learning', 'Pandas', 'Python', 'SQL', 'Statistics']"
JOB08561,Python Developer,"['Django', 'Flask', 'Git', 'Python', 'SQL']"
JOB08562,Python Developer,"['Django', 'Flask', 'Git', 'Python', 'SQL']"
JOB08563,Machine Learning Engineer,"['Docker', 'Machine Learning', 'Python', 'Scikit-learn', 'TensorFlow']"
JOB08564,Web Developer,"['CSS', 'Git', 'HTML', 'Java', 'JavaScript', 'Machine Learning', 'React']"
JOB08565,Full Stack Developer,"['CSS', 'HTML', 'Java', 'JavaScript', 'Machine Learning', 'Node', 'React']"
JOB08566,Web Developer,"['CSS', 'Git', 'HTML', 'Java', 'JavaScript', 'Machine Learning', 'React']"
JOB08567,Database Administrator,"['Database', 'Database Administration', 'MySQL', 'Oracle', 'PostgreSQL', 'SQL']"
JOB08568,Business Analyst,"['Business Analysis', 'Excel', 'Power BI', 'Requirements Gathering', 'SQL']"
JOB08569,Cloud Engineer,"['AWS', 'Azure', 'Cloud Computing', 'Docker', 'Linux']"
JOB08570,Cloud Engineer,"['AWS', 'Azure', 'Cloud Computing', 'Docker', 'Linux']"
JOB08571,Data Analyst,"['Cloud Computing', 'Excel', 'Power BI', 'Python', 'SQL', 'Tableau']"
JOB08572,Database Administrator,"['Database', 'Database Administration', 'MySQL', 'Oracle', 'PostgreSQL', 'SQL']"
JOB08573,Web Developer,"['CSS', 'Git', 'HTML', 'Java', 'JavaScript', 'Machine Learning', 'React']"
JOB08574,SQL Developer,"['Database', 'ETL', 'MySQL', 'PostgreSQL', 'SQL']"
JOB08575,Database Administrator,"['Database', 'Database Administration', 'MySQL', 'Oracle', 'PostgreSQL', 'SQL']"
JOB08576,Machine Learning Engineer,"['Docker', 'Machine Learning', 'Python', 'Scikit-learn', 'TensorFlow']"
JOB08577,SQL Developer,"['Database', 'ETL', 'MySQL', 'PostgreSQL', 'SQL']"
JOB08578,Web Developer,"['CSS', 'Git', 'HTML', 'Java', 'JavaScript', 'Machine Learning', 'React']"
JOB08579,Data Analyst,"['Excel', 'Power BI', 'Python', 'SQL', 'Tableau']"
JOB08580,Database Administrator,"['Database', 'Database Administration', 'MySQL', 'Oracle', 'PostgreSQL', 'SQL']"
JOB08581,Financial Analyst,"['Excel', 'Financial Modeling', 'Power BI', 'SQL', 'Statistics']"
JOB08582,Data Engineer,"['AWS', 'ETL', 'Python', 'SQL', 'Spark']"
JOB08583,QA Engineer,"['Automation Testing', 'Java', 'Python', 'SQL', 'Selenium']"
JOB08584,QA Engineer,"['Automation Testing', 'Java', 'Python', 'SQL', 'Selenium']"
JOB08585,Data Scientist,"['Machine Learning', 'Pandas', 'Python', 'SQL', 'Statistics']"
JOB08586,Cloud Engineer,"['AWS', 'Azure', 'Cloud Computing', 'Docker', 'Linux']"
JOB08587,Python Developer,"['Django', 'Flask', 'Git', 'Python', 'SQL']"
JOB08588,Web Developer,"['CSS', 'Git', 'HTML', 'Java', 'JavaScript', 'Machine Learning', 'React']"
JOB08589,Marketing Analyst,"['Excel', 'Marketing Analytics', 'Power BI', 'Python', 'SQL']"
JOB08590,Database Administrator,"['Database', 'Database Administration', 'MySQL', 'Oracle', 'PostgreSQL', 'SQL']"
JOB08591,Cloud Engineer,"['AWS', 'Azure', 'Cloud Computing', 'Docker', 'Linux']"
JOB08592,Financial Analyst,"['Excel', 'Financial Modeling', 'Power BI', 'SQL', 'Statistics']"
JOB08593,Financial Analyst,"['Excel', 'Financial Modeling', 'Power BI', 'SQL', 'Statistics']"
JOB08594,Business Analyst,"['Business Analysis', 'Excel', 'Power BI', 'Requirements Gathering', 'SQL']"
JOB08595,Software Engineer,"['Git', 'Java', 'Python', 'REST API', 'SQL']"
JOB08596,Product Analyst,"['Excel', 'Product Analytics', 'Python', 'SQL']"
JOB08597,Machine Learning Engineer,"['Docker', 'Machine Learning', 'Python', 'Scikit-learn', 'TensorFlow']"
JOB08598,Data Engineer,"['AWS', 'ETL', 'Python', 'SQL', 'Spark']"
JOB08599,Full Stack Developer,"['CSS', 'HTML', 'Java', 'JavaScript', 'Machine Learning', 'Node', 'React']"
JOB08600,Machine Learning Engineer,"['Docker', 'Machine Learning', 'Python', 'Scikit-learn', 'TensorFlow']"
JOB08601,Web Developer,"['CSS', 'Git', 'HTML', 'Java', 'JavaScript', 'Machine Learning', 'React']"
JOB08602,Database Administrator,"['Database', 'Database Administration', 'MySQL', 'Oracle', 'PostgreSQL', 'SQL']"
JOB08603,Machine Learning Engineer,"['Docker', 'Machine Learning', 'Python', 'Scikit-learn', 'TensorFlow']"
JOB08604,Marketing Analyst,"['Excel', 'Marketing Analytics', 'Power BI', 'Python', 'SQL']"
JOB08605,Power BI Developer,"['DAX', 'Excel', 'Power BI', 'Power Query', 'SQL']"
JOB08606,BI Analyst,"['DAX', 'Data Visualization', 'Excel', 'Power BI', 'SQL']"
JOB08607,Business Analyst,"['Business Analysis', 'Excel', 'Power BI', 'Requirements Gathering', 'SQL']"
JOB08608,Python Developer,"['Django', 'Flask', 'Git', 'Python', 'SQL']"
JOB08609,Web Developer,"['CSS', 'Git', 'HTML', 'Java', 'JavaScript', 'Machine Learning', 'React']"
JOB08610,Data Engineer,"['AWS', 'ETL', 'Python', 'SQL', 'Spark']"
JOB08611,Data Engineer,"['AWS', 'ETL', 'Python', 'SQL', 'Spark']"
JOB08612,Business Analyst,"['Business Analysis', 'Excel', 'Power BI', 'Requirements Gathering', 'SQL']"
JOB08613,QA Engineer,"['Automation Testing', 'Java', 'Python', 'SQL', 'Selenium']"
JOB08614,Data Scientist,"['Machine Learning', 'Pandas', 'Python', 'SQL', 'Statistics']"
JOB08615,Cloud Engineer,"['AWS', 'Azure', 'Cloud Computing', 'Docker', 'Linux']"
JOB08616,Marketing Analyst,"['Excel', 'Marketing Analytics', 'Power BI', 'Python', 'SQL']"
JOB08617,DevOps Engineer,"['AWS', 'Docker', 'Jenkins', 'Kubernetes', 'Linux']"
JOB08618,Full Stack Developer,"['CSS', 'HTML', 'Java', 'JavaScript', 'Machine Learning', 'Node', 'React']"
JOB08619,Marketing Analyst,"['Excel', 'Marketing Analytics', 'Power BI', 'Python', 'SQL']"
JOB08620,Marketing Analyst,"['Excel', 'Marketing Analytics', 'Power BI', 'Python', 'SQL']"
JOB08621,Machine Learning Engineer,"['Docker', 'Machine Learning', 'Python', 'Scikit-learn', 'TensorFlow']"
JOB08622,Power BI Developer,"['DAX', 'Excel', 'Power BI', 'Power Query', 'SQL']"
JOB08623,Machine Learning Engineer,"['Docker', 'Machine Learning', 'Python', 'Scikit-learn', 'TensorFlow']"
JOB08624,BI Analyst,"['DAX', 'Data Visualization', 'Excel', 'Power BI', 'SQL']"
JOB08625,Machine Learning Engineer,"['Docker', 'Machine Learning', 'Python', 'Scikit-learn', 'TensorFlow']"
JOB08626,DevOps Engineer,"['AWS', 'Docker', 'Jenkins', 'Kubernetes', 'Linux']"
JOB08627,Data Scientist,"['Machine Learning', 'Pandas', 'Python', 'SQL', 'Statistics']"
JOB08628,HR Analyst,"['Data Analysis', 'Excel', 'HR Analytics', 'Power BI', 'SQL']"
JOB08629,Cloud Engineer,"['AWS', 'Azure', 'Cloud Computing', 'Docker', 'Linux']"
JOB08630,DevOps Engineer,"['AWS', 'Docker', 'Jenkins', 'Kubernetes', 'Linux']"
JOB08631,Software Engineer,"['Git', 'Java', 'Python', 'REST API', 'SQL']"
JOB08632,Web Developer,"['CSS', 'Git', 'HTML', 'Java', 'JavaScript', 'Machine Learning', 'React']"
JOB08633,Data Engineer,"['AWS', 'ETL', 'Python', 'SQL', 'Spark']"
JOB08634,HR Analyst,"['Data Analysis', 'Excel', 'HR Analytics', 'Power BI', 'SQL']"
JOB08635,Power BI Developer,"['DAX', 'Excel', 'Power BI', 'Power Query', 'SQL']"
JOB08636,Product Analyst,"['Excel', 'Product Analytics', 'Python', 'SQL']"
JOB08637,DevOps Engineer,"['AWS', 'Docker', 'Jenkins', 'Kubernetes', 'Linux']"
JOB08638,Web Developer,"['CSS', 'Git', 'HTML', 'Java', 'JavaScript', 'Machine Learning', 'React']"
JOB08639,Financial Analyst,"['Excel', 'Financial Modeling', 'Power BI', 'SQL', 'Statistics']"
JOB08640,Database Administrator,"['Database', 'Database Administration', 'MySQL', 'Oracle', 'PostgreSQL', 'SQL']"
JOB08641,Machine Learning Engineer,"['Docker', 'Machine Learning', 'Python', 'Scikit-learn', 'TensorFlow']"
JOB08642,Financial Analyst,"['Excel', 'Financial Modeling', 'Power BI', 'SQL', 'Statistics']"
JOB08643,DevOps Engineer,"['AWS', 'Docker', 'Jenkins', 'Kubernetes', 'Linux']"
JOB08644,Cloud Engineer,"['AWS', 'Azure', 'Cloud Computing', 'Docker', 'Linux']"
JOB08645,Marketing Analyst,"['Excel', 'Marketing Analytics', 'Power BI', 'Python', 'SQL']"
JOB08646,Product Analyst,"['Excel', 'Product Analytics', 'Python', 'SQL']"
JOB08647,DevOps Engineer,"['AWS', 'Docker', 'Jenkins', 'Kubernetes', 'Linux']"
JOB08648,Power BI Developer,"['Cloud Computing', 'DAX', 'Excel', 'Power BI', 'Power Query', 'SQL']"
JOB08649,Data Analyst,"['Excel', 'Power BI', 'Python', 'SQL', 'Tableau']"
JOB08650,HR Analyst,"['Data Analysis', 'Excel', 'HR Analytics', 'Power BI', 'SQL']"
JOB08651,SQL Developer,"['Database', 'ETL', 'MySQL', 'PostgreSQL', 'SQL']"
JOB08652,HR Analyst,"['Data Analysis', 'Excel', 'HR Analytics', 'Power BI', 'SQL']"
JOB08653,Data Engineer,"['AWS', 'ETL', 'Python', 'SQL', 'Spark']"
JOB08654,Web Developer,"['CSS', 'Git', 'HTML', 'Java', 'JavaScript', 'Machine Learning', 'React']"
JOB08655,SQL Developer,"['Database', 'ETL', 'MySQL', 'PostgreSQL', 'SQL']"
JOB08656,Python Developer,"['Django', 'Flask', 'Git', 'Python', 'SQL']"
JOB08657,Product Analyst,"['Excel', 'Product Analytics', 'Python', 'SQL']"
JOB08658,Web Developer,"['CSS', 'Git', 'HTML', 'Java', 'JavaScript', 'Machine Learning', 'React']"
JOB08659,Financial Analyst,"['Excel', 'Financial Modeling', 'Power BI', 'SQL', 'Statistics']"
JOB08660,QA Engineer,"['Automation Testing', 'Java', 'Python', 'SQL', 'Selenium']"
JOB08661,SQL Developer,"['Database', 'ETL', 'MySQL', 'PostgreSQL', 'SQL']"
JOB08662,Product Analyst,"['Excel', 'Product Analytics', 'Python', 'SQL']"
JOB08663,Data Scientist,"['Machine Learning', 'Pandas', 'Python', 'SQL', 'Statistics']"
JOB08664,QA Engineer,"['Automation Testing', 'Java', 'Python', 'SQL', 'Selenium']"
JOB08665,Data Engineer,"['AWS', 'ETL', 'Python', 'SQL', 'Spark']"
JOB08666,SQL Developer,"['Database', 'ETL', 'MySQL', 'PostgreSQL', 'SQL']"
JOB08667,SQL Developer,"['Database', 'ETL', 'MySQL', 'PostgreSQL', 'SQL']"
JOB08668,Data Engineer,"['AWS', 'Cloud Computing', 'ETL', 'Python', 'SQL', 'Spark']"
JOB08669,Product Analyst,"['Excel', 'Product Analytics', 'Python', 'SQL']"
JOB08670,Full Stack Developer,"['CSS', 'HTML', 'Java', 'JavaScript', 'Machine Learning', 'Node', 'React']"
JOB08671,Data Scientist,"['Machine Learning', 'Pandas', 'Python', 'SQL', 'Statistics']"
JOB08672,Software Engineer,"['Git', 'Java', 'Python', 'REST API', 'SQL']"
JOB08673,Python Developer,"['Django', 'Flask', 'Git', 'Python', 'SQL']"
JOB08674,Marketing Analyst,"['Excel', 'Marketing Analytics', 'Power BI', 'Python', 'SQL']"
JOB08675,Data Analyst,"['Excel', 'Power BI', 'Python', 'SQL', 'Tableau']"
JOB08676,Database Administrator,"['Database', 'Database Administration', 'MySQL', 'Oracle', 'PostgreSQL', 'SQL']"
JOB08677,Data Scientist,"['Machine Learning', 'Oracle', 'Pandas', 'Python', 'SQL', 'Statistics']"
JOB08678,Business Analyst,"['Business Analysis', 'Excel', 'Power BI', 'Requirements Gathering', 'SQL']"
JOB08679,Full Stack Developer,"['CSS', 'Cloud Computing', 'HTML', 'Java', 'JavaScript', 'Machine Learning', 'Node', 'React']"
JOB08680,Web Developer,"['CSS', 'Git', 'HTML', 'Java', 'JavaScript', 'Machine Learning', 'React']"
JOB08681,Data Scientist,"['Machine Learning', 'Pandas', 'Python', 'SQL', 'Statistics']"
JOB08682,Database Administrator,"['Database', 'Database Administration', 'MySQL', 'Oracle', 'PostgreSQL', 'SQL']"
JOB08683,Python Developer,"['Django', 'Flask', 'Git', 'Python', 'SQL']"
JOB08684,HR Analyst,"['Data Analysis', 'Excel', 'HR Analytics', 'Power BI', 'SQL']"
JOB08685,Data Engineer,"['AWS', 'ETL', 'Python', 'SQL', 'Spark']"
JOB08686,DevOps Engineer,"['AWS', 'Docker', 'Jenkins', 'Kubernetes', 'Linux']"
JOB08687,Business Analyst,"['Business Analysis', 'Cloud Computing', 'Excel', 'Power BI', 'Requirements Gathering', 'SQL']"
JOB08688,Marketing Analyst,"['Excel', 'Marketing Analytics', 'Power BI', 'Python', 'SQL']"
JOB08689,Power BI Developer,"['DAX', 'Excel', 'Power BI', 'Power Query', 'SQL']"
JOB08690,Database Administrator,"['Database', 'Database Administration', 'MySQL', 'Oracle', 'PostgreSQL', 'SQL']"
JOB08691,Full Stack Developer,"['CSS', 'HTML', 'Java', 'JavaScript', 'Machine Learning', 'Node', 'React']"
JOB08692,BI Analyst,"['DAX', 'Data Visualization', 'Excel', 'Power BI', 'SQL']"
JOB08693,Financial Analyst,"['Excel', 'Financial Modeling', 'Power BI', 'SQL', 'Statistics']"
JOB08694,SQL Developer,"['Database', 'ETL', 'MySQL', 'PostgreSQL', 'SQL']"
JOB08695,Power BI Developer,"['DAX', 'Excel', 'Power BI', 'Power Query', 'SQL']"
JOB08696,Web Developer,"['CSS', 'Git', 'HTML', 'Java', 'JavaScript', 'Machine Learning', 'React']"
JOB08697,Business Analyst,"['Business Analysis', 'Excel', 'Power BI', 'Requirements Gathering', 'SQL']"
JOB08698,SQL Developer,"['Database', 'ETL', 'MySQL', 'PostgreSQL', 'SQL']"
JOB08699,Python Developer,"['Django', 'Flask', 'Git', 'Python', 'SQL']"
JOB08700,Marketing Analyst,"['Excel', 'Marketing Analytics', 'Power BI', 'Python', 'SQL']"
JOB08701,Machine Learning Engineer,"['Docker', 'Machine Learning', 'Python', 'Scikit-learn', 'TensorFlow']"
JOB08702,DevOps Engineer,"['AWS', 'Docker', 'Jenkins', 'Kubernetes', 'Linux']"
JOB08703,Database Administrator,"['Database', 'Database Administration', 'MySQL', 'Oracle', 'PostgreSQL', 'SQL']"
JOB08704,Web Developer,"['CSS', 'Git', 'HTML', 'Java', 'JavaScript', 'Machine Learning', 'React']"
JOB08705,Database Administrator,"['Database', 'Database Administration', 'MySQL', 'Oracle', 'PostgreSQL', 'SQL']"
JOB08706,Web Developer,"['CSS', 'Git', 'HTML', 'Java', 'JavaScript', 'Machine Learning', 'React']"
JOB08707,Full Stack Developer,"['CSS', 'HTML', 'Java', 'JavaScript', 'Machine Learning', 'Node', 'React']"
JOB08708,SQL Developer,"['Database', 'ETL', 'MySQL', 'PostgreSQL', 'SQL']"
JOB08709,BI Analyst,"['DAX', 'Data Visualization', 'Excel', 'Power BI', 'SQL']"
JOB08710,Data Analyst,"['Excel', 'Power BI', 'Python', 'SQL', 'Tableau']"
JOB08711,HR Analyst,"['Data Analysis', 'Excel', 'HR Analytics', 'Power BI', 'SQL']"
JOB08712,Power BI Developer,"['DAX', 'Excel', 'Power BI', 'Power Query', 'SQL']"
JOB08713,Cloud Engineer,"['AWS', 'Azure', 'Cloud Computing', 'Docker', 'Linux']"
JOB08714,Business Analyst,"['Business Analysis', 'Excel', 'Power BI', 'Requirements Gathering', 'SQL']"
JOB08715,HR Analyst,"['Data Analysis', 'Excel', 'HR Analytics', 'Power BI', 'SQL']"
JOB08716,Machine Learning Engineer,"['Docker', 'Machine Learning', 'Python', 'Scikit-learn', 'TensorFlow']"
JOB08717,Full Stack Developer,"['CSS', 'HTML', 'Java', 'JavaScript', 'Machine Learning', 'Node', 'React']"
JOB08718,Web Developer,"['CSS', 'Git', 'HTML', 'Java', 'JavaScript', 'Machine Learning', 'React']"
JOB08719,Financial Analyst,"['Excel', 'Financial Modeling', 'Power BI', 'SQL', 'Statistics']"
JOB08720,Cloud Engineer,"['AWS', 'Azure', 'Cloud Computing', 'Docker', 'Linux']"
JOB08721,Financial Analyst,"['Excel', 'Financial Modeling', 'Power BI', 'SQL', 'Statistics']"
JOB08722,Business Analyst,"['Business Analysis', 'Excel', 'Power BI', 'Requirements Gathering', 'SQL']"
JOB08723,BI Analyst,"['DAX', 'Data Visualization', 'Excel', 'Oracle', 'Power BI', 'SQL']"
JOB08724,BI Analyst,"['Cloud Computing', 'DAX', 'Data Visualization', 'Excel', 'Power BI', 'SQL']"
JOB08725,Data Engineer,"['AWS', 'ETL', 'Python', 'SQL', 'Spark']"
JOB08726,Product Analyst,"['Excel', 'Product Analytics', 'Python', 'SQL']"
JOB08727,DevOps Engineer,"['AWS', 'Docker', 'Jenkins', 'Kubernetes', 'Linux', 'Oracle']"
JOB08728,Full Stack Developer,"['CSS', 'HTML', 'Java', 'JavaScript', 'Machine Learning', 'Node', 'React']"
JOB08729,BI Analyst,"['DAX', 'Data Visualization', 'Excel', 'Power BI', 'SQL']"
JOB08730,Data Analyst,"['Excel', 'Power BI', 'Python', 'SQL', 'Tableau']"
JOB08731,BI Analyst,"['DAX', 'Data Visualization', 'Excel', 'Power BI', 'SQL']"
JOB08732,DevOps Engineer,"['AWS', 'Docker', 'Jenkins', 'Kubernetes', 'Linux']"
JOB08733,Cloud Engineer,"['AWS', 'Azure', 'Cloud Computing', 'Docker', 'Linux']"
JOB08734,Product Analyst,"['Excel', 'Product Analytics', 'Python', 'SQL']"
JOB08735,DevOps Engineer,"['AWS', 'Docker', 'Jenkins', 'Kubernetes', 'Linux']"
JOB08736,Python Developer,"['Cloud Computing', 'Django', 'Flask', 'Git', 'Python', 'SQL']"
JOB08737,DevOps Engineer,"['AWS', 'Docker', 'Jenkins', 'Kubernetes', 'Linux']"
JOB08738,Database Administrator,"['Database', 'Database Administration', 'MySQL', 'Oracle', 'PostgreSQL', 'SQL']"
JOB08739,Marketing Analyst,"['Excel', 'Marketing Analytics', 'Power BI', 'Python', 'SQL']"
JOB08740,Data Scientist,"['Machine Learning', 'Pandas', 'Python', 'SQL', 'Statistics']"
JOB08741,Software Engineer,"['Git', 'Java', 'Oracle', 'Python', 'REST API', 'SQL']"
JOB08742,DevOps Engineer,"['AWS', 'Docker', 'Jenkins', 'Kubernetes', 'Linux']"
JOB08743,Python Developer,"['Django', 'Flask', 'Git', 'Python', 'SQL']"
JOB08744,Financial Analyst,"['Excel', 'Financial Modeling', 'Power BI', 'SQL', 'Statistics']"
JOB08745,DevOps Engineer,"['AWS', 'Docker', 'Jenkins', 'Kubernetes', 'Linux']"
JOB08746,Full Stack Developer,"['CSS', 'HTML', 'Java', 'JavaScript', 'Machine Learning', 'Node', 'React']"
JOB08747,Web Developer,"['CSS', 'Git', 'HTML', 'Java', 'JavaScript', 'Machine Learning', 'React']"
JOB08748,Product Analyst,"['Excel', 'Product Analytics', 'Python', 'SQL']"
JOB08749,Marketing Analyst,"['Excel', 'Marketing Analytics', 'Power BI', 'Python', 'SQL']"
JOB08750,QA Engineer,"['Automation Testing', 'Java', 'Python', 'SQL', 'Selenium']"
JOB08751,Product Analyst,"['Cloud Computing', 'Excel', 'Product Analytics', 'Python', 'SQL']"
JOB08752,Software Engineer,"['Cloud Computing', 'Git', 'Java', 'Python', 'REST API', 'SQL']"
JOB08753,BI Analyst,"['DAX', 'Data Visualization', 'Excel', 'Power BI', 'SQL']"
JOB08754,Python Developer,"['Django', 'Flask', 'Git', 'Python', 'SQL']"
JOB08755,Product Analyst,"['Excel', 'Product Analytics', 'Python', 'SQL']"
JOB08756,Machine Learning Engineer,"['Docker', 'Machine Learning', 'Python', 'Scikit-learn', 'TensorFlow']"
JOB08757,Full Stack Developer,"['CSS', 'HTML', 'Java', 'JavaScript', 'Machine Learning', 'Node', 'React']"
JOB08758,Cloud Engineer,"['AWS', 'Azure', 'Cloud Computing', 'Docker', 'Linux']"
JOB08759,Database Administrator,"['Database', 'Database Administration', 'MySQL', 'Oracle', 'PostgreSQL', 'SQL']"
JOB08760,BI Analyst,"['DAX', 'Data Visualization', 'Excel', 'Power BI', 'SQL']"
JOB08761,Data Engineer,"['AWS', 'ETL', 'Python', 'SQL', 'Spark']"
JOB08762,Python Developer,"['Django', 'Flask', 'Git', 'Python', 'SQL']"
JOB08763,Business Analyst,"['Business Analysis', 'Excel', 'Power BI', 'Requirements Gathering', 'SQL']"
JOB08764,Product Analyst,"['Excel', 'Product Analytics', 'Python', 'SQL']"
JOB08765,Power BI Developer,"['DAX', 'Excel', 'Power BI', 'Power Query', 'SQL']"
JOB08766,DevOps Engineer,"['AWS', 'Docker', 'Jenkins', 'Kubernetes', 'Linux']"
JOB08767,Software Engineer,"['Git', 'Java', 'Python', 'REST API', 'SQL']"
JOB08768,Python Developer,"['Django', 'Flask', 'Git', 'Python', 'SQL']"
JOB08769,QA Engineer,"['Automation Testing', 'Java', 'Python', 'SQL', 'Selenium']"
JOB08770,Full Stack Developer,"['CSS', 'HTML', 'Java', 'JavaScript', 'Machine Learning', 'Node', 'React']"
JOB08771,Machine Learning Engineer,"['Docker', 'Machine Learning', 'Python', 'Scikit-learn', 'TensorFlow']"
JOB08772,HR Analyst,"['Cloud Computing', 'Data Analysis', 'Excel', 'HR Analytics', 'Power BI', 'SQL']"
JOB08773,Business Analyst,"['Business Analysis', 'Cloud Computing', 'Excel', 'Power BI', 'Requirements Gathering', 'SQL']"
JOB08774,HR Analyst,"['Data Analysis', 'Excel', 'HR Analytics', 'Power BI', 'SQL']"
JOB08775,BI Analyst,"['DAX', 'Data Visualization', 'Excel', 'Power BI', 'SQL']"
JOB08776,Python Developer,"['Django', 'Flask', 'Git', 'Python', 'SQL']"
JOB08777,Power BI Developer,"['DAX', 'Excel', 'Power BI', 'Power Query', 'SQL']"
JOB08778,Software Engineer,"['Git', 'Java', 'Python', 'REST API', 'SQL']"
JOB08779,Business Analyst,"['Business Analysis', 'Excel', 'Power BI', 'Requirements Gathering', 'SQL']"
JOB08780,SQL Developer,"['Database', 'ETL', 'MySQL', 'PostgreSQL', 'SQL']"
JOB08781,SQL Developer,"['Database', 'ETL', 'MySQL', 'PostgreSQL', 'SQL']"
JOB08782,Marketing Analyst,"['Excel', 'Marketing Analytics', 'Power BI', 'Python', 'SQL']"
JOB08783,QA Engineer,"['Automation Testing', 'Java', 'Python', 'SQL', 'Selenium']"
JOB08784,Business Analyst,"['Business Analysis', 'Excel', 'Power BI', 'Requirements Gathering', 'SQL']"
JOB08785,Data Engineer,"['AWS', 'ETL', 'Python', 'SQL', 'Spark']"
JOB08786,HR Analyst,"['Data Analysis', 'Excel', 'HR Analytics', 'Power BI', 'SQL']"
JOB08787,Power BI Developer,"['DAX', 'Excel', 'Power BI', 'Power Query', 'SQL']"
JOB08788,QA Engineer,"['Automation Testing', 'Java', 'Python', 'SQL', 'Selenium']"
JOB08789,Financial Analyst,"['Excel', 'Financial Modeling', 'Power BI', 'SQL', 'Statistics']"
JOB08790,BI Analyst,"['DAX', 'Data Visualization', 'Excel', 'Power BI', 'SQL']"
JOB08791,BI Analyst,"['DAX', 'Data Visualization', 'Excel', 'Power BI', 'SQL']"
JOB08792,Marketing Analyst,"['Excel', 'Marketing Analytics', 'Power BI', 'Python', 'SQL']"
JOB08793,HR Analyst,"['Data Analysis', 'Excel', 'HR Analytics', 'Power BI', 'SQL']"
JOB08794,Full Stack Developer,"['CSS', 'HTML', 'Java', 'JavaScript', 'Machine Learning', 'Node', 'React']"
JOB08795,BI Analyst,"['DAX', 'Data Visualization', 'Excel', 'Power BI', 'SQL']"
JOB08796,Python Developer,"['Django', 'Flask', 'Git', 'Python', 'SQL']"
JOB08797,Python Developer,"['Django', 'Flask', 'Git', 'Python', 'SQL']"
JOB08798,Database Administrator,"['Cloud Computing', 'Database', 'Database Administration', 'MySQL', 'Oracle', 'PostgreSQL', 'SQL']"
JOB08799,Python Developer,"['Django', 'Flask', 'Git', 'Python', 'SQL']"
JOB08800,SQL Developer,"['Database', 'ETL', 'MySQL', 'PostgreSQL', 'SQL']"
JOB08801,Python Developer,"['Django', 'Flask', 'Git', 'Python', 'SQL']"
JOB08802,QA Engineer,"['Automation Testing', 'Java', 'Python', 'SQL', 'Selenium']"
JOB08803,SQL Developer,"['Database', 'ETL', 'MySQL', 'PostgreSQL', 'SQL']"
JOB08804,Data Analyst,"['Excel', 'Power BI', 'Python', 'SQL', 'Tableau']"
JOB08805,Data Engineer,"['AWS', 'ETL', 'Python', 'SQL', 'Spark']"
JOB08806,HR Analyst,"['Data Analysis', 'Excel', 'HR Analytics', 'Power BI', 'SQL']"
JOB08807,Data Engineer,"['AWS', 'ETL', 'Python', 'SQL', 'Spark']"
JOB08808,Business Analyst,"['Business Analysis', 'Excel', 'Power BI', 'Requirements Gathering', 'SQL']"
JOB08809,Power BI Developer,"['DAX', 'Excel', 'Power BI', 'Power Query', 'SQL']"
JOB08810,Data Engineer,"['AWS', 'ETL', 'Python', 'SQL', 'Spark']"
JOB08811,Database Administrator,"['Database', 'Database Administration', 'MySQL', 'Oracle', 'PostgreSQL', 'SQL']"
JOB08812,Cloud Engineer,"['AWS', 'Azure', 'Cloud Computing', 'Docker', 'Linux']"
JOB08813,Python Developer,"['Django', 'Flask', 'Git', 'Python', 'SQL']"
JOB08814,SQL Developer,"['Database', 'ETL', 'MySQL', 'PostgreSQL', 'SQL']"
JOB08815,Database Administrator,"['Database', 'Database Administration', 'MySQL', 'Oracle', 'PostgreSQL', 'SQL']"
JOB08816,Data Engineer,"['AWS', 'ETL', 'Python', 'SQL', 'Spark']"
JOB08817,Data Engineer,"['AWS', 'ETL', 'Python', 'SQL', 'Spark']"
JOB08818,Software Engineer,"['Git', 'Java', 'Python', 'REST API', 'SQL']"
JOB08819,Data Analyst,"['Excel', 'Power BI', 'Python', 'SQL', 'Tableau']"
JOB08820,Marketing Analyst,"['Excel', 'Marketing Analytics', 'Power BI', 'Python', 'SQL']"
JOB08821,Data Engineer,"['AWS', 'ETL', 'Python', 'SQL', 'Spark']"
JOB08822,Data Scientist,"['Machine Learning', 'Pandas', 'Python', 'SQL', 'Statistics']"
JOB08823,Machine Learning Engineer,"['Docker', 'Machine Learning', 'Python', 'Scikit-learn', 'TensorFlow']"
JOB08824,Power BI Developer,"['DAX', 'Excel', 'Power BI', 'Power Query', 'SQL']"
JOB08825,SQL Developer,"['Database', 'ETL', 'MySQL', 'PostgreSQL', 'SQL']"
JOB08826,Database Administrator,"['Database', 'Database Administration', 'MySQL', 'Oracle', 'PostgreSQL', 'SQL']"
JOB08827,Marketing Analyst,"['Excel', 'Marketing Analytics', 'Power BI', 'Python', 'SQL']"
JOB08828,Business Analyst,"['Business Analysis', 'Excel', 'Power BI', 'Requirements Gathering', 'SQL']"
JOB08829,Marketing Analyst,"['Excel', 'Marketing Analytics', 'Power BI', 'Python', 'SQL']"
JOB08830,Python Developer,"['Django', 'Flask', 'Git', 'Python', 'SQL']"
JOB08831,Cloud Engineer,"['AWS', 'Azure', 'Cloud Computing', 'Docker', 'Linux']"
JOB08832,BI Analyst,"['DAX', 'Data Visualization', 'Excel', 'Power BI', 'SQL']"
JOB08833,Product Analyst,"['Excel', 'Oracle', 'Product Analytics', 'Python', 'SQL']"
JOB08834,Data Scientist,"['Cloud Computing', 'Machine Learning', 'Pandas', 'Python', 'SQL', 'Statistics']"
JOB08835,Database Administrator,"['Database', 'Database Administration', 'MySQL', 'Oracle', 'PostgreSQL', 'SQL']"
JOB08836,Machine Learning Engineer,"['Docker', 'Machine Learning', 'Python', 'Scikit-learn', 'TensorFlow']"
JOB08837,Python Developer,"['Django', 'Flask', 'Git', 'Python', 'SQL']"
JOB08838,Cloud Engineer,"['AWS', 'Azure', 'Cloud Computing', 'Docker', 'Linux', 'Oracle']"
JOB08839,Web Developer,"['CSS', 'Git', 'HTML', 'Java', 'JavaScript', 'Machine Learning', 'React']"
JOB08840,Power BI Developer,"['DAX', 'Excel', 'Power BI', 'Power Query', 'SQL']"
JOB08841,Cloud Engineer,"['AWS', 'Azure', 'Cloud Computing', 'Docker', 'Linux']"
JOB08842,Web Developer,"['CSS', 'Git', 'HTML', 'Java', 'JavaScript', 'Machine Learning', 'React']"
JOB08843,Database Administrator,"['Database', 'Database Administration', 'MySQL', 'Oracle', 'PostgreSQL', 'SQL']"
JOB08844,Business Analyst,"['Business Analysis', 'Excel', 'Power BI', 'Requirements Gathering', 'SQL']"
JOB08845,Data Analyst,"['Excel', 'Power BI', 'Python', 'SQL', 'Tableau']"
JOB08846,Data Analyst,"['Excel', 'Oracle', 'Power BI', 'Python', 'SQL', 'Tableau']"
JOB08847,Software Engineer,"['Git', 'Java', 'Python', 'REST API', 'SQL']"
JOB08848,QA Engineer,"['Automation Testing', 'Java', 'Python', 'SQL', 'Selenium']"
JOB08849,Product Analyst,"['Excel', 'Product Analytics', 'Python', 'SQL']"
JOB08850,Machine Learning Engineer,"['Docker', 'Machine Learning', 'Python', 'Scikit-learn', 'TensorFlow']"
JOB08851,SQL Developer,"['Database', 'ETL', 'MySQL', 'PostgreSQL', 'SQL']"
JOB08852,Machine Learning Engineer,"['Docker', 'Machine Learning', 'Python', 'Scikit-learn', 'TensorFlow']"
JOB08853,Machine Learning Engineer,"['Docker', 'Machine Learning', 'Python', 'Scikit-learn', 'TensorFlow']"
JOB08854,Machine Learning Engineer,"['Docker', 'Machine Learning', 'Python', 'Scikit-learn', 'TensorFlow']"
JOB08855,Machine Learning Engineer,"['Docker', 'Machine Learning', 'Python', 'Scikit-learn', 'TensorFlow']"
JOB08856,Product Analyst,"['Excel', 'Product Analytics', 'Python', 'SQL']"
JOB08857,Python Developer,"['Django', 'Flask', 'Git', 'Python', 'SQL']"
JOB08858,DevOps Engineer,"['AWS', 'Docker', 'Jenkins', 'Kubernetes', 'Linux']"
JOB08859,Full Stack Developer,"['CSS', 'HTML', 'Java', 'JavaScript', 'Machine Learning', 'Node', 'React']"
JOB08860,QA Engineer,"['Automation Testing', 'Java', 'Python', 'SQL', 'Selenium']"
JOB08861,Cloud Engineer,"['AWS', 'Azure', 'Cloud Computing', 'Docker', 'Linux']"
JOB08862,QA Engineer,"['Automation Testing', 'Java', 'Python', 'SQL', 'Selenium']"
JOB08863,Machine Learning Engineer,"['Docker', 'Machine Learning', 'Python', 'Scikit-learn', 'TensorFlow']"
JOB08864,Financial Analyst,"['Excel', 'Financial Modeling', 'Power BI', 'SQL', 'Statistics']"
JOB08865,Data Analyst,"['Excel', 'Power BI', 'Python', 'SQL', 'Tableau']"
JOB08866,HR Analyst,"['Data Analysis', 'Excel', 'HR Analytics', 'Power BI', 'SQL']"
JOB08867,BI Analyst,"['DAX', 'Data Visualization', 'Excel', 'Power BI', 'SQL']"
JOB08868,QA Engineer,"['Automation Testing', 'Java', 'Python', 'SQL', 'Selenium']"
JOB08869,Software Engineer,"['Git', 'Java', 'Python', 'REST API', 'SQL']"
JOB08870,DevOps Engineer,"['AWS', 'Cloud Computing', 'Docker', 'Jenkins', 'Kubernetes', 'Linux']"
JOB08871,Machine Learning Engineer,"['Docker', 'Machine Learning', 'Python', 'Scikit-learn', 'TensorFlow']"
JOB08872,DevOps Engineer,"['AWS', 'Docker', 'Jenkins', 'Kubernetes', 'Linux']"
JOB08873,Data Engineer,"['AWS', 'Cloud Computing', 'ETL', 'Python', 'SQL', 'Spark']"
JOB08874,Machine Learning Engineer,"['Docker', 'Machine Learning', 'Python', 'Scikit-learn', 'TensorFlow']"
JOB08875,Full Stack Developer,"['CSS', 'HTML', 'Java', 'JavaScript', 'Machine Learning', 'Node', 'React']"
JOB08876,SQL Developer,"['Database', 'ETL', 'MySQL', 'Oracle', 'PostgreSQL', 'SQL']"
JOB08877,DevOps Engineer,"['AWS', 'Docker', 'Jenkins', 'Kubernetes', 'Linux']"
JOB08878,HR Analyst,"['Data Analysis', 'Excel', 'HR Analytics', 'Power BI', 'SQL']"
JOB08879,SQL Developer,"['Database', 'ETL', 'MySQL', 'PostgreSQL', 'SQL']"
JOB08880,Python Developer,"['Django', 'Flask', 'Git', 'Python', 'SQL']"
JOB08881,Product Analyst,"['Excel', 'Product Analytics', 'Python', 'SQL']"
JOB08882,Power BI Developer,"['DAX', 'Excel', 'Power BI', 'Power Query', 'SQL']"
JOB08883,SQL Developer,"['Database', 'ETL', 'MySQL', 'PostgreSQL', 'SQL']"
JOB08884,SQL Developer,"['Cloud Computing', 'Database', 'ETL', 'MySQL', 'PostgreSQL', 'SQL']"
JOB08885,Business Analyst,"['Business Analysis', 'Cloud Computing', 'Excel', 'Power BI', 'Requirements Gathering', 'SQL']"
JOB08886,Business Analyst,"['Business Analysis', 'Excel', 'Power BI', 'Requirements Gathering', 'SQL']"
JOB08887,HR Analyst,"['Data Analysis', 'Excel', 'HR Analytics', 'Power BI', 'SQL']"
JOB08888,Cloud Engineer,"['AWS', 'Azure', 'Cloud Computing', 'Docker', 'Linux']"
JOB08889,Cloud Engineer,"['AWS', 'Azure', 'Cloud Computing', 'Docker', 'Linux']"
JOB08890,HR Analyst,"['Data Analysis', 'Excel', 'HR Analytics', 'Oracle', 'Power BI', 'SQL']"
JOB08891,QA Engineer,"['Automation Testing', 'Java', 'Python', 'SQL', 'Selenium']"
JOB08892,Software Engineer,"['Git', 'Java', 'Python', 'REST API', 'SQL']"
JOB08893,Power BI Developer,"['DAX', 'Excel', 'Power BI', 'Power Query', 'SQL']"
JOB08894,BI Analyst,"['DAX', 'Data Visualization', 'Excel', 'Power BI', 'SQL']"
JOB08895,Marketing Analyst,"['Excel', 'Marketing Analytics', 'Power BI', 'Python', 'SQL']"
JOB08896,Web Developer,"['CSS', 'Git', 'HTML', 'Java', 'JavaScript', 'Machine Learning', 'React']"
JOB08897,Python Developer,"['Django', 'Flask', 'Git', 'Python', 'SQL']"
JOB08898,Cloud Engineer,"['AWS', 'Azure', 'Cloud Computing', 'Docker', 'Linux', 'Oracle']"
JOB08899,Software Engineer,"['Git', 'Java', 'Python', 'REST API', 'SQL']"
JOB08900,Software Engineer,"['Git', 'Java', 'Python', 'REST API', 'SQL']"
JOB08901,Web Developer,"['CSS', 'Git', 'HTML', 'Java', 'JavaScript', 'Machine Learning', 'React']"
JOB08902,Power BI Developer,"['DAX', 'Excel', 'Power BI', 'Power Query', 'SQL']"
JOB08903,Full Stack Developer,"['CSS', 'HTML', 'Java', 'JavaScript', 'Machine Learning', 'Node', 'Oracle', 'React']"
JOB08904,Power BI Developer,"['DAX', 'Excel', 'Power BI', 'Power Query', 'SQL']"
JOB08905,Python Developer,"['Django', 'Flask', 'Git', 'Python', 'SQL']"
JOB08906,Data Scientist,"['Machine Learning', 'Pandas', 'Python', 'SQL', 'Statistics']"
JOB08907,Machine Learning Engineer,"['Docker', 'Machine Learning', 'Python', 'Scikit-learn', 'TensorFlow']"
JOB08908,Cloud Engineer,"['AWS', 'Azure', 'Cloud Computing', 'Docker', 'Linux']"
JOB08909,Marketing Analyst,"['Cloud Computing', 'Excel', 'Marketing Analytics', 'Power BI', 'Python', 'SQL']"
JOB08910,Python Developer,"['Django', 'Flask', 'Git', 'Python', 'SQL']"
JOB08911,Product Analyst,"['Excel', 'Product Analytics', 'Python', 'SQL']"
JOB08912,Marketing Analyst,"['Excel', 'Marketing Analytics', 'Power BI', 'Python', 'SQL']"
JOB08913,HR Analyst,"['Cloud Computing', 'Data Analysis', 'Excel', 'HR Analytics', 'Power BI', 'SQL']"
JOB08914,Database Administrator,"['Cloud Computing', 'Database', 'Database Administration', 'MySQL', 'Oracle', 'PostgreSQL', 'SQL']"
JOB08915,BI Analyst,"['DAX', 'Data Visualization', 'Excel', 'Power BI', 'SQL']"
JOB08916,DevOps Engineer,"['AWS', 'Docker', 'Jenkins', 'Kubernetes', 'Linux']"
JOB08917,Software Engineer,"['Git', 'Java', 'Python', 'REST API', 'SQL']"
JOB08918,Software Engineer,"['Git', 'Java', 'Oracle', 'Python', 'REST API', 'SQL']"
JOB08919,SQL Developer,"['Database', 'ETL', 'MySQL', 'Oracle', 'PostgreSQL', 'SQL']"
JOB08920,SQL Developer,"['Database', 'ETL', 'MySQL', 'PostgreSQL', 'SQL']"
JOB08921,DevOps Engineer,"['AWS', 'Docker', 'Jenkins', 'Kubernetes', 'Linux']"
JOB08922,Full Stack Developer,"['CSS', 'HTML', 'Java', 'JavaScript', 'Machine Learning', 'Node', 'React']"
JOB08923,Cloud Engineer,"['AWS', 'Azure', 'Cloud Computing', 'Docker', 'Linux']"
JOB08924,Power BI Developer,"['DAX', 'Excel', 'Power BI', 'Power Query', 'SQL']"
JOB08925,QA Engineer,"['Automation Testing', 'Java', 'Python', 'SQL', 'Selenium']"
JOB08926,Python Developer,"['Django', 'Flask', 'Git', 'Python', 'SQL']"
JOB08927,Data Engineer,"['AWS', 'ETL', 'Python', 'SQL', 'Spark']"
JOB08928,Marketing Analyst,"['Cloud Computing', 'Excel', 'Marketing Analytics', 'Power BI', 'Python', 'SQL']"
JOB08929,QA Engineer,"['Automation Testing', 'Java', 'Python', 'SQL', 'Selenium']"
JOB08930,Product Analyst,"['Excel', 'Product Analytics', 'Python', 'SQL']"
JOB08931,Product Analyst,"['Excel', 'Product Analytics', 'Python', 'SQL']"
JOB08932,DevOps Engineer,"['AWS', 'Docker', 'Jenkins', 'Kubernetes', 'Linux']"
JOB08933,Software Engineer,"['Git', 'Java', 'Python', 'REST API', 'SQL']"
JOB08934,Data Engineer,"['AWS', 'Cloud Computing', 'ETL', 'Python', 'SQL', 'Spark']"
JOB08935,Data Engineer,"['AWS', 'ETL', 'Python', 'SQL', 'Spark']"
JOB08936,Marketing Analyst,"['Excel', 'Marketing Analytics', 'Oracle', 'Power BI', 'Python', 'SQL']"
JOB08937,Financial Analyst,"['Excel', 'Financial Modeling', 'Power BI', 'SQL', 'Statistics']"
JOB08938,Web Developer,"['CSS', 'Git', 'HTML', 'Java', 'JavaScript', 'Machine Learning', 'React']"
JOB08939,Full Stack Developer,"['CSS', 'HTML', 'Java', 'JavaScript', 'Machine Learning', 'Node', 'Oracle', 'React']"
JOB08940,QA Engineer,"['Automation Testing', 'Java', 'Python', 'SQL', 'Selenium']"
JOB08941,Software Engineer,"['Git', 'Java', 'Python', 'REST API', 'SQL']"
JOB08942,SQL Developer,"['Database', 'ETL', 'MySQL', 'PostgreSQL', 'SQL']"
JOB08943,Power BI Developer,"['DAX', 'Excel', 'Power BI', 'Power Query', 'SQL']"
JOB08944,BI Analyst,"['DAX', 'Data Visualization', 'Excel', 'Power BI', 'SQL']"
JOB08945,HR Analyst,"['Data Analysis', 'Excel', 'HR Analytics', 'Power BI', 'SQL']"
JOB08946,BI Analyst,"['DAX', 'Data Visualization', 'Excel', 'Power BI', 'SQL']"
JOB08947,Python Developer,"['Django', 'Flask', 'Git', 'Oracle', 'Python', 'SQL']"
JOB08948,Full Stack Developer,"['CSS', 'HTML', 'Java', 'JavaScript', 'Machine Learning', 'Node', 'Oracle', 'React']"
JOB08949,Power BI Developer,"['DAX', 'Excel', 'Power BI', 'Power Query', 'SQL']"
JOB08950,Financial Analyst,"['Excel', 'Financial Modeling', 'Power BI', 'SQL', 'Statistics']"
JOB08951,BI Analyst,"['DAX', 'Data Visualization', 'Excel', 'Power BI', 'SQL']"
JOB08952,Cloud Engineer,"['AWS', 'Azure', 'Cloud Computing', 'Docker', 'Linux']"
JOB08953,Power BI Developer,"['DAX', 'Excel', 'Power BI', 'Power Query', 'SQL']"
JOB08954,HR Analyst,"['Data Analysis', 'Excel', 'HR Analytics', 'Power BI', 'SQL']"
JOB08955,SQL Developer,"['Database', 'ETL', 'MySQL', 'Oracle', 'PostgreSQL', 'SQL']"
JOB08956,DevOps Engineer,"['AWS', 'Docker', 'Jenkins', 'Kubernetes', 'Linux']"
JOB08957,Business Analyst,"['Business Analysis', 'Excel', 'Power BI', 'Requirements Gathering', 'SQL']"
JOB08958,HR Analyst,"['Data Analysis', 'Excel', 'HR Analytics', 'Power BI', 'SQL']"
JOB08959,HR Analyst,"['Data Analysis', 'Excel', 'HR Analytics', 'Power BI', 'SQL']"
JOB08960,BI Analyst,"['DAX', 'Data Visualization', 'Excel', 'Power BI', 'SQL']"
JOB08961,Machine Learning Engineer,"['Docker', 'Machine Learning', 'Python', 'Scikit-learn', 'TensorFlow']"
JOB08962,Product Analyst,"['Excel', 'Product Analytics', 'Python', 'SQL']"
JOB08963,BI Analyst,"['DAX', 'Data Visualization', 'Excel', 'Oracle', 'Power BI', 'SQL']"
JOB08964,Software Engineer,"['Git', 'Java', 'Python', 'REST API', 'SQL']"
JOB08965,BI Analyst,"['DAX', 'Data Visualization', 'Excel', 'Power BI', 'SQL']"
JOB08966,DevOps Engineer,"['AWS', 'Docker', 'Jenkins', 'Kubernetes', 'Linux']"
JOB08967,Software Engineer,"['Git', 'Java', 'Python', 'REST API', 'SQL']"
JOB08968,Financial Analyst,"['Excel', 'Financial Modeling', 'Power BI', 'SQL', 'Statistics']"
JOB08969,Product Analyst,"['Excel', 'Product Analytics', 'Python', 'SQL']"
JOB08970,Data Scientist,"['Machine Learning', 'Pandas', 'Python', 'SQL', 'Statistics']"
JOB08971,Power BI Developer,"['DAX', 'Excel', 'Power BI', 'Power Query', 'SQL']"
JOB08972,Machine Learning Engineer,"['Docker', 'Machine Learning', 'Python', 'Scikit-learn', 'TensorFlow']"
JOB08973,Data Engineer,"['AWS', 'ETL', 'Python', 'SQL', 'Spark']"
JOB08974,Software Engineer,"['Git', 'Java', 'Python', 'REST API', 'SQL']"
JOB08975,Web Developer,"['CSS', 'Git', 'HTML', 'Java', 'JavaScript', 'Machine Learning', 'React']"
JOB08976,Cloud Engineer,"['AWS', 'Azure', 'Cloud Computing', 'Docker', 'Linux']"
JOB08977,DevOps Engineer,"['AWS', 'Docker', 'Jenkins', 'Kubernetes', 'Linux']"
JOB08978,DevOps Engineer,"['AWS', 'Docker', 'Jenkins', 'Kubernetes', 'Linux']"
JOB08979,Data Engineer,"['AWS', 'ETL', 'Python', 'SQL', 'Spark']"
JOB08980,Python Developer,"['Django', 'Flask', 'Git', 'Python', 'SQL']"
JOB08981,QA Engineer,"['Automation Testing', 'Java', 'Oracle', 'Python', 'SQL', 'Selenium']"
JOB08982,Machine Learning Engineer,"['Docker', 'Machine Learning', 'Python', 'Scikit-learn', 'TensorFlow']"
JOB08983,Software Engineer,"['Git', 'Java', 'Python', 'REST API', 'SQL']"
JOB08984,Data Scientist,"['Machine Learning', 'Pandas', 'Python', 'SQL', 'Statistics']"
JOB08985,Full Stack Developer,"['CSS', 'HTML', 'Java', 'JavaScript', 'Machine Learning', 'Node', 'React']"
JOB08986,Python Developer,"['Django', 'Flask', 'Git', 'Python', 'SQL']"
JOB08987,Software Engineer,"['Git', 'Java', 'Python', 'REST API', 'SQL']"
JOB08988,Financial Analyst,"['Excel', 'Financial Modeling', 'Power BI', 'SQL', 'Statistics']"
JOB08989,Data Engineer,"['AWS', 'ETL', 'Oracle', 'Python', 'SQL', 'Spark']"
JOB08990,Marketing Analyst,"['Excel', 'Marketing Analytics', 'Power BI', 'Python', 'SQL']"
JOB08991,Marketing Analyst,"['Excel', 'Marketing Analytics', 'Power BI', 'Python', 'SQL']"
JOB08992,Python Developer,"['Django', 'Flask', 'Git', 'Python', 'SQL']"
JOB08993,Data Analyst,"['Excel', 'Power BI', 'Python', 'SQL', 'Tableau']"
JOB08994,Software Engineer,"['Git', 'Java', 'Python', 'REST API', 'SQL']"
JOB08995,Product Analyst,"['Excel', 'Product Analytics', 'Python', 'SQL']"
JOB08996,QA Engineer,"['Automation Testing', 'Java', 'Python', 'SQL', 'Selenium']"
JOB08997,Python Developer,"['Django', 'Flask', 'Git', 'Python', 'SQL']"
JOB08998,Marketing Analyst,"['Excel', 'Marketing Analytics', 'Power BI', 'Python', 'SQL']"
JOB08999,Machine Learning Engineer,"['Docker', 'Machine Learning', 'Python', 'Scikit-learn', 'TensorFlow']"
JOB09000,Database Administrator,"['Database', 'Database Administration', 'MySQL', 'Oracle', 'PostgreSQL', 'SQL']"
JOB09001,Software Engineer,"['Git', 'Java', 'Python', 'REST API', 'SQL']"
JOB09002,Data Engineer,"['AWS', 'ETL', 'Python', 'SQL', 'Spark']"
JOB09003,Data Analyst,"['Excel', 'Oracle', 'Power BI', 'Python', 'SQL', 'Tableau']"
JOB09004,Cloud Engineer,"['AWS', 'Azure', 'Cloud Computing', 'Docker', 'Linux']"
JOB09005,Software Engineer,"['Cloud Computing', 'Git', 'Java', 'Python', 'REST API', 'SQL']"
JOB09006,Data Scientist,"['Machine Learning', 'Pandas', 'Python', 'SQL', 'Statistics']"
JOB09007,Business Analyst,"['Business Analysis', 'Excel', 'Power BI', 'Requirements Gathering', 'SQL']"
JOB09008,Python Developer,"['Django', 'Flask', 'Git', 'Python', 'SQL']"
JOB09009,Python Developer,"['Django', 'Flask', 'Git', 'Python', 'SQL']"
JOB09010,Machine Learning Engineer,"['Docker', 'Machine Learning', 'Python', 'Scikit-learn', 'TensorFlow']"
JOB09011,Data Scientist,"['Cloud Computing', 'Machine Learning', 'Pandas', 'Python', 'SQL', 'Statistics']"
JOB09012,Financial Analyst,"['Excel', 'Financial Modeling', 'Power BI', 'SQL', 'Statistics']"
JOB09013,Python Developer,"['Django', 'Flask', 'Git', 'Python', 'SQL']"
JOB09014,DevOps Engineer,"['AWS', 'Docker', 'Jenkins', 'Kubernetes', 'Linux']"
JOB09015,Marketing Analyst,"['Excel', 'Marketing Analytics', 'Power BI', 'Python', 'SQL']"
JOB09016,HR Analyst,"['Data Analysis', 'Excel', 'HR Analytics', 'Power BI', 'SQL']"
JOB09017,Full Stack Developer,"['CSS', 'HTML', 'Java', 'JavaScript', 'Machine Learning', 'Node', 'React']"
JOB09018,SQL Developer,"['Database', 'ETL', 'MySQL', 'PostgreSQL', 'SQL']"
JOB09019,Cloud Engineer,"['AWS', 'Azure', 'Cloud Computing', 'Docker', 'Linux']"
JOB09020,Cloud Engineer,"['AWS', 'Azure', 'Cloud Computing', 'Docker', 'Linux']"
JOB09021,Python Developer,"['Django', 'Flask', 'Git', 'Python', 'SQL']"
JOB09022,Data Analyst,"['Excel', 'Power BI', 'Python', 'SQL', 'Tableau']"
JOB09023,Data Analyst,"['Excel', 'Power BI', 'Python', 'SQL', 'Tableau']"
JOB09024,Database Administrator,"['Database', 'Database Administration', 'MySQL', 'Oracle', 'PostgreSQL', 'SQL']"
JOB09025,Data Analyst,"['Excel', 'Power BI', 'Python', 'SQL', 'Tableau']"
JOB09026,Financial Analyst,"['Excel', 'Financial Modeling', 'Oracle', 'Power BI', 'SQL', 'Statistics']"
JOB09027,Data Engineer,"['AWS', 'ETL', 'Python', 'SQL', 'Spark']"
JOB09028,Marketing Analyst,"['Cloud Computing', 'Excel', 'Marketing Analytics', 'Power BI', 'Python', 'SQL']"
JOB09029,Machine Learning Engineer,"['Docker', 'Machine Learning', 'Python', 'Scikit-learn', 'TensorFlow']"
JOB09030,QA Engineer,"['Automation Testing', 'Java', 'Python', 'SQL', 'Selenium']"
JOB09031,Data Scientist,"['Machine Learning', 'Pandas', 'Python', 'SQL', 'Statistics']"
JOB09032,Cloud Engineer,"['AWS', 'Azure', 'Cloud Computing', 'Docker', 'Linux']"
JOB09033,Web Developer,"['CSS', 'Git', 'HTML', 'Java', 'JavaScript', 'Machine Learning', 'React']"
JOB09034,Cloud Engineer,"['AWS', 'Azure', 'Cloud Computing', 'Docker', 'Linux']"
JOB09035,Data Engineer,"['AWS', 'ETL', 'Python', 'SQL', 'Spark']"
JOB09036,Financial Analyst,"['Excel', 'Financial Modeling', 'Power BI', 'SQL', 'Statistics']"
JOB09037,Database Administrator,"['Database', 'Database Administration', 'MySQL', 'Oracle', 'PostgreSQL', 'SQL']"
JOB09038,SQL Developer,"['Database', 'ETL', 'MySQL', 'PostgreSQL', 'SQL']"
JOB09039,SQL Developer,"['Database', 'ETL', 'MySQL', 'PostgreSQL', 'SQL']"
JOB09040,Software Engineer,"['Git', 'Java', 'Python', 'REST API', 'SQL']"
JOB09041,Machine Learning Engineer,"['Docker', 'Machine Learning', 'Python', 'Scikit-learn', 'TensorFlow']"
JOB09042,Financial Analyst,"['Excel', 'Financial Modeling', 'Oracle', 'Power BI', 'SQL', 'Statistics']"
JOB09043,Machine Learning Engineer,"['Docker', 'Machine Learning', 'Python', 'Scikit-learn', 'TensorFlow']"
JOB09044,Machine Learning Engineer,"['Docker', 'Machine Learning', 'Python', 'Scikit-learn', 'TensorFlow']"
JOB09045,BI Analyst,"['DAX', 'Data Visualization', 'Excel', 'Power BI', 'SQL']"
JOB09046,Data Analyst,"['Excel', 'Power BI', 'Python', 'SQL', 'Tableau']"
JOB09047,Cloud Engineer,"['AWS', 'Azure', 'Cloud Computing', 'Docker', 'Linux']"
JOB09048,SQL Developer,"['Database', 'ETL', 'MySQL', 'PostgreSQL', 'SQL']"
JOB09049,Data Scientist,"['Machine Learning', 'Pandas', 'Python', 'SQL', 'Statistics']"
JOB09050,QA Engineer,"['Automation Testing', 'Java', 'Python', 'SQL', 'Selenium']"
JOB09051,Data Analyst,"['Excel', 'Power BI', 'Python', 'SQL', 'Tableau']"
JOB09052,Product Analyst,"['Excel', 'Product Analytics', 'Python', 'SQL']"
JOB09053,Data Scientist,"['Machine Learning', 'Pandas', 'Python', 'SQL', 'Statistics']"
JOB09054,Business Analyst,"['Business Analysis', 'Excel', 'Power BI', 'Requirements Gathering', 'SQL']"
JOB09055,Marketing Analyst,"['Excel', 'Marketing Analytics', 'Power BI', 'Python', 'SQL']"
JOB09056,BI Analyst,"['DAX', 'Data Visualization', 'Excel', 'Power BI', 'SQL']"
JOB09057,DevOps Engineer,"['AWS', 'Cloud Computing', 'Docker', 'Jenkins', 'Kubernetes', 'Linux']"
JOB09058,BI Analyst,"['DAX', 'Data Visualization', 'Excel', 'Power BI', 'SQL']"
JOB09059,Python Developer,"['Django', 'Flask', 'Git', 'Python', 'SQL']"
JOB09060,Machine Learning Engineer,"['Docker', 'Machine Learning', 'Python', 'Scikit-learn', 'TensorFlow']"
JOB09061,Database Administrator,"['Cloud Computing', 'Database', 'Database Administration', 'MySQL', 'Oracle', 'PostgreSQL', 'SQL']"
JOB09062,BI Analyst,"['DAX', 'Data Visualization', 'Excel', 'Power BI', 'SQL']"
JOB09063,Database Administrator,"['Database', 'Database Administration', 'MySQL', 'Oracle', 'PostgreSQL', 'SQL']"
JOB09064,HR Analyst,"['Data Analysis', 'Excel', 'HR Analytics', 'Power BI', 'SQL']"
JOB09065,SQL Developer,"['Database', 'ETL', 'MySQL', 'PostgreSQL', 'SQL']"
JOB09066,Full Stack Developer,"['CSS', 'HTML', 'Java', 'JavaScript', 'Machine Learning', 'Node', 'React']"
JOB09067,Web Developer,"['CSS', 'Git', 'HTML', 'Java', 'JavaScript', 'Machine Learning', 'React']"
JOB09068,Machine Learning Engineer,"['Docker', 'Machine Learning', 'Python', 'Scikit-learn', 'TensorFlow']"
JOB09069,BI Analyst,"['DAX', 'Data Visualization', 'Excel', 'Power BI', 'SQL']"
JOB09070,QA Engineer,"['Automation Testing', 'Java', 'Python', 'SQL', 'Selenium']"
JOB09071,Software Engineer,"['Git', 'Java', 'Python', 'REST API', 'SQL']"
JOB09072,Machine Learning Engineer,"['Docker', 'Machine Learning', 'Python', 'Scikit-learn', 'TensorFlow']"
JOB09073,HR Analyst,"['Data Analysis', 'Excel', 'HR Analytics', 'Power BI', 'SQL']"
JOB09074,Financial Analyst,"['Excel', 'Financial Modeling', 'Power BI', 'SQL', 'Statistics']"
JOB09075,Web Developer,"['CSS', 'Git', 'HTML', 'Java', 'JavaScript', 'Machine Learning', 'React']"
JOB09076,Software Engineer,"['Git', 'Java', 'Python', 'REST API', 'SQL']"
JOB09077,Power BI Developer,"['DAX', 'Excel', 'Power BI', 'Power Query', 'SQL']"
JOB09078,QA Engineer,"['Automation Testing', 'Cloud Computing', 'Java', 'Python', 'SQL', 'Selenium']"
JOB09079,BI Analyst,"['DAX', 'Data Visualization', 'Excel', 'Power BI', 'SQL']"
JOB09080,Full Stack Developer,"['CSS', 'HTML', 'Java', 'JavaScript', 'Machine Learning', 'Node', 'React']"
JOB09081,Data Analyst,"['Excel', 'Power BI', 'Python', 'SQL', 'Tableau']"
JOB09082,Full Stack Developer,"['CSS', 'HTML', 'Java', 'JavaScript', 'Machine Learning', 'Node', 'React']"
JOB09083,BI Analyst,"['DAX', 'Data Visualization', 'Excel', 'Power BI', 'SQL']"
JOB09084,Business Analyst,"['Business Analysis', 'Cloud Computing', 'Excel', 'Power BI', 'Requirements Gathering', 'SQL']"
JOB09085,DevOps Engineer,"['AWS', 'Docker', 'Jenkins', 'Kubernetes', 'Linux']"
JOB09086,Python Developer,"['Django', 'Flask', 'Git', 'Python', 'SQL']"
JOB09087,Machine Learning Engineer,"['Docker', 'Machine Learning', 'Python', 'Scikit-learn', 'TensorFlow']"
JOB09088,Python Developer,"['Django', 'Flask', 'Git', 'Python', 'SQL']"
JOB09089,HR Analyst,"['Data Analysis', 'Excel', 'HR Analytics', 'Power BI', 'SQL']"
JOB09090,Web Developer,"['CSS', 'Git', 'HTML', 'Java', 'JavaScript', 'Machine Learning', 'React']"
JOB09091,Financial Analyst,"['Excel', 'Financial Modeling', 'Power BI', 'SQL', 'Statistics']"
JOB09092,HR Analyst,"['Data Analysis', 'Excel', 'HR Analytics', 'Power BI', 'SQL']"
JOB09093,Python Developer,"['Django', 'Flask', 'Git', 'Python', 'SQL']"
JOB09094,Machine Learning Engineer,"['Docker', 'Machine Learning', 'Python', 'Scikit-learn', 'TensorFlow']"
JOB09095,DevOps Engineer,"['AWS', 'Docker', 'Jenkins', 'Kubernetes', 'Linux']"
JOB09096,Product Analyst,"['Excel', 'Product Analytics', 'Python', 'SQL']"
JOB09097,Machine Learning Engineer,"['Docker', 'Machine Learning', 'Python', 'Scikit-learn', 'TensorFlow']"
JOB09098,QA Engineer,"['Automation Testing', 'Java', 'Python', 'SQL', 'Selenium']"
JOB09099,Machine Learning Engineer,"['Docker', 'Machine Learning', 'Python', 'Scikit-learn', 'TensorFlow']"
JOB09100,QA Engineer,"['Automation Testing', 'Java', 'Python', 'SQL', 'Selenium']"
JOB09101,Database Administrator,"['Database', 'Database Administration', 'MySQL', 'Oracle', 'PostgreSQL', 'SQL']"
JOB09102,Business Analyst,"['Business Analysis', 'Excel', 'Power BI', 'Requirements Gathering', 'SQL']"
JOB09103,Power BI Developer,"['DAX', 'Excel', 'Power BI', 'Power Query', 'SQL']"
JOB09104,Cloud Engineer,"['AWS', 'Azure', 'Cloud Computing', 'Docker', 'Linux']"
JOB09105,Financial Analyst,"['Excel', 'Financial Modeling', 'Power BI', 'SQL', 'Statistics']"
JOB09106,SQL Developer,"['Database', 'ETL', 'MySQL', 'PostgreSQL', 'SQL']"
JOB09107,Software Engineer,"['Git', 'Java', 'Python', 'REST API', 'SQL']"
JOB09108,DevOps Engineer,"['AWS', 'Docker', 'Jenkins', 'Kubernetes', 'Linux']"
JOB09109,Data Analyst,"['Excel', 'Power BI', 'Python', 'SQL', 'Tableau']"
JOB09110,Data Engineer,"['AWS', 'ETL', 'Python', 'SQL', 'Spark']"
JOB09111,SQL Developer,"['Database', 'ETL', 'MySQL', 'PostgreSQL', 'SQL']"
JOB09112,SQL Developer,"['Database', 'ETL', 'MySQL', 'PostgreSQL', 'SQL']"
JOB09113,Data Scientist,"['Machine Learning', 'Pandas', 'Python', 'SQL', 'Statistics']"
JOB09114,Machine Learning Engineer,"['Docker', 'Machine Learning', 'Python', 'Scikit-learn', 'TensorFlow']"
JOB09115,Business Analyst,"['Business Analysis', 'Excel', 'Power BI', 'Requirements Gathering', 'SQL']"
JOB09116,Product Analyst,"['Excel', 'Product Analytics', 'Python', 'SQL']"
JOB09117,Marketing Analyst,"['Excel', 'Marketing Analytics', 'Power BI', 'Python', 'SQL']"
JOB09118,Business Analyst,"['Business Analysis', 'Excel', 'Power BI', 'Requirements Gathering', 'SQL']"
JOB09119,Financial Analyst,"['Excel', 'Financial Modeling', 'Power BI', 'SQL', 'Statistics']"
JOB09120,Business Analyst,"['Business Analysis', 'Excel', 'Power BI', 'Requirements Gathering', 'SQL']"
JOB09121,Full Stack Developer,"['CSS', 'HTML', 'Java', 'JavaScript', 'Machine Learning', 'Node', 'React']"
JOB09122,Marketing Analyst,"['Excel', 'Marketing Analytics', 'Power BI', 'Python', 'SQL']"
JOB09123,BI Analyst,"['DAX', 'Data Visualization', 'Excel', 'Power BI', 'SQL']"
JOB09124,Marketing Analyst,"['Excel', 'Marketing Analytics', 'Power BI', 'Python', 'SQL']"
JOB09125,Python Developer,"['Django', 'Flask', 'Git', 'Python', 'SQL']"
JOB09126,Power BI Developer,"['DAX', 'Excel', 'Power BI', 'Power Query', 'SQL']"
JOB09127,Marketing Analyst,"['Excel', 'Marketing Analytics', 'Power BI', 'Python', 'SQL']"
JOB09128,Machine Learning Engineer,"['Docker', 'Machine Learning', 'Python', 'Scikit-learn', 'TensorFlow']"
JOB09129,Python Developer,"['Django', 'Flask', 'Git', 'Python', 'SQL']"
JOB09130,Data Engineer,"['AWS', 'ETL', 'Oracle', 'Python', 'SQL', 'Spark']"
JOB09131,Marketing Analyst,"['Excel', 'Marketing Analytics', 'Power BI', 'Python', 'SQL']"
JOB09132,SQL Developer,"['Database', 'ETL', 'MySQL', 'PostgreSQL', 'SQL']"
JOB09133,Power BI Developer,"['DAX', 'Excel', 'Power BI', 'Power Query', 'SQL']"
JOB09134,Data Scientist,"['Machine Learning', 'Pandas', 'Python', 'SQL', 'Statistics']"
JOB09135,HR Analyst,"['Data Analysis', 'Excel', 'HR Analytics', 'Power BI', 'SQL']"
JOB09136,Financial Analyst,"['Excel', 'Financial Modeling', 'Power BI', 'SQL', 'Statistics']"
JOB09137,Data Analyst,"['Excel', 'Power BI', 'Python', 'SQL', 'Tableau']"
JOB09138,Data Scientist,"['Machine Learning', 'Pandas', 'Python', 'SQL', 'Statistics']"
JOB09139,Software Engineer,"['Git', 'Java', 'Python', 'REST API', 'SQL']"
JOB09140,DevOps Engineer,"['AWS', 'Docker', 'Jenkins', 'Kubernetes', 'Linux']"
JOB09141,Python Developer,"['Cloud Computing', 'Django', 'Flask', 'Git', 'Python', 'SQL']"
JOB09142,Data Scientist,"['Machine Learning', 'Pandas', 'Python', 'SQL', 'Statistics']"
JOB09143,SQL Developer,"['Database', 'ETL', 'MySQL', 'PostgreSQL', 'SQL']"
JOB09144,Marketing Analyst,"['Excel', 'Marketing Analytics', 'Power BI', 'Python', 'SQL']"
JOB09145,Power BI Developer,"['DAX', 'Excel', 'Power BI', 'Power Query', 'SQL']"
JOB09146,Data Scientist,"['Machine Learning', 'Pandas', 'Python', 'SQL', 'Statistics']"
JOB09147,SQL Developer,"['Database', 'ETL', 'MySQL', 'PostgreSQL', 'SQL']"
JOB09148,Cloud Engineer,"['AWS', 'Azure', 'Cloud Computing', 'Docker', 'Linux']"
JOB09149,Financial Analyst,"['Excel', 'Financial Modeling', 'Power BI', 'SQL', 'Statistics']"
JOB09150,DevOps Engineer,"['AWS', 'Docker', 'Jenkins', 'Kubernetes', 'Linux']"
JOB09151,Financial Analyst,"['Excel', 'Financial Modeling', 'Power BI', 'SQL', 'Statistics']"
JOB09152,Data Scientist,"['Machine Learning', 'Pandas', 'Python', 'SQL', 'Statistics']"
JOB09153,Marketing Analyst,"['Cloud Computing', 'Excel', 'Marketing Analytics', 'Power BI', 'Python', 'SQL']"
JOB09154,Data Engineer,"['AWS', 'ETL', 'Python', 'SQL', 'Spark']"
JOB09155,Web Developer,"['CSS', 'Git', 'HTML', 'Java', 'JavaScript', 'Machine Learning', 'React']"
JOB09156,Python Developer,"['Django', 'Flask', 'Git', 'Python', 'SQL']"
JOB09157,Data Analyst,"['Excel', 'Power BI', 'Python', 'SQL', 'Tableau']"
JOB09158,SQL Developer,"['Database', 'ETL', 'MySQL', 'PostgreSQL', 'SQL']"
JOB09159,Marketing Analyst,"['Excel', 'Marketing Analytics', 'Power BI', 'Python', 'SQL']"
JOB09160,BI Analyst,"['DAX', 'Data Visualization', 'Excel', 'Power BI', 'SQL']"
JOB09161,HR Analyst,"['Data Analysis', 'Excel', 'HR Analytics', 'Power BI', 'SQL']"
JOB09162,Cloud Engineer,"['AWS', 'Azure', 'Cloud Computing', 'Docker', 'Linux']"
JOB09163,BI Analyst,"['DAX', 'Data Visualization', 'Excel', 'Power BI', 'SQL']"
JOB09164,HR Analyst,"['Data Analysis', 'Excel', 'HR Analytics', 'Power BI', 'SQL']"
JOB09165,SQL Developer,"['Database', 'ETL', 'MySQL', 'PostgreSQL', 'SQL']"
JOB09166,Python Developer,"['Django', 'Flask', 'Git', 'Python', 'SQL']"
JOB09167,Machine Learning Engineer,"['Docker', 'Machine Learning', 'Python', 'Scikit-learn', 'TensorFlow']"
JOB09168,Machine Learning Engineer,"['Docker', 'Machine Learning', 'Python', 'Scikit-learn', 'TensorFlow']"
JOB09169,Marketing Analyst,"['Excel', 'Marketing Analytics', 'Power BI', 'Python', 'SQL']"
JOB09170,Python Developer,"['Django', 'Flask', 'Git', 'Python', 'SQL']"
JOB09171,Full Stack Developer,"['CSS', 'HTML', 'Java', 'JavaScript', 'Machine Learning', 'Node', 'React']"
JOB09172,Web Developer,"['CSS', 'Git', 'HTML', 'Java', 'JavaScript', 'Machine Learning', 'React']"
JOB09173,Marketing Analyst,"['Cloud Computing', 'Excel', 'Marketing Analytics', 'Power BI', 'Python', 'SQL']"
JOB09174,Data Scientist,"['Machine Learning', 'Pandas', 'Python', 'SQL', 'Statistics']"
JOB09175,Data Engineer,"['AWS', 'ETL', 'Oracle', 'Python', 'SQL', 'Spark']"
JOB09176,Product Analyst,"['Excel', 'Product Analytics', 'Python', 'SQL']"
JOB09177,HR Analyst,"['Data Analysis', 'Excel', 'HR Analytics', 'Power BI', 'SQL']"
JOB09178,BI Analyst,"['DAX', 'Data Visualization', 'Excel', 'Power BI', 'SQL']"
JOB09179,Product Analyst,"['Excel', 'Product Analytics', 'Python', 'SQL']"
JOB09180,Product Analyst,"['Excel', 'Oracle', 'Product Analytics', 'Python', 'SQL']"
JOB09181,Machine Learning Engineer,"['Docker', 'Machine Learning', 'Python', 'Scikit-learn', 'TensorFlow']"
JOB09182,Machine Learning Engineer,"['Docker', 'Machine Learning', 'Python', 'Scikit-learn', 'TensorFlow']"
JOB09183,Machine Learning Engineer,"['Docker', 'Machine Learning', 'Python', 'Scikit-learn', 'TensorFlow']"
JOB09184,Full Stack Developer,"['CSS', 'HTML', 'Java', 'JavaScript', 'Machine Learning', 'Node', 'React']"
JOB09185,Full Stack Developer,"['CSS', 'HTML', 'Java', 'JavaScript', 'Machine Learning', 'Node', 'React']"
JOB09186,BI Analyst,"['Cloud Computing', 'DAX', 'Data Visualization', 'Excel', 'Power BI', 'SQL']"
JOB09187,Python Developer,"['Django', 'Flask', 'Git', 'Python', 'SQL']"
JOB09188,Product Analyst,"['Excel', 'Product Analytics', 'Python', 'SQL']"
JOB09189,Cloud Engineer,"['AWS', 'Azure', 'Cloud Computing', 'Docker', 'Linux']"
JOB09190,Software Engineer,"['Git', 'Java', 'Python', 'REST API', 'SQL']"
JOB09191,Data Engineer,"['AWS', 'ETL', 'Python', 'SQL', 'Spark']"
JOB09192,HR Analyst,"['Data Analysis', 'Excel', 'HR Analytics', 'Power BI', 'SQL']"
JOB09193,BI Analyst,"['DAX', 'Data Visualization', 'Excel', 'Power BI', 'SQL']"
JOB09194,SQL Developer,"['Database', 'ETL', 'MySQL', 'PostgreSQL', 'SQL']"
JOB09195,BI Analyst,"['DAX', 'Data Visualization', 'Excel', 'Power BI', 'SQL']"
JOB09196,Product Analyst,"['Excel', 'Product Analytics', 'Python', 'SQL']"
JOB09197,Cloud Engineer,"['AWS', 'Azure', 'Cloud Computing', 'Docker', 'Linux']"
JOB09198,Software Engineer,"['Git', 'Java', 'Python', 'REST API', 'SQL']"
JOB09199,HR Analyst,"['Data Analysis', 'Excel', 'HR Analytics', 'Power BI', 'SQL']"
JOB09200,Data Analyst,"['Excel', 'Power BI', 'Python', 'SQL', 'Tableau']"
JOB09201,QA Engineer,"['Automation Testing', 'Java', 'Oracle', 'Python', 'SQL', 'Selenium']"
JOB09202,Database Administrator,"['Database', 'Database Administration', 'MySQL', 'Oracle', 'PostgreSQL', 'SQL']"
JOB09203,Web Developer,"['CSS', 'Cloud Computing', 'Git', 'HTML', 'Java', 'JavaScript', 'Machine Learning', 'React']"
JOB09204,Data Analyst,"['Excel', 'Power BI', 'Python', 'SQL', 'Tableau']"
JOB09205,QA Engineer,"['Automation Testing', 'Java', 'Python', 'SQL', 'Selenium']"
JOB09206,Data Analyst,"['Excel', 'Power BI', 'Python', 'SQL', 'Tableau']"
JOB09207,Web Developer,"['CSS', 'Git', 'HTML', 'Java', 'JavaScript', 'Machine Learning', 'React']"
JOB09208,Business Analyst,"['Business Analysis', 'Excel', 'Power BI', 'Requirements Gathering', 'SQL']"
JOB09209,Financial Analyst,"['Excel', 'Financial Modeling', 'Power BI', 'SQL', 'Statistics']"
JOB09210,Product Analyst,"['Excel', 'Product Analytics', 'Python', 'SQL']"
JOB09211,Cloud Engineer,"['AWS', 'Azure', 'Cloud Computing', 'Docker', 'Linux']"
JOB09212,Cloud Engineer,"['AWS', 'Azure', 'Cloud Computing', 'Docker', 'Linux']"
JOB09213,HR Analyst,"['Cloud Computing', 'Data Analysis', 'Excel', 'HR Analytics', 'Power BI', 'SQL']"
JOB09214,Product Analyst,"['Excel', 'Product Analytics', 'Python', 'SQL']"
JOB09215,Software Engineer,"['Git', 'Java', 'Python', 'REST API', 'SQL']"
JOB09216,Machine Learning Engineer,"['Docker', 'Machine Learning', 'Python', 'Scikit-learn', 'TensorFlow']"
JOB09217,Machine Learning Engineer,"['Docker', 'Machine Learning', 'Python', 'Scikit-learn', 'TensorFlow']"
JOB09218,Data Analyst,"['Excel', 'Power BI', 'Python', 'SQL', 'Tableau']"
JOB09219,Data Scientist,"['Machine Learning', 'Pandas', 'Python', 'SQL', 'Statistics']"
JOB09220,Python Developer,"['Django', 'Flask', 'Git', 'Python', 'SQL']"
JOB09221,QA Engineer,"['Automation Testing', 'Java', 'Python', 'SQL', 'Selenium']"
JOB09222,DevOps Engineer,"['AWS', 'Docker', 'Jenkins', 'Kubernetes', 'Linux']"
JOB09223,QA Engineer,"['Automation Testing', 'Java', 'Python', 'SQL', 'Selenium']"
JOB09224,HR Analyst,"['Data Analysis', 'Excel', 'HR Analytics', 'Power BI', 'SQL']"
JOB09225,Business Analyst,"['Business Analysis', 'Excel', 'Power BI', 'Requirements Gathering', 'SQL']"
JOB09226,Data Analyst,"['Excel', 'Power BI', 'Python', 'SQL', 'Tableau']"
JOB09227,QA Engineer,"['Automation Testing', 'Java', 'Python', 'SQL', 'Selenium']"
JOB09228,Software Engineer,"['Cloud Computing', 'Git', 'Java', 'Python', 'REST API', 'SQL']"
JOB09229,HR Analyst,"['Data Analysis', 'Excel', 'HR Analytics', 'Power BI', 'SQL']"
JOB09230,DevOps Engineer,"['AWS', 'Docker', 'Jenkins', 'Kubernetes', 'Linux']"
JOB09231,Marketing Analyst,"['Excel', 'Marketing Analytics', 'Power BI', 'Python', 'SQL']"
JOB09232,Web Developer,"['CSS', 'Git', 'HTML', 'Java', 'JavaScript', 'Machine Learning', 'React']"
JOB09233,QA Engineer,"['Automation Testing', 'Java', 'Python', 'SQL', 'Selenium']"
JOB09234,DevOps Engineer,"['AWS', 'Docker', 'Jenkins', 'Kubernetes', 'Linux']"
JOB09235,Machine Learning Engineer,"['Docker', 'Machine Learning', 'Python', 'Scikit-learn', 'TensorFlow']"
JOB09236,Data Engineer,"['AWS', 'ETL', 'Python', 'SQL', 'Spark']"
JOB09237,Data Scientist,"['Machine Learning', 'Pandas', 'Python', 'SQL', 'Statistics']"
JOB09238,Financial Analyst,"['Excel', 'Financial Modeling', 'Power BI', 'SQL', 'Statistics']"
JOB09239,Full Stack Developer,"['CSS', 'HTML', 'Java', 'JavaScript', 'Machine Learning', 'Node', 'React']"
JOB09240,Power BI Developer,"['DAX', 'Excel', 'Power BI', 'Power Query', 'SQL']"
JOB09241,Web Developer,"['CSS', 'Git', 'HTML', 'Java', 'JavaScript', 'Machine Learning', 'React']"
JOB09242,Data Analyst,"['Excel', 'Power BI', 'Python', 'SQL', 'Tableau']"
JOB09243,Cloud Engineer,"['AWS', 'Azure', 'Cloud Computing', 'Docker', 'Linux']"
JOB09244,Software Engineer,"['Git', 'Java', 'Python', 'REST API', 'SQL']"
JOB09245,QA Engineer,"['Automation Testing', 'Java', 'Python', 'SQL', 'Selenium']"
JOB09246,Marketing Analyst,"['Excel', 'Marketing Analytics', 'Power BI', 'Python', 'SQL']"
JOB09247,Data Scientist,"['Machine Learning', 'Pandas', 'Python', 'SQL', 'Statistics']"
JOB09248,Product Analyst,"['Excel', 'Product Analytics', 'Python', 'SQL']"
JOB09249,QA Engineer,"['Automation Testing', 'Java', 'Python', 'SQL', 'Selenium']"
JOB09250,Data Analyst,"['Excel', 'Power BI', 'Python', 'SQL', 'Tableau']"
JOB09251,Business Analyst,"['Business Analysis', 'Excel', 'Power BI', 'Requirements Gathering', 'SQL']"
JOB09252,Cloud Engineer,"['AWS', 'Azure', 'Cloud Computing', 'Docker', 'Linux']"
JOB09253,Business Analyst,"['Business Analysis', 'Excel', 'Power BI', 'Requirements Gathering', 'SQL']"
JOB09254,Software Engineer,"['Git', 'Java', 'Python', 'REST API', 'SQL']"
JOB09255,QA Engineer,"['Automation Testing', 'Java', 'Python', 'SQL', 'Selenium']"
JOB09256,Power BI Developer,"['DAX', 'Excel', 'Power BI', 'Power Query', 'SQL']"
JOB09257,Machine Learning Engineer,"['Docker', 'Machine Learning', 'Oracle', 'Python', 'Scikit-learn', 'TensorFlow']"
JOB09258,Web Developer,"['CSS', 'Git', 'HTML', 'Java', 'JavaScript', 'Machine Learning', 'React']"
JOB09259,DevOps Engineer,"['AWS', 'Docker', 'Jenkins', 'Kubernetes', 'Linux']"
JOB09260,Data Scientist,"['Machine Learning', 'Pandas', 'Python', 'SQL', 'Statistics']"
JOB09261,DevOps Engineer,"['AWS', 'Docker', 'Jenkins', 'Kubernetes', 'Linux']"
JOB09262,Financial Analyst,"['Excel', 'Financial Modeling', 'Power BI', 'SQL', 'Statistics']"
JOB09263,Product Analyst,"['Excel', 'Product Analytics', 'Python', 'SQL']"
JOB09264,HR Analyst,"['Data Analysis', 'Excel', 'HR Analytics', 'Power BI', 'SQL']"
JOB09265,SQL Developer,"['Cloud Computing', 'Database', 'ETL', 'MySQL', 'PostgreSQL', 'SQL']"
JOB09266,Power BI Developer,"['DAX', 'Excel', 'Power BI', 'Power Query', 'SQL']"
JOB09267,Python Developer,"['Cloud Computing', 'Django', 'Flask', 'Git', 'Python', 'SQL']"
JOB09268,Power BI Developer,"['DAX', 'Excel', 'Power BI', 'Power Query', 'SQL']"
JOB09269,Data Analyst,"['Excel', 'Power BI', 'Python', 'SQL', 'Tableau']"
JOB09270,BI Analyst,"['DAX', 'Data Visualization', 'Excel', 'Power BI', 'SQL']"
JOB09271,DevOps Engineer,"['AWS', 'Docker', 'Jenkins', 'Kubernetes', 'Linux']"
JOB09272,SQL Developer,"['Database', 'ETL', 'MySQL', 'PostgreSQL', 'SQL']"
JOB09273,Machine Learning Engineer,"['Docker', 'Machine Learning', 'Python', 'Scikit-learn', 'TensorFlow']"
JOB09274,Product Analyst,"['Excel', 'Product Analytics', 'Python', 'SQL']"
JOB09275,Product Analyst,"['Excel', 'Product Analytics', 'Python', 'SQL']"
JOB09276,Full Stack Developer,"['CSS', 'HTML', 'Java', 'JavaScript', 'Machine Learning', 'Node', 'React']"
JOB09277,Full Stack Developer,"['CSS', 'HTML', 'Java', 'JavaScript', 'Machine Learning', 'Node', 'React']"
JOB09278,Power BI Developer,"['DAX', 'Excel', 'Power BI', 'Power Query', 'SQL']"
JOB09279,SQL Developer,"['Database', 'ETL', 'MySQL', 'PostgreSQL', 'SQL']"
JOB09280,Web Developer,"['CSS', 'Git', 'HTML', 'Java', 'JavaScript', 'Machine Learning', 'React']"
JOB09281,Data Analyst,"['Excel', 'Power BI', 'Python', 'SQL', 'Tableau']"
JOB09282,BI Analyst,"['DAX', 'Data Visualization', 'Excel', 'Power BI', 'SQL']"
JOB09283,Python Developer,"['Django', 'Flask', 'Git', 'Python', 'SQL']"
JOB09284,BI Analyst,"['DAX', 'Data Visualization', 'Excel', 'Power BI', 'SQL']"
JOB09285,Python Developer,"['Django', 'Flask', 'Git', 'Python', 'SQL']"
JOB09286,Data Analyst,"['Excel', 'Power BI', 'Python', 'SQL', 'Tableau']"
JOB09287,Financial Analyst,"['Excel', 'Financial Modeling', 'Power BI', 'SQL', 'Statistics']"
JOB09288,Software Engineer,"['Git', 'Java', 'Python', 'REST API', 'SQL']"
JOB09289,SQL Developer,"['Database', 'ETL', 'MySQL', 'PostgreSQL', 'SQL']"
JOB09290,Software Engineer,"['Git', 'Java', 'Python', 'REST API', 'SQL']"
JOB09291,Full Stack Developer,"['CSS', 'HTML', 'Java', 'JavaScript', 'Machine Learning', 'Node', 'React']"
JOB09292,Cloud Engineer,"['AWS', 'Azure', 'Cloud Computing', 'Docker', 'Linux']"
JOB09293,Marketing Analyst,"['Excel', 'Marketing Analytics', 'Power BI', 'Python', 'SQL']"
JOB09294,Marketing Analyst,"['Excel', 'Marketing Analytics', 'Power BI', 'Python', 'SQL']"
JOB09295,DevOps Engineer,"['AWS', 'Docker', 'Jenkins', 'Kubernetes', 'Linux']"
JOB09296,Full Stack Developer,"['CSS', 'Cloud Computing', 'HTML', 'Java', 'JavaScript', 'Machine Learning', 'Node', 'React']"
JOB09297,Power BI Developer,"['DAX', 'Excel', 'Power BI', 'Power Query', 'SQL']"
JOB09298,Machine Learning Engineer,"['Docker', 'Machine Learning', 'Python', 'Scikit-learn', 'TensorFlow']"
JOB09299,Cloud Engineer,"['AWS', 'Azure', 'Cloud Computing', 'Docker', 'Linux']"
JOB09300,QA Engineer,"['Automation Testing', 'Java', 'Python', 'SQL', 'Selenium']"
JOB09301,Marketing Analyst,"['Excel', 'Marketing Analytics', 'Power BI', 'Python', 'SQL']"
JOB09302,Marketing Analyst,"['Excel', 'Marketing Analytics', 'Power BI', 'Python', 'SQL']"
JOB09303,Machine Learning Engineer,"['Docker', 'Machine Learning', 'Python', 'Scikit-learn', 'TensorFlow']"
JOB09304,Data Engineer,"['AWS', 'ETL', 'Python', 'SQL', 'Spark']"
JOB09305,DevOps Engineer,"['AWS', 'Docker', 'Jenkins', 'Kubernetes', 'Linux']"
JOB09306,BI Analyst,"['DAX', 'Data Visualization', 'Excel', 'Power BI', 'SQL']"
JOB09307,Data Analyst,"['Excel', 'Power BI', 'Python', 'SQL', 'Tableau']"
JOB09308,Full Stack Developer,"['CSS', 'HTML', 'Java', 'JavaScript', 'Machine Learning', 'Node', 'React']"
JOB09309,Cloud Engineer,"['AWS', 'Azure', 'Cloud Computing', 'Docker', 'Linux']"
JOB09310,Python Developer,"['Django', 'Flask', 'Git', 'Python', 'SQL']"
JOB09311,BI Analyst,"['DAX', 'Data Visualization', 'Excel', 'Power BI', 'SQL']"
JOB09312,Financial Analyst,"['Excel', 'Financial Modeling', 'Power BI', 'SQL', 'Statistics']"
JOB09313,Database Administrator,"['Database', 'Database Administration', 'MySQL', 'Oracle', 'PostgreSQL', 'SQL']"
JOB09314,Python Developer,"['Django', 'Flask', 'Git', 'Python', 'SQL']"
JOB09315,Web Developer,"['CSS', 'Git', 'HTML', 'Java', 'JavaScript', 'Machine Learning', 'React']"
JOB09316,SQL Developer,"['Database', 'ETL', 'MySQL', 'PostgreSQL', 'SQL']"
JOB09317,Full Stack Developer,"['CSS', 'HTML', 'Java', 'JavaScript', 'Machine Learning', 'Node', 'React']"
JOB09318,Machine Learning Engineer,"['Docker', 'Machine Learning', 'Python', 'Scikit-learn', 'TensorFlow']"
JOB09319,Financial Analyst,"['Excel', 'Financial Modeling', 'Power BI', 'SQL', 'Statistics']"
JOB09320,DevOps Engineer,"['AWS', 'Docker', 'Jenkins', 'Kubernetes', 'Linux', 'Oracle']"
JOB09321,Power BI Developer,"['DAX', 'Excel', 'Power BI', 'Power Query', 'SQL']"
JOB09322,Marketing Analyst,"['Excel', 'Marketing Analytics', 'Power BI', 'Python', 'SQL']"
JOB09323,Data Analyst,"['Excel', 'Power BI', 'Python', 'SQL', 'Tableau']"
JOB09324,Python Developer,"['Django', 'Flask', 'Git', 'Python', 'SQL']"
JOB09325,HR Analyst,"['Data Analysis', 'Excel', 'HR Analytics', 'Power BI', 'SQL']"
JOB09326,DevOps Engineer,"['AWS', 'Cloud Computing', 'Docker', 'Jenkins', 'Kubernetes', 'Linux']"
JOB09327,Data Analyst,"['Excel', 'Power BI', 'Python', 'SQL', 'Tableau']"
JOB09328,QA Engineer,"['Automation Testing', 'Java', 'Python', 'SQL', 'Selenium']"
JOB09329,Business Analyst,"['Business Analysis', 'Excel', 'Power BI', 'Requirements Gathering', 'SQL']"
JOB09330,Python Developer,"['Django', 'Flask', 'Git', 'Python', 'SQL']"
JOB09331,Database Administrator,"['Database', 'Database Administration', 'MySQL', 'Oracle', 'PostgreSQL', 'SQL']"
JOB09332,Product Analyst,"['Excel', 'Product Analytics', 'Python', 'SQL']"
JOB09333,Data Analyst,"['Excel', 'Power BI', 'Python', 'SQL', 'Tableau']"
JOB09334,Data Scientist,"['Machine Learning', 'Pandas', 'Python', 'SQL', 'Statistics']"
JOB09335,Software Engineer,"['Git', 'Java', 'Python', 'REST API', 'SQL']"
JOB09336,Data Scientist,"['Machine Learning', 'Pandas', 'Python', 'SQL', 'Statistics']"
JOB09337,Power BI Developer,"['DAX', 'Excel', 'Power BI', 'Power Query', 'SQL']"
JOB09338,DevOps Engineer,"['AWS', 'Docker', 'Jenkins', 'Kubernetes', 'Linux']"
JOB09339,Data Analyst,"['Excel', 'Power BI', 'Python', 'SQL', 'Tableau']"
JOB09340,Full Stack Developer,"['CSS', 'HTML', 'Java', 'JavaScript', 'Machine Learning', 'Node', 'React']"
JOB09341,Machine Learning Engineer,"['Docker', 'Machine Learning', 'Python', 'Scikit-learn', 'TensorFlow']"
JOB09342,BI Analyst,"['DAX', 'Data Visualization', 'Excel', 'Power BI', 'SQL']"
JOB09343,Cloud Engineer,"['AWS', 'Azure', 'Cloud Computing', 'Docker', 'Linux']"
JOB09344,Power BI Developer,"['DAX', 'Excel', 'Power BI', 'Power Query', 'SQL']"
JOB09345,Product Analyst,"['Excel', 'Product Analytics', 'Python', 'SQL']"
JOB09346,Data Engineer,"['AWS', 'ETL', 'Python', 'SQL', 'Spark']"
JOB09347,Full Stack Developer,"['CSS', 'HTML', 'Java', 'JavaScript', 'Machine Learning', 'Node', 'React']"
JOB09348,Database Administrator,"['Database', 'Database Administration', 'MySQL', 'Oracle', 'PostgreSQL', 'SQL']"
JOB09349,Cloud Engineer,"['AWS', 'Azure', 'Cloud Computing', 'Docker', 'Linux']"
JOB09350,Database Administrator,"['Database', 'Database Administration', 'MySQL', 'Oracle', 'PostgreSQL', 'SQL']"
JOB09351,Python Developer,"['Django', 'Flask', 'Git', 'Python', 'SQL']"
JOB09352,Database Administrator,"['Database', 'Database Administration', 'MySQL', 'Oracle', 'PostgreSQL', 'SQL']"
JOB09353,Data Scientist,"['Machine Learning', 'Pandas', 'Python', 'SQL', 'Statistics']"
JOB09354,Product Analyst,"['Excel', 'Product Analytics', 'Python', 'SQL']"
JOB09355,Machine Learning Engineer,"['Docker', 'Machine Learning', 'Python', 'Scikit-learn', 'TensorFlow']"
JOB09356,Cloud Engineer,"['AWS', 'Azure', 'Cloud Computing', 'Docker', 'Linux']"
JOB09357,Financial Analyst,"['Excel', 'Financial Modeling', 'Power BI', 'SQL', 'Statistics']"
JOB09358,Data Analyst,"['Excel', 'Power BI', 'Python', 'SQL', 'Tableau']"
JOB09359,Marketing Analyst,"['Excel', 'Marketing Analytics', 'Power BI', 'Python', 'SQL']"
JOB09360,Data Engineer,"['AWS', 'ETL', 'Python', 'SQL', 'Spark']"
JOB09361,Data Engineer,"['AWS', 'ETL', 'Python', 'SQL', 'Spark']"
JOB09362,Python Developer,"['Django', 'Flask', 'Git', 'Python', 'SQL']"
JOB09363,Data Scientist,"['Machine Learning', 'Pandas', 'Python', 'SQL', 'Statistics']"
JOB09364,Business Analyst,"['Business Analysis', 'Excel', 'Oracle', 'Power BI', 'Requirements Gathering', 'SQL']"
JOB09365,QA Engineer,"['Automation Testing', 'Java', 'Python', 'SQL', 'Selenium']"
JOB09366,Web Developer,"['CSS', 'Cloud Computing', 'Git', 'HTML', 'Java', 'JavaScript', 'Machine Learning', 'React']"
JOB09367,HR Analyst,"['Data Analysis', 'Excel', 'HR Analytics', 'Power BI', 'SQL']"
JOB09368,Machine Learning Engineer,"['Docker', 'Machine Learning', 'Python', 'Scikit-learn', 'TensorFlow']"
JOB09369,Business Analyst,"['Business Analysis', 'Excel', 'Power BI', 'Requirements Gathering', 'SQL']"
JOB09370,QA Engineer,"['Automation Testing', 'Java', 'Python', 'SQL', 'Selenium']"
JOB09371,Machine Learning Engineer,"['Docker', 'Machine Learning', 'Python', 'Scikit-learn', 'TensorFlow']"
JOB09372,Database Administrator,"['Database', 'Database Administration', 'MySQL', 'Oracle', 'PostgreSQL', 'SQL']"
JOB09373,Web Developer,"['CSS', 'Git', 'HTML', 'Java', 'JavaScript', 'Machine Learning', 'React']"
JOB09374,Software Engineer,"['Git', 'Java', 'Python', 'REST API', 'SQL']"
JOB09375,Financial Analyst,"['Excel', 'Financial Modeling', 'Power BI', 'SQL', 'Statistics']"
JOB09376,Software Engineer,"['Git', 'Java', 'Python', 'REST API', 'SQL']"
JOB09377,Machine Learning Engineer,"['Docker', 'Machine Learning', 'Python', 'Scikit-learn', 'TensorFlow']"
JOB09378,Marketing Analyst,"['Excel', 'Marketing Analytics', 'Power BI', 'Python', 'SQL']"
JOB09379,Cloud Engineer,"['AWS', 'Azure', 'Cloud Computing', 'Docker', 'Linux']"
JOB09380,Data Analyst,"['Excel', 'Power BI', 'Python', 'SQL', 'Tableau']"
JOB09381,Software Engineer,"['Cloud Computing', 'Git', 'Java', 'Python', 'REST API', 'SQL']"
JOB09382,Cloud Engineer,"['AWS', 'Azure', 'Cloud Computing', 'Docker', 'Linux']"
JOB09383,Product Analyst,"['Excel', 'Product Analytics', 'Python', 'SQL']"
JOB09384,Data Engineer,"['AWS', 'ETL', 'Python', 'SQL', 'Spark']"
JOB09385,SQL Developer,"['Cloud Computing', 'Database', 'ETL', 'MySQL', 'PostgreSQL', 'SQL']"
JOB09386,Business Analyst,"['Business Analysis', 'Excel', 'Power BI', 'Requirements Gathering', 'SQL']"
JOB09387,Cloud Engineer,"['AWS', 'Azure', 'Cloud Computing', 'Docker', 'Linux']"
JOB09388,Data Analyst,"['Excel', 'Power BI', 'Python', 'SQL', 'Tableau']"
JOB09389,Software Engineer,"['Git', 'Java', 'Python', 'REST API', 'SQL']"
JOB09390,HR Analyst,"['Data Analysis', 'Excel', 'HR Analytics', 'Power BI', 'SQL']"
JOB09391,Data Analyst,"['Excel', 'Power BI', 'Python', 'SQL', 'Tableau']"
JOB09392,Full Stack Developer,"['CSS', 'HTML', 'Java', 'JavaScript', 'Machine Learning', 'Node', 'React']"
JOB09393,Marketing Analyst,"['Excel', 'Marketing Analytics', 'Power BI', 'Python', 'SQL']"
JOB09394,Business Analyst,"['Business Analysis', 'Excel', 'Power BI', 'Requirements Gathering', 'SQL']"
JOB09395,DevOps Engineer,"['AWS', 'Docker', 'Jenkins', 'Kubernetes', 'Linux']"
JOB09396,Machine Learning Engineer,"['Docker', 'Machine Learning', 'Python', 'Scikit-learn', 'TensorFlow']"
JOB09397,Data Scientist,"['Machine Learning', 'Oracle', 'Pandas', 'Python', 'SQL', 'Statistics']"
JOB09398,Marketing Analyst,"['Excel', 'Marketing Analytics', 'Power BI', 'Python', 'SQL']"
JOB09399,Cloud Engineer,"['AWS', 'Azure', 'Cloud Computing', 'Docker', 'Linux']"
JOB09400,Web Developer,"['CSS', 'Git', 'HTML', 'Java', 'JavaScript', 'Machine Learning', 'React']"
JOB09401,SQL Developer,"['Database', 'ETL', 'MySQL', 'PostgreSQL', 'SQL']"
JOB09402,Web Developer,"['CSS', 'Git', 'HTML', 'Java', 'JavaScript', 'Machine Learning', 'React']"
JOB09403,Database Administrator,"['Database', 'Database Administration', 'MySQL', 'Oracle', 'PostgreSQL', 'SQL']"
JOB09404,Product Analyst,"['Cloud Computing', 'Excel', 'Product Analytics', 'Python', 'SQL']"
JOB09405,Data Analyst,"['Excel', 'Power BI', 'Python', 'SQL', 'Tableau']"
JOB09406,Business Analyst,"['Business Analysis', 'Excel', 'Power BI', 'Requirements Gathering', 'SQL']"
JOB09407,Power BI Developer,"['Cloud Computing', 'DAX', 'Excel', 'Power BI', 'Power Query', 'SQL']"
JOB09408,Database Administrator,"['Database', 'Database Administration', 'MySQL', 'Oracle', 'PostgreSQL', 'SQL']"
JOB09409,Data Scientist,"['Machine Learning', 'Pandas', 'Python', 'SQL', 'Statistics']"
JOB09410,HR Analyst,"['Data Analysis', 'Excel', 'HR Analytics', 'Power BI', 'SQL']"
JOB09411,Data Scientist,"['Machine Learning', 'Pandas', 'Python', 'SQL', 'Statistics']"
JOB09412,Data Scientist,"['Machine Learning', 'Pandas', 'Python', 'SQL', 'Statistics']"
JOB09413,SQL Developer,"['Database', 'ETL', 'MySQL', 'PostgreSQL', 'SQL']"
JOB09414,Business Analyst,"['Business Analysis', 'Excel', 'Power BI', 'Requirements Gathering', 'SQL']"
JOB09415,HR Analyst,"['Data Analysis', 'Excel', 'HR Analytics', 'Power BI', 'SQL']"
JOB09416,Machine Learning Engineer,"['Docker', 'Machine Learning', 'Python', 'Scikit-learn', 'TensorFlow']"
JOB09417,Financial Analyst,"['Excel', 'Financial Modeling', 'Power BI', 'SQL', 'Statistics']"
JOB09418,SQL Developer,"['Database', 'ETL', 'MySQL', 'Oracle', 'PostgreSQL', 'SQL']"
JOB09419,SQL Developer,"['Database', 'ETL', 'MySQL', 'PostgreSQL', 'SQL']"
JOB09420,BI Analyst,"['DAX', 'Data Visualization', 'Excel', 'Power BI', 'SQL']"
JOB09421,Software Engineer,"['Git', 'Java', 'Python', 'REST API', 'SQL']"
JOB09422,Power BI Developer,"['DAX', 'Excel', 'Power BI', 'Power Query', 'SQL']"
JOB09423,SQL Developer,"['Database', 'ETL', 'MySQL', 'PostgreSQL', 'SQL']"
JOB09424,Web Developer,"['CSS', 'Git', 'HTML', 'Java', 'JavaScript', 'Machine Learning', 'React']"
JOB09425,SQL Developer,"['Database', 'ETL', 'MySQL', 'PostgreSQL', 'SQL']"
JOB09426,SQL Developer,"['Database', 'ETL', 'MySQL', 'PostgreSQL', 'SQL']"
JOB09427,Data Scientist,"['Machine Learning', 'Pandas', 'Python', 'SQL', 'Statistics']"
JOB09428,Marketing Analyst,"['Excel', 'Marketing Analytics', 'Oracle', 'Power BI', 'Python', 'SQL']"
JOB09429,Full Stack Developer,"['CSS', 'Cloud Computing', 'HTML', 'Java', 'JavaScript', 'Machine Learning', 'Node', 'React']"
JOB09430,Data Analyst,"['Excel', 'Power BI', 'Python', 'SQL', 'Tableau']"
JOB09431,Product Analyst,"['Excel', 'Product Analytics', 'Python', 'SQL']"
JOB09432,Python Developer,"['Django', 'Flask', 'Git', 'Python', 'SQL']"
JOB09433,Financial Analyst,"['Excel', 'Financial Modeling', 'Power BI', 'SQL', 'Statistics']"
JOB09434,QA Engineer,"['Automation Testing', 'Java', 'Python', 'SQL', 'Selenium']"
JOB09435,Python Developer,"['Django', 'Flask', 'Git', 'Python', 'SQL']"
JOB09436,Data Analyst,"['Excel', 'Power BI', 'Python', 'SQL', 'Tableau']"
JOB09437,Financial Analyst,"['Excel', 'Financial Modeling', 'Power BI', 'SQL', 'Statistics']"
JOB09438,Data Scientist,"['Machine Learning', 'Pandas', 'Python', 'SQL', 'Statistics']"
JOB09439,Full Stack Developer,"['CSS', 'HTML', 'Java', 'JavaScript', 'Machine Learning', 'Node', 'React']"
JOB09440,Data Engineer,"['AWS', 'ETL', 'Python', 'SQL', 'Spark']"
JOB09441,Product Analyst,"['Excel', 'Product Analytics', 'Python', 'SQL']"
JOB09442,HR Analyst,"['Data Analysis', 'Excel', 'HR Analytics', 'Power BI', 'SQL']"
JOB09443,SQL Developer,"['Database', 'ETL', 'MySQL', 'PostgreSQL', 'SQL']"
JOB09444,BI Analyst,"['DAX', 'Data Visualization', 'Excel', 'Power BI', 'SQL']"
JOB09445,Power BI Developer,"['DAX', 'Excel', 'Power BI', 'Power Query', 'SQL']"
JOB09446,Financial Analyst,"['Excel', 'Financial Modeling', 'Power BI', 'SQL', 'Statistics']"
JOB09447,Cloud Engineer,"['AWS', 'Azure', 'Cloud Computing', 'Docker', 'Linux']"
JOB09448,QA Engineer,"['Automation Testing', 'Java', 'Python', 'SQL', 'Selenium']"
JOB09449,Python Developer,"['Django', 'Flask', 'Git', 'Python', 'SQL']"
JOB09450,Data Engineer,"['AWS', 'ETL', 'Python', 'SQL', 'Spark']"
JOB09451,Data Scientist,"['Machine Learning', 'Pandas', 'Python', 'SQL', 'Statistics']"
JOB09452,HR Analyst,"['Data Analysis', 'Excel', 'HR Analytics', 'Power BI', 'SQL']"
JOB09453,Business Analyst,"['Business Analysis', 'Excel', 'Power BI', 'Requirements Gathering', 'SQL']"
JOB09454,BI Analyst,"['DAX', 'Data Visualization', 'Excel', 'Power BI', 'SQL']"
JOB09455,HR Analyst,"['Data Analysis', 'Excel', 'HR Analytics', 'Power BI', 'SQL']"
JOB09456,Business Analyst,"['Business Analysis', 'Excel', 'Power BI', 'Requirements Gathering', 'SQL']"
JOB09457,SQL Developer,"['Database', 'ETL', 'MySQL', 'PostgreSQL', 'SQL']"
JOB09458,Financial Analyst,"['Excel', 'Financial Modeling', 'Power BI', 'SQL', 'Statistics']"
JOB09459,Web Developer,"['CSS', 'Git', 'HTML', 'Java', 'JavaScript', 'Machine Learning', 'React']"
JOB09460,Machine Learning Engineer,"['Docker', 'Machine Learning', 'Python', 'Scikit-learn', 'TensorFlow']"
JOB09461,Python Developer,"['Django', 'Flask', 'Git', 'Python', 'SQL']"
JOB09462,Financial Analyst,"['Excel', 'Financial Modeling', 'Oracle', 'Power BI', 'SQL', 'Statistics']"
JOB09463,BI Analyst,"['DAX', 'Data Visualization', 'Excel', 'Power BI', 'SQL']"
JOB09464,Power BI Developer,"['DAX', 'Excel', 'Power BI', 'Power Query', 'SQL']"
JOB09465,Business Analyst,"['Business Analysis', 'Cloud Computing', 'Excel', 'Power BI', 'Requirements Gathering', 'SQL']"
JOB09466,HR Analyst,"['Data Analysis', 'Excel', 'HR Analytics', 'Power BI', 'SQL']"
JOB09467,BI Analyst,"['DAX', 'Data Visualization', 'Excel', 'Power BI', 'SQL']"
JOB09468,Product Analyst,"['Excel', 'Product Analytics', 'Python', 'SQL']"
JOB09469,Cloud Engineer,"['AWS', 'Azure', 'Cloud Computing', 'Docker', 'Linux']"
JOB09470,HR Analyst,"['Data Analysis', 'Excel', 'HR Analytics', 'Power BI', 'SQL']"
JOB09471,Financial Analyst,"['Excel', 'Financial Modeling', 'Power BI', 'SQL', 'Statistics']"
JOB09472,DevOps Engineer,"['AWS', 'Docker', 'Jenkins', 'Kubernetes', 'Linux']"
JOB09473,Machine Learning Engineer,"['Docker', 'Machine Learning', 'Python', 'Scikit-learn', 'TensorFlow']"
JOB09474,SQL Developer,"['Database', 'ETL', 'MySQL', 'PostgreSQL', 'SQL']"
JOB09475,Database Administrator,"['Database', 'Database Administration', 'MySQL', 'Oracle', 'PostgreSQL', 'SQL']"
JOB09476,HR Analyst,"['Data Analysis', 'Excel', 'HR Analytics', 'Power BI', 'SQL']"
JOB09477,Data Scientist,"['Machine Learning', 'Pandas', 'Python', 'SQL', 'Statistics']"
JOB09478,QA Engineer,"['Automation Testing', 'Java', 'Python', 'SQL', 'Selenium']"
JOB09479,Database Administrator,"['Database', 'Database Administration', 'MySQL', 'Oracle', 'PostgreSQL', 'SQL']"
JOB09480,Software Engineer,"['Cloud Computing', 'Git', 'Java', 'Python', 'REST API', 'SQL']"
JOB09481,HR Analyst,"['Data Analysis', 'Excel', 'HR Analytics', 'Power BI', 'SQL']"
JOB09482,Power BI Developer,"['DAX', 'Excel', 'Power BI', 'Power Query', 'SQL']"
JOB09483,Power BI Developer,"['DAX', 'Excel', 'Power BI', 'Power Query', 'SQL']"
JOB09484,Product Analyst,"['Excel', 'Product Analytics', 'Python', 'SQL']"
JOB09485,Web Developer,"['CSS', 'Git', 'HTML', 'Java', 'JavaScript', 'Machine Learning', 'React']"
JOB09486,Cloud Engineer,"['AWS', 'Azure', 'Cloud Computing', 'Docker', 'Linux']"
JOB09487,Power BI Developer,"['DAX', 'Excel', 'Power BI', 'Power Query', 'SQL']"
JOB09488,Data Engineer,"['AWS', 'ETL', 'Python', 'SQL', 'Spark']"
JOB09489,DevOps Engineer,"['AWS', 'Docker', 'Jenkins', 'Kubernetes', 'Linux']"
JOB09490,BI Analyst,"['DAX', 'Data Visualization', 'Excel', 'Power BI', 'SQL']"
JOB09491,Data Analyst,"['Excel', 'Power BI', 'Python', 'SQL', 'Tableau']"
JOB09492,Web Developer,"['CSS', 'Git', 'HTML', 'Java', 'JavaScript', 'Machine Learning', 'React']"
JOB09493,SQL Developer,"['Database', 'ETL', 'MySQL', 'PostgreSQL', 'SQL']"
JOB09494,Python Developer,"['Django', 'Flask', 'Git', 'Python', 'SQL']"
JOB09495,Full Stack Developer,"['CSS', 'HTML', 'Java', 'JavaScript', 'Machine Learning', 'Node', 'React']"
JOB09496,Database Administrator,"['Database', 'Database Administration', 'MySQL', 'Oracle', 'PostgreSQL', 'SQL']"
JOB09497,Database Administrator,"['Database', 'Database Administration', 'MySQL', 'Oracle', 'PostgreSQL', 'SQL']"
JOB09498,Data Analyst,"['Excel', 'Power BI', 'Python', 'SQL', 'Tableau']"
JOB09499,Web Developer,"['CSS', 'Git', 'HTML', 'Java', 'JavaScript', 'Machine Learning', 'React']"
JOB09500,Business Analyst,"['Business Analysis', 'Excel', 'Power BI', 'Requirements Gathering', 'SQL']"
JOB09501,QA Engineer,"['Automation Testing', 'Java', 'Python', 'SQL', 'Selenium']"
JOB09502,QA Engineer,"['Automation Testing', 'Java', 'Python', 'SQL', 'Selenium']"
JOB09503,DevOps Engineer,"['AWS', 'Docker', 'Jenkins', 'Kubernetes', 'Linux']"
JOB09504,Machine Learning Engineer,"['Docker', 'Machine Learning', 'Python', 'Scikit-learn', 'TensorFlow']"
JOB09505,Machine Learning Engineer,"['Docker', 'Machine Learning', 'Python', 'Scikit-learn', 'TensorFlow']"
JOB09506,Machine Learning Engineer,"['Docker', 'Machine Learning', 'Python', 'Scikit-learn', 'TensorFlow']"
JOB09507,DevOps Engineer,"['AWS', 'Docker', 'Jenkins', 'Kubernetes', 'Linux']"
JOB09508,Data Analyst,"['Excel', 'Power BI', 'Python', 'SQL', 'Tableau']"
JOB09509,SQL Developer,"['Database', 'ETL', 'MySQL', 'PostgreSQL', 'SQL']"
JOB09510,DevOps Engineer,"['AWS', 'Docker', 'Jenkins', 'Kubernetes', 'Linux']"
JOB09511,Machine Learning Engineer,"['Docker', 'Machine Learning', 'Python', 'Scikit-learn', 'TensorFlow']"
JOB09512,Data Scientist,"['Machine Learning', 'Pandas', 'Python', 'SQL', 'Statistics']"
JOB09513,Data Scientist,"['Machine Learning', 'Pandas', 'Python', 'SQL', 'Statistics']"
JOB09514,Product Analyst,"['Cloud Computing', 'Excel', 'Product Analytics', 'Python', 'SQL']"
JOB09515,Machine Learning Engineer,"['Docker', 'Machine Learning', 'Python', 'Scikit-learn', 'TensorFlow']"
JOB09516,Full Stack Developer,"['CSS', 'HTML', 'Java', 'JavaScript', 'Machine Learning', 'Node', 'React']"
JOB09517,Machine Learning Engineer,"['Docker', 'Machine Learning', 'Python', 'Scikit-learn', 'TensorFlow']"
JOB09518,Machine Learning Engineer,"['Docker', 'Machine Learning', 'Python', 'Scikit-learn', 'TensorFlow']"
JOB09519,Machine Learning Engineer,"['Docker', 'Machine Learning', 'Python', 'Scikit-learn', 'TensorFlow']"
JOB09520,Cloud Engineer,"['AWS', 'Azure', 'Cloud Computing', 'Docker', 'Linux']"
JOB09521,Full Stack Developer,"['CSS', 'HTML', 'Java', 'JavaScript', 'Machine Learning', 'Node', 'React']"
JOB09522,BI Analyst,"['DAX', 'Data Visualization', 'Excel', 'Power BI', 'SQL']"
JOB09523,Software Engineer,"['Git', 'Java', 'Python', 'REST API', 'SQL']"
JOB09524,Full Stack Developer,"['CSS', 'HTML', 'Java', 'JavaScript', 'Machine Learning', 'Node', 'React']"
JOB09525,Full Stack Developer,"['CSS', 'HTML', 'Java', 'JavaScript', 'Machine Learning', 'Node', 'React']"
JOB09526,Data Analyst,"['Excel', 'Power BI', 'Python', 'SQL', 'Tableau']"
JOB09527,Python Developer,"['Django', 'Flask', 'Git', 'Python', 'SQL']"
JOB09528,Data Analyst,"['Excel', 'Power BI', 'Python', 'SQL', 'Tableau']"
JOB09529,Machine Learning Engineer,"['Docker', 'Machine Learning', 'Python', 'Scikit-learn', 'TensorFlow']"
JOB09530,Product Analyst,"['Excel', 'Product Analytics', 'Python', 'SQL']"
JOB09531,Data Scientist,"['Machine Learning', 'Pandas', 'Python', 'SQL', 'Statistics']"
JOB09532,Machine Learning Engineer,"['Docker', 'Machine Learning', 'Python', 'Scikit-learn', 'TensorFlow']"
JOB09533,Product Analyst,"['Excel', 'Product Analytics', 'Python', 'SQL']"
JOB09534,DevOps Engineer,"['AWS', 'Docker', 'Jenkins', 'Kubernetes', 'Linux']"
JOB09535,Product Analyst,"['Cloud Computing', 'Excel', 'Product Analytics', 'Python', 'SQL']"
JOB09536,DevOps Engineer,"['AWS', 'Docker', 'Jenkins', 'Kubernetes', 'Linux']"
JOB09537,QA Engineer,"['Automation Testing', 'Java', 'Python', 'SQL', 'Selenium']"
JOB09538,Web Developer,"['CSS', 'Git', 'HTML', 'Java', 'JavaScript', 'Machine Learning', 'React']"
JOB09539,Full Stack Developer,"['CSS', 'HTML', 'Java', 'JavaScript', 'Machine Learning', 'Node', 'React']"
JOB09540,Business Analyst,"['Business Analysis', 'Excel', 'Power BI', 'Requirements Gathering', 'SQL']"
JOB09541,Business Analyst,"['Business Analysis', 'Excel', 'Power BI', 'Requirements Gathering', 'SQL']"
JOB09542,Cloud Engineer,"['AWS', 'Azure', 'Cloud Computing', 'Docker', 'Linux']"
JOB09543,Data Scientist,"['Machine Learning', 'Pandas', 'Python', 'SQL', 'Statistics']"
JOB09544,Full Stack Developer,"['CSS', 'HTML', 'Java', 'JavaScript', 'Machine Learning', 'Node', 'React']"
JOB09545,Data Analyst,"['Excel', 'Power BI', 'Python', 'SQL', 'Tableau']"
JOB09546,Python Developer,"['Django', 'Flask', 'Git', 'Python', 'SQL']"
JOB09547,QA Engineer,"['Automation Testing', 'Java', 'Python', 'SQL', 'Selenium']"
JOB09548,Software Engineer,"['Git', 'Java', 'Python', 'REST API', 'SQL']"
JOB09549,HR Analyst,"['Data Analysis', 'Excel', 'HR Analytics', 'Power BI', 'SQL']"
JOB09550,Full Stack Developer,"['CSS', 'HTML', 'Java', 'JavaScript', 'Machine Learning', 'Node', 'React']"
JOB09551,DevOps Engineer,"['AWS', 'Cloud Computing', 'Docker', 'Jenkins', 'Kubernetes', 'Linux']"
JOB09552,Data Analyst,"['Excel', 'Power BI', 'Python', 'SQL', 'Tableau']"
JOB09553,Machine Learning Engineer,"['Docker', 'Machine Learning', 'Python', 'Scikit-learn', 'TensorFlow']"
JOB09554,Web Developer,"['CSS', 'Git', 'HTML', 'Java', 'JavaScript', 'Machine Learning', 'React']"
JOB09555,Web Developer,"['CSS', 'Git', 'HTML', 'Java', 'JavaScript', 'Machine Learning', 'React']"
JOB09556,SQL Developer,"['Database', 'ETL', 'MySQL', 'PostgreSQL', 'SQL']"
JOB09557,DevOps Engineer,"['AWS', 'Docker', 'Jenkins', 'Kubernetes', 'Linux']"
JOB09558,Data Scientist,"['Machine Learning', 'Pandas', 'Python', 'SQL', 'Statistics']"
JOB09559,Full Stack Developer,"['CSS', 'HTML', 'Java', 'JavaScript', 'Machine Learning', 'Node', 'React']"
JOB09560,Financial Analyst,"['Excel', 'Financial Modeling', 'Power BI', 'SQL', 'Statistics']"
JOB09561,BI Analyst,"['DAX', 'Data Visualization', 'Excel', 'Power BI', 'SQL']"
JOB09562,Data Analyst,"['Excel', 'Power BI', 'Python', 'SQL', 'Tableau']"
JOB09563,Machine Learning Engineer,"['Docker', 'Machine Learning', 'Python', 'Scikit-learn', 'TensorFlow']"
JOB09564,HR Analyst,"['Data Analysis', 'Excel', 'HR Analytics', 'Power BI', 'SQL']"
JOB09565,Software Engineer,"['Git', 'Java', 'Python', 'REST API', 'SQL']"
JOB09566,Marketing Analyst,"['Excel', 'Marketing Analytics', 'Power BI', 'Python', 'SQL']"
JOB09567,Financial Analyst,"['Excel', 'Financial Modeling', 'Power BI', 'SQL', 'Statistics']"
JOB09568,Data Scientist,"['Machine Learning', 'Oracle', 'Pandas', 'Python', 'SQL', 'Statistics']"
JOB09569,Machine Learning Engineer,"['Docker', 'Machine Learning', 'Python', 'Scikit-learn', 'TensorFlow']"
JOB09570,BI Analyst,"['DAX', 'Data Visualization', 'Excel', 'Power BI', 'SQL']"
JOB09571,Data Engineer,"['AWS', 'ETL', 'Python', 'SQL', 'Spark']"
JOB09572,Machine Learning Engineer,"['Docker', 'Machine Learning', 'Python', 'Scikit-learn', 'TensorFlow']"
JOB09573,Power BI Developer,"['DAX', 'Excel', 'Power BI', 'Power Query', 'SQL']"
JOB09574,Data Analyst,"['Excel', 'Power BI', 'Python', 'SQL', 'Tableau']"
JOB09575,Product Analyst,"['Excel', 'Product Analytics', 'Python', 'SQL']"
JOB09576,Data Scientist,"['Machine Learning', 'Pandas', 'Python', 'SQL', 'Statistics']"
JOB09577,HR Analyst,"['Data Analysis', 'Excel', 'HR Analytics', 'Power BI', 'SQL']"
JOB09578,Financial Analyst,"['Excel', 'Financial Modeling', 'Oracle', 'Power BI', 'SQL', 'Statistics']"
JOB09579,HR Analyst,"['Data Analysis', 'Excel', 'HR Analytics', 'Power BI', 'SQL']"
JOB09580,Financial Analyst,"['Excel', 'Financial Modeling', 'Power BI', 'SQL', 'Statistics']"
JOB09581,Machine Learning Engineer,"['Docker', 'Machine Learning', 'Python', 'Scikit-learn', 'TensorFlow']"
JOB09582,Python Developer,"['Django', 'Flask', 'Git', 'Python', 'SQL']"
JOB09583,Cloud Engineer,"['AWS', 'Azure', 'Cloud Computing', 'Docker', 'Linux']"
JOB09584,Data Analyst,"['Excel', 'Power BI', 'Python', 'SQL', 'Tableau']"
JOB09585,Product Analyst,"['Excel', 'Product Analytics', 'Python', 'SQL']"
JOB09586,Web Developer,"['CSS', 'Git', 'HTML', 'Java', 'JavaScript', 'Machine Learning', 'React']"
JOB09587,Data Analyst,"['Excel', 'Power BI', 'Python', 'SQL', 'Tableau']"
JOB09588,Data Scientist,"['Machine Learning', 'Pandas', 'Python', 'SQL', 'Statistics']"
JOB09589,QA Engineer,"['Automation Testing', 'Java', 'Python', 'SQL', 'Selenium']"
JOB09590,Data Scientist,"['Machine Learning', 'Pandas', 'Python', 'SQL', 'Statistics']"
JOB09591,SQL Developer,"['Database', 'ETL', 'MySQL', 'PostgreSQL', 'SQL']"
JOB09592,Machine Learning Engineer,"['Docker', 'Machine Learning', 'Python', 'Scikit-learn', 'TensorFlow']"
JOB09593,Power BI Developer,"['DAX', 'Excel', 'Power BI', 'Power Query', 'SQL']"
JOB09594,Data Scientist,"['Machine Learning', 'Pandas', 'Python', 'SQL', 'Statistics']"
JOB09595,Cloud Engineer,"['AWS', 'Azure', 'Cloud Computing', 'Docker', 'Linux']"
JOB09596,Python Developer,"['Django', 'Flask', 'Git', 'Python', 'SQL']"
JOB09597,Product Analyst,"['Excel', 'Product Analytics', 'Python', 'SQL']"
JOB09598,Cloud Engineer,"['AWS', 'Azure', 'Cloud Computing', 'Docker', 'Linux']"
JOB09599,SQL Developer,"['Database', 'ETL', 'MySQL', 'PostgreSQL', 'SQL']"
JOB09600,Data Scientist,"['Machine Learning', 'Pandas', 'Python', 'SQL', 'Statistics']"
JOB09601,DevOps Engineer,"['AWS', 'Docker', 'Jenkins', 'Kubernetes', 'Linux']"
JOB09602,Business Analyst,"['Business Analysis', 'Excel', 'Power BI', 'Requirements Gathering', 'SQL']"
JOB09603,HR Analyst,"['Data Analysis', 'Excel', 'HR Analytics', 'Power BI', 'SQL']"
JOB09604,SQL Developer,"['Database', 'ETL', 'MySQL', 'PostgreSQL', 'SQL']"
JOB09605,Power BI Developer,"['DAX', 'Excel', 'Power BI', 'Power Query', 'SQL']"
JOB09606,Machine Learning Engineer,"['Docker', 'Machine Learning', 'Python', 'Scikit-learn', 'TensorFlow']"
JOB09607,Machine Learning Engineer,"['Docker', 'Machine Learning', 'Python', 'Scikit-learn', 'TensorFlow']"
JOB09608,Power BI Developer,"['DAX', 'Excel', 'Power BI', 'Power Query', 'SQL']"
JOB09609,HR Analyst,"['Cloud Computing', 'Data Analysis', 'Excel', 'HR Analytics', 'Power BI', 'SQL']"
JOB09610,Full Stack Developer,"['CSS', 'HTML', 'Java', 'JavaScript', 'Machine Learning', 'Node', 'React']"
JOB09611,Marketing Analyst,"['Excel', 'Marketing Analytics', 'Power BI', 'Python', 'SQL']"
JOB09612,Business Analyst,"['Business Analysis', 'Excel', 'Power BI', 'Requirements Gathering', 'SQL']"
JOB09613,Web Developer,"['CSS', 'Git', 'HTML', 'Java', 'JavaScript', 'Machine Learning', 'React']"
JOB09614,Financial Analyst,"['Excel', 'Financial Modeling', 'Power BI', 'SQL', 'Statistics']"
JOB09615,HR Analyst,"['Data Analysis', 'Excel', 'HR Analytics', 'Power BI', 'SQL']"
JOB09616,Cloud Engineer,"['AWS', 'Azure', 'Cloud Computing', 'Docker', 'Linux']"
JOB09617,BI Analyst,"['DAX', 'Data Visualization', 'Excel', 'Power BI', 'SQL']"
JOB09618,Data Analyst,"['Cloud Computing', 'Excel', 'Power BI', 'Python', 'SQL', 'Tableau']"
JOB09619,Python Developer,"['Django', 'Flask', 'Git', 'Python', 'SQL']"
JOB09620,Marketing Analyst,"['Excel', 'Marketing Analytics', 'Power BI', 'Python', 'SQL']"
JOB09621,SQL Developer,"['Database', 'ETL', 'MySQL', 'PostgreSQL', 'SQL']"
JOB09622,Power BI Developer,"['DAX', 'Excel', 'Power BI', 'Power Query', 'SQL']"
JOB09623,DevOps Engineer,"['AWS', 'Docker', 'Jenkins', 'Kubernetes', 'Linux']"
JOB09624,Marketing Analyst,"['Excel', 'Marketing Analytics', 'Power BI', 'Python', 'SQL']"
JOB09625,DevOps Engineer,"['AWS', 'Docker', 'Jenkins', 'Kubernetes', 'Linux']"
JOB09626,Web Developer,"['CSS', 'Git', 'HTML', 'Java', 'JavaScript', 'Machine Learning', 'React']"
JOB09627,Power BI Developer,"['DAX', 'Excel', 'Power BI', 'Power Query', 'SQL']"
JOB09628,SQL Developer,"['Database', 'ETL', 'MySQL', 'Oracle', 'PostgreSQL', 'SQL']"
JOB09629,Data Engineer,"['AWS', 'ETL', 'Python', 'SQL', 'Spark']"
JOB09630,BI Analyst,"['DAX', 'Data Visualization', 'Excel', 'Power BI', 'SQL']"
JOB09631,Python Developer,"['Django', 'Flask', 'Git', 'Python', 'SQL']"
JOB09632,Python Developer,"['Django', 'Flask', 'Git', 'Python', 'SQL']"
JOB09633,BI Analyst,"['DAX', 'Data Visualization', 'Excel', 'Power BI', 'SQL']"
JOB09634,Data Analyst,"['Excel', 'Power BI', 'Python', 'SQL', 'Tableau']"
JOB09635,BI Analyst,"['DAX', 'Data Visualization', 'Excel', 'Power BI', 'SQL']"
JOB09636,Data Engineer,"['AWS', 'ETL', 'Python', 'SQL', 'Spark']"
JOB09637,Full Stack Developer,"['CSS', 'HTML', 'Java', 'JavaScript', 'Machine Learning', 'Node', 'React']"
JOB09638,SQL Developer,"['Database', 'ETL', 'MySQL', 'PostgreSQL', 'SQL']"
JOB09639,Web Developer,"['CSS', 'Git', 'HTML', 'Java', 'JavaScript', 'Machine Learning', 'React']"
JOB09640,Cloud Engineer,"['AWS', 'Azure', 'Cloud Computing', 'Docker', 'Linux']"
JOB09641,Cloud Engineer,"['AWS', 'Azure', 'Cloud Computing', 'Docker', 'Linux']"
JOB09642,Cloud Engineer,"['AWS', 'Azure', 'Cloud Computing', 'Docker', 'Linux']"
JOB09643,Cloud Engineer,"['AWS', 'Azure', 'Cloud Computing', 'Docker', 'Linux']"
JOB09644,BI Analyst,"['DAX', 'Data Visualization', 'Excel', 'Power BI', 'SQL']"
JOB09645,Power BI Developer,"['Cloud Computing', 'DAX', 'Excel', 'Power BI', 'Power Query', 'SQL']"
JOB09646,Data Scientist,"['Machine Learning', 'Pandas', 'Python', 'SQL', 'Statistics']"
JOB09647,Data Analyst,"['Excel', 'Power BI', 'Python', 'SQL', 'Tableau']"
JOB09648,Cloud Engineer,"['AWS', 'Azure', 'Cloud Computing', 'Docker', 'Linux']"
JOB09649,Product Analyst,"['Excel', 'Product Analytics', 'Python', 'SQL']"
JOB09650,Data Engineer,"['AWS', 'ETL', 'Python', 'SQL', 'Spark']"
JOB09651,Machine Learning Engineer,"['Docker', 'Machine Learning', 'Python', 'Scikit-learn', 'TensorFlow']"
JOB09652,Data Scientist,"['Machine Learning', 'Pandas', 'Python', 'SQL', 'Statistics']"
JOB09653,Product Analyst,"['Excel', 'Product Analytics', 'Python', 'SQL']"
JOB09654,Python Developer,"['Django', 'Flask', 'Git', 'Oracle', 'Python', 'SQL']"
JOB09655,Web Developer,"['CSS', 'Git', 'HTML', 'Java', 'JavaScript', 'Machine Learning', 'Oracle', 'React']"
JOB09656,SQL Developer,"['Database', 'ETL', 'MySQL', 'PostgreSQL', 'SQL']"
JOB09657,Web Developer,"['CSS', 'Git', 'HTML', 'Java', 'JavaScript', 'Machine Learning', 'React']"
JOB09658,Financial Analyst,"['Excel', 'Financial Modeling', 'Power BI', 'SQL', 'Statistics']"
JOB09659,QA Engineer,"['Automation Testing', 'Java', 'Python', 'SQL', 'Selenium']"
JOB09660,Data Scientist,"['Machine Learning', 'Pandas', 'Python', 'SQL', 'Statistics']"
JOB09661,SQL Developer,"['Database', 'ETL', 'MySQL', 'PostgreSQL', 'SQL']"
JOB09662,Full Stack Developer,"['CSS', 'HTML', 'Java', 'JavaScript', 'Machine Learning', 'Node', 'React']"
JOB09663,Marketing Analyst,"['Excel', 'Marketing Analytics', 'Power BI', 'Python', 'SQL']"
JOB09664,Cloud Engineer,"['AWS', 'Azure', 'Cloud Computing', 'Docker', 'Linux']"
JOB09665,Database Administrator,"['Database', 'Database Administration', 'MySQL', 'Oracle', 'PostgreSQL', 'SQL']"
JOB09666,BI Analyst,"['DAX', 'Data Visualization', 'Excel', 'Power BI', 'SQL']"
JOB09667,DevOps Engineer,"['AWS', 'Docker', 'Jenkins', 'Kubernetes', 'Linux']"
JOB09668,Marketing Analyst,"['Excel', 'Marketing Analytics', 'Oracle', 'Power BI', 'Python', 'SQL']"
JOB09669,Database Administrator,"['Database', 'Database Administration', 'MySQL', 'Oracle', 'PostgreSQL', 'SQL']"
JOB09670,DevOps Engineer,"['AWS', 'Docker', 'Jenkins', 'Kubernetes', 'Linux']"
JOB09671,Data Scientist,"['Machine Learning', 'Pandas', 'Python', 'SQL', 'Statistics']"
JOB09672,Power BI Developer,"['DAX', 'Excel', 'Power BI', 'Power Query', 'SQL']"
JOB09673,DevOps Engineer,"['AWS', 'Docker', 'Jenkins', 'Kubernetes', 'Linux']"
JOB09674,Software Engineer,"['Git', 'Java', 'Python', 'REST API', 'SQL']"
JOB09675,Data Scientist,"['Machine Learning', 'Pandas', 'Python', 'SQL', 'Statistics']"
JOB09676,Marketing Analyst,"['Excel', 'Marketing Analytics', 'Power BI', 'Python', 'SQL']"
JOB09677,Software Engineer,"['Git', 'Java', 'Python', 'REST API', 'SQL']"
JOB09678,Power BI Developer,"['DAX', 'Excel', 'Power BI', 'Power Query', 'SQL']"
JOB09679,Software Engineer,"['Git', 'Java', 'Python', 'REST API', 'SQL']"
JOB09680,Data Engineer,"['AWS', 'ETL', 'Python', 'SQL', 'Spark']"
JOB09681,BI Analyst,"['DAX', 'Data Visualization', 'Excel', 'Power BI', 'SQL']"
JOB09682,SQL Developer,"['Database', 'ETL', 'MySQL', 'PostgreSQL', 'SQL']"
JOB09683,BI Analyst,"['DAX', 'Data Visualization', 'Excel', 'Oracle', 'Power BI', 'SQL']"
JOB09684,Product Analyst,"['Excel', 'Product Analytics', 'Python', 'SQL']"
JOB09685,Data Scientist,"['Machine Learning', 'Pandas', 'Python', 'SQL', 'Statistics']"
JOB09686,Financial Analyst,"['Excel', 'Financial Modeling', 'Power BI', 'SQL', 'Statistics']"
JOB09687,BI Analyst,"['DAX', 'Data Visualization', 'Excel', 'Power BI', 'SQL']"
JOB09688,Full Stack Developer,"['CSS', 'HTML', 'Java', 'JavaScript', 'Machine Learning', 'Node', 'React']"
JOB09689,Data Scientist,"['Machine Learning', 'Pandas', 'Python', 'SQL', 'Statistics']"
JOB09690,Machine Learning Engineer,"['Docker', 'Machine Learning', 'Python', 'Scikit-learn', 'TensorFlow']"
JOB09691,QA Engineer,"['Automation Testing', 'Java', 'Python', 'SQL', 'Selenium']"
JOB09692,QA Engineer,"['Automation Testing', 'Java', 'Python', 'SQL', 'Selenium']"
JOB09693,Data Scientist,"['Machine Learning', 'Pandas', 'Python', 'SQL', 'Statistics']"
JOB09694,HR Analyst,"['Data Analysis', 'Excel', 'HR Analytics', 'Power BI', 'SQL']"
JOB09695,Software Engineer,"['Git', 'Java', 'Python', 'REST API', 'SQL']"
JOB09696,Power BI Developer,"['DAX', 'Excel', 'Power BI', 'Power Query', 'SQL']"
JOB09697,Power BI Developer,"['DAX', 'Excel', 'Power BI', 'Power Query', 'SQL']"
JOB09698,Machine Learning Engineer,"['Docker', 'Machine Learning', 'Python', 'Scikit-learn', 'TensorFlow']"
JOB09699,Data Engineer,"['AWS', 'ETL', 'Python', 'SQL', 'Spark']"
JOB09700,Data Scientist,"['Machine Learning', 'Pandas', 'Python', 'SQL', 'Statistics']"
JOB09701,SQL Developer,"['Database', 'ETL', 'MySQL', 'PostgreSQL', 'SQL']"
JOB09702,Data Engineer,"['AWS', 'ETL', 'Python', 'SQL', 'Spark']"
JOB09703,Full Stack Developer,"['CSS', 'HTML', 'Java', 'JavaScript', 'Machine Learning', 'Node', 'React']"
JOB09704,SQL Developer,"['Database', 'ETL', 'MySQL', 'PostgreSQL', 'SQL']"
JOB09705,Web Developer,"['CSS', 'Git', 'HTML', 'Java', 'JavaScript', 'Machine Learning', 'React']"
JOB09706,Marketing Analyst,"['Excel', 'Marketing Analytics', 'Oracle', 'Power BI', 'Python', 'SQL']"
JOB09707,Database Administrator,"['Database', 'Database Administration', 'MySQL', 'Oracle', 'PostgreSQL', 'SQL']"
JOB09708,Machine Learning Engineer,"['Docker', 'Machine Learning', 'Python', 'Scikit-learn', 'TensorFlow']"
JOB09709,DevOps Engineer,"['AWS', 'Docker', 'Jenkins', 'Kubernetes', 'Linux']"
JOB09710,Machine Learning Engineer,"['Docker', 'Machine Learning', 'Oracle', 'Python', 'Scikit-learn', 'TensorFlow']"
JOB09711,SQL Developer,"['Database', 'ETL', 'MySQL', 'PostgreSQL', 'SQL']"
JOB09712,Database Administrator,"['Database', 'Database Administration', 'MySQL', 'Oracle', 'PostgreSQL', 'SQL']"
JOB09713,HR Analyst,"['Data Analysis', 'Excel', 'HR Analytics', 'Power BI', 'SQL']"
JOB09714,SQL Developer,"['Database', 'ETL', 'MySQL', 'PostgreSQL', 'SQL']"
JOB09715,Machine Learning Engineer,"['Docker', 'Machine Learning', 'Python', 'Scikit-learn', 'TensorFlow']"
JOB09716,Web Developer,"['CSS', 'Git', 'HTML', 'Java', 'JavaScript', 'Machine Learning', 'React']"
JOB09717,Software Engineer,"['Git', 'Java', 'Python', 'REST API', 'SQL']"
JOB09718,Software Engineer,"['Git', 'Java', 'Python', 'REST API', 'SQL']"
JOB09719,Data Analyst,"['Excel', 'Power BI', 'Python', 'SQL', 'Tableau']"
JOB09720,Cloud Engineer,"['AWS', 'Azure', 'Cloud Computing', 'Docker', 'Linux']"
JOB09721,Financial Analyst,"['Excel', 'Financial Modeling', 'Power BI', 'SQL', 'Statistics']"
JOB09722,Database Administrator,"['Database', 'Database Administration', 'MySQL', 'Oracle', 'PostgreSQL', 'SQL']"
JOB09723,DevOps Engineer,"['AWS', 'Docker', 'Jenkins', 'Kubernetes', 'Linux']"
JOB09724,Business Analyst,"['Business Analysis', 'Excel', 'Power BI', 'Requirements Gathering', 'SQL']"
JOB09725,Data Engineer,"['AWS', 'ETL', 'Python', 'SQL', 'Spark']"
JOB09726,Power BI Developer,"['Cloud Computing', 'DAX', 'Excel', 'Power BI', 'Power Query', 'SQL']"
JOB09727,Financial Analyst,"['Excel', 'Financial Modeling', 'Power BI', 'SQL', 'Statistics']"
JOB09728,Software Engineer,"['Git', 'Java', 'Python', 'REST API', 'SQL']"
JOB09729,Data Analyst,"['Excel', 'Power BI', 'Python', 'SQL', 'Tableau']"
JOB09730,BI Analyst,"['DAX', 'Data Visualization', 'Excel', 'Power BI', 'SQL']"
JOB09731,Data Engineer,"['AWS', 'ETL', 'Python', 'SQL', 'Spark']"
JOB09732,Power BI Developer,"['DAX', 'Excel', 'Power BI', 'Power Query', 'SQL']"
JOB09733,Product Analyst,"['Excel', 'Product Analytics', 'Python', 'SQL']"
JOB09734,Financial Analyst,"['Excel', 'Financial Modeling', 'Power BI', 'SQL', 'Statistics']"
JOB09735,Business Analyst,"['Business Analysis', 'Excel', 'Power BI', 'Requirements Gathering', 'SQL']"
JOB09736,Power BI Developer,"['DAX', 'Excel', 'Power BI', 'Power Query', 'SQL']"
JOB09737,Data Analyst,"['Excel', 'Power BI', 'Python', 'SQL', 'Tableau']"
JOB09738,Data Engineer,"['AWS', 'ETL', 'Python', 'SQL', 'Spark']"
JOB09739,Financial Analyst,"['Excel', 'Financial Modeling', 'Power BI', 'SQL', 'Statistics']"
JOB09740,Data Scientist,"['Machine Learning', 'Pandas', 'Python', 'SQL', 'Statistics']"
JOB09741,SQL Developer,"['Database', 'ETL', 'MySQL', 'PostgreSQL', 'SQL']"
JOB09742,Product Analyst,"['Excel', 'Product Analytics', 'Python', 'SQL']"
JOB09743,Python Developer,"['Django', 'Flask', 'Git', 'Python', 'SQL']"
JOB09744,QA Engineer,"['Automation Testing', 'Java', 'Python', 'SQL', 'Selenium']"
JOB09745,Data Engineer,"['AWS', 'ETL', 'Python', 'SQL', 'Spark']"
JOB09746,Software Engineer,"['Git', 'Java', 'Python', 'REST API', 'SQL']"
JOB09747,Product Analyst,"['Excel', 'Product Analytics', 'Python', 'SQL']"
JOB09748,Marketing Analyst,"['Excel', 'Marketing Analytics', 'Power BI', 'Python', 'SQL']"
JOB09749,Python Developer,"['Cloud Computing', 'Django', 'Flask', 'Git', 'Python', 'SQL']"
JOB09750,BI Analyst,"['DAX', 'Data Visualization', 'Excel', 'Power BI', 'SQL']"
JOB09751,Cloud Engineer,"['AWS', 'Azure', 'Cloud Computing', 'Docker', 'Linux']"
JOB09752,Business Analyst,"['Business Analysis', 'Excel', 'Power BI', 'Requirements Gathering', 'SQL']"
JOB09753,Machine Learning Engineer,"['Docker', 'Machine Learning', 'Python', 'Scikit-learn', 'TensorFlow']"
JOB09754,Data Scientist,"['Cloud Computing', 'Machine Learning', 'Pandas', 'Python', 'SQL', 'Statistics']"
JOB09755,Python Developer,"['Django', 'Flask', 'Git', 'Python', 'SQL']"
JOB09756,Database Administrator,"['Database', 'Database Administration', 'MySQL', 'Oracle', 'PostgreSQL', 'SQL']"
JOB09757,QA Engineer,"['Automation Testing', 'Java', 'Python', 'SQL', 'Selenium']"
JOB09758,DevOps Engineer,"['AWS', 'Docker', 'Jenkins', 'Kubernetes', 'Linux']"
JOB09759,BI Analyst,"['DAX', 'Data Visualization', 'Excel', 'Power BI', 'SQL']"
JOB09760,Financial Analyst,"['Excel', 'Financial Modeling', 'Power BI', 'SQL', 'Statistics']"
JOB09761,Product Analyst,"['Excel', 'Product Analytics', 'Python', 'SQL']"
JOB09762,Python Developer,"['Django', 'Flask', 'Git', 'Python', 'SQL']"
JOB09763,Full Stack Developer,"['CSS', 'HTML', 'Java', 'JavaScript', 'Machine Learning', 'Node', 'React']"
JOB09764,DevOps Engineer,"['AWS', 'Docker', 'Jenkins', 'Kubernetes', 'Linux', 'Oracle']"
JOB09765,BI Analyst,"['DAX', 'Data Visualization', 'Excel', 'Power BI', 'SQL']"
JOB09766,Marketing Analyst,"['Excel', 'Marketing Analytics', 'Power BI', 'Python', 'SQL']"
JOB09767,BI Analyst,"['DAX', 'Data Visualization', 'Excel', 'Power BI', 'SQL']"
JOB09768,BI Analyst,"['DAX', 'Data Visualization', 'Excel', 'Oracle', 'Power BI', 'SQL']"
JOB09769,Power BI Developer,"['DAX', 'Excel', 'Power BI', 'Power Query', 'SQL']"
JOB09770,Financial Analyst,"['Excel', 'Financial Modeling', 'Power BI', 'SQL', 'Statistics']"
JOB09771,Marketing Analyst,"['Cloud Computing', 'Excel', 'Marketing Analytics', 'Power BI', 'Python', 'SQL']"
JOB09772,Product Analyst,"['Excel', 'Product Analytics', 'Python', 'SQL']"
JOB09773,Web Developer,"['CSS', 'Git', 'HTML', 'Java', 'JavaScript', 'Machine Learning', 'React']"
JOB09774,DevOps Engineer,"['AWS', 'Docker', 'Jenkins', 'Kubernetes', 'Linux']"
JOB09775,Cloud Engineer,"['AWS', 'Azure', 'Cloud Computing', 'Docker', 'Linux']"
JOB09776,Data Engineer,"['AWS', 'ETL', 'Python', 'SQL', 'Spark']"
JOB09777,Product Analyst,"['Excel', 'Product Analytics', 'Python', 'SQL']"
JOB09778,Database Administrator,"['Database', 'Database Administration', 'MySQL', 'Oracle', 'PostgreSQL', 'SQL']"
JOB09779,HR Analyst,"['Cloud Computing', 'Data Analysis', 'Excel', 'HR Analytics', 'Power BI', 'SQL']"
JOB09780,Data Analyst,"['Excel', 'Power BI', 'Python', 'SQL', 'Tableau']"
JOB09781,Marketing Analyst,"['Excel', 'Marketing Analytics', 'Power BI', 'Python', 'SQL']"
JOB09782,QA Engineer,"['Automation Testing', 'Java', 'Python', 'SQL', 'Selenium']"
JOB09783,Database Administrator,"['Database', 'Database Administration', 'MySQL', 'Oracle', 'PostgreSQL', 'SQL']"
JOB09784,Database Administrator,"['Database', 'Database Administration', 'MySQL', 'Oracle', 'PostgreSQL', 'SQL']"
JOB09785,Data Analyst,"['Excel', 'Power BI', 'Python', 'SQL', 'Tableau']"
JOB09786,BI Analyst,"['DAX', 'Data Visualization', 'Excel', 'Power BI', 'SQL']"
JOB09787,Product Analyst,"['Excel', 'Product Analytics', 'Python', 'SQL']"
JOB09788,QA Engineer,"['Automation Testing', 'Java', 'Python', 'SQL', 'Selenium']"
JOB09789,Financial Analyst,"['Excel', 'Financial Modeling', 'Power BI', 'SQL', 'Statistics']"
JOB09790,QA Engineer,"['Automation Testing', 'Java', 'Python', 'SQL', 'Selenium']"
JOB09791,Database Administrator,"['Database', 'Database Administration', 'MySQL', 'Oracle', 'PostgreSQL', 'SQL']"
JOB09792,Cloud Engineer,"['AWS', 'Azure', 'Cloud Computing', 'Docker', 'Linux']"
JOB09793,Web Developer,"['CSS', 'Git', 'HTML', 'Java', 'JavaScript', 'Machine Learning', 'React']"
JOB09794,BI Analyst,"['DAX', 'Data Visualization', 'Excel', 'Power BI', 'SQL']"
JOB09795,Data Analyst,"['Excel', 'Power BI', 'Python', 'SQL', 'Tableau']"
JOB09796,Data Engineer,"['AWS', 'ETL', 'Python', 'SQL', 'Spark']"
JOB09797,Machine Learning Engineer,"['Docker', 'Machine Learning', 'Python', 'Scikit-learn', 'TensorFlow']"
JOB09798,Data Engineer,"['AWS', 'ETL', 'Oracle', 'Python', 'SQL', 'Spark']"
JOB09799,Machine Learning Engineer,"['Docker', 'Machine Learning', 'Python', 'Scikit-learn', 'TensorFlow']"
JOB09800,Data Analyst,"['Excel', 'Power BI', 'Python', 'SQL', 'Tableau']"
JOB09801,Marketing Analyst,"['Excel', 'Marketing Analytics', 'Power BI', 'Python', 'SQL']"
JOB09802,Machine Learning Engineer,"['Docker', 'Machine Learning', 'Python', 'Scikit-learn', 'TensorFlow']"
JOB09803,Data Scientist,"['Machine Learning', 'Pandas', 'Python', 'SQL', 'Statistics']"
JOB09804,Data Engineer,"['AWS', 'ETL', 'Python', 'SQL', 'Spark']"
JOB09805,Marketing Analyst,"['Excel', 'Marketing Analytics', 'Power BI', 'Python', 'SQL']"
JOB09806,Data Scientist,"['Machine Learning', 'Pandas', 'Python', 'SQL', 'Statistics']"
JOB09807,HR Analyst,"['Data Analysis', 'Excel', 'HR Analytics', 'Power BI', 'SQL']"
JOB09808,Financial Analyst,"['Excel', 'Financial Modeling', 'Power BI', 'SQL', 'Statistics']"
JOB09809,Cloud Engineer,"['AWS', 'Azure', 'Cloud Computing', 'Docker', 'Linux']"
JOB09810,Database Administrator,"['Database', 'Database Administration', 'MySQL', 'Oracle', 'PostgreSQL', 'SQL']"
JOB09811,Financial Analyst,"['Excel', 'Financial Modeling', 'Power BI', 'SQL', 'Statistics']"
JOB09812,QA Engineer,"['Automation Testing', 'Java', 'Python', 'SQL', 'Selenium']"
JOB09813,Marketing Analyst,"['Excel', 'Marketing Analytics', 'Power BI', 'Python', 'SQL']"
JOB09814,Product Analyst,"['Excel', 'Product Analytics', 'Python', 'SQL']"
JOB09815,Machine Learning Engineer,"['Docker', 'Machine Learning', 'Python', 'Scikit-learn', 'TensorFlow']"
JOB09816,Software Engineer,"['Git', 'Java', 'Python', 'REST API', 'SQL']"
JOB09817,DevOps Engineer,"['AWS', 'Docker', 'Jenkins', 'Kubernetes', 'Linux']"
JOB09818,Web Developer,"['CSS', 'Git', 'HTML', 'Java', 'JavaScript', 'Machine Learning', 'React']"
JOB09819,BI Analyst,"['DAX', 'Data Visualization', 'Excel', 'Power BI', 'SQL']"
JOB09820,Power BI Developer,"['DAX', 'Excel', 'Power BI', 'Power Query', 'SQL']"
JOB09821,Power BI Developer,"['DAX', 'Excel', 'Power BI', 'Power Query', 'SQL']"
JOB09822,BI Analyst,"['DAX', 'Data Visualization', 'Excel', 'Power BI', 'SQL']"
JOB09823,Business Analyst,"['Business Analysis', 'Excel', 'Power BI', 'Requirements Gathering', 'SQL']"
JOB09824,DevOps Engineer,"['AWS', 'Docker', 'Jenkins', 'Kubernetes', 'Linux']"
JOB09825,DevOps Engineer,"['AWS', 'Docker', 'Jenkins', 'Kubernetes', 'Linux']"
JOB09826,BI Analyst,"['DAX', 'Data Visualization', 'Excel', 'Oracle', 'Power BI', 'SQL']"
JOB09827,Web Developer,"['CSS', 'Git', 'HTML', 'Java', 'JavaScript', 'Machine Learning', 'React']"
JOB09828,QA Engineer,"['Automation Testing', 'Java', 'Python', 'SQL', 'Selenium']"
JOB09829,Financial Analyst,"['Cloud Computing', 'Excel', 'Financial Modeling', 'Power BI', 'SQL', 'Statistics']"
JOB09830,SQL Developer,"['Database', 'ETL', 'MySQL', 'PostgreSQL', 'SQL']"
JOB09831,Full Stack Developer,"['CSS', 'HTML', 'Java', 'JavaScript', 'Machine Learning', 'Node', 'React']"
JOB09832,Cloud Engineer,"['AWS', 'Azure', 'Cloud Computing', 'Docker', 'Linux']"
JOB09833,Machine Learning Engineer,"['Docker', 'Machine Learning', 'Python', 'Scikit-learn', 'TensorFlow']"
JOB09834,Product Analyst,"['Excel', 'Product Analytics', 'Python', 'SQL']"
JOB09835,Data Scientist,"['Machine Learning', 'Pandas', 'Python', 'SQL', 'Statistics']"
JOB09836,Financial Analyst,"['Cloud Computing', 'Excel', 'Financial Modeling', 'Power BI', 'SQL', 'Statistics']"
JOB09837,Python Developer,"['Django', 'Flask', 'Git', 'Python', 'SQL']"
JOB09838,Financial Analyst,"['Excel', 'Financial Modeling', 'Power BI', 'SQL', 'Statistics']"
JOB09839,Database Administrator,"['Database', 'Database Administration', 'MySQL', 'Oracle', 'PostgreSQL', 'SQL']"
JOB09840,Web Developer,"['CSS', 'Cloud Computing', 'Git', 'HTML', 'Java', 'JavaScript', 'Machine Learning', 'React']"
JOB09841,Cloud Engineer,"['AWS', 'Azure', 'Cloud Computing', 'Docker', 'Linux']"
JOB09842,Power BI Developer,"['DAX', 'Excel', 'Oracle', 'Power BI', 'Power Query', 'SQL']"
JOB09843,Product Analyst,"['Excel', 'Oracle', 'Product Analytics', 'Python', 'SQL']"
JOB09844,Machine Learning Engineer,"['Docker', 'Machine Learning', 'Python', 'Scikit-learn', 'TensorFlow']"
JOB09845,DevOps Engineer,"['AWS', 'Docker', 'Jenkins', 'Kubernetes', 'Linux']"
JOB09846,Power BI Developer,"['DAX', 'Excel', 'Power BI', 'Power Query', 'SQL']"
JOB09847,Product Analyst,"['Excel', 'Product Analytics', 'Python', 'SQL']"
JOB09848,Web Developer,"['CSS', 'Git', 'HTML', 'Java', 'JavaScript', 'Machine Learning', 'Oracle', 'React']"
JOB09849,Product Analyst,"['Excel', 'Product Analytics', 'Python', 'SQL']"
JOB09850,Power BI Developer,"['DAX', 'Excel', 'Power BI', 'Power Query', 'SQL']"
JOB09851,Full Stack Developer,"['CSS', 'HTML', 'Java', 'JavaScript', 'Machine Learning', 'Node', 'React']"
JOB09852,Python Developer,"['Django', 'Flask', 'Git', 'Python', 'SQL']"
JOB09853,Data Analyst,"['Excel', 'Power BI', 'Python', 'SQL', 'Tableau']"
JOB09854,DevOps Engineer,"['AWS', 'Cloud Computing', 'Docker', 'Jenkins', 'Kubernetes', 'Linux']"
JOB09855,Web Developer,"['CSS', 'Git', 'HTML', 'Java', 'JavaScript', 'Machine Learning', 'React']"
JOB09856,QA Engineer,"['Automation Testing', 'Java', 'Python', 'SQL', 'Selenium']"
JOB09857,Data Scientist,"['Machine Learning', 'Pandas', 'Python', 'SQL', 'Statistics']"
JOB09858,Cloud Engineer,"['AWS', 'Azure', 'Cloud Computing', 'Docker', 'Linux']"
JOB09859,SQL Developer,"['Database', 'ETL', 'MySQL', 'PostgreSQL', 'SQL']"
JOB09860,Database Administrator,"['Database', 'Database Administration', 'MySQL', 'Oracle', 'PostgreSQL', 'SQL']"
JOB09861,DevOps Engineer,"['AWS', 'Docker', 'Jenkins', 'Kubernetes', 'Linux', 'Oracle']"
JOB09862,Software Engineer,"['Git', 'Java', 'Python', 'REST API', 'SQL']"
JOB09863,Web Developer,"['CSS', 'Git', 'HTML', 'Java', 'JavaScript', 'Machine Learning', 'React']"
JOB09864,Software Engineer,"['Git', 'Java', 'Python', 'REST API', 'SQL']"
JOB09865,Marketing Analyst,"['Excel', 'Marketing Analytics', 'Power BI', 'Python', 'SQL']"
JOB09866,Data Analyst,"['Excel', 'Power BI', 'Python', 'SQL', 'Tableau']"
JOB09867,QA Engineer,"['Automation Testing', 'Java', 'Python', 'SQL', 'Selenium']"
JOB09868,Web Developer,"['CSS', 'Git', 'HTML', 'Java', 'JavaScript', 'Machine Learning', 'React']"
JOB09869,Marketing Analyst,"['Excel', 'Marketing Analytics', 'Power BI', 'Python', 'SQL']"
JOB09870,Cloud Engineer,"['AWS', 'Azure', 'Cloud Computing', 'Docker', 'Linux']"
JOB09871,Data Engineer,"['AWS', 'ETL', 'Python', 'SQL', 'Spark']"
JOB09872,Database Administrator,"['Database', 'Database Administration', 'MySQL', 'Oracle', 'PostgreSQL', 'SQL']"
JOB09873,Software Engineer,"['Git', 'Java', 'Python', 'REST API', 'SQL']"
JOB09874,Product Analyst,"['Excel', 'Product Analytics', 'Python', 'SQL']"
JOB09875,SQL Developer,"['Database', 'ETL', 'MySQL', 'Oracle', 'PostgreSQL', 'SQL']"
JOB09876,Financial Analyst,"['Excel', 'Financial Modeling', 'Power BI', 'SQL', 'Statistics']"
JOB09877,Power BI Developer,"['DAX', 'Excel', 'Power BI', 'Power Query', 'SQL']"
JOB09878,Power BI Developer,"['DAX', 'Excel', 'Power BI', 'Power Query', 'SQL']"
JOB09879,Financial Analyst,"['Excel', 'Financial Modeling', 'Power BI', 'SQL', 'Statistics']"
JOB09880,Product Analyst,"['Excel', 'Product Analytics', 'Python', 'SQL']"
JOB09881,Python Developer,"['Django', 'Flask', 'Git', 'Python', 'SQL']"
JOB09882,Machine Learning Engineer,"['Docker', 'Machine Learning', 'Python', 'Scikit-learn', 'TensorFlow']"
JOB09883,Web Developer,"['CSS', 'Git', 'HTML', 'Java', 'JavaScript', 'Machine Learning', 'React']"
JOB09884,Data Scientist,"['Machine Learning', 'Pandas', 'Python', 'SQL', 'Statistics']"
JOB09885,Business Analyst,"['Business Analysis', 'Excel', 'Power BI', 'Requirements Gathering', 'SQL']"
JOB09886,Data Analyst,"['Excel', 'Oracle', 'Power BI', 'Python', 'SQL', 'Tableau']"
JOB09887,Web Developer,"['CSS', 'Git', 'HTML', 'Java', 'JavaScript', 'Machine Learning', 'React']"
JOB09888,Product Analyst,"['Excel', 'Product Analytics', 'Python', 'SQL']"
JOB09889,Data Scientist,"['Machine Learning', 'Pandas', 'Python', 'SQL', 'Statistics']"
JOB09890,Marketing Analyst,"['Excel', 'Marketing Analytics', 'Power BI', 'Python', 'SQL']"
JOB09891,BI Analyst,"['DAX', 'Data Visualization', 'Excel', 'Power BI', 'SQL']"
JOB09892,Marketing Analyst,"['Excel', 'Marketing Analytics', 'Power BI', 'Python', 'SQL']"
JOB09893,Power BI Developer,"['DAX', 'Excel', 'Power BI', 'Power Query', 'SQL']"
JOB09894,Full Stack Developer,"['CSS', 'Cloud Computing', 'HTML', 'Java', 'JavaScript', 'Machine Learning', 'Node', 'React']"
JOB09895,Machine Learning Engineer,"['Cloud Computing', 'Docker', 'Machine Learning', 'Python', 'Scikit-learn', 'TensorFlow']"
JOB09896,Data Engineer,"['AWS', 'ETL', 'Python', 'SQL', 'Spark']"
JOB09897,Product Analyst,"['Excel', 'Product Analytics', 'Python', 'SQL']"
JOB09898,Data Analyst,"['Excel', 'Power BI', 'Python', 'SQL', 'Tableau']"
JOB09899,Business Analyst,"['Business Analysis', 'Excel', 'Power BI', 'Requirements Gathering', 'SQL']"
JOB09900,QA Engineer,"['Automation Testing', 'Cloud Computing', 'Java', 'Python', 'SQL', 'Selenium']"
JOB09901,Data Analyst,"['Excel', 'Power BI', 'Python', 'SQL', 'Tableau']"
JOB09902,Full Stack Developer,"['CSS', 'HTML', 'Java', 'JavaScript', 'Machine Learning', 'Node', 'React']"
JOB09903,Machine Learning Engineer,"['Docker', 'Machine Learning', 'Python', 'Scikit-learn', 'TensorFlow']"
JOB09904,Product Analyst,"['Excel', 'Product Analytics', 'Python', 'SQL']"
JOB09905,BI Analyst,"['DAX', 'Data Visualization', 'Excel', 'Power BI', 'SQL']"
JOB09906,QA Engineer,"['Automation Testing', 'Java', 'Oracle', 'Python', 'SQL', 'Selenium']"
JOB09907,QA Engineer,"['Automation Testing', 'Java', 'Python', 'SQL', 'Selenium']"
JOB09908,Machine Learning Engineer,"['Docker', 'Machine Learning', 'Python', 'Scikit-learn', 'TensorFlow']"
JOB09909,Full Stack Developer,"['CSS', 'HTML', 'Java', 'JavaScript', 'Machine Learning', 'Node', 'React']"
JOB09910,Python Developer,"['Django', 'Flask', 'Git', 'Oracle', 'Python', 'SQL']"
JOB09911,Data Analyst,"['Excel', 'Oracle', 'Power BI', 'Python', 'SQL', 'Tableau']"
JOB09912,BI Analyst,"['DAX', 'Data Visualization', 'Excel', 'Power BI', 'SQL']"
JOB09913,Data Scientist,"['Machine Learning', 'Oracle', 'Pandas', 'Python', 'SQL', 'Statistics']"
JOB09914,Data Scientist,"['Machine Learning', 'Pandas', 'Python', 'SQL', 'Statistics']"
JOB09915,Web Developer,"['CSS', 'Git', 'HTML', 'Java', 'JavaScript', 'Machine Learning', 'React']"
JOB09916,Database Administrator,"['Database', 'Database Administration', 'MySQL', 'Oracle', 'PostgreSQL', 'SQL']"
JOB09917,Full Stack Developer,"['CSS', 'HTML', 'Java', 'JavaScript', 'Machine Learning', 'Node', 'React']"
JOB09918,Data Analyst,"['Excel', 'Power BI', 'Python', 'SQL', 'Tableau']"
JOB09919,Web Developer,"['CSS', 'Git', 'HTML', 'Java', 'JavaScript', 'Machine Learning', 'React']"
JOB09920,Software Engineer,"['Git', 'Java', 'Python', 'REST API', 'SQL']"
JOB09921,Data Scientist,"['Machine Learning', 'Pandas', 'Python', 'SQL', 'Statistics']"
JOB09922,Data Analyst,"['Excel', 'Power BI', 'Python', 'SQL', 'Tableau']"
JOB09923,Data Analyst,"['Excel', 'Power BI', 'Python', 'SQL', 'Tableau']"
JOB09924,Web Developer,"['CSS', 'Git', 'HTML', 'Java', 'JavaScript', 'Machine Learning', 'React']"
JOB09925,QA Engineer,"['Automation Testing', 'Java', 'Python', 'SQL', 'Selenium']"
JOB09926,Data Engineer,"['AWS', 'ETL', 'Python', 'SQL', 'Spark']"
JOB09927,Machine Learning Engineer,"['Docker', 'Machine Learning', 'Python', 'Scikit-learn', 'TensorFlow']"
JOB09928,Cloud Engineer,"['AWS', 'Azure', 'Cloud Computing', 'Docker', 'Linux', 'Oracle']"
JOB09929,Power BI Developer,"['DAX', 'Excel', 'Power BI', 'Power Query', 'SQL']"
JOB09930,Full Stack Developer,"['CSS', 'HTML', 'Java', 'JavaScript', 'Machine Learning', 'Node', 'React']"
JOB09931,Data Engineer,"['AWS', 'ETL', 'Python', 'SQL', 'Spark']"
JOB09932,Database Administrator,"['Database', 'Database Administration', 'MySQL', 'Oracle', 'PostgreSQL', 'SQL']"
JOB09933,Business Analyst,"['Business Analysis', 'Excel', 'Power BI', 'Requirements Gathering', 'SQL']"
JOB09934,BI Analyst,"['DAX', 'Data Visualization', 'Excel', 'Power BI', 'SQL']"
JOB09935,Cloud Engineer,"['AWS', 'Azure', 'Cloud Computing', 'Docker', 'Linux']"
JOB09936,Web Developer,"['CSS', 'Git', 'HTML', 'Java', 'JavaScript', 'Machine Learning', 'React']"
JOB09937,Database Administrator,"['Database', 'Database Administration', 'MySQL', 'Oracle', 'PostgreSQL', 'SQL']"
JOB09938,Business Analyst,"['Business Analysis', 'Excel', 'Power BI', 'Requirements Gathering', 'SQL']"
JOB09939,SQL Developer,"['Database', 'ETL', 'MySQL', 'PostgreSQL', 'SQL']"
JOB09940,Data Scientist,"['Machine Learning', 'Pandas', 'Python', 'SQL', 'Statistics']"
JOB09941,Marketing Analyst,"['Excel', 'Marketing Analytics', 'Power BI', 'Python', 'SQL']"
JOB09942,Data Analyst,"['Excel', 'Power BI', 'Python', 'SQL', 'Tableau']"
JOB09943,Business Analyst,"['Business Analysis', 'Excel', 'Power BI', 'Requirements Gathering', 'SQL']"
JOB09944,Product Analyst,"['Excel', 'Product Analytics', 'Python', 'SQL']"
JOB09945,Software Engineer,"['Git', 'Java', 'Python', 'REST API', 'SQL']"
JOB09946,Power BI Developer,"['DAX', 'Excel', 'Power BI', 'Power Query', 'SQL']"
JOB09947,SQL Developer,"['Database', 'ETL', 'MySQL', 'Oracle', 'PostgreSQL', 'SQL']"
JOB09948,BI Analyst,"['DAX', 'Data Visualization', 'Excel', 'Power BI', 'SQL']"
JOB09949,Business Analyst,"['Business Analysis', 'Excel', 'Power BI', 'Requirements Gathering', 'SQL']"
JOB09950,Business Analyst,"['Business Analysis', 'Excel', 'Power BI', 'Requirements Gathering', 'SQL']"
JOB09951,Power BI Developer,"['DAX', 'Excel', 'Power BI', 'Power Query', 'SQL']"
JOB09952,Database Administrator,"['Database', 'Database Administration', 'MySQL', 'Oracle', 'PostgreSQL', 'SQL']"
JOB09953,Power BI Developer,"['DAX', 'Excel', 'Power BI', 'Power Query', 'SQL']"
JOB09954,Business Analyst,"['Business Analysis', 'Excel', 'Oracle', 'Power BI', 'Requirements Gathering', 'SQL']"
JOB09955,Data Engineer,"['AWS', 'ETL', 'Python', 'SQL', 'Spark']"
JOB09956,Data Engineer,"['AWS', 'ETL', 'Python', 'SQL', 'Spark']"
JOB09957,Data Analyst,"['Excel', 'Power BI', 'Python', 'SQL', 'Tableau']"
JOB09958,QA Engineer,"['Automation Testing', 'Java', 'Python', 'SQL', 'Selenium']"
JOB09959,Power BI Developer,"['Cloud Computing', 'DAX', 'Excel', 'Power BI', 'Power Query', 'SQL']"
JOB09960,Full Stack Developer,"['CSS', 'HTML', 'Java', 'JavaScript', 'Machine Learning', 'Node', 'React']"
JOB09961,Database Administrator,"['Database', 'Database Administration', 'MySQL', 'Oracle', 'PostgreSQL', 'SQL']"
JOB09962,Business Analyst,"['Business Analysis', 'Excel', 'Power BI', 'Requirements Gathering', 'SQL']"
JOB09963,Web Developer,"['CSS', 'Git', 'HTML', 'Java', 'JavaScript', 'Machine Learning', 'React']"
JOB09964,Data Scientist,"['Machine Learning', 'Pandas', 'Python', 'SQL', 'Statistics']"
JOB09965,Power BI Developer,"['DAX', 'Excel', 'Power BI', 'Power Query', 'SQL']"
JOB09966,SQL Developer,"['Database', 'ETL', 'MySQL', 'PostgreSQL', 'SQL']"
JOB09967,Marketing Analyst,"['Excel', 'Marketing Analytics', 'Power BI', 'Python', 'SQL']"
JOB09968,Database Administrator,"['Database', 'Database Administration', 'MySQL', 'Oracle', 'PostgreSQL', 'SQL']"
JOB09969,BI Analyst,"['DAX', 'Data Visualization', 'Excel', 'Power BI', 'SQL']"
JOB09970,QA Engineer,"['Automation Testing', 'Java', 'Python', 'SQL', 'Selenium']"
JOB09971,Product Analyst,"['Excel', 'Product Analytics', 'Python', 'SQL']"
JOB09972,Software Engineer,"['Git', 'Java', 'Python', 'REST API', 'SQL']"
JOB09973,Data Scientist,"['Machine Learning', 'Pandas', 'Python', 'SQL', 'Statistics']"
JOB09974,Database Administrator,"['Database', 'Database Administration', 'MySQL', 'Oracle', 'PostgreSQL', 'SQL']"
JOB09975,QA Engineer,"['Automation Testing', 'Java', 'Python', 'SQL', 'Selenium']"
JOB09976,Data Analyst,"['Excel', 'Power BI', 'Python', 'SQL', 'Tableau']"
JOB09977,Database Administrator,"['Database', 'Database Administration', 'MySQL', 'Oracle', 'PostgreSQL', 'SQL']"
JOB09978,Database Administrator,"['Database', 'Database Administration', 'MySQL', 'Oracle', 'PostgreSQL', 'SQL']"
JOB09979,Data Engineer,"['AWS', 'ETL', 'Python', 'SQL', 'Spark']"
JOB09980,Python Developer,"['Django', 'Flask', 'Git', 'Python', 'SQL']"
JOB09981,Power BI Developer,"['DAX', 'Excel', 'Power BI', 'Power Query', 'SQL']"
JOB09982,Marketing Analyst,"['Cloud Computing', 'Excel', 'Marketing Analytics', 'Power BI', 'Python', 'SQL']"
JOB09983,Cloud Engineer,"['AWS', 'Azure', 'Cloud Computing', 'Docker', 'Linux']"
JOB09984,HR Analyst,"['Data Analysis', 'Excel', 'HR Analytics', 'Power BI', 'SQL']"
JOB09985,Machine Learning Engineer,"['Docker', 'Machine Learning', 'Python', 'Scikit-learn', 'TensorFlow']"
JOB09986,Data Scientist,"['Machine Learning', 'Pandas', 'Python', 'SQL', 'Statistics']"
JOB09987,Data Scientist,"['Machine Learning', 'Pandas', 'Python', 'SQL', 'Statistics']"
JOB09988,HR Analyst,"['Data Analysis', 'Excel', 'HR Analytics', 'Power BI', 'SQL']"
JOB09989,QA Engineer,"['Automation Testing', 'Java', 'Python', 'SQL', 'Selenium']"
JOB09990,Machine Learning Engineer,"['Cloud Computing', 'Docker', 'Machine Learning', 'Python', 'Scikit-learn', 'TensorFlow']"
JOB09991,DevOps Engineer,"['AWS', 'Docker', 'Jenkins', 'Kubernetes', 'Linux', 'Oracle']"
JOB09992,Cloud Engineer,"['AWS', 'Azure', 'Cloud Computing', 'Docker', 'Linux']"
JOB09993,Data Analyst,"['Excel', 'Power BI', 'Python', 'SQL', 'Tableau']"
JOB09994,DevOps Engineer,"['AWS', 'Docker', 'Jenkins', 'Kubernetes', 'Linux']"
JOB09995,Software Engineer,"['Git', 'Java', 'Python', 'REST API', 'SQL']"
JOB09996,SQL Developer,"['Cloud Computing', 'Database', 'ETL', 'MySQL', 'PostgreSQL', 'SQL']"
JOB09997,Data Engineer,"['AWS', 'ETL', 'Python', 'SQL', 'Spark']"
JOB09998,Business Analyst,"['Business Analysis', 'Excel', 'Power BI', 'Requirements Gathering', 'SQL']"
JOB09999,Software Engineer,"['Git', 'Java', 'Python', 'REST API', 'SQL']"
JOB10000,Python Developer,"['Django', 'Flask', 'Git', 'Python', 'SQL']"
