job_id,job_title,rule_based_skills,rule_based_skill_count
JOB00001,Machine Learning Engineer,"['Docker', 'Machine Learning', 'Python', 'Scikit-learn', 'TensorFlow']",5
JOB00002,Product Analyst,"['Cloud Computing', 'Excel', 'Product Analytics', 'Python', 'SQL']",5
JOB00003,Web Developer,"['CSS', 'Git', 'HTML', 'Java', 'JavaScript', 'Machine Learning', 'React']",7
JOB00004,Web Developer,"['CSS', 'Git', 'HTML', 'Java', 'JavaScript', 'Machine Learning', 'React']",7
JOB00005,Database Administrator,"['Database', 'Database Administration', 'MySQL', 'Oracle', 'PostgreSQL', 'SQL']",6
JOB00006,Machine Learning Engineer,"['Docker', 'Machine Learning', 'Python', 'Scikit-learn', 'TensorFlow']",5
JOB00007,Product Analyst,"['Excel', 'Product Analytics', 'Python', 'SQL']",4
JOB00008,QA Engineer,"['Automation Testing', 'Java', 'Python', 'SQL', 'Selenium']",5
JOB00009,Web Developer,"['CSS', 'Git', 'HTML', 'Java', 'JavaScript', 'Machine Learning', 'React']",7
JOB00010,BI Analyst,"['DAX', 'Data Visualization', 'Excel', 'Power BI', 'SQL']",5
JOB00011,Product Analyst,"['Excel', 'Product Analytics', 'Python', 'SQL']",4
JOB00012,Database Administrator,"['Database', 'Database Administration', 'MySQL', 'Oracle', 'PostgreSQL', 'SQL']",6
JOB00013,SQL Developer,"['Database', 'ETL', 'MySQL', 'PostgreSQL', 'SQL']",5
JOB00014,Software Engineer,"['Git', 'Java', 'Python', 'REST API', 'SQL']",5
JOB00015,QA Engineer,"['Automation Testing', 'Java', 'Python', 'SQL', 'Selenium']",5
JOB00016,Machine Learning Engineer,"['Docker', 'Machine Learning', 'Python', 'Scikit-learn', 'TensorFlow']",5
JOB00017,Power BI Developer,"['DAX', 'Excel', 'Power BI', 'Power Query', 'SQL']",5
JOB00018,Machine Learning Engineer,"['Docker', 'Machine Learning', 'Python', 'Scikit-learn', 'TensorFlow']",5
JOB00019,Data Engineer,"['AWS', 'ETL', 'Python', 'SQL', 'Spark']",5
JOB00020,Marketing Analyst,"['Excel', 'Marketing Analytics', 'Power BI', 'Python', 'SQL']",5
JOB00021,Python Developer,"['Django', 'Flask', 'Git', 'Python', 'SQL']",5
JOB00022,Machine Learning Engineer,"['Docker', 'Machine Learning', 'Python', 'Scikit-learn', 'TensorFlow']",5
JOB00023,Data Scientist,"['Machine Learning', 'Oracle', 'Pandas', 'Python', 'SQL', 'Statistics']",6
JOB00024,Product Analyst,"['Excel', 'Product Analytics', 'Python', 'SQL']",4
JOB00025,DevOps Engineer,"['AWS', 'Docker', 'Jenkins', 'Kubernetes', 'Linux']",5
JOB00026,Web Developer,"['CSS', 'Cloud Computing', 'Git', 'HTML', 'Java', 'JavaScript', 'Machine Learning', 'React']",8
JOB00027,Data Analyst,"['Cloud Computing', 'Excel', 'Power BI', 'Python', 'SQL', 'Tableau']",6
JOB00028,Data Scientist,"['Machine Learning', 'Pandas', 'Python', 'SQL', 'Statistics']",5
JOB00029,QA Engineer,"['Automation Testing', 'Java', 'Python', 'SQL', 'Selenium']",5
JOB00030,Machine Learning Engineer,"['Docker', 'Machine Learning', 'Python', 'Scikit-learn', 'TensorFlow']",5
JOB00031,Machine Learning Engineer,"['Docker', 'Machine Learning', 'Python', 'Scikit-learn', 'TensorFlow']",5
JOB00032,Product Analyst,"['Excel', 'Product Analytics', 'Python', 'SQL']",4
JOB00033,Data Scientist,"['Machine Learning', 'Pandas', 'Python', 'SQL', 'Statistics']",5
JOB00034,Data Scientist,"['Machine Learning', 'Pandas', 'Python', 'SQL', 'Statistics']",5
JOB00035,Business Analyst,"['Business Analysis', 'Excel', 'Power BI', 'Requirements Gathering', 'SQL']",5
JOB00036,Data Engineer,"['AWS', 'ETL', 'Python', 'SQL', 'Spark']",5
JOB00037,Business Analyst,"['Business Analysis', 'Excel', 'Power BI', 'Requirements Gathering', 'SQL']",5
JOB00038,QA Engineer,"['Automation Testing', 'Java', 'Oracle', 'Python', 'SQL', 'Selenium']",6
JOB00039,Python Developer,"['Cloud Computing', 'Django', 'Flask', 'Git', 'Python', 'SQL']",6
JOB00040,QA Engineer,"['Automation Testing', 'Java', 'Python', 'SQL', 'Selenium']",5
JOB00041,Cloud Engineer,"['AWS', 'Azure', 'Cloud Computing', 'Docker', 'Linux']",5
JOB00042,DevOps Engineer,"['AWS', 'Docker', 'Jenkins', 'Kubernetes', 'Linux']",5
JOB00043,Data Scientist,"['Machine Learning', 'Pandas', 'Python', 'SQL', 'Statistics']",5
JOB00044,Web Developer,"['CSS', 'Git', 'HTML', 'Java', 'JavaScript', 'Machine Learning', 'React']",7
JOB00045,Product Analyst,"['Excel', 'Product Analytics', 'Python', 'SQL']",4
JOB00046,Product Analyst,"['Excel', 'Product Analytics', 'Python', 'SQL']",4
JOB00047,SQL Developer,"['Database', 'ETL', 'MySQL', 'PostgreSQL', 'SQL']",5
JOB00048,Cloud Engineer,"['AWS', 'Azure', 'Cloud Computing', 'Docker', 'Linux']",5
JOB00049,Product Analyst,"['Excel', 'Product Analytics', 'Python', 'SQL']",4
JOB00050,Product Analyst,"['Excel', 'Product Analytics', 'Python', 'SQL']",4
JOB00051,Business Analyst,"['Business Analysis', 'Excel', 'Power BI', 'Requirements Gathering', 'SQL']",5
JOB00052,Machine Learning Engineer,"['Docker', 'Machine Learning', 'Python', 'Scikit-learn', 'TensorFlow']",5
JOB00053,Python Developer,"['Django', 'Flask', 'Git', 'Python', 'SQL']",5
JOB00054,Cloud Engineer,"['AWS', 'Azure', 'Cloud Computing', 'Docker', 'Linux']",5
JOB00055,SQL Developer,"['Database', 'ETL', 'MySQL', 'PostgreSQL', 'SQL']",5
JOB00056,Power BI Developer,"['DAX', 'Excel', 'Power BI', 'Power Query', 'SQL']",5
JOB00057,Product Analyst,"['Excel', 'Product Analytics', 'Python', 'SQL']",4
JOB00058,Business Analyst,"['Business Analysis', 'Excel', 'Power BI', 'Requirements Gathering', 'SQL']",5
JOB00059,Power BI Developer,"['DAX', 'Excel', 'Power BI', 'Power Query', 'SQL']",5
JOB00060,BI Analyst,"['DAX', 'Data Visualization', 'Excel', 'Power BI', 'SQL']",5
JOB00061,DevOps Engineer,"['AWS', 'Docker', 'Jenkins', 'Kubernetes', 'Linux']",5
JOB00062,Product Analyst,"['Excel', 'Product Analytics', 'Python', 'SQL']",4
JOB00063,Full Stack Developer,"['CSS', 'HTML', 'Java', 'JavaScript', 'Machine Learning', 'Node', 'React']",7
JOB00064,SQL Developer,"['Database', 'ETL', 'MySQL', 'PostgreSQL', 'SQL']",5
JOB00065,HR Analyst,"['Data Analysis', 'Excel', 'HR Analytics', 'Power BI', 'SQL']",5
JOB00066,DevOps Engineer,"['AWS', 'Docker', 'Jenkins', 'Kubernetes', 'Linux']",5
JOB00067,Web Developer,"['CSS', 'Git', 'HTML', 'Java', 'JavaScript', 'Machine Learning', 'React']",7
JOB00068,HR Analyst,"['Data Analysis', 'Excel', 'HR Analytics', 'Power BI', 'SQL']",5
JOB00069,Web Developer,"['CSS', 'Git', 'HTML', 'Java', 'JavaScript', 'Machine Learning', 'React']",7
JOB00070,Marketing Analyst,"['Excel', 'Marketing Analytics', 'Power BI', 'Python', 'SQL']",5
JOB00071,HR Analyst,"['Data Analysis', 'Excel', 'HR Analytics', 'Power BI', 'SQL']",5
JOB00072,Product Analyst,"['Excel', 'Product Analytics', 'Python', 'SQL']",4
JOB00073,Web Developer,"['CSS', 'Git', 'HTML', 'Java', 'JavaScript', 'Machine Learning', 'React']",7
JOB00074,Data Scientist,"['Machine Learning', 'Pandas', 'Python', 'SQL', 'Statistics']",5
JOB00075,Software Engineer,"['Git', 'Java', 'Python', 'REST API', 'SQL']",5
JOB00076,Data Scientist,"['Machine Learning', 'Pandas', 'Python', 'SQL', 'Statistics']",5
JOB00077,SQL Developer,"['Database', 'ETL', 'MySQL', 'PostgreSQL', 'SQL']",5
JOB00078,Financial Analyst,"['Excel', 'Financial Modeling', 'Power BI', 'SQL', 'Statistics']",5
JOB00079,Financial Analyst,"['Excel', 'Financial Modeling', 'Power BI', 'SQL', 'Statistics']",5
JOB00080,Power BI Developer,"['DAX', 'Excel', 'Power BI', 'Power Query', 'SQL']",5
JOB00081,Data Scientist,"['Machine Learning', 'Pandas', 'Python', 'SQL', 'Statistics']",5
JOB00082,Database Administrator,"['Database', 'Database Administration', 'MySQL', 'Oracle', 'PostgreSQL', 'SQL']",6
JOB00083,Cloud Engineer,"['AWS', 'Azure', 'Cloud Computing', 'Docker', 'Linux']",5
JOB00084,Data Scientist,"['Machine Learning', 'Pandas', 'Python', 'SQL', 'Statistics']",5
JOB00085,Web Developer,"['CSS', 'Git', 'HTML', 'Java', 'JavaScript', 'Machine Learning', 'React']",7
JOB00086,BI Analyst,"['DAX', 'Data Visualization', 'Excel', 'Power BI', 'SQL']",5
JOB00087,Machine Learning Engineer,"['Docker', 'Machine Learning', 'Python', 'Scikit-learn', 'TensorFlow']",5
JOB00088,Data Scientist,"['Machine Learning', 'Pandas', 'Python', 'SQL', 'Statistics']",5
JOB00089,QA Engineer,"['Automation Testing', 'Java', 'Python', 'SQL', 'Selenium']",5
JOB00090,Data Analyst,"['Excel', 'Power BI', 'Python', 'SQL', 'Tableau']",5
JOB00091,Software Engineer,"['Git', 'Java', 'Python', 'REST API', 'SQL']",5
JOB00092,HR Analyst,"['Data Analysis', 'Excel', 'HR Analytics', 'Power BI', 'SQL']",5
JOB00093,Cloud Engineer,"['AWS', 'Azure', 'Cloud Computing', 'Docker', 'Linux']",5
JOB00094,Financial Analyst,"['Excel', 'Financial Modeling', 'Power BI', 'SQL', 'Statistics']",5
JOB00095,Cloud Engineer,"['AWS', 'Azure', 'Cloud Computing', 'Docker', 'Linux']",5
JOB00096,Data Scientist,"['Machine Learning', 'Pandas', 'Python', 'SQL', 'Statistics']",5
JOB00097,Financial Analyst,"['Excel', 'Financial Modeling', 'Power BI', 'SQL', 'Statistics']",5
JOB00098,Web Developer,"['CSS', 'Git', 'HTML', 'Java', 'JavaScript', 'Machine Learning', 'React']",7
JOB00099,Data Engineer,"['AWS', 'ETL', 'Python', 'SQL', 'Spark']",5
JOB00100,Cloud Engineer,"['AWS', 'Azure', 'Cloud Computing', 'Docker', 'Linux']",5
JOB00101,SQL Developer,"['Database', 'ETL', 'MySQL', 'PostgreSQL', 'SQL']",5
JOB00102,DevOps Engineer,"['AWS', 'Docker', 'Jenkins', 'Kubernetes', 'Linux']",5
JOB00103,Cloud Engineer,"['AWS', 'Azure', 'Cloud Computing', 'Docker', 'Linux']",5
JOB00104,Machine Learning Engineer,"['Docker', 'Machine Learning', 'Python', 'Scikit-learn', 'TensorFlow']",5
JOB00105,Python Developer,"['Django', 'Flask', 'Git', 'Python', 'SQL']",5
JOB00106,Data Scientist,"['Machine Learning', 'Pandas', 'Python', 'SQL', 'Statistics']",5
JOB00107,Data Scientist,"['Machine Learning', 'Pandas', 'Python', 'SQL', 'Statistics']",5
JOB00108,HR Analyst,"['Data Analysis', 'Excel', 'HR Analytics', 'Power BI', 'SQL']",5
JOB00109,Full Stack Developer,"['CSS', 'HTML', 'Java', 'JavaScript', 'Machine Learning', 'Node', 'React']",7
JOB00110,Python Developer,"['Django', 'Flask', 'Git', 'Python', 'SQL']",5
JOB00111,HR Analyst,"['Data Analysis', 'Excel', 'HR Analytics', 'Power BI', 'SQL']",5
JOB00112,HR Analyst,"['Cloud Computing', 'Data Analysis', 'Excel', 'HR Analytics', 'Power BI', 'SQL']",6
JOB00113,Product Analyst,"['Excel', 'Product Analytics', 'Python', 'SQL']",4
JOB00114,Python Developer,"['Django', 'Flask', 'Git', 'Python', 'SQL']",5
JOB00115,DevOps Engineer,"['AWS', 'Docker', 'Jenkins', 'Kubernetes', 'Linux']",5
JOB00116,Full Stack Developer,"['CSS', 'HTML', 'Java', 'JavaScript', 'Machine Learning', 'Node', 'React']",7
JOB00117,Data Analyst,"['Cloud Computing', 'Excel', 'Power BI', 'Python', 'SQL', 'Tableau']",6
JOB00118,QA Engineer,"['Automation Testing', 'Java', 'Python', 'SQL', 'Selenium']",5
JOB00119,QA Engineer,"['Automation Testing', 'Java', 'Python', 'SQL', 'Selenium']",5
JOB00120,Database Administrator,"['Database', 'Database Administration', 'MySQL', 'Oracle', 'PostgreSQL', 'SQL']",6
JOB00121,DevOps Engineer,"['AWS', 'Docker', 'Jenkins', 'Kubernetes', 'Linux']",5
JOB00122,Cloud Engineer,"['AWS', 'Azure', 'Cloud Computing', 'Docker', 'Linux']",5
JOB00123,Data Engineer,"['AWS', 'ETL', 'Python', 'SQL', 'Spark']",5
JOB00124,Business Analyst,"['Business Analysis', 'Excel', 'Power BI', 'Requirements Gathering', 'SQL']",5
JOB00125,Machine Learning Engineer,"['Docker', 'Machine Learning', 'Python', 'Scikit-learn', 'TensorFlow']",5
JOB00126,Product Analyst,"['Excel', 'Product Analytics', 'Python', 'SQL']",4
JOB00127,Financial Analyst,"['Excel', 'Financial Modeling', 'Power BI', 'SQL', 'Statistics']",5
JOB00128,HR Analyst,"['Data Analysis', 'Excel', 'HR Analytics', 'Power BI', 'SQL']",5
JOB00129,Data Engineer,"['AWS', 'ETL', 'Python', 'SQL', 'Spark']",5
JOB00130,QA Engineer,"['Automation Testing', 'Java', 'Python', 'SQL', 'Selenium']",5
JOB00131,BI Analyst,"['DAX', 'Data Visualization', 'Excel', 'Power BI', 'SQL']",5
JOB00132,Web Developer,"['CSS', 'Git', 'HTML', 'Java', 'JavaScript', 'Machine Learning', 'React']",7
JOB00133,Power BI Developer,"['DAX', 'Excel', 'Power BI', 'Power Query', 'SQL']",5
JOB00134,Machine Learning Engineer,"['Docker', 'Machine Learning', 'Python', 'Scikit-learn', 'TensorFlow']",5
JOB00135,Data Engineer,"['AWS', 'ETL', 'Python', 'SQL', 'Spark']",5
JOB00136,Data Scientist,"['Machine Learning', 'Pandas', 'Python', 'SQL', 'Statistics']",5
JOB00137,Product Analyst,"['Excel', 'Product Analytics', 'Python', 'SQL']",4
JOB00138,Data Engineer,"['AWS', 'ETL', 'Python', 'SQL', 'Spark']",5
JOB00139,Data Analyst,"['Excel', 'Power BI', 'Python', 'SQL', 'Tableau']",5
JOB00140,Software Engineer,"['Git', 'Java', 'Python', 'REST API', 'SQL']",5
JOB00141,Data Scientist,"['Machine Learning', 'Pandas', 'Python', 'SQL', 'Statistics']",5
JOB00142,Web Developer,"['CSS', 'Git', 'HTML', 'Java', 'JavaScript', 'Machine Learning', 'React']",7
JOB00143,HR Analyst,"['Data Analysis', 'Excel', 'HR Analytics', 'Power BI', 'SQL']",5
JOB00144,QA Engineer,"['Automation Testing', 'Java', 'Python', 'SQL', 'Selenium']",5
JOB00145,SQL Developer,"['Database', 'ETL', 'MySQL', 'PostgreSQL', 'SQL']",5
JOB00146,QA Engineer,"['Automation Testing', 'Java', 'Python', 'SQL', 'Selenium']",5
JOB00147,QA Engineer,"['Automation Testing', 'Java', 'Python', 'SQL', 'Selenium']",5
JOB00148,Full Stack Developer,"['CSS', 'HTML', 'Java', 'JavaScript', 'Machine Learning', 'Node', 'React']",7
JOB00149,Machine Learning Engineer,"['Docker', 'Machine Learning', 'Python', 'Scikit-learn', 'TensorFlow']",5
JOB00150,Data Scientist,"['Machine Learning', 'Pandas', 'Python', 'SQL', 'Statistics']",5
JOB00151,Marketing Analyst,"['Excel', 'Marketing Analytics', 'Power BI', 'Python', 'SQL']",5
JOB00152,Database Administrator,"['Database', 'Database Administration', 'MySQL', 'Oracle', 'PostgreSQL', 'SQL']",6
JOB00153,Product Analyst,"['Excel', 'Product Analytics', 'Python', 'SQL']",4
JOB00154,HR Analyst,"['Data Analysis', 'Excel', 'HR Analytics', 'Power BI', 'SQL']",5
JOB00155,Machine Learning Engineer,"['Docker', 'Machine Learning', 'Python', 'Scikit-learn', 'TensorFlow']",5
JOB00156,Data Scientist,"['Machine Learning', 'Pandas', 'Python', 'SQL', 'Statistics']",5
JOB00157,Business Analyst,"['Business Analysis', 'Excel', 'Power BI', 'Requirements Gathering', 'SQL']",5
JOB00158,Power BI Developer,"['DAX', 'Excel', 'Power BI', 'Power Query', 'SQL']",5
JOB00159,Financial Analyst,"['Excel', 'Financial Modeling', 'Power BI', 'SQL', 'Statistics']",5
JOB00160,HR Analyst,"['Data Analysis', 'Excel', 'HR Analytics', 'Power BI', 'SQL']",5
JOB00161,Business Analyst,"['Business Analysis', 'Excel', 'Power BI', 'Requirements Gathering', 'SQL']",5
JOB00162,Full Stack Developer,"['CSS', 'HTML', 'Java', 'JavaScript', 'Machine Learning', 'Node', 'React']",7
JOB00163,Data Scientist,"['Machine Learning', 'Pandas', 'Python', 'SQL', 'Statistics']",5
JOB00164,Full Stack Developer,"['CSS', 'HTML', 'Java', 'JavaScript', 'Machine Learning', 'Node', 'React']",7
JOB00165,Data Analyst,"['Excel', 'Power BI', 'Python', 'SQL', 'Tableau']",5
JOB00166,Cloud Engineer,"['AWS', 'Azure', 'Cloud Computing', 'Docker', 'Linux']",5
JOB00167,Financial Analyst,"['Excel', 'Financial Modeling', 'Power BI', 'SQL', 'Statistics']",5
JOB00168,Full Stack Developer,"['CSS', 'HTML', 'Java', 'JavaScript', 'Machine Learning', 'Node', 'React']",7
JOB00169,Business Analyst,"['Business Analysis', 'Excel', 'Oracle', 'Power BI', 'Requirements Gathering', 'SQL']",6
JOB00170,Data Scientist,"['Cloud Computing', 'Machine Learning', 'Pandas', 'Python', 'SQL', 'Statistics']",6
JOB00171,Full Stack Developer,"['CSS', 'HTML', 'Java', 'JavaScript', 'Machine Learning', 'Node', 'React']",7
JOB00172,Machine Learning Engineer,"['Docker', 'Machine Learning', 'Python', 'Scikit-learn', 'TensorFlow']",5
JOB00173,Web Developer,"['CSS', 'Git', 'HTML', 'Java', 'JavaScript', 'Machine Learning', 'React']",7
JOB00174,Database Administrator,"['Database', 'Database Administration', 'MySQL', 'Oracle', 'PostgreSQL', 'SQL']",6
JOB00175,Data Scientist,"['Cloud Computing', 'Machine Learning', 'Pandas', 'Python', 'SQL', 'Statistics']",6
JOB00176,Software Engineer,"['Git', 'Java', 'Python', 'REST API', 'SQL']",5
JOB00177,Data Engineer,"['AWS', 'ETL', 'Python', 'SQL', 'Spark']",5
JOB00178,BI Analyst,"['DAX', 'Data Visualization', 'Excel', 'Power BI', 'SQL']",5
JOB00179,Web Developer,"['CSS', 'Git', 'HTML', 'Java', 'JavaScript', 'Machine Learning', 'React']",7
JOB00180,Data Engineer,"['AWS', 'ETL', 'Python', 'SQL', 'Spark']",5
JOB00181,Data Analyst,"['Excel', 'Power BI', 'Python', 'SQL', 'Tableau']",5
JOB00182,Software Engineer,"['Git', 'Java', 'Python', 'REST API', 'SQL']",5
JOB00183,Data Scientist,"['Machine Learning', 'Pandas', 'Python', 'SQL', 'Statistics']",5
JOB00184,BI Analyst,"['DAX', 'Data Visualization', 'Excel', 'Power BI', 'SQL']",5
JOB00185,Python Developer,"['Django', 'Flask', 'Git', 'Python', 'SQL']",5
JOB00186,Financial Analyst,"['Excel', 'Financial Modeling', 'Power BI', 'SQL', 'Statistics']",5
JOB00187,BI Analyst,"['DAX', 'Data Visualization', 'Excel', 'Power BI', 'SQL']",5
JOB00188,Business Analyst,"['Business Analysis', 'Excel', 'Power BI', 'Requirements Gathering', 'SQL']",5
JOB00189,SQL Developer,"['Database', 'ETL', 'MySQL', 'PostgreSQL', 'SQL']",5
JOB00190,Financial Analyst,"['Excel', 'Financial Modeling', 'Power BI', 'SQL', 'Statistics']",5
JOB00191,Data Scientist,"['Machine Learning', 'Pandas', 'Python', 'SQL', 'Statistics']",5
JOB00192,Database Administrator,"['Database', 'Database Administration', 'MySQL', 'Oracle', 'PostgreSQL', 'SQL']",6
JOB00193,Power BI Developer,"['DAX', 'Excel', 'Power BI', 'Power Query', 'SQL']",5
JOB00194,Data Scientist,"['Machine Learning', 'Pandas', 'Python', 'SQL', 'Statistics']",5
JOB00195,Marketing Analyst,"['Cloud Computing', 'Excel', 'Marketing Analytics', 'Power BI', 'Python', 'SQL']",6
JOB00196,Python Developer,"['Cloud Computing', 'Django', 'Flask', 'Git', 'Python', 'SQL']",6
JOB00197,Software Engineer,"['Git', 'Java', 'Python', 'REST API', 'SQL']",5
JOB00198,Data Scientist,"['Machine Learning', 'Pandas', 'Python', 'SQL', 'Statistics']",5
JOB00199,Database Administrator,"['Database', 'Database Administration', 'MySQL', 'Oracle', 'PostgreSQL', 'SQL']",6
JOB00200,Cloud Engineer,"['AWS', 'Azure', 'Cloud Computing', 'Docker', 'Linux']",5
JOB00201,HR Analyst,"['Data Analysis', 'Excel', 'HR Analytics', 'Power BI', 'SQL']",5
JOB00202,Full Stack Developer,"['CSS', 'HTML', 'Java', 'JavaScript', 'Machine Learning', 'Node', 'React']",7
JOB00203,Database Administrator,"['Database', 'Database Administration', 'MySQL', 'Oracle', 'PostgreSQL', 'SQL']",6
JOB00204,Database Administrator,"['Cloud Computing', 'Database', 'Database Administration', 'MySQL', 'Oracle', 'PostgreSQL', 'SQL']",7
JOB00205,HR Analyst,"['Data Analysis', 'Excel', 'HR Analytics', 'Power BI', 'SQL']",5
JOB00206,Power BI Developer,"['DAX', 'Excel', 'Power BI', 'Power Query', 'SQL']",5
JOB00207,Data Scientist,"['Machine Learning', 'Pandas', 'Python', 'SQL', 'Statistics']",5
JOB00208,Full Stack Developer,"['CSS', 'HTML', 'Java', 'JavaScript', 'Machine Learning', 'Node', 'React']",7
JOB00209,Power BI Developer,"['DAX', 'Excel', 'Power BI', 'Power Query', 'SQL']",5
JOB00210,Software Engineer,"['Git', 'Java', 'Python', 'REST API', 'SQL']",5
JOB00211,DevOps Engineer,"['AWS', 'Docker', 'Jenkins', 'Kubernetes', 'Linux']",5
JOB00212,Software Engineer,"['Cloud Computing', 'Git', 'Java', 'Python', 'REST API', 'SQL']",6
JOB00213,Full Stack Developer,"['CSS', 'HTML', 'Java', 'JavaScript', 'Machine Learning', 'Node', 'React']",7
JOB00214,HR Analyst,"['Data Analysis', 'Excel', 'HR Analytics', 'Power BI', 'SQL']",5
JOB00215,HR Analyst,"['Data Analysis', 'Excel', 'HR Analytics', 'Power BI', 'SQL']",5
JOB00216,QA Engineer,"['Automation Testing', 'Java', 'Python', 'SQL', 'Selenium']",5
JOB00217,Full Stack Developer,"['CSS', 'HTML', 'Java', 'JavaScript', 'Machine Learning', 'Node', 'React']",7
JOB00218,Marketing Analyst,"['Excel', 'Marketing Analytics', 'Power BI', 'Python', 'SQL']",5
JOB00219,Data Engineer,"['AWS', 'Cloud Computing', 'ETL', 'Python', 'SQL', 'Spark']",6
JOB00220,Business Analyst,"['Business Analysis', 'Excel', 'Power BI', 'Requirements Gathering', 'SQL']",5
JOB00221,Web Developer,"['CSS', 'Git', 'HTML', 'Java', 'JavaScript', 'Machine Learning', 'React']",7
JOB00222,Business Analyst,"['Business Analysis', 'Excel', 'Power BI', 'Requirements Gathering', 'SQL']",5
JOB00223,HR Analyst,"['Data Analysis', 'Excel', 'HR Analytics', 'Power BI', 'SQL']",5
JOB00224,Product Analyst,"['Excel', 'Product Analytics', 'Python', 'SQL']",4
JOB00225,Machine Learning Engineer,"['Docker', 'Machine Learning', 'Python', 'Scikit-learn', 'TensorFlow']",5
JOB00226,Financial Analyst,"['Excel', 'Financial Modeling', 'Power BI', 'SQL', 'Statistics']",5
JOB00227,DevOps Engineer,"['AWS', 'Docker', 'Jenkins', 'Kubernetes', 'Linux']",5
JOB00228,Python Developer,"['Cloud Computing', 'Django', 'Flask', 'Git', 'Python', 'SQL']",6
JOB00229,Business Analyst,"['Business Analysis', 'Excel', 'Power BI', 'Requirements Gathering', 'SQL']",5
JOB00230,BI Analyst,"['DAX', 'Data Visualization', 'Excel', 'Power BI', 'SQL']",5
JOB00231,BI Analyst,"['DAX', 'Data Visualization', 'Excel', 'Power BI', 'SQL']",5
JOB00232,Python Developer,"['Django', 'Flask', 'Git', 'Python', 'SQL']",5
JOB00233,SQL Developer,"['Database', 'ETL', 'MySQL', 'PostgreSQL', 'SQL']",5
JOB00234,Cloud Engineer,"['AWS', 'Azure', 'Cloud Computing', 'Docker', 'Linux']",5
JOB00235,Cloud Engineer,"['AWS', 'Azure', 'Cloud Computing', 'Docker', 'Linux']",5
JOB00236,Power BI Developer,"['DAX', 'Excel', 'Power BI', 'Power Query', 'SQL']",5
JOB00237,Data Scientist,"['Machine Learning', 'Pandas', 'Python', 'SQL', 'Statistics']",5
JOB00238,Database Administrator,"['Database', 'Database Administration', 'MySQL', 'Oracle', 'PostgreSQL', 'SQL']",6
JOB00239,Full Stack Developer,"['CSS', 'HTML', 'Java', 'JavaScript', 'Machine Learning', 'Node', 'React']",7
JOB00240,Full Stack Developer,"['CSS', 'HTML', 'Java', 'JavaScript', 'Machine Learning', 'Node', 'React']",7
JOB00241,Data Analyst,"['Excel', 'Power BI', 'Python', 'SQL', 'Tableau']",5
JOB00242,Data Scientist,"['Machine Learning', 'Pandas', 'Python', 'SQL', 'Statistics']",5
JOB00243,Full Stack Developer,"['CSS', 'HTML', 'Java', 'JavaScript', 'Machine Learning', 'Node', 'React']",7
JOB00244,QA Engineer,"['Automation Testing', 'Java', 'Python', 'SQL', 'Selenium']",5
JOB00245,Web Developer,"['CSS', 'Git', 'HTML', 'Java', 'JavaScript', 'Machine Learning', 'React']",7
JOB00246,Cloud Engineer,"['AWS', 'Azure', 'Cloud Computing', 'Docker', 'Linux']",5
JOB00247,SQL Developer,"['Database', 'ETL', 'MySQL', 'PostgreSQL', 'SQL']",5
JOB00248,Data Scientist,"['Machine Learning', 'Pandas', 'Python', 'SQL', 'Statistics']",5
JOB00249,DevOps Engineer,"['AWS', 'Docker', 'Jenkins', 'Kubernetes', 'Linux']",5
JOB00250,Software Engineer,"['Git', 'Java', 'Python', 'REST API', 'SQL']",5
JOB00251,HR Analyst,"['Data Analysis', 'Excel', 'HR Analytics', 'Power BI', 'SQL']",5
JOB00252,Financial Analyst,"['Excel', 'Financial Modeling', 'Power BI', 'SQL', 'Statistics']",5
JOB00253,Data Scientist,"['Machine Learning', 'Pandas', 'Python', 'SQL', 'Statistics']",5
JOB00254,Software Engineer,"['Git', 'Java', 'Python', 'REST API', 'SQL']",5
JOB00255,Python Developer,"['Django', 'Flask', 'Git', 'Python', 'SQL']",5
JOB00256,SQL Developer,"['Database', 'ETL', 'MySQL', 'PostgreSQL', 'SQL']",5
JOB00257,Marketing Analyst,"['Excel', 'Marketing Analytics', 'Power BI', 'Python', 'SQL']",5
JOB00258,QA Engineer,"['Automation Testing', 'Java', 'Python', 'SQL', 'Selenium']",5
JOB00259,SQL Developer,"['Database', 'ETL', 'MySQL', 'PostgreSQL', 'SQL']",5
JOB00260,DevOps Engineer,"['AWS', 'Docker', 'Jenkins', 'Kubernetes', 'Linux', 'Oracle']",6
JOB00261,Python Developer,"['Django', 'Flask', 'Git', 'Python', 'SQL']",5
JOB00262,Database Administrator,"['Database', 'Database Administration', 'MySQL', 'Oracle', 'PostgreSQL', 'SQL']",6
JOB00263,Database Administrator,"['Database', 'Database Administration', 'MySQL', 'Oracle', 'PostgreSQL', 'SQL']",6
JOB00264,Machine Learning Engineer,"['Docker', 'Machine Learning', 'Python', 'Scikit-learn', 'TensorFlow']",5
JOB00265,Database Administrator,"['Database', 'Database Administration', 'MySQL', 'Oracle', 'PostgreSQL', 'SQL']",6
JOB00266,Financial Analyst,"['Excel', 'Financial Modeling', 'Power BI', 'SQL', 'Statistics']",5
JOB00267,Web Developer,"['CSS', 'Git', 'HTML', 'Java', 'JavaScript', 'Machine Learning', 'React']",7
JOB00268,Full Stack Developer,"['CSS', 'HTML', 'Java', 'JavaScript', 'Machine Learning', 'Node', 'Oracle', 'React']",8
JOB00269,Cloud Engineer,"['AWS', 'Azure', 'Cloud Computing', 'Docker', 'Linux']",5
JOB00270,QA Engineer,"['Automation Testing', 'Java', 'Python', 'SQL', 'Selenium']",5
JOB00271,Marketing Analyst,"['Excel', 'Marketing Analytics', 'Power BI', 'Python', 'SQL']",5
JOB00272,Power BI Developer,"['DAX', 'Excel', 'Power BI', 'Power Query', 'SQL']",5
JOB00273,Full Stack Developer,"['CSS', 'HTML', 'Java', 'JavaScript', 'Machine Learning', 'Node', 'React']",7
JOB00274,Database Administrator,"['Database', 'Database Administration', 'MySQL', 'Oracle', 'PostgreSQL', 'SQL']",6
JOB00275,Python Developer,"['Django', 'Flask', 'Git', 'Python', 'SQL']",5
JOB00276,QA Engineer,"['Automation Testing', 'Java', 'Python', 'SQL', 'Selenium']",5
JOB00277,Data Engineer,"['AWS', 'ETL', 'Python', 'SQL', 'Spark']",5
JOB00278,Business Analyst,"['Business Analysis', 'Excel', 'Power BI', 'Requirements Gathering', 'SQL']",5
JOB00279,Business Analyst,"['Business Analysis', 'Excel', 'Power BI', 'Requirements Gathering', 'SQL']",5
JOB00280,Data Engineer,"['AWS', 'ETL', 'Python', 'SQL', 'Spark']",5
JOB00281,Software Engineer,"['Git', 'Java', 'Python', 'REST API', 'SQL']",5
JOB00282,Database Administrator,"['Database', 'Database Administration', 'MySQL', 'Oracle', 'PostgreSQL', 'SQL']",6
JOB00283,Full Stack Developer,"['CSS', 'HTML', 'Java', 'JavaScript', 'Machine Learning', 'Node', 'Oracle', 'React']",8
JOB00284,DevOps Engineer,"['AWS', 'Docker', 'Jenkins', 'Kubernetes', 'Linux']",5
JOB00285,DevOps Engineer,"['AWS', 'Docker', 'Jenkins', 'Kubernetes', 'Linux']",5
JOB00286,DevOps Engineer,"['AWS', 'Docker', 'Jenkins', 'Kubernetes', 'Linux']",5
JOB00287,Financial Analyst,"['Excel', 'Financial Modeling', 'Power BI', 'SQL', 'Statistics']",5
JOB00288,Full Stack Developer,"['CSS', 'HTML', 'Java', 'JavaScript', 'Machine Learning', 'Node', 'React']",7
JOB00289,Business Analyst,"['Business Analysis', 'Excel', 'Power BI', 'Requirements Gathering', 'SQL']",5
JOB00290,Data Analyst,"['Excel', 'Power BI', 'Python', 'SQL', 'Tableau']",5
JOB00291,DevOps Engineer,"['AWS', 'Docker', 'Jenkins', 'Kubernetes', 'Linux']",5
JOB00292,Python Developer,"['Django', 'Flask', 'Git', 'Python', 'SQL']",5
JOB00293,DevOps Engineer,"['AWS', 'Docker', 'Jenkins', 'Kubernetes', 'Linux']",5
JOB00294,HR Analyst,"['Data Analysis', 'Excel', 'HR Analytics', 'Power BI', 'SQL']",5
JOB00295,Machine Learning Engineer,"['Docker', 'Machine Learning', 'Python', 'Scikit-learn', 'TensorFlow']",5
JOB00296,Data Analyst,"['Excel', 'Power BI', 'Python', 'SQL', 'Tableau']",5
JOB00297,Data Engineer,"['AWS', 'ETL', 'Python', 'SQL', 'Spark']",5
JOB00298,Financial Analyst,"['Excel', 'Financial Modeling', 'Power BI', 'SQL', 'Statistics']",5
JOB00299,HR Analyst,"['Data Analysis', 'Excel', 'HR Analytics', 'Power BI', 'SQL']",5
JOB00300,Web Developer,"['CSS', 'Git', 'HTML', 'Java', 'JavaScript', 'Machine Learning', 'React']",7
JOB00301,Marketing Analyst,"['Excel', 'Marketing Analytics', 'Power BI', 'Python', 'SQL']",5
JOB00302,Web Developer,"['CSS', 'Git', 'HTML', 'Java', 'JavaScript', 'Machine Learning', 'React']",7
JOB00303,Product Analyst,"['Excel', 'Product Analytics', 'Python', 'SQL']",4
JOB00304,Marketing Analyst,"['Excel', 'Marketing Analytics', 'Power BI', 'Python', 'SQL']",5
JOB00305,QA Engineer,"['Automation Testing', 'Java', 'Python', 'SQL', 'Selenium']",5
JOB00306,QA Engineer,"['Automation Testing', 'Java', 'Oracle', 'Python', 'SQL', 'Selenium']",6
JOB00307,Marketing Analyst,"['Excel', 'Marketing Analytics', 'Power BI', 'Python', 'SQL']",5
JOB00308,Data Analyst,"['Excel', 'Power BI', 'Python', 'SQL', 'Tableau']",5
JOB00309,Business Analyst,"['Business Analysis', 'Excel', 'Power BI', 'Requirements Gathering', 'SQL']",5
JOB00310,Business Analyst,"['Business Analysis', 'Excel', 'Power BI', 'Requirements Gathering', 'SQL']",5
JOB00311,HR Analyst,"['Data Analysis', 'Excel', 'HR Analytics', 'Power BI', 'SQL']",5
JOB00312,Machine Learning Engineer,"['Docker', 'Machine Learning', 'Python', 'Scikit-learn', 'TensorFlow']",5
JOB00313,Data Analyst,"['Excel', 'Power BI', 'Python', 'SQL', 'Tableau']",5
JOB00314,Web Developer,"['CSS', 'Git', 'HTML', 'Java', 'JavaScript', 'Machine Learning', 'React']",7
JOB00315,Business Analyst,"['Business Analysis', 'Excel', 'Power BI', 'Requirements Gathering', 'SQL']",5
JOB00316,Full Stack Developer,"['CSS', 'HTML', 'Java', 'JavaScript', 'Machine Learning', 'Node', 'React']",7
JOB00317,Power BI Developer,"['DAX', 'Excel', 'Power BI', 'Power Query', 'SQL']",5
JOB00318,Web Developer,"['CSS', 'Git', 'HTML', 'Java', 'JavaScript', 'Machine Learning', 'React']",7
JOB00319,Software Engineer,"['Git', 'Java', 'Python', 'REST API', 'SQL']",5
JOB00320,Data Engineer,"['AWS', 'ETL', 'Python', 'SQL', 'Spark']",5
JOB00321,Data Engineer,"['AWS', 'ETL', 'Python', 'SQL', 'Spark']",5
JOB00322,Web Developer,"['CSS', 'Git', 'HTML', 'Java', 'JavaScript', 'Machine Learning', 'React']",7
JOB00323,Data Engineer,"['AWS', 'ETL', 'Python', 'SQL', 'Spark']",5
JOB00324,Database Administrator,"['Cloud Computing', 'Database', 'Database Administration', 'MySQL', 'Oracle', 'PostgreSQL', 'SQL']",7
JOB00325,Business Analyst,"['Business Analysis', 'Excel', 'Power BI', 'Requirements Gathering', 'SQL']",5
JOB00326,QA Engineer,"['Automation Testing', 'Java', 'Python', 'SQL', 'Selenium']",5
JOB00327,SQL Developer,"['Database', 'ETL', 'MySQL', 'PostgreSQL', 'SQL']",5
JOB00328,Power BI Developer,"['DAX', 'Excel', 'Power BI', 'Power Query', 'SQL']",5
JOB00329,DevOps Engineer,"['AWS', 'Docker', 'Jenkins', 'Kubernetes', 'Linux']",5
JOB00330,Database Administrator,"['Database', 'Database Administration', 'MySQL', 'Oracle', 'PostgreSQL', 'SQL']",6
JOB00331,Software Engineer,"['Git', 'Java', 'Python', 'REST API', 'SQL']",5
JOB00332,SQL Developer,"['Database', 'ETL', 'MySQL', 'PostgreSQL', 'SQL']",5
JOB00333,Cloud Engineer,"['AWS', 'Azure', 'Cloud Computing', 'Docker', 'Linux', 'Oracle']",6
JOB00334,Python Developer,"['Django', 'Flask', 'Git', 'Python', 'SQL']",5
JOB00335,Marketing Analyst,"['Excel', 'Marketing Analytics', 'Power BI', 'Python', 'SQL']",5
JOB00336,Software Engineer,"['Git', 'Java', 'Python', 'REST API', 'SQL']",5
JOB00337,BI Analyst,"['DAX', 'Data Visualization', 'Excel', 'Power BI', 'SQL']",5
JOB00338,Product Analyst,"['Excel', 'Product Analytics', 'Python', 'SQL']",4
JOB00339,Data Analyst,"['Excel', 'Power BI', 'Python', 'SQL', 'Tableau']",5
JOB00340,Web Developer,"['CSS', 'Git', 'HTML', 'Java', 'JavaScript', 'Machine Learning', 'React']",7
JOB00341,Data Scientist,"['Machine Learning', 'Pandas', 'Python', 'SQL', 'Statistics']",5
JOB00342,DevOps Engineer,"['AWS', 'Cloud Computing', 'Docker', 'Jenkins', 'Kubernetes', 'Linux']",6
JOB00343,Product Analyst,"['Excel', 'Oracle', 'Product Analytics', 'Python', 'SQL']",5
JOB00344,Data Engineer,"['AWS', 'ETL', 'Python', 'SQL', 'Spark']",5
JOB00345,QA Engineer,"['Automation Testing', 'Java', 'Oracle', 'Python', 'SQL', 'Selenium']",6
JOB00346,Python Developer,"['Django', 'Flask', 'Git', 'Python', 'SQL']",5
JOB00347,Data Scientist,"['Machine Learning', 'Pandas', 'Python', 'SQL', 'Statistics']",5
JOB00348,Power BI Developer,"['DAX', 'Excel', 'Power BI', 'Power Query', 'SQL']",5
JOB00349,Data Engineer,"['AWS', 'ETL', 'Python', 'SQL', 'Spark']",5
JOB00350,Cloud Engineer,"['AWS', 'Azure', 'Cloud Computing', 'Docker', 'Linux']",5
JOB00351,QA Engineer,"['Automation Testing', 'Java', 'Python', 'SQL', 'Selenium']",5
JOB00352,Data Scientist,"['Machine Learning', 'Pandas', 'Python', 'SQL', 'Statistics']",5
JOB00353,Database Administrator,"['Database', 'Database Administration', 'MySQL', 'Oracle', 'PostgreSQL', 'SQL']",6
JOB00354,Cloud Engineer,"['AWS', 'Azure', 'Cloud Computing', 'Docker', 'Linux']",5
JOB00355,Machine Learning Engineer,"['Docker', 'Machine Learning', 'Python', 'Scikit-learn', 'TensorFlow']",5
JOB00356,Power BI Developer,"['DAX', 'Excel', 'Power BI', 'Power Query', 'SQL']",5
JOB00357,QA Engineer,"['Automation Testing', 'Java', 'Python', 'SQL', 'Selenium']",5
JOB00358,Cloud Engineer,"['AWS', 'Azure', 'Cloud Computing', 'Docker', 'Linux', 'Oracle']",6
JOB00359,DevOps Engineer,"['AWS', 'Docker', 'Jenkins', 'Kubernetes', 'Linux', 'Oracle']",6
JOB00360,Full Stack Developer,"['CSS', 'HTML', 'Java', 'JavaScript', 'Machine Learning', 'Node', 'React']",7
JOB00361,Power BI Developer,"['DAX', 'Excel', 'Power BI', 'Power Query', 'SQL']",5
JOB00362,Data Engineer,"['AWS', 'ETL', 'Python', 'SQL', 'Spark']",5
JOB00363,Python Developer,"['Django', 'Flask', 'Git', 'Python', 'SQL']",5
JOB00364,Database Administrator,"['Database', 'Database Administration', 'MySQL', 'Oracle', 'PostgreSQL', 'SQL']",6
JOB00365,QA Engineer,"['Automation Testing', 'Java', 'Python', 'SQL', 'Selenium']",5
JOB00366,HR Analyst,"['Data Analysis', 'Excel', 'HR Analytics', 'Power BI', 'SQL']",5
JOB00367,Web Developer,"['CSS', 'Git', 'HTML', 'Java', 'JavaScript', 'Machine Learning', 'React']",7
JOB00368,HR Analyst,"['Data Analysis', 'Excel', 'HR Analytics', 'Power BI', 'SQL']",5
JOB00369,BI Analyst,"['DAX', 'Data Visualization', 'Excel', 'Power BI', 'SQL']",5
JOB00370,Python Developer,"['Django', 'Flask', 'Git', 'Python', 'SQL']",5
JOB00371,Machine Learning Engineer,"['Docker', 'Machine Learning', 'Python', 'Scikit-learn', 'TensorFlow']",5
JOB00372,Power BI Developer,"['DAX', 'Excel', 'Power BI', 'Power Query', 'SQL']",5
JOB00373,Financial Analyst,"['Excel', 'Financial Modeling', 'Power BI', 'SQL', 'Statistics']",5
JOB00374,BI Analyst,"['DAX', 'Data Visualization', 'Excel', 'Power BI', 'SQL']",5
JOB00375,Machine Learning Engineer,"['Docker', 'Machine Learning', 'Python', 'Scikit-learn', 'TensorFlow']",5
JOB00376,Machine Learning Engineer,"['Docker', 'Machine Learning', 'Python', 'Scikit-learn', 'TensorFlow']",5
JOB00377,Web Developer,"['CSS', 'Git', 'HTML', 'Java', 'JavaScript', 'Machine Learning', 'React']",7
JOB00378,HR Analyst,"['Data Analysis', 'Excel', 'HR Analytics', 'Power BI', 'SQL']",5
JOB00379,Power BI Developer,"['DAX', 'Excel', 'Power BI', 'Power Query', 'SQL']",5
JOB00380,Power BI Developer,"['DAX', 'Excel', 'Power BI', 'Power Query', 'SQL']",5
JOB00381,QA Engineer,"['Automation Testing', 'Java', 'Python', 'SQL', 'Selenium']",5
JOB00382,HR Analyst,"['Data Analysis', 'Excel', 'HR Analytics', 'Power BI', 'SQL']",5
JOB00383,Full Stack Developer,"['CSS', 'HTML', 'Java', 'JavaScript', 'Machine Learning', 'Node', 'React']",7
JOB00384,DevOps Engineer,"['AWS', 'Docker', 'Jenkins', 'Kubernetes', 'Linux']",5
JOB00385,Web Developer,"['CSS', 'Git', 'HTML', 'Java', 'JavaScript', 'Machine Learning', 'React']",7
JOB00386,Data Engineer,"['AWS', 'ETL', 'Python', 'SQL', 'Spark']",5
JOB00387,Product Analyst,"['Excel', 'Product Analytics', 'Python', 'SQL']",4
JOB00388,Database Administrator,"['Database', 'Database Administration', 'MySQL', 'Oracle', 'PostgreSQL', 'SQL']",6
JOB00389,SQL Developer,"['Database', 'ETL', 'MySQL', 'PostgreSQL', 'SQL']",5
JOB00390,Data Engineer,"['AWS', 'ETL', 'Python', 'SQL', 'Spark']",5
JOB00391,Business Analyst,"['Business Analysis', 'Excel', 'Power BI', 'Requirements Gathering', 'SQL']",5
JOB00392,Product Analyst,"['Excel', 'Product Analytics', 'Python', 'SQL']",4
JOB00393,Product Analyst,"['Excel', 'Product Analytics', 'Python', 'SQL']",4
JOB00394,Web Developer,"['CSS', 'Git', 'HTML', 'Java', 'JavaScript', 'Machine Learning', 'React']",7
JOB00395,HR Analyst,"['Data Analysis', 'Excel', 'HR Analytics', 'Power BI', 'SQL']",5
JOB00396,Python Developer,"['Django', 'Flask', 'Git', 'Python', 'SQL']",5
JOB00397,Product Analyst,"['Excel', 'Product Analytics', 'Python', 'SQL']",4
JOB00398,DevOps Engineer,"['AWS', 'Docker', 'Jenkins', 'Kubernetes', 'Linux']",5
JOB00399,Business Analyst,"['Business Analysis', 'Excel', 'Power BI', 'Requirements Gathering', 'SQL']",5
JOB00400,Database Administrator,"['Database', 'Database Administration', 'MySQL', 'Oracle', 'PostgreSQL', 'SQL']",6
JOB00401,Data Engineer,"['AWS', 'ETL', 'Python', 'SQL', 'Spark']",5
JOB00402,BI Analyst,"['DAX', 'Data Visualization', 'Excel', 'Power BI', 'SQL']",5
JOB00403,HR Analyst,"['Data Analysis', 'Excel', 'HR Analytics', 'Power BI', 'SQL']",5
JOB00404,SQL Developer,"['Database', 'ETL', 'MySQL', 'Oracle', 'PostgreSQL', 'SQL']",6
JOB00405,QA Engineer,"['Automation Testing', 'Java', 'Oracle', 'Python', 'SQL', 'Selenium']",6
JOB00406,HR Analyst,"['Data Analysis', 'Excel', 'HR Analytics', 'Power BI', 'SQL']",5
JOB00407,SQL Developer,"['Database', 'ETL', 'MySQL', 'PostgreSQL', 'SQL']",5
JOB00408,Cloud Engineer,"['AWS', 'Azure', 'Cloud Computing', 'Docker', 'Linux']",5
JOB00409,Web Developer,"['CSS', 'Git', 'HTML', 'Java', 'JavaScript', 'Machine Learning', 'React']",7
JOB00410,Financial Analyst,"['Cloud Computing', 'Excel', 'Financial Modeling', 'Power BI', 'SQL', 'Statistics']",6
JOB00411,Database Administrator,"['Database', 'Database Administration', 'MySQL', 'Oracle', 'PostgreSQL', 'SQL']",6
JOB00412,Web Developer,"['CSS', 'Git', 'HTML', 'Java', 'JavaScript', 'Machine Learning', 'React']",7
JOB00413,Software Engineer,"['Git', 'Java', 'Python', 'REST API', 'SQL']",5
JOB00414,Full Stack Developer,"['CSS', 'HTML', 'Java', 'JavaScript', 'Machine Learning', 'Node', 'React']",7
JOB00415,Data Engineer,"['AWS', 'ETL', 'Python', 'SQL', 'Spark']",5
JOB00416,Machine Learning Engineer,"['Docker', 'Machine Learning', 'Python', 'Scikit-learn', 'TensorFlow']",5
JOB00417,Web Developer,"['CSS', 'Git', 'HTML', 'Java', 'JavaScript', 'Machine Learning', 'React']",7
JOB00418,DevOps Engineer,"['AWS', 'Docker', 'Jenkins', 'Kubernetes', 'Linux']",5
JOB00419,DevOps Engineer,"['AWS', 'Docker', 'Jenkins', 'Kubernetes', 'Linux']",5
JOB00420,Financial Analyst,"['Excel', 'Financial Modeling', 'Power BI', 'SQL', 'Statistics']",5
JOB00421,Power BI Developer,"['DAX', 'Excel', 'Power BI', 'Power Query', 'SQL']",5
JOB00422,Data Analyst,"['Excel', 'Power BI', 'Python', 'SQL', 'Tableau']",5
JOB00423,Power BI Developer,"['DAX', 'Excel', 'Power BI', 'Power Query', 'SQL']",5
JOB00424,Data Scientist,"['Machine Learning', 'Pandas', 'Python', 'SQL', 'Statistics']",5
JOB00425,Data Scientist,"['Machine Learning', 'Pandas', 'Python', 'SQL', 'Statistics']",5
JOB00426,DevOps Engineer,"['AWS', 'Docker', 'Jenkins', 'Kubernetes', 'Linux']",5
JOB00427,Machine Learning Engineer,"['Docker', 'Machine Learning', 'Python', 'Scikit-learn', 'TensorFlow']",5
JOB00428,Machine Learning Engineer,"['Docker', 'Machine Learning', 'Python', 'Scikit-learn', 'TensorFlow']",5
JOB00429,BI Analyst,"['DAX', 'Data Visualization', 'Excel', 'Power BI', 'SQL']",5
JOB00430,Machine Learning Engineer,"['Docker', 'Machine Learning', 'Python', 'Scikit-learn', 'TensorFlow']",5
JOB00431,Financial Analyst,"['Excel', 'Financial Modeling', 'Power BI', 'SQL', 'Statistics']",5
JOB00432,BI Analyst,"['DAX', 'Data Visualization', 'Excel', 'Power BI', 'SQL']",5
JOB00433,Business Analyst,"['Business Analysis', 'Excel', 'Power BI', 'Requirements Gathering', 'SQL']",5
JOB00434,Python Developer,"['Django', 'Flask', 'Git', 'Python', 'SQL']",5
JOB00435,Database Administrator,"['Database', 'Database Administration', 'MySQL', 'Oracle', 'PostgreSQL', 'SQL']",6
JOB00436,Python Developer,"['Django', 'Flask', 'Git', 'Python', 'SQL']",5
JOB00437,DevOps Engineer,"['AWS', 'Docker', 'Jenkins', 'Kubernetes', 'Linux']",5
JOB00438,SQL Developer,"['Database', 'ETL', 'MySQL', 'PostgreSQL', 'SQL']",5
JOB00439,QA Engineer,"['Automation Testing', 'Java', 'Oracle', 'Python', 'SQL', 'Selenium']",6
JOB00440,Data Engineer,"['AWS', 'ETL', 'Python', 'SQL', 'Spark']",5
JOB00441,Power BI Developer,"['DAX', 'Excel', 'Power BI', 'Power Query', 'SQL']",5
JOB00442,Business Analyst,"['Business Analysis', 'Excel', 'Power BI', 'Requirements Gathering', 'SQL']",5
JOB00443,BI Analyst,"['DAX', 'Data Visualization', 'Excel', 'Power BI', 'SQL']",5
JOB00444,Power BI Developer,"['Cloud Computing', 'DAX', 'Excel', 'Power BI', 'Power Query', 'SQL']",6
JOB00445,Web Developer,"['CSS', 'Git', 'HTML', 'Java', 'JavaScript', 'Machine Learning', 'React']",7
JOB00446,Cloud Engineer,"['AWS', 'Azure', 'Cloud Computing', 'Docker', 'Linux']",5
JOB00447,Python Developer,"['Django', 'Flask', 'Git', 'Python', 'SQL']",5
JOB00448,SQL Developer,"['Database', 'ETL', 'MySQL', 'PostgreSQL', 'SQL']",5
JOB00449,DevOps Engineer,"['AWS', 'Docker', 'Jenkins', 'Kubernetes', 'Linux']",5
JOB00450,BI Analyst,"['DAX', 'Data Visualization', 'Excel', 'Power BI', 'SQL']",5
JOB00451,Data Analyst,"['Excel', 'Power BI', 'Python', 'SQL', 'Tableau']",5
JOB00452,Machine Learning Engineer,"['Docker', 'Machine Learning', 'Python', 'Scikit-learn', 'TensorFlow']",5
JOB00453,Power BI Developer,"['DAX', 'Excel', 'Power BI', 'Power Query', 'SQL']",5
JOB00454,Data Scientist,"['Machine Learning', 'Pandas', 'Python', 'SQL', 'Statistics']",5
JOB00455,Business Analyst,"['Business Analysis', 'Excel', 'Power BI', 'Requirements Gathering', 'SQL']",5
JOB00456,Financial Analyst,"['Excel', 'Financial Modeling', 'Power BI', 'SQL', 'Statistics']",5
JOB00457,Cloud Engineer,"['AWS', 'Azure', 'Cloud Computing', 'Docker', 'Linux']",5
JOB00458,Financial Analyst,"['Excel', 'Financial Modeling', 'Power BI', 'SQL', 'Statistics']",5
JOB00459,Power BI Developer,"['DAX', 'Excel', 'Power BI', 'Power Query', 'SQL']",5
JOB00460,Power BI Developer,"['DAX', 'Excel', 'Power BI', 'Power Query', 'SQL']",5
JOB00461,Power BI Developer,"['DAX', 'Excel', 'Power BI', 'Power Query', 'SQL']",5
JOB00462,Business Analyst,"['Business Analysis', 'Excel', 'Oracle', 'Power BI', 'Requirements Gathering', 'SQL']",6
JOB00463,Web Developer,"['CSS', 'Git', 'HTML', 'Java', 'JavaScript', 'Machine Learning', 'React']",7
JOB00464,BI Analyst,"['DAX', 'Data Visualization', 'Excel', 'Power BI', 'SQL']",5
JOB00465,QA Engineer,"['Automation Testing', 'Java', 'Python', 'SQL', 'Selenium']",5
JOB00466,Financial Analyst,"['Excel', 'Financial Modeling', 'Power BI', 'SQL', 'Statistics']",5
JOB00467,Web Developer,"['CSS', 'Git', 'HTML', 'Java', 'JavaScript', 'Machine Learning', 'React']",7
JOB00468,Full Stack Developer,"['CSS', 'HTML', 'Java', 'JavaScript', 'Machine Learning', 'Node', 'React']",7
JOB00469,Data Analyst,"['Excel', 'Power BI', 'Python', 'SQL', 'Tableau']",5
JOB00470,Power BI Developer,"['DAX', 'Excel', 'Power BI', 'Power Query', 'SQL']",5
JOB00471,Data Engineer,"['AWS', 'ETL', 'Oracle', 'Python', 'SQL', 'Spark']",6
JOB00472,Power BI Developer,"['DAX', 'Excel', 'Power BI', 'Power Query', 'SQL']",5
JOB00473,QA Engineer,"['Automation Testing', 'Java', 'Python', 'SQL', 'Selenium']",5
JOB00474,Full Stack Developer,"['CSS', 'HTML', 'Java', 'JavaScript', 'Machine Learning', 'Node', 'React']",7
JOB00475,Data Scientist,"['Machine Learning', 'Pandas', 'Python', 'SQL', 'Statistics']",5
JOB00476,HR Analyst,"['Data Analysis', 'Excel', 'HR Analytics', 'Power BI', 'SQL']",5
JOB00477,Machine Learning Engineer,"['Docker', 'Machine Learning', 'Python', 'Scikit-learn', 'TensorFlow']",5
JOB00478,Financial Analyst,"['Excel', 'Financial Modeling', 'Power BI', 'SQL', 'Statistics']",5
JOB00479,Python Developer,"['Django', 'Flask', 'Git', 'Python', 'SQL']",5
JOB00480,Machine Learning Engineer,"['Cloud Computing', 'Docker', 'Machine Learning', 'Python', 'Scikit-learn', 'TensorFlow']",6
JOB00481,Product Analyst,"['Cloud Computing', 'Excel', 'Product Analytics', 'Python', 'SQL']",5
JOB00482,Data Engineer,"['AWS', 'ETL', 'Python', 'SQL', 'Spark']",5
JOB00483,SQL Developer,"['Database', 'ETL', 'MySQL', 'PostgreSQL', 'SQL']",5
JOB00484,DevOps Engineer,"['AWS', 'Docker', 'Jenkins', 'Kubernetes', 'Linux']",5
JOB00485,BI Analyst,"['DAX', 'Data Visualization', 'Excel', 'Power BI', 'SQL']",5
JOB00486,Data Analyst,"['Excel', 'Power BI', 'Python', 'SQL', 'Tableau']",5
JOB00487,Power BI Developer,"['DAX', 'Excel', 'Oracle', 'Power BI', 'Power Query', 'SQL']",6
JOB00488,Power BI Developer,"['DAX', 'Excel', 'Power BI', 'Power Query', 'SQL']",5
JOB00489,Cloud Engineer,"['AWS', 'Azure', 'Cloud Computing', 'Docker', 'Linux']",5
JOB00490,Data Scientist,"['Machine Learning', 'Pandas', 'Python', 'SQL', 'Statistics']",5
JOB00491,Power BI Developer,"['DAX', 'Excel', 'Power BI', 'Power Query', 'SQL']",5
JOB00492,Financial Analyst,"['Excel', 'Financial Modeling', 'Power BI', 'SQL', 'Statistics']",5
JOB00493,Machine Learning Engineer,"['Docker', 'Machine Learning', 'Python', 'Scikit-learn', 'TensorFlow']",5
JOB00494,Data Engineer,"['AWS', 'Cloud Computing', 'ETL', 'Python', 'SQL', 'Spark']",6
JOB00495,Database Administrator,"['Cloud Computing', 'Database', 'Database Administration', 'MySQL', 'Oracle', 'PostgreSQL', 'SQL']",7
JOB00496,Cloud Engineer,"['AWS', 'Azure', 'Cloud Computing', 'Docker', 'Linux']",5
JOB00497,Software Engineer,"['Git', 'Java', 'Python', 'REST API', 'SQL']",5
JOB00498,DevOps Engineer,"['AWS', 'Docker', 'Jenkins', 'Kubernetes', 'Linux']",5
JOB00499,QA Engineer,"['Automation Testing', 'Java', 'Python', 'SQL', 'Selenium']",5
JOB00500,Full Stack Developer,"['CSS', 'HTML', 'Java', 'JavaScript', 'Machine Learning', 'Node', 'React']",7
JOB00501,Business Analyst,"['Business Analysis', 'Excel', 'Oracle', 'Power BI', 'Requirements Gathering', 'SQL']",6
JOB00502,DevOps Engineer,"['AWS', 'Docker', 'Jenkins', 'Kubernetes', 'Linux']",5
JOB00503,DevOps Engineer,"['AWS', 'Docker', 'Jenkins', 'Kubernetes', 'Linux']",5
JOB00504,SQL Developer,"['Database', 'ETL', 'MySQL', 'PostgreSQL', 'SQL']",5
JOB00505,Business Analyst,"['Business Analysis', 'Excel', 'Power BI', 'Requirements Gathering', 'SQL']",5
JOB00506,Software Engineer,"['Git', 'Java', 'Python', 'REST API', 'SQL']",5
JOB00507,Business Analyst,"['Business Analysis', 'Excel', 'Power BI', 'Requirements Gathering', 'SQL']",5
JOB00508,Cloud Engineer,"['AWS', 'Azure', 'Cloud Computing', 'Docker', 'Linux']",5
JOB00509,Data Analyst,"['Excel', 'Power BI', 'Python', 'SQL', 'Tableau']",5
JOB00510,QA Engineer,"['Automation Testing', 'Java', 'Python', 'SQL', 'Selenium']",5
JOB00511,DevOps Engineer,"['AWS', 'Docker', 'Jenkins', 'Kubernetes', 'Linux']",5
JOB00512,SQL Developer,"['Database', 'ETL', 'MySQL', 'PostgreSQL', 'SQL']",5
JOB00513,Financial Analyst,"['Excel', 'Financial Modeling', 'Power BI', 'SQL', 'Statistics']",5
JOB00514,Full Stack Developer,"['CSS', 'HTML', 'Java', 'JavaScript', 'Machine Learning', 'Node', 'React']",7
JOB00515,Cloud Engineer,"['AWS', 'Azure', 'Cloud Computing', 'Docker', 'Linux']",5
JOB00516,Data Analyst,"['Excel', 'Power BI', 'Python', 'SQL', 'Tableau']",5
JOB00517,Financial Analyst,"['Cloud Computing', 'Excel', 'Financial Modeling', 'Power BI', 'SQL', 'Statistics']",6
JOB00518,DevOps Engineer,"['AWS', 'Docker', 'Jenkins', 'Kubernetes', 'Linux']",5
JOB00519,Database Administrator,"['Database', 'Database Administration', 'MySQL', 'Oracle', 'PostgreSQL', 'SQL']",6
JOB00520,Data Engineer,"['AWS', 'ETL', 'Python', 'SQL', 'Spark']",5
JOB00521,Product Analyst,"['Excel', 'Oracle', 'Product Analytics', 'Python', 'SQL']",5
JOB00522,DevOps Engineer,"['AWS', 'Docker', 'Jenkins', 'Kubernetes', 'Linux']",5
JOB00523,Database Administrator,"['Cloud Computing', 'Database', 'Database Administration', 'MySQL', 'Oracle', 'PostgreSQL', 'SQL']",7
JOB00524,BI Analyst,"['DAX', 'Data Visualization', 'Excel', 'Power BI', 'SQL']",5
JOB00525,QA Engineer,"['Automation Testing', 'Java', 'Python', 'SQL', 'Selenium']",5
JOB00526,Power BI Developer,"['DAX', 'Excel', 'Power BI', 'Power Query', 'SQL']",5
JOB00527,Database Administrator,"['Database', 'Database Administration', 'MySQL', 'Oracle', 'PostgreSQL', 'SQL']",6
JOB00528,Data Scientist,"['Machine Learning', 'Oracle', 'Pandas', 'Python', 'SQL', 'Statistics']",6
JOB00529,Cloud Engineer,"['AWS', 'Azure', 'Cloud Computing', 'Docker', 'Linux']",5
JOB00530,Software Engineer,"['Git', 'Java', 'Python', 'REST API', 'SQL']",5
JOB00531,Data Analyst,"['Excel', 'Power BI', 'Python', 'SQL', 'Tableau']",5
JOB00532,Marketing Analyst,"['Excel', 'Marketing Analytics', 'Power BI', 'Python', 'SQL']",5
JOB00533,DevOps Engineer,"['AWS', 'Docker', 'Jenkins', 'Kubernetes', 'Linux']",5
JOB00534,Business Analyst,"['Business Analysis', 'Excel', 'Power BI', 'Requirements Gathering', 'SQL']",5
JOB00535,Database Administrator,"['Database', 'Database Administration', 'MySQL', 'Oracle', 'PostgreSQL', 'SQL']",6
JOB00536,Web Developer,"['CSS', 'Git', 'HTML', 'Java', 'JavaScript', 'Machine Learning', 'React']",7
JOB00537,Business Analyst,"['Business Analysis', 'Excel', 'Power BI', 'Requirements Gathering', 'SQL']",5
JOB00538,Machine Learning Engineer,"['Docker', 'Machine Learning', 'Python', 'Scikit-learn', 'TensorFlow']",5
JOB00539,Product Analyst,"['Excel', 'Product Analytics', 'Python', 'SQL']",4
JOB00540,Machine Learning Engineer,"['Docker', 'Machine Learning', 'Python', 'Scikit-learn', 'TensorFlow']",5
JOB00541,Marketing Analyst,"['Excel', 'Marketing Analytics', 'Power BI', 'Python', 'SQL']",5
JOB00542,Full Stack Developer,"['CSS', 'HTML', 'Java', 'JavaScript', 'Machine Learning', 'Node', 'React']",7
JOB00543,DevOps Engineer,"['AWS', 'Docker', 'Jenkins', 'Kubernetes', 'Linux']",5
JOB00544,Database Administrator,"['Database', 'Database Administration', 'MySQL', 'Oracle', 'PostgreSQL', 'SQL']",6
JOB00545,Software Engineer,"['Cloud Computing', 'Git', 'Java', 'Python', 'REST API', 'SQL']",6
JOB00546,HR Analyst,"['Data Analysis', 'Excel', 'HR Analytics', 'Power BI', 'SQL']",5
JOB00547,DevOps Engineer,"['AWS', 'Docker', 'Jenkins', 'Kubernetes', 'Linux']",5
JOB00548,Data Analyst,"['Excel', 'Power BI', 'Python', 'SQL', 'Tableau']",5
JOB00549,Data Scientist,"['Machine Learning', 'Pandas', 'Python', 'SQL', 'Statistics']",5
JOB00550,HR Analyst,"['Data Analysis', 'Excel', 'HR Analytics', 'Power BI', 'SQL']",5
JOB00551,Machine Learning Engineer,"['Docker', 'Machine Learning', 'Python', 'Scikit-learn', 'TensorFlow']",5
JOB00552,QA Engineer,"['Automation Testing', 'Java', 'Python', 'SQL', 'Selenium']",5
JOB00553,Software Engineer,"['Git', 'Java', 'Oracle', 'Python', 'REST API', 'SQL']",6
JOB00554,Data Scientist,"['Machine Learning', 'Pandas', 'Python', 'SQL', 'Statistics']",5
JOB00555,Marketing Analyst,"['Excel', 'Marketing Analytics', 'Power BI', 'Python', 'SQL']",5
JOB00556,Financial Analyst,"['Excel', 'Financial Modeling', 'Power BI', 'SQL', 'Statistics']",5
JOB00557,Marketing Analyst,"['Excel', 'Marketing Analytics', 'Oracle', 'Power BI', 'Python', 'SQL']",6
JOB00558,Web Developer,"['CSS', 'Git', 'HTML', 'Java', 'JavaScript', 'Machine Learning', 'React']",7
JOB00559,Power BI Developer,"['DAX', 'Excel', 'Power BI', 'Power Query', 'SQL']",5
JOB00560,HR Analyst,"['Data Analysis', 'Excel', 'HR Analytics', 'Power BI', 'SQL']",5
JOB00561,Data Engineer,"['AWS', 'ETL', 'Python', 'SQL', 'Spark']",5
JOB00562,Marketing Analyst,"['Excel', 'Marketing Analytics', 'Power BI', 'Python', 'SQL']",5
JOB00563,HR Analyst,"['Data Analysis', 'Excel', 'HR Analytics', 'Power BI', 'SQL']",5
JOB00564,HR Analyst,"['Data Analysis', 'Excel', 'HR Analytics', 'Power BI', 'SQL']",5
JOB00565,Product Analyst,"['Excel', 'Product Analytics', 'Python', 'SQL']",4
JOB00566,Data Engineer,"['AWS', 'ETL', 'Python', 'SQL', 'Spark']",5
JOB00567,SQL Developer,"['Database', 'ETL', 'MySQL', 'PostgreSQL', 'SQL']",5
JOB00568,Business Analyst,"['Business Analysis', 'Excel', 'Power BI', 'Requirements Gathering', 'SQL']",5
JOB00569,Marketing Analyst,"['Excel', 'Marketing Analytics', 'Power BI', 'Python', 'SQL']",5
JOB00570,QA Engineer,"['Automation Testing', 'Java', 'Python', 'SQL', 'Selenium']",5
JOB00571,Marketing Analyst,"['Excel', 'Marketing Analytics', 'Power BI', 'Python', 'SQL']",5
JOB00572,Database Administrator,"['Database', 'Database Administration', 'MySQL', 'Oracle', 'PostgreSQL', 'SQL']",6
JOB00573,Product Analyst,"['Excel', 'Product Analytics', 'Python', 'SQL']",4
JOB00574,Full Stack Developer,"['CSS', 'HTML', 'Java', 'JavaScript', 'Machine Learning', 'Node', 'React']",7
JOB00575,Marketing Analyst,"['Excel', 'Marketing Analytics', 'Power BI', 'Python', 'SQL']",5
JOB00576,QA Engineer,"['Automation Testing', 'Java', 'Python', 'SQL', 'Selenium']",5
JOB00577,Marketing Analyst,"['Excel', 'Marketing Analytics', 'Power BI', 'Python', 'SQL']",5
JOB00578,SQL Developer,"['Database', 'ETL', 'MySQL', 'PostgreSQL', 'SQL']",5
JOB00579,DevOps Engineer,"['AWS', 'Docker', 'Jenkins', 'Kubernetes', 'Linux']",5
JOB00580,Full Stack Developer,"['CSS', 'HTML', 'Java', 'JavaScript', 'Machine Learning', 'Node', 'React']",7
JOB00581,Business Analyst,"['Business Analysis', 'Excel', 'Power BI', 'Requirements Gathering', 'SQL']",5
JOB00582,Data Analyst,"['Excel', 'Power BI', 'Python', 'SQL', 'Tableau']",5
JOB00583,QA Engineer,"['Automation Testing', 'Java', 'Python', 'SQL', 'Selenium']",5
JOB00584,Python Developer,"['Cloud Computing', 'Django', 'Flask', 'Git', 'Python', 'SQL']",6
JOB00585,Data Engineer,"['AWS', 'ETL', 'Python', 'SQL', 'Spark']",5
JOB00586,Data Analyst,"['Excel', 'Power BI', 'Python', 'SQL', 'Tableau']",5
JOB00587,Full Stack Developer,"['CSS', 'HTML', 'Java', 'JavaScript', 'Machine Learning', 'Node', 'React']",7
JOB00588,Marketing Analyst,"['Excel', 'Marketing Analytics', 'Power BI', 'Python', 'SQL']",5
JOB00589,Data Scientist,"['Machine Learning', 'Pandas', 'Python', 'SQL', 'Statistics']",5
JOB00590,DevOps Engineer,"['AWS', 'Docker', 'Jenkins', 'Kubernetes', 'Linux']",5
JOB00591,Machine Learning Engineer,"['Docker', 'Machine Learning', 'Python', 'Scikit-learn', 'TensorFlow']",5
JOB00592,Power BI Developer,"['DAX', 'Excel', 'Power BI', 'Power Query', 'SQL']",5
JOB00593,Marketing Analyst,"['Excel', 'Marketing Analytics', 'Power BI', 'Python', 'SQL']",5
JOB00594,Database Administrator,"['Database', 'Database Administration', 'MySQL', 'Oracle', 'PostgreSQL', 'SQL']",6
JOB00595,SQL Developer,"['Database', 'ETL', 'MySQL', 'PostgreSQL', 'SQL']",5
JOB00596,Data Scientist,"['Machine Learning', 'Pandas', 'Python', 'SQL', 'Statistics']",5
JOB00597,Data Scientist,"['Machine Learning', 'Pandas', 'Python', 'SQL', 'Statistics']",5
JOB00598,Cloud Engineer,"['AWS', 'Azure', 'Cloud Computing', 'Docker', 'Linux']",5
JOB00599,Data Analyst,"['Excel', 'Power BI', 'Python', 'SQL', 'Tableau']",5
JOB00600,QA Engineer,"['Automation Testing', 'Java', 'Python', 'SQL', 'Selenium']",5
JOB00601,Full Stack Developer,"['CSS', 'Cloud Computing', 'HTML', 'Java', 'JavaScript', 'Machine Learning', 'Node', 'React']",8
JOB00602,Financial Analyst,"['Excel', 'Financial Modeling', 'Power BI', 'SQL', 'Statistics']",5
JOB00603,Software Engineer,"['Git', 'Java', 'Python', 'REST API', 'SQL']",5
JOB00604,Data Analyst,"['Excel', 'Power BI', 'Python', 'SQL', 'Tableau']",5
JOB00605,BI Analyst,"['DAX', 'Data Visualization', 'Excel', 'Power BI', 'SQL']",5
JOB00606,Full Stack Developer,"['CSS', 'HTML', 'Java', 'JavaScript', 'Machine Learning', 'Node', 'React']",7
JOB00607,Product Analyst,"['Cloud Computing', 'Excel', 'Product Analytics', 'Python', 'SQL']",5
JOB00608,Database Administrator,"['Database', 'Database Administration', 'MySQL', 'Oracle', 'PostgreSQL', 'SQL']",6
JOB00609,SQL Developer,"['Database', 'ETL', 'MySQL', 'PostgreSQL', 'SQL']",5
JOB00610,QA Engineer,"['Automation Testing', 'Java', 'Python', 'SQL', 'Selenium']",5
JOB00611,Web Developer,"['CSS', 'Git', 'HTML', 'Java', 'JavaScript', 'Machine Learning', 'React']",7
JOB00612,Financial Analyst,"['Excel', 'Financial Modeling', 'Power BI', 'SQL', 'Statistics']",5
JOB00613,Python Developer,"['Django', 'Flask', 'Git', 'Python', 'SQL']",5
JOB00614,Data Scientist,"['Machine Learning', 'Pandas', 'Python', 'SQL', 'Statistics']",5
JOB00615,QA Engineer,"['Automation Testing', 'Java', 'Python', 'SQL', 'Selenium']",5
JOB00616,Software Engineer,"['Git', 'Java', 'Python', 'REST API', 'SQL']",5
JOB00617,Marketing Analyst,"['Excel', 'Marketing Analytics', 'Power BI', 'Python', 'SQL']",5
JOB00618,Full Stack Developer,"['CSS', 'HTML', 'Java', 'JavaScript', 'Machine Learning', 'Node', 'React']",7
JOB00619,QA Engineer,"['Automation Testing', 'Java', 'Python', 'SQL', 'Selenium']",5
JOB00620,Web Developer,"['CSS', 'Git', 'HTML', 'Java', 'JavaScript', 'Machine Learning', 'Oracle', 'React']",8
JOB00621,SQL Developer,"['Database', 'ETL', 'MySQL', 'PostgreSQL', 'SQL']",5
JOB00622,Business Analyst,"['Business Analysis', 'Excel', 'Power BI', 'Requirements Gathering', 'SQL']",5
JOB00623,QA Engineer,"['Automation Testing', 'Java', 'Python', 'SQL', 'Selenium']",5
JOB00624,Marketing Analyst,"['Excel', 'Marketing Analytics', 'Power BI', 'Python', 'SQL']",5
JOB00625,Financial Analyst,"['Excel', 'Financial Modeling', 'Oracle', 'Power BI', 'SQL', 'Statistics']",6
JOB00626,Web Developer,"['CSS', 'Cloud Computing', 'Git', 'HTML', 'Java', 'JavaScript', 'Machine Learning', 'React']",8
JOB00627,BI Analyst,"['DAX', 'Data Visualization', 'Excel', 'Power BI', 'SQL']",5
JOB00628,Machine Learning Engineer,"['Docker', 'Machine Learning', 'Oracle', 'Python', 'Scikit-learn', 'TensorFlow']",6
JOB00629,Data Engineer,"['AWS', 'ETL', 'Python', 'SQL', 'Spark']",5
JOB00630,QA Engineer,"['Automation Testing', 'Java', 'Python', 'SQL', 'Selenium']",5
JOB00631,Full Stack Developer,"['CSS', 'HTML', 'Java', 'JavaScript', 'Machine Learning', 'Node', 'React']",7
JOB00632,HR Analyst,"['Data Analysis', 'Excel', 'HR Analytics', 'Power BI', 'SQL']",5
JOB00633,QA Engineer,"['Automation Testing', 'Java', 'Python', 'SQL', 'Selenium']",5
JOB00634,HR Analyst,"['Data Analysis', 'Excel', 'HR Analytics', 'Power BI', 'SQL']",5
JOB00635,Machine Learning Engineer,"['Docker', 'Machine Learning', 'Python', 'Scikit-learn', 'TensorFlow']",5
JOB00636,Python Developer,"['Django', 'Flask', 'Git', 'Oracle', 'Python', 'SQL']",6
JOB00637,Data Scientist,"['Machine Learning', 'Oracle', 'Pandas', 'Python', 'SQL', 'Statistics']",6
JOB00638,Marketing Analyst,"['Excel', 'Marketing Analytics', 'Power BI', 'Python', 'SQL']",5
JOB00639,Power BI Developer,"['DAX', 'Excel', 'Power BI', 'Power Query', 'SQL']",5
JOB00640,Financial Analyst,"['Excel', 'Financial Modeling', 'Power BI', 'SQL', 'Statistics']",5
JOB00641,Data Analyst,"['Excel', 'Power BI', 'Python', 'SQL', 'Tableau']",5
JOB00642,Database Administrator,"['Database', 'Database Administration', 'MySQL', 'Oracle', 'PostgreSQL', 'SQL']",6
JOB00643,Cloud Engineer,"['AWS', 'Azure', 'Cloud Computing', 'Docker', 'Linux']",5
JOB00644,SQL Developer,"['Database', 'ETL', 'MySQL', 'PostgreSQL', 'SQL']",5
JOB00645,Cloud Engineer,"['AWS', 'Azure', 'Cloud Computing', 'Docker', 'Linux']",5
JOB00646,Machine Learning Engineer,"['Docker', 'Machine Learning', 'Python', 'Scikit-learn', 'TensorFlow']",5
JOB00647,Database Administrator,"['Database', 'Database Administration', 'MySQL', 'Oracle', 'PostgreSQL', 'SQL']",6
JOB00648,Data Scientist,"['Machine Learning', 'Pandas', 'Python', 'SQL', 'Statistics']",5
JOB00649,Web Developer,"['CSS', 'Git', 'HTML', 'Java', 'JavaScript', 'Machine Learning', 'React']",7
JOB00650,Full Stack Developer,"['CSS', 'HTML', 'Java', 'JavaScript', 'Machine Learning', 'Node', 'React']",7
JOB00651,SQL Developer,"['Database', 'ETL', 'MySQL', 'PostgreSQL', 'SQL']",5
JOB00652,Business Analyst,"['Business Analysis', 'Excel', 'Power BI', 'Requirements Gathering', 'SQL']",5
JOB00653,BI Analyst,"['DAX', 'Data Visualization', 'Excel', 'Power BI', 'SQL']",5
JOB00654,Data Scientist,"['Machine Learning', 'Pandas', 'Python', 'SQL', 'Statistics']",5
JOB00655,Web Developer,"['CSS', 'Git', 'HTML', 'Java', 'JavaScript', 'Machine Learning', 'React']",7
JOB00656,Data Engineer,"['AWS', 'ETL', 'Python', 'SQL', 'Spark']",5
JOB00657,Marketing Analyst,"['Excel', 'Marketing Analytics', 'Power BI', 'Python', 'SQL']",5
JOB00658,Power BI Developer,"['DAX', 'Excel', 'Power BI', 'Power Query', 'SQL']",5
JOB00659,QA Engineer,"['Automation Testing', 'Java', 'Python', 'SQL', 'Selenium']",5
JOB00660,Web Developer,"['CSS', 'Git', 'HTML', 'Java', 'JavaScript', 'Machine Learning', 'React']",7
JOB00661,Web Developer,"['CSS', 'Git', 'HTML', 'Java', 'JavaScript', 'Machine Learning', 'React']",7
JOB00662,Financial Analyst,"['Excel', 'Financial Modeling', 'Power BI', 'SQL', 'Statistics']",5
JOB00663,Financial Analyst,"['Excel', 'Financial Modeling', 'Power BI', 'SQL', 'Statistics']",5
JOB00664,Web Developer,"['CSS', 'Git', 'HTML', 'Java', 'JavaScript', 'Machine Learning', 'React']",7
JOB00665,Full Stack Developer,"['CSS', 'HTML', 'Java', 'JavaScript', 'Machine Learning', 'Node', 'React']",7
JOB00666,Financial Analyst,"['Excel', 'Financial Modeling', 'Power BI', 'SQL', 'Statistics']",5
JOB00667,Power BI Developer,"['DAX', 'Excel', 'Power BI', 'Power Query', 'SQL']",5
JOB00668,Financial Analyst,"['Excel', 'Financial Modeling', 'Power BI', 'SQL', 'Statistics']",5
JOB00669,HR Analyst,"['Data Analysis', 'Excel', 'HR Analytics', 'Power BI', 'SQL']",5
JOB00670,Data Analyst,"['Excel', 'Power BI', 'Python', 'SQL', 'Tableau']",5
JOB00671,Python Developer,"['Django', 'Flask', 'Git', 'Python', 'SQL']",5
JOB00672,BI Analyst,"['DAX', 'Data Visualization', 'Excel', 'Power BI', 'SQL']",5
JOB00673,BI Analyst,"['DAX', 'Data Visualization', 'Excel', 'Power BI', 'SQL']",5
JOB00674,Machine Learning Engineer,"['Docker', 'Machine Learning', 'Python', 'Scikit-learn', 'TensorFlow']",5
JOB00675,Software Engineer,"['Git', 'Java', 'Python', 'REST API', 'SQL']",5
JOB00676,Marketing Analyst,"['Excel', 'Marketing Analytics', 'Power BI', 'Python', 'SQL']",5
JOB00677,Power BI Developer,"['DAX', 'Excel', 'Power BI', 'Power Query', 'SQL']",5
JOB00678,Machine Learning Engineer,"['Docker', 'Machine Learning', 'Python', 'Scikit-learn', 'TensorFlow']",5
JOB00679,BI Analyst,"['DAX', 'Data Visualization', 'Excel', 'Power BI', 'SQL']",5
JOB00680,DevOps Engineer,"['AWS', 'Docker', 'Jenkins', 'Kubernetes', 'Linux']",5
JOB00681,Full Stack Developer,"['CSS', 'HTML', 'Java', 'JavaScript', 'Machine Learning', 'Node', 'React']",7
JOB00682,Data Scientist,"['Cloud Computing', 'Machine Learning', 'Pandas', 'Python', 'SQL', 'Statistics']",6
JOB00683,Cloud Engineer,"['AWS', 'Azure', 'Cloud Computing', 'Docker', 'Linux']",5
JOB00684,Data Engineer,"['AWS', 'ETL', 'Python', 'SQL', 'Spark']",5
JOB00685,Data Scientist,"['Machine Learning', 'Pandas', 'Python', 'SQL', 'Statistics']",5
JOB00686,Product Analyst,"['Excel', 'Product Analytics', 'Python', 'SQL']",4
JOB00687,Full Stack Developer,"['CSS', 'HTML', 'Java', 'JavaScript', 'Machine Learning', 'Node', 'React']",7
JOB00688,HR Analyst,"['Data Analysis', 'Excel', 'HR Analytics', 'Power BI', 'SQL']",5
JOB00689,Database Administrator,"['Database', 'Database Administration', 'MySQL', 'Oracle', 'PostgreSQL', 'SQL']",6
JOB00690,QA Engineer,"['Automation Testing', 'Java', 'Python', 'SQL', 'Selenium']",5
JOB00691,Product Analyst,"['Excel', 'Product Analytics', 'Python', 'SQL']",4
JOB00692,Cloud Engineer,"['AWS', 'Azure', 'Cloud Computing', 'Docker', 'Linux']",5
JOB00693,Financial Analyst,"['Excel', 'Financial Modeling', 'Power BI', 'SQL', 'Statistics']",5
JOB00694,DevOps Engineer,"['AWS', 'Docker', 'Jenkins', 'Kubernetes', 'Linux']",5
JOB00695,Product Analyst,"['Excel', 'Product Analytics', 'Python', 'SQL']",4
JOB00696,Cloud Engineer,"['AWS', 'Azure', 'Cloud Computing', 'Docker', 'Linux']",5
JOB00697,Data Engineer,"['AWS', 'ETL', 'Python', 'SQL', 'Spark']",5
JOB00698,HR Analyst,"['Data Analysis', 'Excel', 'HR Analytics', 'Power BI', 'SQL']",5
JOB00699,Data Analyst,"['Excel', 'Power BI', 'Python', 'SQL', 'Tableau']",5
JOB00700,Cloud Engineer,"['AWS', 'Azure', 'Cloud Computing', 'Docker', 'Linux']",5
JOB00701,Software Engineer,"['Git', 'Java', 'Python', 'REST API', 'SQL']",5
JOB00702,BI Analyst,"['DAX', 'Data Visualization', 'Excel', 'Power BI', 'SQL']",5
JOB00703,Cloud Engineer,"['AWS', 'Azure', 'Cloud Computing', 'Docker', 'Linux']",5
JOB00704,Power BI Developer,"['DAX', 'Excel', 'Power BI', 'Power Query', 'SQL']",5
JOB00705,SQL Developer,"['Database', 'ETL', 'MySQL', 'PostgreSQL', 'SQL']",5
JOB00706,DevOps Engineer,"['AWS', 'Docker', 'Jenkins', 'Kubernetes', 'Linux']",5
JOB00707,DevOps Engineer,"['AWS', 'Docker', 'Jenkins', 'Kubernetes', 'Linux']",5
JOB00708,Data Engineer,"['AWS', 'ETL', 'Python', 'SQL', 'Spark']",5
JOB00709,Data Analyst,"['Excel', 'Power BI', 'Python', 'SQL', 'Tableau']",5
JOB00710,Web Developer,"['CSS', 'Git', 'HTML', 'Java', 'JavaScript', 'Machine Learning', 'React']",7
JOB00711,Business Analyst,"['Business Analysis', 'Excel', 'Power BI', 'Requirements Gathering', 'SQL']",5
JOB00712,Web Developer,"['CSS', 'Git', 'HTML', 'Java', 'JavaScript', 'Machine Learning', 'React']",7
JOB00713,BI Analyst,"['DAX', 'Data Visualization', 'Excel', 'Power BI', 'SQL']",5
JOB00714,Product Analyst,"['Excel', 'Oracle', 'Product Analytics', 'Python', 'SQL']",5
JOB00715,Cloud Engineer,"['AWS', 'Azure', 'Cloud Computing', 'Docker', 'Linux']",5
JOB00716,HR Analyst,"['Data Analysis', 'Excel', 'HR Analytics', 'Power BI', 'SQL']",5
JOB00717,Marketing Analyst,"['Excel', 'Marketing Analytics', 'Power BI', 'Python', 'SQL']",5
JOB00718,Database Administrator,"['Cloud Computing', 'Database', 'Database Administration', 'MySQL', 'Oracle', 'PostgreSQL', 'SQL']",7
JOB00719,Product Analyst,"['Excel', 'Product Analytics', 'Python', 'SQL']",4
JOB00720,Machine Learning Engineer,"['Docker', 'Machine Learning', 'Python', 'Scikit-learn', 'TensorFlow']",5
JOB00721,SQL Developer,"['Database', 'ETL', 'MySQL', 'PostgreSQL', 'SQL']",5
JOB00722,Financial Analyst,"['Excel', 'Financial Modeling', 'Power BI', 'SQL', 'Statistics']",5
JOB00723,Full Stack Developer,"['CSS', 'Cloud Computing', 'HTML', 'Java', 'JavaScript', 'Machine Learning', 'Node', 'React']",8
JOB00724,Business Analyst,"['Business Analysis', 'Excel', 'Power BI', 'Requirements Gathering', 'SQL']",5
JOB00725,Marketing Analyst,"['Excel', 'Marketing Analytics', 'Power BI', 'Python', 'SQL']",5
JOB00726,Machine Learning Engineer,"['Docker', 'Machine Learning', 'Python', 'Scikit-learn', 'TensorFlow']",5
JOB00727,QA Engineer,"['Automation Testing', 'Java', 'Python', 'SQL', 'Selenium']",5
JOB00728,HR Analyst,"['Data Analysis', 'Excel', 'HR Analytics', 'Power BI', 'SQL']",5
JOB00729,Marketing Analyst,"['Excel', 'Marketing Analytics', 'Power BI', 'Python', 'SQL']",5
JOB00730,Product Analyst,"['Excel', 'Product Analytics', 'Python', 'SQL']",4
JOB00731,Full Stack Developer,"['CSS', 'HTML', 'Java', 'JavaScript', 'Machine Learning', 'Node', 'React']",7
JOB00732,BI Analyst,"['DAX', 'Data Visualization', 'Excel', 'Power BI', 'SQL']",5
JOB00733,Marketing Analyst,"['Excel', 'Marketing Analytics', 'Power BI', 'Python', 'SQL']",5
JOB00734,Database Administrator,"['Database', 'Database Administration', 'MySQL', 'Oracle', 'PostgreSQL', 'SQL']",6
JOB00735,HR Analyst,"['Data Analysis', 'Excel', 'HR Analytics', 'Power BI', 'SQL']",5
JOB00736,Web Developer,"['CSS', 'Git', 'HTML', 'Java', 'JavaScript', 'Machine Learning', 'React']",7
JOB00737,Data Scientist,"['Machine Learning', 'Pandas', 'Python', 'SQL', 'Statistics']",5
JOB00738,Full Stack Developer,"['CSS', 'HTML', 'Java', 'JavaScript', 'Machine Learning', 'Node', 'React']",7
JOB00739,BI Analyst,"['DAX', 'Data Visualization', 'Excel', 'Power BI', 'SQL']",5
JOB00740,Business Analyst,"['Business Analysis', 'Excel', 'Power BI', 'Requirements Gathering', 'SQL']",5
JOB00741,Software Engineer,"['Git', 'Java', 'Python', 'REST API', 'SQL']",5
JOB00742,DevOps Engineer,"['AWS', 'Docker', 'Jenkins', 'Kubernetes', 'Linux']",5
JOB00743,Product Analyst,"['Excel', 'Product Analytics', 'Python', 'SQL']",4
JOB00744,Software Engineer,"['Git', 'Java', 'Oracle', 'Python', 'REST API', 'SQL']",6
JOB00745,Product Analyst,"['Excel', 'Product Analytics', 'Python', 'SQL']",4
JOB00746,Data Engineer,"['AWS', 'ETL', 'Python', 'SQL', 'Spark']",5
JOB00747,Data Engineer,"['AWS', 'ETL', 'Python', 'SQL', 'Spark']",5
JOB00748,DevOps Engineer,"['AWS', 'Docker', 'Jenkins', 'Kubernetes', 'Linux']",5
JOB00749,Web Developer,"['CSS', 'Git', 'HTML', 'Java', 'JavaScript', 'Machine Learning', 'React']",7
JOB00750,Web Developer,"['CSS', 'Git', 'HTML', 'Java', 'JavaScript', 'Machine Learning', 'React']",7
JOB00751,DevOps Engineer,"['AWS', 'Docker', 'Jenkins', 'Kubernetes', 'Linux']",5
JOB00752,SQL Developer,"['Database', 'ETL', 'MySQL', 'PostgreSQL', 'SQL']",5
JOB00753,Data Analyst,"['Excel', 'Power BI', 'Python', 'SQL', 'Tableau']",5
JOB00754,DevOps Engineer,"['AWS', 'Docker', 'Jenkins', 'Kubernetes', 'Linux']",5
JOB00755,Data Scientist,"['Machine Learning', 'Pandas', 'Python', 'SQL', 'Statistics']",5
JOB00756,DevOps Engineer,"['AWS', 'Docker', 'Jenkins', 'Kubernetes', 'Linux']",5
JOB00757,Full Stack Developer,"['CSS', 'HTML', 'Java', 'JavaScript', 'Machine Learning', 'Node', 'React']",7
JOB00758,Business Analyst,"['Business Analysis', 'Excel', 'Power BI', 'Requirements Gathering', 'SQL']",5
JOB00759,Python Developer,"['Django', 'Flask', 'Git', 'Python', 'SQL']",5
JOB00760,Business Analyst,"['Business Analysis', 'Excel', 'Power BI', 'Requirements Gathering', 'SQL']",5
JOB00761,Database Administrator,"['Database', 'Database Administration', 'MySQL', 'Oracle', 'PostgreSQL', 'SQL']",6
JOB00762,Data Engineer,"['AWS', 'ETL', 'Python', 'SQL', 'Spark']",5
JOB00763,HR Analyst,"['Data Analysis', 'Excel', 'HR Analytics', 'Power BI', 'SQL']",5
JOB00764,Software Engineer,"['Git', 'Java', 'Python', 'REST API', 'SQL']",5
JOB00765,Database Administrator,"['Cloud Computing', 'Database', 'Database Administration', 'MySQL', 'Oracle', 'PostgreSQL', 'SQL']",7
JOB00766,Software Engineer,"['Git', 'Java', 'Python', 'REST API', 'SQL']",5
JOB00767,Cloud Engineer,"['AWS', 'Azure', 'Cloud Computing', 'Docker', 'Linux']",5
JOB00768,Full Stack Developer,"['CSS', 'HTML', 'Java', 'JavaScript', 'Machine Learning', 'Node', 'React']",7
JOB00769,Web Developer,"['CSS', 'Git', 'HTML', 'Java', 'JavaScript', 'Machine Learning', 'React']",7
JOB00770,BI Analyst,"['DAX', 'Data Visualization', 'Excel', 'Power BI', 'SQL']",5
JOB00771,SQL Developer,"['Database', 'ETL', 'MySQL', 'PostgreSQL', 'SQL']",5
JOB00772,SQL Developer,"['Database', 'ETL', 'MySQL', 'PostgreSQL', 'SQL']",5
JOB00773,HR Analyst,"['Data Analysis', 'Excel', 'HR Analytics', 'Power BI', 'SQL']",5
JOB00774,Power BI Developer,"['DAX', 'Excel', 'Power BI', 'Power Query', 'SQL']",5
JOB00775,HR Analyst,"['Data Analysis', 'Excel', 'HR Analytics', 'Power BI', 'SQL']",5
JOB00776,Product Analyst,"['Excel', 'Product Analytics', 'Python', 'SQL']",4
JOB00777,DevOps Engineer,"['AWS', 'Docker', 'Jenkins', 'Kubernetes', 'Linux']",5
JOB00778,Marketing Analyst,"['Excel', 'Marketing Analytics', 'Power BI', 'Python', 'SQL']",5
JOB00779,Power BI Developer,"['DAX', 'Excel', 'Power BI', 'Power Query', 'SQL']",5
JOB00780,HR Analyst,"['Cloud Computing', 'Data Analysis', 'Excel', 'HR Analytics', 'Power BI', 'SQL']",6
JOB00781,Data Scientist,"['Machine Learning', 'Pandas', 'Python', 'SQL', 'Statistics']",5
JOB00782,Marketing Analyst,"['Excel', 'Marketing Analytics', 'Power BI', 'Python', 'SQL']",5
JOB00783,Database Administrator,"['Database', 'Database Administration', 'MySQL', 'Oracle', 'PostgreSQL', 'SQL']",6
JOB00784,Data Engineer,"['AWS', 'ETL', 'Python', 'SQL', 'Spark']",5
JOB00785,SQL Developer,"['Database', 'ETL', 'MySQL', 'PostgreSQL', 'SQL']",5
JOB00786,Product Analyst,"['Excel', 'Product Analytics', 'Python', 'SQL']",4
JOB00787,HR Analyst,"['Data Analysis', 'Excel', 'HR Analytics', 'Power BI', 'SQL']",5
JOB00788,Full Stack Developer,"['CSS', 'HTML', 'Java', 'JavaScript', 'Machine Learning', 'Node', 'React']",7
JOB00789,BI Analyst,"['DAX', 'Data Visualization', 'Excel', 'Power BI', 'SQL']",5
JOB00790,Business Analyst,"['Business Analysis', 'Excel', 'Power BI', 'Requirements Gathering', 'SQL']",5
JOB00791,HR Analyst,"['Data Analysis', 'Excel', 'HR Analytics', 'Power BI', 'SQL']",5
JOB00792,Power BI Developer,"['Cloud Computing', 'DAX', 'Excel', 'Power BI', 'Power Query', 'SQL']",6
JOB00793,Software Engineer,"['Git', 'Java', 'Python', 'REST API', 'SQL']",5
JOB00794,SQL Developer,"['Database', 'ETL', 'MySQL', 'PostgreSQL', 'SQL']",5
JOB00795,Data Engineer,"['AWS', 'ETL', 'Python', 'SQL', 'Spark']",5
JOB00796,Marketing Analyst,"['Excel', 'Marketing Analytics', 'Oracle', 'Power BI', 'Python', 'SQL']",6
JOB00797,SQL Developer,"['Database', 'ETL', 'MySQL', 'PostgreSQL', 'SQL']",5
JOB00798,Full Stack Developer,"['CSS', 'HTML', 'Java', 'JavaScript', 'Machine Learning', 'Node', 'React']",7
JOB00799,Data Analyst,"['Excel', 'Power BI', 'Python', 'SQL', 'Tableau']",5
JOB00800,Marketing Analyst,"['Excel', 'Marketing Analytics', 'Power BI', 'Python', 'SQL']",5
JOB00801,QA Engineer,"['Automation Testing', 'Java', 'Python', 'SQL', 'Selenium']",5
JOB00802,Financial Analyst,"['Excel', 'Financial Modeling', 'Power BI', 'SQL', 'Statistics']",5
JOB00803,Product Analyst,"['Excel', 'Product Analytics', 'Python', 'SQL']",4
JOB00804,QA Engineer,"['Automation Testing', 'Java', 'Python', 'SQL', 'Selenium']",5
JOB00805,BI Analyst,"['Cloud Computing', 'DAX', 'Data Visualization', 'Excel', 'Power BI', 'SQL']",6
JOB00806,QA Engineer,"['Automation Testing', 'Java', 'Python', 'SQL', 'Selenium']",5
JOB00807,Business Analyst,"['Business Analysis', 'Excel', 'Power BI', 'Requirements Gathering', 'SQL']",5
JOB00808,DevOps Engineer,"['AWS', 'Docker', 'Jenkins', 'Kubernetes', 'Linux']",5
JOB00809,SQL Developer,"['Cloud Computing', 'Database', 'ETL', 'MySQL', 'PostgreSQL', 'SQL']",6
JOB00810,SQL Developer,"['Database', 'ETL', 'MySQL', 'PostgreSQL', 'SQL']",5
JOB00811,Machine Learning Engineer,"['Docker', 'Machine Learning', 'Python', 'Scikit-learn', 'TensorFlow']",5
JOB00812,Marketing Analyst,"['Excel', 'Marketing Analytics', 'Power BI', 'Python', 'SQL']",5
JOB00813,Business Analyst,"['Business Analysis', 'Excel', 'Power BI', 'Requirements Gathering', 'SQL']",5
JOB00814,Database Administrator,"['Database', 'Database Administration', 'MySQL', 'Oracle', 'PostgreSQL', 'SQL']",6
JOB00815,Cloud Engineer,"['AWS', 'Azure', 'Cloud Computing', 'Docker', 'Linux']",5
JOB00816,SQL Developer,"['Database', 'ETL', 'MySQL', 'PostgreSQL', 'SQL']",5
JOB00817,QA Engineer,"['Automation Testing', 'Java', 'Python', 'SQL', 'Selenium']",5
JOB00818,Business Analyst,"['Business Analysis', 'Excel', 'Power BI', 'Requirements Gathering', 'SQL']",5
JOB00819,Business Analyst,"['Business Analysis', 'Cloud Computing', 'Excel', 'Power BI', 'Requirements Gathering', 'SQL']",6
JOB00820,DevOps Engineer,"['AWS', 'Docker', 'Jenkins', 'Kubernetes', 'Linux']",5
JOB00821,Data Scientist,"['Machine Learning', 'Pandas', 'Python', 'SQL', 'Statistics']",5
JOB00822,Web Developer,"['CSS', 'Git', 'HTML', 'Java', 'JavaScript', 'Machine Learning', 'React']",7
JOB00823,Database Administrator,"['Database', 'Database Administration', 'MySQL', 'Oracle', 'PostgreSQL', 'SQL']",6
JOB00824,BI Analyst,"['DAX', 'Data Visualization', 'Excel', 'Oracle', 'Power BI', 'SQL']",6
JOB00825,Marketing Analyst,"['Excel', 'Marketing Analytics', 'Power BI', 'Python', 'SQL']",5
JOB00826,Power BI Developer,"['DAX', 'Excel', 'Power BI', 'Power Query', 'SQL']",5
JOB00827,Financial Analyst,"['Excel', 'Financial Modeling', 'Power BI', 'SQL', 'Statistics']",5
JOB00828,Product Analyst,"['Excel', 'Product Analytics', 'Python', 'SQL']",4
JOB00829,Database Administrator,"['Database', 'Database Administration', 'MySQL', 'Oracle', 'PostgreSQL', 'SQL']",6
JOB00830,Full Stack Developer,"['CSS', 'HTML', 'Java', 'JavaScript', 'Machine Learning', 'Node', 'React']",7
JOB00831,Data Scientist,"['Machine Learning', 'Pandas', 'Python', 'SQL', 'Statistics']",5
JOB00832,HR Analyst,"['Data Analysis', 'Excel', 'HR Analytics', 'Power BI', 'SQL']",5
JOB00833,Database Administrator,"['Database', 'Database Administration', 'MySQL', 'Oracle', 'PostgreSQL', 'SQL']",6
JOB00834,Full Stack Developer,"['CSS', 'HTML', 'Java', 'JavaScript', 'Machine Learning', 'Node', 'React']",7
JOB00835,Data Analyst,"['Excel', 'Power BI', 'Python', 'SQL', 'Tableau']",5
JOB00836,Data Engineer,"['AWS', 'ETL', 'Python', 'SQL', 'Spark']",5
JOB00837,Data Engineer,"['AWS', 'ETL', 'Python', 'SQL', 'Spark']",5
JOB00838,BI Analyst,"['DAX', 'Data Visualization', 'Excel', 'Power BI', 'SQL']",5
JOB00839,Data Scientist,"['Machine Learning', 'Pandas', 'Python', 'SQL', 'Statistics']",5
JOB00840,Software Engineer,"['Git', 'Java', 'Python', 'REST API', 'SQL']",5
JOB00841,HR Analyst,"['Data Analysis', 'Excel', 'HR Analytics', 'Power BI', 'SQL']",5
JOB00842,Python Developer,"['Django', 'Flask', 'Git', 'Python', 'SQL']",5
JOB00843,Marketing Analyst,"['Excel', 'Marketing Analytics', 'Power BI', 'Python', 'SQL']",5
JOB00844,QA Engineer,"['Automation Testing', 'Java', 'Oracle', 'Python', 'SQL', 'Selenium']",6
JOB00845,Software Engineer,"['Git', 'Java', 'Python', 'REST API', 'SQL']",5
JOB00846,Web Developer,"['CSS', 'Git', 'HTML', 'Java', 'JavaScript', 'Machine Learning', 'Oracle', 'React']",8
JOB00847,Database Administrator,"['Database', 'Database Administration', 'MySQL', 'Oracle', 'PostgreSQL', 'SQL']",6
JOB00848,QA Engineer,"['Automation Testing', 'Java', 'Python', 'SQL', 'Selenium']",5
JOB00849,Full Stack Developer,"['CSS', 'HTML', 'Java', 'JavaScript', 'Machine Learning', 'Node', 'React']",7
JOB00850,QA Engineer,"['Automation Testing', 'Java', 'Python', 'SQL', 'Selenium']",5
JOB00851,DevOps Engineer,"['AWS', 'Docker', 'Jenkins', 'Kubernetes', 'Linux', 'Oracle']",6
JOB00852,Software Engineer,"['Git', 'Java', 'Python', 'REST API', 'SQL']",5
JOB00853,Full Stack Developer,"['CSS', 'HTML', 'Java', 'JavaScript', 'Machine Learning', 'Node', 'React']",7
JOB00854,BI Analyst,"['DAX', 'Data Visualization', 'Excel', 'Power BI', 'SQL']",5
JOB00855,Database Administrator,"['Cloud Computing', 'Database', 'Database Administration', 'MySQL', 'Oracle', 'PostgreSQL', 'SQL']",7
JOB00856,Web Developer,"['CSS', 'Git', 'HTML', 'Java', 'JavaScript', 'Machine Learning', 'React']",7
JOB00857,Machine Learning Engineer,"['Docker', 'Machine Learning', 'Python', 'Scikit-learn', 'TensorFlow']",5
JOB00858,Product Analyst,"['Excel', 'Product Analytics', 'Python', 'SQL']",4
JOB00859,Data Analyst,"['Excel', 'Power BI', 'Python', 'SQL', 'Tableau']",5
JOB00860,Machine Learning Engineer,"['Docker', 'Machine Learning', 'Python', 'Scikit-learn', 'TensorFlow']",5
JOB00861,Cloud Engineer,"['AWS', 'Azure', 'Cloud Computing', 'Docker', 'Linux']",5
JOB00862,QA Engineer,"['Automation Testing', 'Java', 'Python', 'SQL', 'Selenium']",5
JOB00863,Data Analyst,"['Cloud Computing', 'Excel', 'Power BI', 'Python', 'SQL', 'Tableau']",6
JOB00864,BI Analyst,"['DAX', 'Data Visualization', 'Excel', 'Power BI', 'SQL']",5
JOB00865,Full Stack Developer,"['CSS', 'Cloud Computing', 'HTML', 'Java', 'JavaScript', 'Machine Learning', 'Node', 'React']",8
JOB00866,Machine Learning Engineer,"['Cloud Computing', 'Docker', 'Machine Learning', 'Python', 'Scikit-learn', 'TensorFlow']",6
JOB00867,Machine Learning Engineer,"['Docker', 'Machine Learning', 'Python', 'Scikit-learn', 'TensorFlow']",5
JOB00868,Cloud Engineer,"['AWS', 'Azure', 'Cloud Computing', 'Docker', 'Linux']",5
JOB00869,Business Analyst,"['Business Analysis', 'Excel', 'Power BI', 'Requirements Gathering', 'SQL']",5
JOB00870,HR Analyst,"['Cloud Computing', 'Data Analysis', 'Excel', 'HR Analytics', 'Power BI', 'SQL']",6
JOB00871,Machine Learning Engineer,"['Docker', 'Machine Learning', 'Python', 'Scikit-learn', 'TensorFlow']",5
JOB00872,Machine Learning Engineer,"['Docker', 'Machine Learning', 'Python', 'Scikit-learn', 'TensorFlow']",5
JOB00873,Financial Analyst,"['Excel', 'Financial Modeling', 'Power BI', 'SQL', 'Statistics']",5
JOB00874,Database Administrator,"['Database', 'Database Administration', 'MySQL', 'Oracle', 'PostgreSQL', 'SQL']",6
JOB00875,Power BI Developer,"['Cloud Computing', 'DAX', 'Excel', 'Power BI', 'Power Query', 'SQL']",6
JOB00876,Machine Learning Engineer,"['Docker', 'Machine Learning', 'Python', 'Scikit-learn', 'TensorFlow']",5
JOB00877,Data Scientist,"['Machine Learning', 'Pandas', 'Python', 'SQL', 'Statistics']",5
JOB00878,Python Developer,"['Django', 'Flask', 'Git', 'Python', 'SQL']",5
JOB00879,Machine Learning Engineer,"['Docker', 'Machine Learning', 'Python', 'Scikit-learn', 'TensorFlow']",5
JOB00880,Software Engineer,"['Git', 'Java', 'Python', 'REST API', 'SQL']",5
JOB00881,Data Scientist,"['Machine Learning', 'Pandas', 'Python', 'SQL', 'Statistics']",5
JOB00882,Database Administrator,"['Database', 'Database Administration', 'MySQL', 'Oracle', 'PostgreSQL', 'SQL']",6
JOB00883,Product Analyst,"['Excel', 'Product Analytics', 'Python', 'SQL']",4
JOB00884,Financial Analyst,"['Excel', 'Financial Modeling', 'Power BI', 'SQL', 'Statistics']",5
JOB00885,Data Analyst,"['Excel', 'Power BI', 'Python', 'SQL', 'Tableau']",5
JOB00886,QA Engineer,"['Automation Testing', 'Cloud Computing', 'Java', 'Python', 'SQL', 'Selenium']",6
JOB00887,Data Scientist,"['Machine Learning', 'Pandas', 'Python', 'SQL', 'Statistics']",5
JOB00888,QA Engineer,"['Automation Testing', 'Java', 'Python', 'SQL', 'Selenium']",5
JOB00889,Database Administrator,"['Cloud Computing', 'Database', 'Database Administration', 'MySQL', 'Oracle', 'PostgreSQL', 'SQL']",7
JOB00890,Product Analyst,"['Excel', 'Product Analytics', 'Python', 'SQL']",4
JOB00891,Full Stack Developer,"['CSS', 'HTML', 'Java', 'JavaScript', 'Machine Learning', 'Node', 'React']",7
JOB00892,Data Analyst,"['Excel', 'Power BI', 'Python', 'SQL', 'Tableau']",5
JOB00893,Software Engineer,"['Git', 'Java', 'Python', 'REST API', 'SQL']",5
JOB00894,Python Developer,"['Django', 'Flask', 'Git', 'Python', 'SQL']",5
JOB00895,Full Stack Developer,"['CSS', 'Cloud Computing', 'HTML', 'Java', 'JavaScript', 'Machine Learning', 'Node', 'React']",8
JOB00896,SQL Developer,"['Database', 'ETL', 'MySQL', 'PostgreSQL', 'SQL']",5
JOB00897,HR Analyst,"['Data Analysis', 'Excel', 'HR Analytics', 'Power BI', 'SQL']",5
JOB00898,Financial Analyst,"['Excel', 'Financial Modeling', 'Power BI', 'SQL', 'Statistics']",5
JOB00899,Data Engineer,"['AWS', 'ETL', 'Python', 'SQL', 'Spark']",5
JOB00900,Product Analyst,"['Excel', 'Product Analytics', 'Python', 'SQL']",4
JOB00901,HR Analyst,"['Data Analysis', 'Excel', 'HR Analytics', 'Power BI', 'SQL']",5
JOB00902,Web Developer,"['CSS', 'Git', 'HTML', 'Java', 'JavaScript', 'Machine Learning', 'React']",7
JOB00903,SQL Developer,"['Database', 'ETL', 'MySQL', 'PostgreSQL', 'SQL']",5
JOB00904,Business Analyst,"['Business Analysis', 'Excel', 'Power BI', 'Requirements Gathering', 'SQL']",5
JOB00905,BI Analyst,"['DAX', 'Data Visualization', 'Excel', 'Power BI', 'SQL']",5
JOB00906,Database Administrator,"['Database', 'Database Administration', 'MySQL', 'Oracle', 'PostgreSQL', 'SQL']",6
JOB00907,HR Analyst,"['Data Analysis', 'Excel', 'HR Analytics', 'Power BI', 'SQL']",5
JOB00908,Full Stack Developer,"['CSS', 'HTML', 'Java', 'JavaScript', 'Machine Learning', 'Node', 'React']",7
JOB00909,SQL Developer,"['Database', 'ETL', 'MySQL', 'PostgreSQL', 'SQL']",5
JOB00910,Web Developer,"['CSS', 'Git', 'HTML', 'Java', 'JavaScript', 'Machine Learning', 'React']",7
JOB00911,QA Engineer,"['Automation Testing', 'Java', 'Python', 'SQL', 'Selenium']",5
JOB00912,Data Engineer,"['AWS', 'ETL', 'Python', 'SQL', 'Spark']",5
JOB00913,Web Developer,"['CSS', 'Cloud Computing', 'Git', 'HTML', 'Java', 'JavaScript', 'Machine Learning', 'React']",8
JOB00914,BI Analyst,"['DAX', 'Data Visualization', 'Excel', 'Power BI', 'SQL']",5
JOB00915,Python Developer,"['Django', 'Flask', 'Git', 'Python', 'SQL']",5
JOB00916,Software Engineer,"['Git', 'Java', 'Python', 'REST API', 'SQL']",5
JOB00917,Data Scientist,"['Machine Learning', 'Pandas', 'Python', 'SQL', 'Statistics']",5
JOB00918,Cloud Engineer,"['AWS', 'Azure', 'Cloud Computing', 'Docker', 'Linux']",5
JOB00919,Business Analyst,"['Business Analysis', 'Excel', 'Power BI', 'Requirements Gathering', 'SQL']",5
JOB00920,HR Analyst,"['Data Analysis', 'Excel', 'HR Analytics', 'Power BI', 'SQL']",5
JOB00921,Product Analyst,"['Excel', 'Product Analytics', 'Python', 'SQL']",4
JOB00922,QA Engineer,"['Automation Testing', 'Java', 'Python', 'SQL', 'Selenium']",5
JOB00923,Cloud Engineer,"['AWS', 'Azure', 'Cloud Computing', 'Docker', 'Linux']",5
JOB00924,Financial Analyst,"['Excel', 'Financial Modeling', 'Power BI', 'SQL', 'Statistics']",5
JOB00925,Data Scientist,"['Machine Learning', 'Pandas', 'Python', 'SQL', 'Statistics']",5
JOB00926,DevOps Engineer,"['AWS', 'Cloud Computing', 'Docker', 'Jenkins', 'Kubernetes', 'Linux']",6
JOB00927,Financial Analyst,"['Excel', 'Financial Modeling', 'Power BI', 'SQL', 'Statistics']",5
JOB00928,Product Analyst,"['Excel', 'Product Analytics', 'Python', 'SQL']",4
JOB00929,DevOps Engineer,"['AWS', 'Docker', 'Jenkins', 'Kubernetes', 'Linux']",5
JOB00930,Database Administrator,"['Database', 'Database Administration', 'MySQL', 'Oracle', 'PostgreSQL', 'SQL']",6
JOB00931,QA Engineer,"['Automation Testing', 'Java', 'Python', 'SQL', 'Selenium']",5
JOB00932,BI Analyst,"['DAX', 'Data Visualization', 'Excel', 'Power BI', 'SQL']",5
JOB00933,Python Developer,"['Django', 'Flask', 'Git', 'Python', 'SQL']",5
JOB00934,Software Engineer,"['Git', 'Java', 'Python', 'REST API', 'SQL']",5
JOB00935,HR Analyst,"['Data Analysis', 'Excel', 'HR Analytics', 'Power BI', 'SQL']",5
JOB00936,BI Analyst,"['DAX', 'Data Visualization', 'Excel', 'Power BI', 'SQL']",5
JOB00937,Machine Learning Engineer,"['Docker', 'Machine Learning', 'Python', 'Scikit-learn', 'TensorFlow']",5
JOB00938,Data Analyst,"['Excel', 'Power BI', 'Python', 'SQL', 'Tableau']",5
JOB00939,QA Engineer,"['Automation Testing', 'Java', 'Python', 'SQL', 'Selenium']",5
JOB00940,Financial Analyst,"['Excel', 'Financial Modeling', 'Power BI', 'SQL', 'Statistics']",5
JOB00941,Full Stack Developer,"['CSS', 'HTML', 'Java', 'JavaScript', 'Machine Learning', 'Node', 'React']",7
JOB00942,QA Engineer,"['Automation Testing', 'Java', 'Python', 'SQL', 'Selenium']",5
JOB00943,Data Scientist,"['Machine Learning', 'Pandas', 'Python', 'SQL', 'Statistics']",5
JOB00944,BI Analyst,"['DAX', 'Data Visualization', 'Excel', 'Power BI', 'SQL']",5
JOB00945,DevOps Engineer,"['AWS', 'Docker', 'Jenkins', 'Kubernetes', 'Linux']",5
JOB00946,Data Engineer,"['AWS', 'ETL', 'Python', 'SQL', 'Spark']",5
JOB00947,Software Engineer,"['Git', 'Java', 'Python', 'REST API', 'SQL']",5
JOB00948,Marketing Analyst,"['Excel', 'Marketing Analytics', 'Power BI', 'Python', 'SQL']",5
JOB00949,Cloud Engineer,"['AWS', 'Azure', 'Cloud Computing', 'Docker', 'Linux']",5
JOB00950,Power BI Developer,"['DAX', 'Excel', 'Power BI', 'Power Query', 'SQL']",5
JOB00951,Financial Analyst,"['Excel', 'Financial Modeling', 'Power BI', 'SQL', 'Statistics']",5
JOB00952,Cloud Engineer,"['AWS', 'Azure', 'Cloud Computing', 'Docker', 'Linux']",5
JOB00953,Financial Analyst,"['Excel', 'Financial Modeling', 'Power BI', 'SQL', 'Statistics']",5
JOB00954,QA Engineer,"['Automation Testing', 'Java', 'Oracle', 'Python', 'SQL', 'Selenium']",6
JOB00955,BI Analyst,"['DAX', 'Data Visualization', 'Excel', 'Power BI', 'SQL']",5
JOB00956,Software Engineer,"['Git', 'Java', 'Python', 'REST API', 'SQL']",5
JOB00957,BI Analyst,"['DAX', 'Data Visualization', 'Excel', 'Power BI', 'SQL']",5
JOB00958,Marketing Analyst,"['Excel', 'Marketing Analytics', 'Power BI', 'Python', 'SQL']",5
JOB00959,Database Administrator,"['Database', 'Database Administration', 'MySQL', 'Oracle', 'PostgreSQL', 'SQL']",6
JOB00960,Software Engineer,"['Git', 'Java', 'Python', 'REST API', 'SQL']",5
JOB00961,Machine Learning Engineer,"['Docker', 'Machine Learning', 'Python', 'Scikit-learn', 'TensorFlow']",5
JOB00962,Data Engineer,"['AWS', 'ETL', 'Python', 'SQL', 'Spark']",5
JOB00963,BI Analyst,"['DAX', 'Data Visualization', 'Excel', 'Power BI', 'SQL']",5
JOB00964,Python Developer,"['Django', 'Flask', 'Git', 'Python', 'SQL']",5
JOB00965,Web Developer,"['CSS', 'Git', 'HTML', 'Java', 'JavaScript', 'Machine Learning', 'React']",7
JOB00966,Data Scientist,"['Machine Learning', 'Pandas', 'Python', 'SQL', 'Statistics']",5
JOB00967,Business Analyst,"['Business Analysis', 'Excel', 'Power BI', 'Requirements Gathering', 'SQL']",5
JOB00968,Data Scientist,"['Machine Learning', 'Pandas', 'Python', 'SQL', 'Statistics']",5
JOB00969,QA Engineer,"['Automation Testing', 'Java', 'Python', 'SQL', 'Selenium']",5
JOB00970,QA Engineer,"['Automation Testing', 'Java', 'Python', 'SQL', 'Selenium']",5
JOB00971,Machine Learning Engineer,"['Docker', 'Machine Learning', 'Python', 'Scikit-learn', 'TensorFlow']",5
JOB00972,DevOps Engineer,"['AWS', 'Docker', 'Jenkins', 'Kubernetes', 'Linux']",5
JOB00973,BI Analyst,"['DAX', 'Data Visualization', 'Excel', 'Power BI', 'SQL']",5
JOB00974,Power BI Developer,"['DAX', 'Excel', 'Power BI', 'Power Query', 'SQL']",5
JOB00975,Machine Learning Engineer,"['Docker', 'Machine Learning', 'Python', 'Scikit-learn', 'TensorFlow']",5
JOB00976,Product Analyst,"['Excel', 'Product Analytics', 'Python', 'SQL']",4
JOB00977,HR Analyst,"['Data Analysis', 'Excel', 'HR Analytics', 'Power BI', 'SQL']",5
JOB00978,DevOps Engineer,"['AWS', 'Docker', 'Jenkins', 'Kubernetes', 'Linux']",5
JOB00979,Financial Analyst,"['Excel', 'Financial Modeling', 'Power BI', 'SQL', 'Statistics']",5
JOB00980,Power BI Developer,"['DAX', 'Excel', 'Power BI', 'Power Query', 'SQL']",5
JOB00981,SQL Developer,"['Database', 'ETL', 'MySQL', 'PostgreSQL', 'SQL']",5
JOB00982,Financial Analyst,"['Excel', 'Financial Modeling', 'Power BI', 'SQL', 'Statistics']",5
JOB00983,BI Analyst,"['DAX', 'Data Visualization', 'Excel', 'Oracle', 'Power BI', 'SQL']",6
JOB00984,Software Engineer,"['Git', 'Java', 'Python', 'REST API', 'SQL']",5
JOB00985,Software Engineer,"['Git', 'Java', 'Python', 'REST API', 'SQL']",5
JOB00986,Python Developer,"['Django', 'Flask', 'Git', 'Python', 'SQL']",5
JOB00987,Data Scientist,"['Machine Learning', 'Pandas', 'Python', 'SQL', 'Statistics']",5
JOB00988,Financial Analyst,"['Excel', 'Financial Modeling', 'Power BI', 'SQL', 'Statistics']",5
JOB00989,Machine Learning Engineer,"['Docker', 'Machine Learning', 'Python', 'Scikit-learn', 'TensorFlow']",5
JOB00990,Business Analyst,"['Business Analysis', 'Excel', 'Power BI', 'Requirements Gathering', 'SQL']",5
JOB00991,Software Engineer,"['Git', 'Java', 'Python', 'REST API', 'SQL']",5
JOB00992,Product Analyst,"['Excel', 'Product Analytics', 'Python', 'SQL']",4
JOB00993,Power BI Developer,"['DAX', 'Excel', 'Power BI', 'Power Query', 'SQL']",5
JOB00994,Business Analyst,"['Business Analysis', 'Excel', 'Power BI', 'Requirements Gathering', 'SQL']",5
JOB00995,Database Administrator,"['Database', 'Database Administration', 'MySQL', 'Oracle', 'PostgreSQL', 'SQL']",6
JOB00996,Business Analyst,"['Business Analysis', 'Excel', 'Power BI', 'Requirements Gathering', 'SQL']",5
JOB00997,Data Scientist,"['Machine Learning', 'Pandas', 'Python', 'SQL', 'Statistics']",5
JOB00998,Business Analyst,"['Business Analysis', 'Excel', 'Power BI', 'Requirements Gathering', 'SQL']",5
JOB00999,Financial Analyst,"['Excel', 'Financial Modeling', 'Power BI', 'SQL', 'Statistics']",5
JOB01000,Financial Analyst,"['Excel', 'Financial Modeling', 'Power BI', 'SQL', 'Statistics']",5
JOB01001,Python Developer,"['Django', 'Flask', 'Git', 'Python', 'SQL']",5
JOB01002,Product Analyst,"['Excel', 'Product Analytics', 'Python', 'SQL']",4
JOB01003,Web Developer,"['CSS', 'Git', 'HTML', 'Java', 'JavaScript', 'Machine Learning', 'React']",7
JOB01004,Cloud Engineer,"['AWS', 'Azure', 'Cloud Computing', 'Docker', 'Linux']",5
JOB01005,Data Scientist,"['Machine Learning', 'Pandas', 'Python', 'SQL', 'Statistics']",5
JOB01006,Power BI Developer,"['DAX', 'Excel', 'Power BI', 'Power Query', 'SQL']",5
JOB01007,QA Engineer,"['Automation Testing', 'Java', 'Oracle', 'Python', 'SQL', 'Selenium']",6
JOB01008,Marketing Analyst,"['Excel', 'Marketing Analytics', 'Power BI', 'Python', 'SQL']",5
JOB01009,Data Engineer,"['AWS', 'ETL', 'Python', 'SQL', 'Spark']",5
JOB01010,DevOps Engineer,"['AWS', 'Docker', 'Jenkins', 'Kubernetes', 'Linux']",5
JOB01011,Software Engineer,"['Git', 'Java', 'Python', 'REST API', 'SQL']",5
JOB01012,Data Engineer,"['AWS', 'ETL', 'Python', 'SQL', 'Spark']",5
JOB01013,Cloud Engineer,"['AWS', 'Azure', 'Cloud Computing', 'Docker', 'Linux']",5
JOB01014,Data Scientist,"['Machine Learning', 'Pandas', 'Python', 'SQL', 'Statistics']",5
JOB01015,Power BI Developer,"['DAX', 'Excel', 'Power BI', 'Power Query', 'SQL']",5
JOB01016,Financial Analyst,"['Cloud Computing', 'Excel', 'Financial Modeling', 'Power BI', 'SQL', 'Statistics']",6
JOB01017,Web Developer,"['CSS', 'Git', 'HTML', 'Java', 'JavaScript', 'Machine Learning', 'React']",7
JOB01018,HR Analyst,"['Data Analysis', 'Excel', 'HR Analytics', 'Power BI', 'SQL']",5
JOB01019,Machine Learning Engineer,"['Docker', 'Machine Learning', 'Python', 'Scikit-learn', 'TensorFlow']",5
JOB01020,BI Analyst,"['DAX', 'Data Visualization', 'Excel', 'Oracle', 'Power BI', 'SQL']",6
JOB01021,Business Analyst,"['Business Analysis', 'Excel', 'Power BI', 'Requirements Gathering', 'SQL']",5
JOB01022,Machine Learning Engineer,"['Docker', 'Machine Learning', 'Python', 'Scikit-learn', 'TensorFlow']",5
JOB01023,Cloud Engineer,"['AWS', 'Azure', 'Cloud Computing', 'Docker', 'Linux']",5
JOB01024,Database Administrator,"['Database', 'Database Administration', 'MySQL', 'Oracle', 'PostgreSQL', 'SQL']",6
JOB01025,Data Engineer,"['AWS', 'ETL', 'Python', 'SQL', 'Spark']",5
JOB01026,Marketing Analyst,"['Cloud Computing', 'Excel', 'Marketing Analytics', 'Power BI', 'Python', 'SQL']",6
JOB01027,Business Analyst,"['Business Analysis', 'Excel', 'Power BI', 'Requirements Gathering', 'SQL']",5
JOB01028,SQL Developer,"['Database', 'ETL', 'MySQL', 'PostgreSQL', 'SQL']",5
JOB01029,Marketing Analyst,"['Excel', 'Marketing Analytics', 'Power BI', 'Python', 'SQL']",5
JOB01030,Financial Analyst,"['Excel', 'Financial Modeling', 'Power BI', 'SQL', 'Statistics']",5
JOB01031,Data Scientist,"['Machine Learning', 'Pandas', 'Python', 'SQL', 'Statistics']",5
JOB01032,Data Analyst,"['Excel', 'Power BI', 'Python', 'SQL', 'Tableau']",5
JOB01033,SQL Developer,"['Database', 'ETL', 'MySQL', 'PostgreSQL', 'SQL']",5
JOB01034,Full Stack Developer,"['CSS', 'HTML', 'Java', 'JavaScript', 'Machine Learning', 'Node', 'React']",7
JOB01035,Data Analyst,"['Excel', 'Power BI', 'Python', 'SQL', 'Tableau']",5
JOB01036,SQL Developer,"['Database', 'ETL', 'MySQL', 'PostgreSQL', 'SQL']",5
JOB01037,Data Engineer,"['AWS', 'ETL', 'Python', 'SQL', 'Spark']",5
JOB01038,Data Engineer,"['AWS', 'ETL', 'Python', 'SQL', 'Spark']",5
JOB01039,Web Developer,"['CSS', 'Git', 'HTML', 'Java', 'JavaScript', 'Machine Learning', 'React']",7
JOB01040,Database Administrator,"['Database', 'Database Administration', 'MySQL', 'Oracle', 'PostgreSQL', 'SQL']",6
JOB01041,Full Stack Developer,"['CSS', 'HTML', 'Java', 'JavaScript', 'Machine Learning', 'Node', 'React']",7
JOB01042,Web Developer,"['CSS', 'Git', 'HTML', 'Java', 'JavaScript', 'Machine Learning', 'Oracle', 'React']",8
JOB01043,Marketing Analyst,"['Excel', 'Marketing Analytics', 'Power BI', 'Python', 'SQL']",5
JOB01044,QA Engineer,"['Automation Testing', 'Java', 'Python', 'SQL', 'Selenium']",5
JOB01045,Software Engineer,"['Cloud Computing', 'Git', 'Java', 'Python', 'REST API', 'SQL']",6
JOB01046,Database Administrator,"['Database', 'Database Administration', 'MySQL', 'Oracle', 'PostgreSQL', 'SQL']",6
JOB01047,Cloud Engineer,"['AWS', 'Azure', 'Cloud Computing', 'Docker', 'Linux']",5
JOB01048,Database Administrator,"['Database', 'Database Administration', 'MySQL', 'Oracle', 'PostgreSQL', 'SQL']",6
JOB01049,Software Engineer,"['Git', 'Java', 'Python', 'REST API', 'SQL']",5
JOB01050,HR Analyst,"['Data Analysis', 'Excel', 'HR Analytics', 'Power BI', 'SQL']",5
JOB01051,HR Analyst,"['Data Analysis', 'Excel', 'HR Analytics', 'Oracle', 'Power BI', 'SQL']",6
JOB01052,DevOps Engineer,"['AWS', 'Docker', 'Jenkins', 'Kubernetes', 'Linux']",5
JOB01053,QA Engineer,"['Automation Testing', 'Java', 'Python', 'SQL', 'Selenium']",5
JOB01054,Financial Analyst,"['Excel', 'Financial Modeling', 'Power BI', 'SQL', 'Statistics']",5
JOB01055,Power BI Developer,"['DAX', 'Excel', 'Power BI', 'Power Query', 'SQL']",5
JOB01056,HR Analyst,"['Data Analysis', 'Excel', 'HR Analytics', 'Oracle', 'Power BI', 'SQL']",6
JOB01057,Full Stack Developer,"['CSS', 'HTML', 'Java', 'JavaScript', 'Machine Learning', 'Node', 'React']",7
JOB01058,Database Administrator,"['Database', 'Database Administration', 'MySQL', 'Oracle', 'PostgreSQL', 'SQL']",6
JOB01059,Cloud Engineer,"['AWS', 'Azure', 'Cloud Computing', 'Docker', 'Linux']",5
JOB01060,Power BI Developer,"['DAX', 'Excel', 'Power BI', 'Power Query', 'SQL']",5
JOB01061,DevOps Engineer,"['AWS', 'Docker', 'Jenkins', 'Kubernetes', 'Linux']",5
JOB01062,Financial Analyst,"['Excel', 'Financial Modeling', 'Power BI', 'SQL', 'Statistics']",5
JOB01063,Data Scientist,"['Machine Learning', 'Pandas', 'Python', 'SQL', 'Statistics']",5
JOB01064,Data Scientist,"['Machine Learning', 'Pandas', 'Python', 'SQL', 'Statistics']",5
JOB01065,Financial Analyst,"['Excel', 'Financial Modeling', 'Power BI', 'SQL', 'Statistics']",5
JOB01066,Data Scientist,"['Machine Learning', 'Oracle', 'Pandas', 'Python', 'SQL', 'Statistics']",6
JOB01067,DevOps Engineer,"['AWS', 'Docker', 'Jenkins', 'Kubernetes', 'Linux']",5
JOB01068,Marketing Analyst,"['Excel', 'Marketing Analytics', 'Power BI', 'Python', 'SQL']",5
JOB01069,QA Engineer,"['Automation Testing', 'Cloud Computing', 'Java', 'Python', 'SQL', 'Selenium']",6
JOB01070,Python Developer,"['Django', 'Flask', 'Git', 'Python', 'SQL']",5
JOB01071,Database Administrator,"['Database', 'Database Administration', 'MySQL', 'Oracle', 'PostgreSQL', 'SQL']",6
JOB01072,Database Administrator,"['Database', 'Database Administration', 'MySQL', 'Oracle', 'PostgreSQL', 'SQL']",6
JOB01073,Data Engineer,"['AWS', 'ETL', 'Python', 'SQL', 'Spark']",5
JOB01074,Financial Analyst,"['Excel', 'Financial Modeling', 'Power BI', 'SQL', 'Statistics']",5
JOB01075,Power BI Developer,"['DAX', 'Excel', 'Power BI', 'Power Query', 'SQL']",5
JOB01076,Data Analyst,"['Excel', 'Power BI', 'Python', 'SQL', 'Tableau']",5
JOB01077,Web Developer,"['CSS', 'Git', 'HTML', 'Java', 'JavaScript', 'Machine Learning', 'React']",7
JOB01078,Software Engineer,"['Git', 'Java', 'Oracle', 'Python', 'REST API', 'SQL']",6
JOB01079,Financial Analyst,"['Excel', 'Financial Modeling', 'Oracle', 'Power BI', 'SQL', 'Statistics']",6
JOB01080,QA Engineer,"['Automation Testing', 'Java', 'Python', 'SQL', 'Selenium']",5
JOB01081,Data Engineer,"['AWS', 'ETL', 'Oracle', 'Python', 'SQL', 'Spark']",6
JOB01082,Power BI Developer,"['DAX', 'Excel', 'Oracle', 'Power BI', 'Power Query', 'SQL']",6
JOB01083,Marketing Analyst,"['Excel', 'Marketing Analytics', 'Power BI', 'Python', 'SQL']",5
JOB01084,Financial Analyst,"['Excel', 'Financial Modeling', 'Power BI', 'SQL', 'Statistics']",5
JOB01085,Data Analyst,"['Excel', 'Power BI', 'Python', 'SQL', 'Tableau']",5
JOB01086,Marketing Analyst,"['Excel', 'Marketing Analytics', 'Power BI', 'Python', 'SQL']",5
JOB01087,Power BI Developer,"['DAX', 'Excel', 'Power BI', 'Power Query', 'SQL']",5
JOB01088,DevOps Engineer,"['AWS', 'Cloud Computing', 'Docker', 'Jenkins', 'Kubernetes', 'Linux']",6
JOB01089,Full Stack Developer,"['CSS', 'HTML', 'Java', 'JavaScript', 'Machine Learning', 'Node', 'Oracle', 'React']",8
JOB01090,Product Analyst,"['Excel', 'Product Analytics', 'Python', 'SQL']",4
JOB01091,Python Developer,"['Django', 'Flask', 'Git', 'Python', 'SQL']",5
JOB01092,Machine Learning Engineer,"['Docker', 'Machine Learning', 'Python', 'Scikit-learn', 'TensorFlow']",5
JOB01093,Product Analyst,"['Excel', 'Product Analytics', 'Python', 'SQL']",4
JOB01094,HR Analyst,"['Data Analysis', 'Excel', 'HR Analytics', 'Power BI', 'SQL']",5
JOB01095,Marketing Analyst,"['Excel', 'Marketing Analytics', 'Power BI', 'Python', 'SQL']",5
JOB01096,HR Analyst,"['Data Analysis', 'Excel', 'HR Analytics', 'Power BI', 'SQL']",5
JOB01097,Machine Learning Engineer,"['Docker', 'Machine Learning', 'Python', 'Scikit-learn', 'TensorFlow']",5
JOB01098,DevOps Engineer,"['AWS', 'Docker', 'Jenkins', 'Kubernetes', 'Linux']",5
JOB01099,BI Analyst,"['DAX', 'Data Visualization', 'Excel', 'Power BI', 'SQL']",5
JOB01100,Data Engineer,"['AWS', 'ETL', 'Python', 'SQL', 'Spark']",5
JOB01101,Software Engineer,"['Git', 'Java', 'Python', 'REST API', 'SQL']",5
JOB01102,Power BI Developer,"['DAX', 'Excel', 'Power BI', 'Power Query', 'SQL']",5
JOB01103,QA Engineer,"['Automation Testing', 'Java', 'Python', 'SQL', 'Selenium']",5
JOB01104,Database Administrator,"['Database', 'Database Administration', 'MySQL', 'Oracle', 'PostgreSQL', 'SQL']",6
JOB01105,HR Analyst,"['Data Analysis', 'Excel', 'HR Analytics', 'Power BI', 'SQL']",5
JOB01106,Power BI Developer,"['DAX', 'Excel', 'Power BI', 'Power Query', 'SQL']",5
JOB01107,Power BI Developer,"['DAX', 'Excel', 'Power BI', 'Power Query', 'SQL']",5
JOB01108,Marketing Analyst,"['Excel', 'Marketing Analytics', 'Power BI', 'Python', 'SQL']",5
JOB01109,Web Developer,"['CSS', 'Git', 'HTML', 'Java', 'JavaScript', 'Machine Learning', 'React']",7
JOB01110,BI Analyst,"['DAX', 'Data Visualization', 'Excel', 'Power BI', 'SQL']",5
JOB01111,HR Analyst,"['Data Analysis', 'Excel', 'HR Analytics', 'Power BI', 'SQL']",5
JOB01112,BI Analyst,"['DAX', 'Data Visualization', 'Excel', 'Power BI', 'SQL']",5
JOB01113,Marketing Analyst,"['Excel', 'Marketing Analytics', 'Power BI', 'Python', 'SQL']",5
JOB01114,Machine Learning Engineer,"['Docker', 'Machine Learning', 'Python', 'Scikit-learn', 'TensorFlow']",5
JOB01115,Data Engineer,"['AWS', 'ETL', 'Python', 'SQL', 'Spark']",5
JOB01116,QA Engineer,"['Automation Testing', 'Java', 'Python', 'SQL', 'Selenium']",5
JOB01117,HR Analyst,"['Data Analysis', 'Excel', 'HR Analytics', 'Oracle', 'Power BI', 'SQL']",6
JOB01118,Financial Analyst,"['Excel', 'Financial Modeling', 'Power BI', 'SQL', 'Statistics']",5
JOB01119,HR Analyst,"['Data Analysis', 'Excel', 'HR Analytics', 'Oracle', 'Power BI', 'SQL']",6
JOB01120,Machine Learning Engineer,"['Docker', 'Machine Learning', 'Python', 'Scikit-learn', 'TensorFlow']",5
JOB01121,Machine Learning Engineer,"['Docker', 'Machine Learning', 'Python', 'Scikit-learn', 'TensorFlow']",5
JOB01122,Software Engineer,"['Git', 'Java', 'Python', 'REST API', 'SQL']",5
JOB01123,SQL Developer,"['Database', 'ETL', 'MySQL', 'PostgreSQL', 'SQL']",5
JOB01124,Data Scientist,"['Machine Learning', 'Pandas', 'Python', 'SQL', 'Statistics']",5
JOB01125,Database Administrator,"['Database', 'Database Administration', 'MySQL', 'Oracle', 'PostgreSQL', 'SQL']",6
JOB01126,HR Analyst,"['Data Analysis', 'Excel', 'HR Analytics', 'Power BI', 'SQL']",5
JOB01127,Power BI Developer,"['DAX', 'Excel', 'Power BI', 'Power Query', 'SQL']",5
JOB01128,Data Scientist,"['Machine Learning', 'Pandas', 'Python', 'SQL', 'Statistics']",5
JOB01129,Product Analyst,"['Cloud Computing', 'Excel', 'Product Analytics', 'Python', 'SQL']",5
JOB01130,Financial Analyst,"['Excel', 'Financial Modeling', 'Power BI', 'SQL', 'Statistics']",5
JOB01131,SQL Developer,"['Database', 'ETL', 'MySQL', 'PostgreSQL', 'SQL']",5
JOB01132,Power BI Developer,"['DAX', 'Excel', 'Power BI', 'Power Query', 'SQL']",5
JOB01133,Data Engineer,"['AWS', 'ETL', 'Python', 'SQL', 'Spark']",5
JOB01134,Machine Learning Engineer,"['Docker', 'Machine Learning', 'Python', 'Scikit-learn', 'TensorFlow']",5
JOB01135,Data Scientist,"['Machine Learning', 'Pandas', 'Python', 'SQL', 'Statistics']",5
JOB01136,Python Developer,"['Django', 'Flask', 'Git', 'Python', 'SQL']",5
JOB01137,Software Engineer,"['Git', 'Java', 'Python', 'REST API', 'SQL']",5
JOB01138,SQL Developer,"['Database', 'ETL', 'MySQL', 'PostgreSQL', 'SQL']",5
JOB01139,Machine Learning Engineer,"['Docker', 'Machine Learning', 'Python', 'Scikit-learn', 'TensorFlow']",5
JOB01140,Data Analyst,"['Excel', 'Power BI', 'Python', 'SQL', 'Tableau']",5
JOB01141,Web Developer,"['CSS', 'Git', 'HTML', 'Java', 'JavaScript', 'Machine Learning', 'React']",7
JOB01142,Marketing Analyst,"['Excel', 'Marketing Analytics', 'Power BI', 'Python', 'SQL']",5
JOB01143,Product Analyst,"['Excel', 'Product Analytics', 'Python', 'SQL']",4
JOB01144,Data Analyst,"['Excel', 'Power BI', 'Python', 'SQL', 'Tableau']",5
JOB01145,BI Analyst,"['DAX', 'Data Visualization', 'Excel', 'Power BI', 'SQL']",5
JOB01146,DevOps Engineer,"['AWS', 'Cloud Computing', 'Docker', 'Jenkins', 'Kubernetes', 'Linux']",6
JOB01147,Full Stack Developer,"['CSS', 'HTML', 'Java', 'JavaScript', 'Machine Learning', 'Node', 'React']",7
JOB01148,HR Analyst,"['Data Analysis', 'Excel', 'HR Analytics', 'Power BI', 'SQL']",5
JOB01149,Data Analyst,"['Excel', 'Power BI', 'Python', 'SQL', 'Tableau']",5
JOB01150,Python Developer,"['Django', 'Flask', 'Git', 'Python', 'SQL']",5
JOB01151,Product Analyst,"['Excel', 'Product Analytics', 'Python', 'SQL']",4
JOB01152,Full Stack Developer,"['CSS', 'HTML', 'Java', 'JavaScript', 'Machine Learning', 'Node', 'React']",7
JOB01153,BI Analyst,"['DAX', 'Data Visualization', 'Excel', 'Power BI', 'SQL']",5
JOB01154,SQL Developer,"['Cloud Computing', 'Database', 'ETL', 'MySQL', 'PostgreSQL', 'SQL']",6
JOB01155,Web Developer,"['CSS', 'Git', 'HTML', 'Java', 'JavaScript', 'Machine Learning', 'Oracle', 'React']",8
JOB01156,Data Analyst,"['Excel', 'Power BI', 'Python', 'SQL', 'Tableau']",5
JOB01157,Python Developer,"['Django', 'Flask', 'Git', 'Python', 'SQL']",5
JOB01158,Data Scientist,"['Machine Learning', 'Pandas', 'Python', 'SQL', 'Statistics']",5
JOB01159,Product Analyst,"['Excel', 'Product Analytics', 'Python', 'SQL']",4
JOB01160,Database Administrator,"['Database', 'Database Administration', 'MySQL', 'Oracle', 'PostgreSQL', 'SQL']",6
JOB01161,Financial Analyst,"['Excel', 'Financial Modeling', 'Power BI', 'SQL', 'Statistics']",5
JOB01162,Data Engineer,"['AWS', 'ETL', 'Python', 'SQL', 'Spark']",5
JOB01163,Data Scientist,"['Machine Learning', 'Pandas', 'Python', 'SQL', 'Statistics']",5
JOB01164,Data Scientist,"['Machine Learning', 'Pandas', 'Python', 'SQL', 'Statistics']",5
JOB01165,Data Analyst,"['Excel', 'Oracle', 'Power BI', 'Python', 'SQL', 'Tableau']",6
JOB01166,Machine Learning Engineer,"['Docker', 'Machine Learning', 'Oracle', 'Python', 'Scikit-learn', 'TensorFlow']",6
JOB01167,Data Scientist,"['Machine Learning', 'Pandas', 'Python', 'SQL', 'Statistics']",5
JOB01168,Data Scientist,"['Machine Learning', 'Pandas', 'Python', 'SQL', 'Statistics']",5
JOB01169,Software Engineer,"['Git', 'Java', 'Python', 'REST API', 'SQL']",5
JOB01170,Data Scientist,"['Machine Learning', 'Pandas', 'Python', 'SQL', 'Statistics']",5
JOB01171,Power BI Developer,"['DAX', 'Excel', 'Power BI', 'Power Query', 'SQL']",5
JOB01172,HR Analyst,"['Data Analysis', 'Excel', 'HR Analytics', 'Power BI', 'SQL']",5
JOB01173,HR Analyst,"['Data Analysis', 'Excel', 'HR Analytics', 'Power BI', 'SQL']",5
JOB01174,Full Stack Developer,"['CSS', 'Cloud Computing', 'HTML', 'Java', 'JavaScript', 'Machine Learning', 'Node', 'React']",8
JOB01175,BI Analyst,"['DAX', 'Data Visualization', 'Excel', 'Power BI', 'SQL']",5
JOB01176,Business Analyst,"['Business Analysis', 'Excel', 'Power BI', 'Requirements Gathering', 'SQL']",5
JOB01177,DevOps Engineer,"['AWS', 'Docker', 'Jenkins', 'Kubernetes', 'Linux']",5
JOB01178,Full Stack Developer,"['CSS', 'HTML', 'Java', 'JavaScript', 'Machine Learning', 'Node', 'React']",7
JOB01179,Marketing Analyst,"['Excel', 'Marketing Analytics', 'Power BI', 'Python', 'SQL']",5
JOB01180,SQL Developer,"['Cloud Computing', 'Database', 'ETL', 'MySQL', 'PostgreSQL', 'SQL']",6
JOB01181,Full Stack Developer,"['CSS', 'HTML', 'Java', 'JavaScript', 'Machine Learning', 'Node', 'React']",7
JOB01182,Data Engineer,"['AWS', 'ETL', 'Python', 'SQL', 'Spark']",5
JOB01183,Data Analyst,"['Excel', 'Power BI', 'Python', 'SQL', 'Tableau']",5
JOB01184,Database Administrator,"['Database', 'Database Administration', 'MySQL', 'Oracle', 'PostgreSQL', 'SQL']",6
JOB01185,Data Scientist,"['Machine Learning', 'Pandas', 'Python', 'SQL', 'Statistics']",5
JOB01186,SQL Developer,"['Database', 'ETL', 'MySQL', 'PostgreSQL', 'SQL']",5
JOB01187,DevOps Engineer,"['AWS', 'Docker', 'Jenkins', 'Kubernetes', 'Linux']",5
JOB01188,Python Developer,"['Django', 'Flask', 'Git', 'Python', 'SQL']",5
JOB01189,Power BI Developer,"['DAX', 'Excel', 'Power BI', 'Power Query', 'SQL']",5
JOB01190,BI Analyst,"['DAX', 'Data Visualization', 'Excel', 'Power BI', 'SQL']",5
JOB01191,Software Engineer,"['Git', 'Java', 'Python', 'REST API', 'SQL']",5
JOB01192,Web Developer,"['CSS', 'Git', 'HTML', 'Java', 'JavaScript', 'Machine Learning', 'React']",7
JOB01193,Software Engineer,"['Git', 'Java', 'Python', 'REST API', 'SQL']",5
JOB01194,SQL Developer,"['Cloud Computing', 'Database', 'ETL', 'MySQL', 'PostgreSQL', 'SQL']",6
JOB01195,Marketing Analyst,"['Excel', 'Marketing Analytics', 'Power BI', 'Python', 'SQL']",5
JOB01196,Marketing Analyst,"['Excel', 'Marketing Analytics', 'Oracle', 'Power BI', 'Python', 'SQL']",6
JOB01197,QA Engineer,"['Automation Testing', 'Java', 'Python', 'SQL', 'Selenium']",5
JOB01198,SQL Developer,"['Database', 'ETL', 'MySQL', 'PostgreSQL', 'SQL']",5
JOB01199,Product Analyst,"['Cloud Computing', 'Excel', 'Product Analytics', 'Python', 'SQL']",5
JOB01200,Web Developer,"['CSS', 'Git', 'HTML', 'Java', 'JavaScript', 'Machine Learning', 'React']",7
JOB01201,HR Analyst,"['Data Analysis', 'Excel', 'HR Analytics', 'Power BI', 'SQL']",5
JOB01202,Data Analyst,"['Excel', 'Power BI', 'Python', 'SQL', 'Tableau']",5
JOB01203,DevOps Engineer,"['AWS', 'Docker', 'Jenkins', 'Kubernetes', 'Linux']",5
JOB01204,Machine Learning Engineer,"['Docker', 'Machine Learning', 'Python', 'Scikit-learn', 'TensorFlow']",5
JOB01205,Database Administrator,"['Database', 'Database Administration', 'MySQL', 'Oracle', 'PostgreSQL', 'SQL']",6
JOB01206,Data Analyst,"['Excel', 'Power BI', 'Python', 'SQL', 'Tableau']",5
JOB01207,Financial Analyst,"['Excel', 'Financial Modeling', 'Power BI', 'SQL', 'Statistics']",5
JOB01208,Financial Analyst,"['Excel', 'Financial Modeling', 'Power BI', 'SQL', 'Statistics']",5
JOB01209,Database Administrator,"['Cloud Computing', 'Database', 'Database Administration', 'MySQL', 'Oracle', 'PostgreSQL', 'SQL']",7
JOB01210,HR Analyst,"['Data Analysis', 'Excel', 'HR Analytics', 'Power BI', 'SQL']",5
JOB01211,Financial Analyst,"['Excel', 'Financial Modeling', 'Power BI', 'SQL', 'Statistics']",5
JOB01212,Product Analyst,"['Excel', 'Product Analytics', 'Python', 'SQL']",4
JOB01213,Database Administrator,"['Database', 'Database Administration', 'MySQL', 'Oracle', 'PostgreSQL', 'SQL']",6
JOB01214,Power BI Developer,"['Cloud Computing', 'DAX', 'Excel', 'Power BI', 'Power Query', 'SQL']",6
JOB01215,QA Engineer,"['Automation Testing', 'Java', 'Python', 'SQL', 'Selenium']",5
JOB01216,Business Analyst,"['Business Analysis', 'Excel', 'Power BI', 'Requirements Gathering', 'SQL']",5
JOB01217,DevOps Engineer,"['AWS', 'Docker', 'Jenkins', 'Kubernetes', 'Linux']",5
JOB01218,BI Analyst,"['DAX', 'Data Visualization', 'Excel', 'Power BI', 'SQL']",5
JOB01219,Machine Learning Engineer,"['Docker', 'Machine Learning', 'Python', 'Scikit-learn', 'TensorFlow']",5
JOB01220,Software Engineer,"['Git', 'Java', 'Python', 'REST API', 'SQL']",5
JOB01221,QA Engineer,"['Automation Testing', 'Java', 'Python', 'SQL', 'Selenium']",5
JOB01222,HR Analyst,"['Cloud Computing', 'Data Analysis', 'Excel', 'HR Analytics', 'Power BI', 'SQL']",6
JOB01223,QA Engineer,"['Automation Testing', 'Java', 'Oracle', 'Python', 'SQL', 'Selenium']",6
JOB01224,DevOps Engineer,"['AWS', 'Docker', 'Jenkins', 'Kubernetes', 'Linux']",5
JOB01225,Python Developer,"['Django', 'Flask', 'Git', 'Python', 'SQL']",5
JOB01226,QA Engineer,"['Automation Testing', 'Java', 'Python', 'SQL', 'Selenium']",5
JOB01227,Data Scientist,"['Machine Learning', 'Pandas', 'Python', 'SQL', 'Statistics']",5
JOB01228,Machine Learning Engineer,"['Docker', 'Machine Learning', 'Python', 'Scikit-learn', 'TensorFlow']",5
JOB01229,SQL Developer,"['Database', 'ETL', 'MySQL', 'PostgreSQL', 'SQL']",5
JOB01230,Power BI Developer,"['DAX', 'Excel', 'Power BI', 'Power Query', 'SQL']",5
JOB01231,Cloud Engineer,"['AWS', 'Azure', 'Cloud Computing', 'Docker', 'Linux']",5
JOB01232,Data Scientist,"['Cloud Computing', 'Machine Learning', 'Pandas', 'Python', 'SQL', 'Statistics']",6
JOB01233,Cloud Engineer,"['AWS', 'Azure', 'Cloud Computing', 'Docker', 'Linux']",5
JOB01234,Machine Learning Engineer,"['Docker', 'Machine Learning', 'Python', 'Scikit-learn', 'TensorFlow']",5
JOB01235,Cloud Engineer,"['AWS', 'Azure', 'Cloud Computing', 'Docker', 'Linux']",5
JOB01236,Product Analyst,"['Excel', 'Product Analytics', 'Python', 'SQL']",4
JOB01237,HR Analyst,"['Data Analysis', 'Excel', 'HR Analytics', 'Power BI', 'SQL']",5
JOB01238,BI Analyst,"['DAX', 'Data Visualization', 'Excel', 'Power BI', 'SQL']",5
JOB01239,Database Administrator,"['Database', 'Database Administration', 'MySQL', 'Oracle', 'PostgreSQL', 'SQL']",6
JOB01240,Python Developer,"['Django', 'Flask', 'Git', 'Python', 'SQL']",5
JOB01241,Full Stack Developer,"['CSS', 'HTML', 'Java', 'JavaScript', 'Machine Learning', 'Node', 'React']",7
JOB01242,SQL Developer,"['Database', 'ETL', 'MySQL', 'PostgreSQL', 'SQL']",5
JOB01243,Data Analyst,"['Excel', 'Power BI', 'Python', 'SQL', 'Tableau']",5
JOB01244,Full Stack Developer,"['CSS', 'HTML', 'Java', 'JavaScript', 'Machine Learning', 'Node', 'React']",7
JOB01245,Machine Learning Engineer,"['Docker', 'Machine Learning', 'Python', 'Scikit-learn', 'TensorFlow']",5
JOB01246,Power BI Developer,"['DAX', 'Excel', 'Power BI', 'Power Query', 'SQL']",5
JOB01247,Data Scientist,"['Machine Learning', 'Pandas', 'Python', 'SQL', 'Statistics']",5
JOB01248,Marketing Analyst,"['Excel', 'Marketing Analytics', 'Power BI', 'Python', 'SQL']",5
JOB01249,DevOps Engineer,"['AWS', 'Docker', 'Jenkins', 'Kubernetes', 'Linux']",5
JOB01250,BI Analyst,"['DAX', 'Data Visualization', 'Excel', 'Oracle', 'Power BI', 'SQL']",6
JOB01251,Web Developer,"['CSS', 'Git', 'HTML', 'Java', 'JavaScript', 'Machine Learning', 'React']",7
JOB01252,Marketing Analyst,"['Excel', 'Marketing Analytics', 'Power BI', 'Python', 'SQL']",5
JOB01253,Database Administrator,"['Database', 'Database Administration', 'MySQL', 'Oracle', 'PostgreSQL', 'SQL']",6
JOB01254,Full Stack Developer,"['CSS', 'HTML', 'Java', 'JavaScript', 'Machine Learning', 'Node', 'React']",7
JOB01255,Data Scientist,"['Machine Learning', 'Oracle', 'Pandas', 'Python', 'SQL', 'Statistics']",6
JOB01256,Data Scientist,"['Machine Learning', 'Pandas', 'Python', 'SQL', 'Statistics']",5
JOB01257,Data Engineer,"['AWS', 'ETL', 'Python', 'SQL', 'Spark']",5
JOB01258,Python Developer,"['Django', 'Flask', 'Git', 'Python', 'SQL']",5
JOB01259,Cloud Engineer,"['AWS', 'Azure', 'Cloud Computing', 'Docker', 'Linux', 'Oracle']",6
JOB01260,HR Analyst,"['Data Analysis', 'Excel', 'HR Analytics', 'Power BI', 'SQL']",5
JOB01261,Data Analyst,"['Excel', 'Power BI', 'Python', 'SQL', 'Tableau']",5
JOB01262,Cloud Engineer,"['AWS', 'Azure', 'Cloud Computing', 'Docker', 'Linux']",5
JOB01263,Data Scientist,"['Machine Learning', 'Pandas', 'Python', 'SQL', 'Statistics']",5
JOB01264,Data Analyst,"['Excel', 'Power BI', 'Python', 'SQL', 'Tableau']",5
JOB01265,BI Analyst,"['DAX', 'Data Visualization', 'Excel', 'Power BI', 'SQL']",5
JOB01266,Machine Learning Engineer,"['Docker', 'Machine Learning', 'Python', 'Scikit-learn', 'TensorFlow']",5
JOB01267,BI Analyst,"['DAX', 'Data Visualization', 'Excel', 'Power BI', 'SQL']",5
JOB01268,Power BI Developer,"['DAX', 'Excel', 'Power BI', 'Power Query', 'SQL']",5
JOB01269,Data Analyst,"['Excel', 'Power BI', 'Python', 'SQL', 'Tableau']",5
JOB01270,Full Stack Developer,"['CSS', 'HTML', 'Java', 'JavaScript', 'Machine Learning', 'Node', 'React']",7
JOB01271,Power BI Developer,"['DAX', 'Excel', 'Power BI', 'Power Query', 'SQL']",5
JOB01272,Data Engineer,"['AWS', 'ETL', 'Python', 'SQL', 'Spark']",5
JOB01273,Data Engineer,"['AWS', 'Cloud Computing', 'ETL', 'Python', 'SQL', 'Spark']",6
JOB01274,Power BI Developer,"['DAX', 'Excel', 'Power BI', 'Power Query', 'SQL']",5
JOB01275,Data Engineer,"['AWS', 'ETL', 'Python', 'SQL', 'Spark']",5
JOB01276,BI Analyst,"['DAX', 'Data Visualization', 'Excel', 'Power BI', 'SQL']",5
JOB01277,HR Analyst,"['Data Analysis', 'Excel', 'HR Analytics', 'Power BI', 'SQL']",5
JOB01278,SQL Developer,"['Database', 'ETL', 'MySQL', 'PostgreSQL', 'SQL']",5
JOB01279,Data Scientist,"['Machine Learning', 'Pandas', 'Python', 'SQL', 'Statistics']",5
JOB01280,Data Analyst,"['Excel', 'Power BI', 'Python', 'SQL', 'Tableau']",5
JOB01281,Cloud Engineer,"['AWS', 'Azure', 'Cloud Computing', 'Docker', 'Linux']",5
JOB01282,Power BI Developer,"['DAX', 'Excel', 'Power BI', 'Power Query', 'SQL']",5
JOB01283,Database Administrator,"['Database', 'Database Administration', 'MySQL', 'Oracle', 'PostgreSQL', 'SQL']",6
JOB01284,Power BI Developer,"['DAX', 'Excel', 'Power BI', 'Power Query', 'SQL']",5
JOB01285,Power BI Developer,"['DAX', 'Excel', 'Power BI', 'Power Query', 'SQL']",5
JOB01286,BI Analyst,"['DAX', 'Data Visualization', 'Excel', 'Power BI', 'SQL']",5
JOB01287,Data Analyst,"['Excel', 'Power BI', 'Python', 'SQL', 'Tableau']",5
JOB01288,Web Developer,"['CSS', 'Git', 'HTML', 'Java', 'JavaScript', 'Machine Learning', 'React']",7
JOB01289,Financial Analyst,"['Excel', 'Financial Modeling', 'Power BI', 'SQL', 'Statistics']",5
JOB01290,Marketing Analyst,"['Excel', 'Marketing Analytics', 'Power BI', 'Python', 'SQL']",5
JOB01291,DevOps Engineer,"['AWS', 'Docker', 'Jenkins', 'Kubernetes', 'Linux']",5
JOB01292,Product Analyst,"['Excel', 'Product Analytics', 'Python', 'SQL']",4
JOB01293,Data Analyst,"['Excel', 'Power BI', 'Python', 'SQL', 'Tableau']",5
JOB01294,Financial Analyst,"['Excel', 'Financial Modeling', 'Power BI', 'SQL', 'Statistics']",5
JOB01295,Web Developer,"['CSS', 'Git', 'HTML', 'Java', 'JavaScript', 'Machine Learning', 'React']",7
JOB01296,Product Analyst,"['Excel', 'Product Analytics', 'Python', 'SQL']",4
JOB01297,Data Scientist,"['Machine Learning', 'Pandas', 'Python', 'SQL', 'Statistics']",5
JOB01298,QA Engineer,"['Automation Testing', 'Java', 'Python', 'SQL', 'Selenium']",5
JOB01299,QA Engineer,"['Automation Testing', 'Java', 'Python', 'SQL', 'Selenium']",5
JOB01300,Marketing Analyst,"['Excel', 'Marketing Analytics', 'Power BI', 'Python', 'SQL']",5
JOB01301,Database Administrator,"['Database', 'Database Administration', 'MySQL', 'Oracle', 'PostgreSQL', 'SQL']",6
JOB01302,Software Engineer,"['Git', 'Java', 'Python', 'REST API', 'SQL']",5
JOB01303,DevOps Engineer,"['AWS', 'Docker', 'Jenkins', 'Kubernetes', 'Linux']",5
JOB01304,Financial Analyst,"['Excel', 'Financial Modeling', 'Power BI', 'SQL', 'Statistics']",5
JOB01305,Web Developer,"['CSS', 'Git', 'HTML', 'Java', 'JavaScript', 'Machine Learning', 'React']",7
JOB01306,Data Analyst,"['Excel', 'Power BI', 'Python', 'SQL', 'Tableau']",5
JOB01307,Power BI Developer,"['Cloud Computing', 'DAX', 'Excel', 'Power BI', 'Power Query', 'SQL']",6
JOB01308,Machine Learning Engineer,"['Docker', 'Machine Learning', 'Python', 'Scikit-learn', 'TensorFlow']",5
JOB01309,QA Engineer,"['Automation Testing', 'Java', 'Python', 'SQL', 'Selenium']",5
JOB01310,SQL Developer,"['Database', 'ETL', 'MySQL', 'PostgreSQL', 'SQL']",5
JOB01311,Python Developer,"['Django', 'Flask', 'Git', 'Python', 'SQL']",5
JOB01312,Marketing Analyst,"['Excel', 'Marketing Analytics', 'Power BI', 'Python', 'SQL']",5
JOB01313,Machine Learning Engineer,"['Docker', 'Machine Learning', 'Python', 'Scikit-learn', 'TensorFlow']",5
JOB01314,Data Scientist,"['Machine Learning', 'Pandas', 'Python', 'SQL', 'Statistics']",5
JOB01315,Machine Learning Engineer,"['Docker', 'Machine Learning', 'Python', 'Scikit-learn', 'TensorFlow']",5
JOB01316,Cloud Engineer,"['AWS', 'Azure', 'Cloud Computing', 'Docker', 'Linux']",5
JOB01317,DevOps Engineer,"['AWS', 'Docker', 'Jenkins', 'Kubernetes', 'Linux']",5
JOB01318,Power BI Developer,"['DAX', 'Excel', 'Power BI', 'Power Query', 'SQL']",5
JOB01319,SQL Developer,"['Database', 'ETL', 'MySQL', 'PostgreSQL', 'SQL']",5
JOB01320,Database Administrator,"['Database', 'Database Administration', 'MySQL', 'Oracle', 'PostgreSQL', 'SQL']",6
JOB01321,Data Scientist,"['Machine Learning', 'Pandas', 'Python', 'SQL', 'Statistics']",5
JOB01322,BI Analyst,"['DAX', 'Data Visualization', 'Excel', 'Power BI', 'SQL']",5
JOB01323,Business Analyst,"['Business Analysis', 'Excel', 'Power BI', 'Requirements Gathering', 'SQL']",5
JOB01324,Database Administrator,"['Database', 'Database Administration', 'MySQL', 'Oracle', 'PostgreSQL', 'SQL']",6
JOB01325,Business Analyst,"['Business Analysis', 'Excel', 'Power BI', 'Requirements Gathering', 'SQL']",5
JOB01326,Full Stack Developer,"['CSS', 'HTML', 'Java', 'JavaScript', 'Machine Learning', 'Node', 'React']",7
JOB01327,Data Scientist,"['Machine Learning', 'Pandas', 'Python', 'SQL', 'Statistics']",5
JOB01328,Data Scientist,"['Machine Learning', 'Pandas', 'Python', 'SQL', 'Statistics']",5
JOB01329,Data Scientist,"['Machine Learning', 'Pandas', 'Python', 'SQL', 'Statistics']",5
JOB01330,Data Engineer,"['AWS', 'ETL', 'Python', 'SQL', 'Spark']",5
JOB01331,Data Scientist,"['Machine Learning', 'Pandas', 'Python', 'SQL', 'Statistics']",5
JOB01332,Data Scientist,"['Machine Learning', 'Pandas', 'Python', 'SQL', 'Statistics']",5
JOB01333,Data Analyst,"['Excel', 'Power BI', 'Python', 'SQL', 'Tableau']",5
JOB01334,Marketing Analyst,"['Excel', 'Marketing Analytics', 'Power BI', 'Python', 'SQL']",5
JOB01335,Product Analyst,"['Excel', 'Product Analytics', 'Python', 'SQL']",4
JOB01336,Python Developer,"['Django', 'Flask', 'Git', 'Python', 'SQL']",5
JOB01337,Cloud Engineer,"['AWS', 'Azure', 'Cloud Computing', 'Docker', 'Linux']",5
JOB01338,Software Engineer,"['Git', 'Java', 'Python', 'REST API', 'SQL']",5
JOB01339,Full Stack Developer,"['CSS', 'HTML', 'Java', 'JavaScript', 'Machine Learning', 'Node', 'React']",7
JOB01340,Marketing Analyst,"['Excel', 'Marketing Analytics', 'Power BI', 'Python', 'SQL']",5
JOB01341,DevOps Engineer,"['AWS', 'Docker', 'Jenkins', 'Kubernetes', 'Linux']",5
JOB01342,Data Scientist,"['Machine Learning', 'Pandas', 'Python', 'SQL', 'Statistics']",5
JOB01343,Data Analyst,"['Excel', 'Power BI', 'Python', 'SQL', 'Tableau']",5
JOB01344,Marketing Analyst,"['Excel', 'Marketing Analytics', 'Power BI', 'Python', 'SQL']",5
JOB01345,Data Analyst,"['Excel', 'Power BI', 'Python', 'SQL', 'Tableau']",5
JOB01346,Full Stack Developer,"['CSS', 'HTML', 'Java', 'JavaScript', 'Machine Learning', 'Node', 'React']",7
JOB01347,Software Engineer,"['Git', 'Java', 'Python', 'REST API', 'SQL']",5
JOB01348,BI Analyst,"['DAX', 'Data Visualization', 'Excel', 'Power BI', 'SQL']",5
JOB01349,Financial Analyst,"['Excel', 'Financial Modeling', 'Power BI', 'SQL', 'Statistics']",5
JOB01350,Marketing Analyst,"['Excel', 'Marketing Analytics', 'Power BI', 'Python', 'SQL']",5
JOB01351,Data Analyst,"['Excel', 'Power BI', 'Python', 'SQL', 'Tableau']",5
JOB01352,BI Analyst,"['DAX', 'Data Visualization', 'Excel', 'Power BI', 'SQL']",5
JOB01353,SQL Developer,"['Cloud Computing', 'Database', 'ETL', 'MySQL', 'PostgreSQL', 'SQL']",6
JOB01354,Data Analyst,"['Excel', 'Power BI', 'Python', 'SQL', 'Tableau']",5
JOB01355,DevOps Engineer,"['AWS', 'Docker', 'Jenkins', 'Kubernetes', 'Linux']",5
JOB01356,HR Analyst,"['Data Analysis', 'Excel', 'HR Analytics', 'Power BI', 'SQL']",5
JOB01357,SQL Developer,"['Database', 'ETL', 'MySQL', 'PostgreSQL', 'SQL']",5
JOB01358,Database Administrator,"['Database', 'Database Administration', 'MySQL', 'Oracle', 'PostgreSQL', 'SQL']",6
JOB01359,Financial Analyst,"['Excel', 'Financial Modeling', 'Power BI', 'SQL', 'Statistics']",5
JOB01360,Software Engineer,"['Git', 'Java', 'Python', 'REST API', 'SQL']",5
JOB01361,Web Developer,"['CSS', 'Git', 'HTML', 'Java', 'JavaScript', 'Machine Learning', 'React']",7
JOB01362,DevOps Engineer,"['AWS', 'Docker', 'Jenkins', 'Kubernetes', 'Linux']",5
JOB01363,Marketing Analyst,"['Excel', 'Marketing Analytics', 'Power BI', 'Python', 'SQL']",5
JOB01364,Data Engineer,"['AWS', 'ETL', 'Python', 'SQL', 'Spark']",5
JOB01365,Web Developer,"['CSS', 'Git', 'HTML', 'Java', 'JavaScript', 'Machine Learning', 'React']",7
JOB01366,Data Engineer,"['AWS', 'ETL', 'Python', 'SQL', 'Spark']",5
JOB01367,Marketing Analyst,"['Excel', 'Marketing Analytics', 'Power BI', 'Python', 'SQL']",5
JOB01368,Business Analyst,"['Business Analysis', 'Excel', 'Power BI', 'Requirements Gathering', 'SQL']",5
JOB01369,Cloud Engineer,"['AWS', 'Azure', 'Cloud Computing', 'Docker', 'Linux']",5
JOB01370,Business Analyst,"['Business Analysis', 'Excel', 'Power BI', 'Requirements Gathering', 'SQL']",5
JOB01371,Full Stack Developer,"['CSS', 'HTML', 'Java', 'JavaScript', 'Machine Learning', 'Node', 'React']",7
JOB01372,DevOps Engineer,"['AWS', 'Docker', 'Jenkins', 'Kubernetes', 'Linux']",5
JOB01373,BI Analyst,"['DAX', 'Data Visualization', 'Excel', 'Power BI', 'SQL']",5
JOB01374,SQL Developer,"['Database', 'ETL', 'MySQL', 'PostgreSQL', 'SQL']",5
JOB01375,Business Analyst,"['Business Analysis', 'Excel', 'Power BI', 'Requirements Gathering', 'SQL']",5
JOB01376,Product Analyst,"['Excel', 'Product Analytics', 'Python', 'SQL']",4
JOB01377,Business Analyst,"['Business Analysis', 'Excel', 'Power BI', 'Requirements Gathering', 'SQL']",5
JOB01378,BI Analyst,"['DAX', 'Data Visualization', 'Excel', 'Power BI', 'SQL']",5
JOB01379,Marketing Analyst,"['Excel', 'Marketing Analytics', 'Power BI', 'Python', 'SQL']",5
JOB01380,DevOps Engineer,"['AWS', 'Docker', 'Jenkins', 'Kubernetes', 'Linux']",5
JOB01381,Financial Analyst,"['Excel', 'Financial Modeling', 'Power BI', 'SQL', 'Statistics']",5
JOB01382,Product Analyst,"['Excel', 'Product Analytics', 'Python', 'SQL']",4
JOB01383,Python Developer,"['Django', 'Flask', 'Git', 'Python', 'SQL']",5
JOB01384,Marketing Analyst,"['Excel', 'Marketing Analytics', 'Power BI', 'Python', 'SQL']",5
JOB01385,Product Analyst,"['Excel', 'Product Analytics', 'Python', 'SQL']",4
JOB01386,Software Engineer,"['Git', 'Java', 'Python', 'REST API', 'SQL']",5
JOB01387,SQL Developer,"['Database', 'ETL', 'MySQL', 'PostgreSQL', 'SQL']",5
JOB01388,Database Administrator,"['Cloud Computing', 'Database', 'Database Administration', 'MySQL', 'Oracle', 'PostgreSQL', 'SQL']",7
JOB01389,Database Administrator,"['Database', 'Database Administration', 'MySQL', 'Oracle', 'PostgreSQL', 'SQL']",6
JOB01390,Python Developer,"['Django', 'Flask', 'Git', 'Python', 'SQL']",5
JOB01391,Cloud Engineer,"['AWS', 'Azure', 'Cloud Computing', 'Docker', 'Linux']",5
JOB01392,SQL Developer,"['Database', 'ETL', 'MySQL', 'PostgreSQL', 'SQL']",5
JOB01393,BI Analyst,"['DAX', 'Data Visualization', 'Excel', 'Power BI', 'SQL']",5
JOB01394,Python Developer,"['Django', 'Flask', 'Git', 'Python', 'SQL']",5
JOB01395,Data Analyst,"['Excel', 'Power BI', 'Python', 'SQL', 'Tableau']",5
JOB01396,Data Scientist,"['Machine Learning', 'Pandas', 'Python', 'SQL', 'Statistics']",5
JOB01397,Data Analyst,"['Excel', 'Power BI', 'Python', 'SQL', 'Tableau']",5
JOB01398,Business Analyst,"['Business Analysis', 'Excel', 'Power BI', 'Requirements Gathering', 'SQL']",5
JOB01399,Data Analyst,"['Excel', 'Power BI', 'Python', 'SQL', 'Tableau']",5
JOB01400,Financial Analyst,"['Excel', 'Financial Modeling', 'Power BI', 'SQL', 'Statistics']",5
JOB01401,Software Engineer,"['Git', 'Java', 'Python', 'REST API', 'SQL']",5
JOB01402,Data Analyst,"['Excel', 'Power BI', 'Python', 'SQL', 'Tableau']",5
JOB01403,Software Engineer,"['Git', 'Java', 'Python', 'REST API', 'SQL']",5
JOB01404,Software Engineer,"['Git', 'Java', 'Python', 'REST API', 'SQL']",5
JOB01405,Financial Analyst,"['Excel', 'Financial Modeling', 'Power BI', 'SQL', 'Statistics']",5
JOB01406,Full Stack Developer,"['CSS', 'HTML', 'Java', 'JavaScript', 'Machine Learning', 'Node', 'React']",7
JOB01407,Python Developer,"['Django', 'Flask', 'Git', 'Python', 'SQL']",5
JOB01408,Software Engineer,"['Git', 'Java', 'Python', 'REST API', 'SQL']",5
JOB01409,BI Analyst,"['DAX', 'Data Visualization', 'Excel', 'Power BI', 'SQL']",5
JOB01410,Database Administrator,"['Database', 'Database Administration', 'MySQL', 'Oracle', 'PostgreSQL', 'SQL']",6
JOB01411,QA Engineer,"['Automation Testing', 'Java', 'Python', 'SQL', 'Selenium']",5
JOB01412,Python Developer,"['Django', 'Flask', 'Git', 'Python', 'SQL']",5
JOB01413,Full Stack Developer,"['CSS', 'HTML', 'Java', 'JavaScript', 'Machine Learning', 'Node', 'React']",7
JOB01414,Product Analyst,"['Excel', 'Product Analytics', 'Python', 'SQL']",4
JOB01415,QA Engineer,"['Automation Testing', 'Java', 'Python', 'SQL', 'Selenium']",5
JOB01416,Web Developer,"['CSS', 'Git', 'HTML', 'Java', 'JavaScript', 'Machine Learning', 'React']",7
JOB01417,Software Engineer,"['Git', 'Java', 'Python', 'REST API', 'SQL']",5
JOB01418,Software Engineer,"['Git', 'Java', 'Python', 'REST API', 'SQL']",5
JOB01419,Software Engineer,"['Git', 'Java', 'Python', 'REST API', 'SQL']",5
JOB01420,BI Analyst,"['DAX', 'Data Visualization', 'Excel', 'Power BI', 'SQL']",5
JOB01421,Data Analyst,"['Excel', 'Power BI', 'Python', 'SQL', 'Tableau']",5
JOB01422,QA Engineer,"['Automation Testing', 'Java', 'Python', 'SQL', 'Selenium']",5
JOB01423,Financial Analyst,"['Excel', 'Financial Modeling', 'Power BI', 'SQL', 'Statistics']",5
JOB01424,Software Engineer,"['Git', 'Java', 'Python', 'REST API', 'SQL']",5
JOB01425,Data Analyst,"['Excel', 'Power BI', 'Python', 'SQL', 'Tableau']",5
JOB01426,QA Engineer,"['Automation Testing', 'Java', 'Python', 'SQL', 'Selenium']",5
JOB01427,Marketing Analyst,"['Excel', 'Marketing Analytics', 'Power BI', 'Python', 'SQL']",5
JOB01428,Python Developer,"['Django', 'Flask', 'Git', 'Python', 'SQL']",5
JOB01429,Power BI Developer,"['DAX', 'Excel', 'Power BI', 'Power Query', 'SQL']",5
JOB01430,Machine Learning Engineer,"['Docker', 'Machine Learning', 'Python', 'Scikit-learn', 'TensorFlow']",5
JOB01431,DevOps Engineer,"['AWS', 'Docker', 'Jenkins', 'Kubernetes', 'Linux']",5
JOB01432,DevOps Engineer,"['AWS', 'Docker', 'Jenkins', 'Kubernetes', 'Linux']",5
JOB01433,Data Scientist,"['Machine Learning', 'Pandas', 'Python', 'SQL', 'Statistics']",5
JOB01434,Database Administrator,"['Cloud Computing', 'Database', 'Database Administration', 'MySQL', 'Oracle', 'PostgreSQL', 'SQL']",7
JOB01435,Database Administrator,"['Database', 'Database Administration', 'MySQL', 'Oracle', 'PostgreSQL', 'SQL']",6
JOB01436,Marketing Analyst,"['Excel', 'Marketing Analytics', 'Power BI', 'Python', 'SQL']",5
JOB01437,DevOps Engineer,"['AWS', 'Docker', 'Jenkins', 'Kubernetes', 'Linux']",5
JOB01438,SQL Developer,"['Database', 'ETL', 'MySQL', 'PostgreSQL', 'SQL']",5
JOB01439,Database Administrator,"['Database', 'Database Administration', 'MySQL', 'Oracle', 'PostgreSQL', 'SQL']",6
JOB01440,Web Developer,"['CSS', 'Git', 'HTML', 'Java', 'JavaScript', 'Machine Learning', 'React']",7
JOB01441,Machine Learning Engineer,"['Docker', 'Machine Learning', 'Python', 'Scikit-learn', 'TensorFlow']",5
JOB01442,HR Analyst,"['Data Analysis', 'Excel', 'HR Analytics', 'Power BI', 'SQL']",5
JOB01443,BI Analyst,"['Cloud Computing', 'DAX', 'Data Visualization', 'Excel', 'Power BI', 'SQL']",6
JOB01444,Cloud Engineer,"['AWS', 'Azure', 'Cloud Computing', 'Docker', 'Linux']",5
JOB01445,DevOps Engineer,"['AWS', 'Docker', 'Jenkins', 'Kubernetes', 'Linux']",5
JOB01446,Marketing Analyst,"['Excel', 'Marketing Analytics', 'Power BI', 'Python', 'SQL']",5
JOB01447,Cloud Engineer,"['AWS', 'Azure', 'Cloud Computing', 'Docker', 'Linux']",5
JOB01448,Software Engineer,"['Git', 'Java', 'Python', 'REST API', 'SQL']",5
JOB01449,Power BI Developer,"['DAX', 'Excel', 'Power BI', 'Power Query', 'SQL']",5
JOB01450,Machine Learning Engineer,"['Cloud Computing', 'Docker', 'Machine Learning', 'Python', 'Scikit-learn', 'TensorFlow']",6
JOB01451,Database Administrator,"['Cloud Computing', 'Database', 'Database Administration', 'MySQL', 'Oracle', 'PostgreSQL', 'SQL']",7
JOB01452,Machine Learning Engineer,"['Docker', 'Machine Learning', 'Python', 'Scikit-learn', 'TensorFlow']",5
JOB01453,SQL Developer,"['Database', 'ETL', 'MySQL', 'PostgreSQL', 'SQL']",5
JOB01454,Data Engineer,"['AWS', 'ETL', 'Oracle', 'Python', 'SQL', 'Spark']",6
JOB01455,Cloud Engineer,"['AWS', 'Azure', 'Cloud Computing', 'Docker', 'Linux']",5
JOB01456,Power BI Developer,"['Cloud Computing', 'DAX', 'Excel', 'Power BI', 'Power Query', 'SQL']",6
JOB01457,Python Developer,"['Django', 'Flask', 'Git', 'Python', 'SQL']",5
JOB01458,BI Analyst,"['DAX', 'Data Visualization', 'Excel', 'Power BI', 'SQL']",5
JOB01459,BI Analyst,"['DAX', 'Data Visualization', 'Excel', 'Power BI', 'SQL']",5
JOB01460,Database Administrator,"['Database', 'Database Administration', 'MySQL', 'Oracle', 'PostgreSQL', 'SQL']",6
JOB01461,Machine Learning Engineer,"['Docker', 'Machine Learning', 'Python', 'Scikit-learn', 'TensorFlow']",5
JOB01462,HR Analyst,"['Data Analysis', 'Excel', 'HR Analytics', 'Power BI', 'SQL']",5
JOB01463,Full Stack Developer,"['CSS', 'HTML', 'Java', 'JavaScript', 'Machine Learning', 'Node', 'React']",7
JOB01464,BI Analyst,"['DAX', 'Data Visualization', 'Excel', 'Power BI', 'SQL']",5
JOB01465,HR Analyst,"['Data Analysis', 'Excel', 'HR Analytics', 'Power BI', 'SQL']",5
JOB01466,Machine Learning Engineer,"['Docker', 'Machine Learning', 'Python', 'Scikit-learn', 'TensorFlow']",5
JOB01467,Product Analyst,"['Excel', 'Product Analytics', 'Python', 'SQL']",4
JOB01468,Full Stack Developer,"['CSS', 'HTML', 'Java', 'JavaScript', 'Machine Learning', 'Node', 'React']",7
JOB01469,Machine Learning Engineer,"['Docker', 'Machine Learning', 'Oracle', 'Python', 'Scikit-learn', 'TensorFlow']",6
JOB01470,Marketing Analyst,"['Excel', 'Marketing Analytics', 'Power BI', 'Python', 'SQL']",5
JOB01471,Web Developer,"['CSS', 'Git', 'HTML', 'Java', 'JavaScript', 'Machine Learning', 'React']",7
JOB01472,BI Analyst,"['DAX', 'Data Visualization', 'Excel', 'Power BI', 'SQL']",5
JOB01473,Cloud Engineer,"['AWS', 'Azure', 'Cloud Computing', 'Docker', 'Linux']",5
JOB01474,Business Analyst,"['Business Analysis', 'Excel', 'Power BI', 'Requirements Gathering', 'SQL']",5
JOB01475,QA Engineer,"['Automation Testing', 'Java', 'Python', 'SQL', 'Selenium']",5
JOB01476,Business Analyst,"['Business Analysis', 'Excel', 'Power BI', 'Requirements Gathering', 'SQL']",5
JOB01477,Power BI Developer,"['DAX', 'Excel', 'Power BI', 'Power Query', 'SQL']",5
JOB01478,Marketing Analyst,"['Excel', 'Marketing Analytics', 'Power BI', 'Python', 'SQL']",5
JOB01479,Database Administrator,"['Database', 'Database Administration', 'MySQL', 'Oracle', 'PostgreSQL', 'SQL']",6
JOB01480,Data Analyst,"['Excel', 'Power BI', 'Python', 'SQL', 'Tableau']",5
JOB01481,HR Analyst,"['Data Analysis', 'Excel', 'HR Analytics', 'Power BI', 'SQL']",5
JOB01482,Product Analyst,"['Excel', 'Product Analytics', 'Python', 'SQL']",4
JOB01483,Software Engineer,"['Git', 'Java', 'Python', 'REST API', 'SQL']",5
JOB01484,Machine Learning Engineer,"['Docker', 'Machine Learning', 'Python', 'Scikit-learn', 'TensorFlow']",5
JOB01485,BI Analyst,"['DAX', 'Data Visualization', 'Excel', 'Power BI', 'SQL']",5
JOB01486,Financial Analyst,"['Cloud Computing', 'Excel', 'Financial Modeling', 'Power BI', 'SQL', 'Statistics']",6
JOB01487,Python Developer,"['Django', 'Flask', 'Git', 'Python', 'SQL']",5
JOB01488,BI Analyst,"['DAX', 'Data Visualization', 'Excel', 'Oracle', 'Power BI', 'SQL']",6
JOB01489,Machine Learning Engineer,"['Docker', 'Machine Learning', 'Python', 'Scikit-learn', 'TensorFlow']",5
JOB01490,SQL Developer,"['Database', 'ETL', 'MySQL', 'PostgreSQL', 'SQL']",5
JOB01491,Data Scientist,"['Machine Learning', 'Pandas', 'Python', 'SQL', 'Statistics']",5
JOB01492,Product Analyst,"['Excel', 'Product Analytics', 'Python', 'SQL']",4
JOB01493,Python Developer,"['Django', 'Flask', 'Git', 'Python', 'SQL']",5
JOB01494,Python Developer,"['Django', 'Flask', 'Git', 'Python', 'SQL']",5
JOB01495,Database Administrator,"['Database', 'Database Administration', 'MySQL', 'Oracle', 'PostgreSQL', 'SQL']",6
JOB01496,BI Analyst,"['Cloud Computing', 'DAX', 'Data Visualization', 'Excel', 'Power BI', 'SQL']",6
JOB01497,DevOps Engineer,"['AWS', 'Docker', 'Jenkins', 'Kubernetes', 'Linux']",5
JOB01498,Python Developer,"['Django', 'Flask', 'Git', 'Python', 'SQL']",5
JOB01499,BI Analyst,"['DAX', 'Data Visualization', 'Excel', 'Power BI', 'SQL']",5
JOB01500,Database Administrator,"['Database', 'Database Administration', 'MySQL', 'Oracle', 'PostgreSQL', 'SQL']",6
JOB01501,Power BI Developer,"['DAX', 'Excel', 'Power BI', 'Power Query', 'SQL']",5
JOB01502,Full Stack Developer,"['CSS', 'Cloud Computing', 'HTML', 'Java', 'JavaScript', 'Machine Learning', 'Node', 'React']",8
JOB01503,SQL Developer,"['Database', 'ETL', 'MySQL', 'PostgreSQL', 'SQL']",5
JOB01504,Machine Learning Engineer,"['Docker', 'Machine Learning', 'Python', 'Scikit-learn', 'TensorFlow']",5
JOB01505,Web Developer,"['CSS', 'Git', 'HTML', 'Java', 'JavaScript', 'Machine Learning', 'React']",7
JOB01506,Software Engineer,"['Git', 'Java', 'Python', 'REST API', 'SQL']",5
JOB01507,Data Scientist,"['Machine Learning', 'Oracle', 'Pandas', 'Python', 'SQL', 'Statistics']",6
JOB01508,BI Analyst,"['DAX', 'Data Visualization', 'Excel', 'Power BI', 'SQL']",5
JOB01509,Power BI Developer,"['DAX', 'Excel', 'Power BI', 'Power Query', 'SQL']",5
JOB01510,Data Analyst,"['Excel', 'Power BI', 'Python', 'SQL', 'Tableau']",5
JOB01511,Web Developer,"['CSS', 'Git', 'HTML', 'Java', 'JavaScript', 'Machine Learning', 'React']",7
JOB01512,Business Analyst,"['Business Analysis', 'Excel', 'Power BI', 'Requirements Gathering', 'SQL']",5
JOB01513,Cloud Engineer,"['AWS', 'Azure', 'Cloud Computing', 'Docker', 'Linux']",5
JOB01514,Software Engineer,"['Git', 'Java', 'Python', 'REST API', 'SQL']",5
JOB01515,HR Analyst,"['Data Analysis', 'Excel', 'HR Analytics', 'Power BI', 'SQL']",5
JOB01516,Cloud Engineer,"['AWS', 'Azure', 'Cloud Computing', 'Docker', 'Linux']",5
JOB01517,Data Scientist,"['Machine Learning', 'Pandas', 'Python', 'SQL', 'Statistics']",5
JOB01518,Data Scientist,"['Machine Learning', 'Oracle', 'Pandas', 'Python', 'SQL', 'Statistics']",6
JOB01519,SQL Developer,"['Database', 'ETL', 'MySQL', 'Oracle', 'PostgreSQL', 'SQL']",6
JOB01520,Software Engineer,"['Git', 'Java', 'Python', 'REST API', 'SQL']",5
JOB01521,Full Stack Developer,"['CSS', 'HTML', 'Java', 'JavaScript', 'Machine Learning', 'Node', 'React']",7
JOB01522,Python Developer,"['Django', 'Flask', 'Git', 'Python', 'SQL']",5
JOB01523,Machine Learning Engineer,"['Docker', 'Machine Learning', 'Python', 'Scikit-learn', 'TensorFlow']",5
JOB01524,Financial Analyst,"['Excel', 'Financial Modeling', 'Power BI', 'SQL', 'Statistics']",5
JOB01525,BI Analyst,"['DAX', 'Data Visualization', 'Excel', 'Power BI', 'SQL']",5
JOB01526,Business Analyst,"['Business Analysis', 'Excel', 'Power BI', 'Requirements Gathering', 'SQL']",5
JOB01527,Data Engineer,"['AWS', 'ETL', 'Python', 'SQL', 'Spark']",5
JOB01528,Marketing Analyst,"['Excel', 'Marketing Analytics', 'Power BI', 'Python', 'SQL']",5
JOB01529,Web Developer,"['CSS', 'Git', 'HTML', 'Java', 'JavaScript', 'Machine Learning', 'React']",7
JOB01530,Web Developer,"['CSS', 'Cloud Computing', 'Git', 'HTML', 'Java', 'JavaScript', 'Machine Learning', 'React']",8
JOB01531,Power BI Developer,"['DAX', 'Excel', 'Power BI', 'Power Query', 'SQL']",5
JOB01532,Python Developer,"['Django', 'Flask', 'Git', 'Python', 'SQL']",5
JOB01533,Machine Learning Engineer,"['Docker', 'Machine Learning', 'Python', 'Scikit-learn', 'TensorFlow']",5
JOB01534,Python Developer,"['Django', 'Flask', 'Git', 'Python', 'SQL']",5
JOB01535,Software Engineer,"['Git', 'Java', 'Python', 'REST API', 'SQL']",5
JOB01536,Cloud Engineer,"['AWS', 'Azure', 'Cloud Computing', 'Docker', 'Linux']",5
JOB01537,Financial Analyst,"['Excel', 'Financial Modeling', 'Power BI', 'SQL', 'Statistics']",5
JOB01538,Web Developer,"['CSS', 'Git', 'HTML', 'Java', 'JavaScript', 'Machine Learning', 'React']",7
JOB01539,Database Administrator,"['Database', 'Database Administration', 'MySQL', 'Oracle', 'PostgreSQL', 'SQL']",6
JOB01540,Cloud Engineer,"['AWS', 'Azure', 'Cloud Computing', 'Docker', 'Linux']",5
JOB01541,Marketing Analyst,"['Excel', 'Marketing Analytics', 'Power BI', 'Python', 'SQL']",5
JOB01542,Web Developer,"['CSS', 'Git', 'HTML', 'Java', 'JavaScript', 'Machine Learning', 'React']",7
JOB01543,BI Analyst,"['DAX', 'Data Visualization', 'Excel', 'Power BI', 'SQL']",5
JOB01544,Cloud Engineer,"['AWS', 'Azure', 'Cloud Computing', 'Docker', 'Linux']",5
JOB01545,Database Administrator,"['Database', 'Database Administration', 'MySQL', 'Oracle', 'PostgreSQL', 'SQL']",6
JOB01546,QA Engineer,"['Automation Testing', 'Java', 'Python', 'SQL', 'Selenium']",5
JOB01547,QA Engineer,"['Automation Testing', 'Java', 'Python', 'SQL', 'Selenium']",5
JOB01548,HR Analyst,"['Data Analysis', 'Excel', 'HR Analytics', 'Power BI', 'SQL']",5
JOB01549,DevOps Engineer,"['AWS', 'Cloud Computing', 'Docker', 'Jenkins', 'Kubernetes', 'Linux']",6
JOB01550,DevOps Engineer,"['AWS', 'Docker', 'Jenkins', 'Kubernetes', 'Linux']",5
JOB01551,BI Analyst,"['DAX', 'Data Visualization', 'Excel', 'Power BI', 'SQL']",5
JOB01552,Data Scientist,"['Machine Learning', 'Pandas', 'Python', 'SQL', 'Statistics']",5
JOB01553,Business Analyst,"['Business Analysis', 'Excel', 'Oracle', 'Power BI', 'Requirements Gathering', 'SQL']",6
JOB01554,Machine Learning Engineer,"['Docker', 'Machine Learning', 'Python', 'Scikit-learn', 'TensorFlow']",5
JOB01555,Database Administrator,"['Database', 'Database Administration', 'MySQL', 'Oracle', 'PostgreSQL', 'SQL']",6
JOB01556,DevOps Engineer,"['AWS', 'Docker', 'Jenkins', 'Kubernetes', 'Linux']",5
JOB01557,Power BI Developer,"['DAX', 'Excel', 'Power BI', 'Power Query', 'SQL']",5
JOB01558,Marketing Analyst,"['Excel', 'Marketing Analytics', 'Power BI', 'Python', 'SQL']",5
JOB01559,HR Analyst,"['Data Analysis', 'Excel', 'HR Analytics', 'Power BI', 'SQL']",5
JOB01560,Full Stack Developer,"['CSS', 'HTML', 'Java', 'JavaScript', 'Machine Learning', 'Node', 'React']",7
JOB01561,Business Analyst,"['Business Analysis', 'Excel', 'Power BI', 'Requirements Gathering', 'SQL']",5
JOB01562,Business Analyst,"['Business Analysis', 'Cloud Computing', 'Excel', 'Power BI', 'Requirements Gathering', 'SQL']",6
JOB01563,DevOps Engineer,"['AWS', 'Docker', 'Jenkins', 'Kubernetes', 'Linux']",5
JOB01564,SQL Developer,"['Database', 'ETL', 'MySQL', 'PostgreSQL', 'SQL']",5
JOB01565,Software Engineer,"['Git', 'Java', 'Python', 'REST API', 'SQL']",5
JOB01566,Machine Learning Engineer,"['Cloud Computing', 'Docker', 'Machine Learning', 'Python', 'Scikit-learn', 'TensorFlow']",6
JOB01567,Web Developer,"['CSS', 'Git', 'HTML', 'Java', 'JavaScript', 'Machine Learning', 'React']",7
JOB01568,Machine Learning Engineer,"['Docker', 'Machine Learning', 'Python', 'Scikit-learn', 'TensorFlow']",5
JOB01569,Full Stack Developer,"['CSS', 'HTML', 'Java', 'JavaScript', 'Machine Learning', 'Node', 'React']",7
JOB01570,Python Developer,"['Django', 'Flask', 'Git', 'Python', 'SQL']",5
JOB01571,DevOps Engineer,"['AWS', 'Docker', 'Jenkins', 'Kubernetes', 'Linux']",5
JOB01572,Power BI Developer,"['DAX', 'Excel', 'Power BI', 'Power Query', 'SQL']",5
JOB01573,Data Analyst,"['Excel', 'Power BI', 'Python', 'SQL', 'Tableau']",5
JOB01574,Business Analyst,"['Business Analysis', 'Excel', 'Power BI', 'Requirements Gathering', 'SQL']",5
JOB01575,Cloud Engineer,"['AWS', 'Azure', 'Cloud Computing', 'Docker', 'Linux']",5
JOB01576,Marketing Analyst,"['Cloud Computing', 'Excel', 'Marketing Analytics', 'Power BI', 'Python', 'SQL']",6
JOB01577,Cloud Engineer,"['AWS', 'Azure', 'Cloud Computing', 'Docker', 'Linux']",5
JOB01578,Full Stack Developer,"['CSS', 'HTML', 'Java', 'JavaScript', 'Machine Learning', 'Node', 'React']",7
JOB01579,QA Engineer,"['Automation Testing', 'Java', 'Python', 'SQL', 'Selenium']",5
JOB01580,Data Analyst,"['Excel', 'Power BI', 'Python', 'SQL', 'Tableau']",5
JOB01581,Database Administrator,"['Database', 'Database Administration', 'MySQL', 'Oracle', 'PostgreSQL', 'SQL']",6
JOB01582,Data Engineer,"['AWS', 'Cloud Computing', 'ETL', 'Python', 'SQL', 'Spark']",6
JOB01583,HR Analyst,"['Data Analysis', 'Excel', 'HR Analytics', 'Power BI', 'SQL']",5
JOB01584,Power BI Developer,"['DAX', 'Excel', 'Power BI', 'Power Query', 'SQL']",5
JOB01585,Financial Analyst,"['Excel', 'Financial Modeling', 'Power BI', 'SQL', 'Statistics']",5
JOB01586,Data Engineer,"['AWS', 'ETL', 'Python', 'SQL', 'Spark']",5
JOB01587,SQL Developer,"['Database', 'ETL', 'MySQL', 'PostgreSQL', 'SQL']",5
JOB01588,Database Administrator,"['Database', 'Database Administration', 'MySQL', 'Oracle', 'PostgreSQL', 'SQL']",6
JOB01589,Marketing Analyst,"['Excel', 'Marketing Analytics', 'Power BI', 'Python', 'SQL']",5
JOB01590,Data Engineer,"['AWS', 'ETL', 'Python', 'SQL', 'Spark']",5
JOB01591,Machine Learning Engineer,"['Docker', 'Machine Learning', 'Python', 'Scikit-learn', 'TensorFlow']",5
JOB01592,DevOps Engineer,"['AWS', 'Docker', 'Jenkins', 'Kubernetes', 'Linux']",5
JOB01593,Product Analyst,"['Excel', 'Product Analytics', 'Python', 'SQL']",4
JOB01594,Product Analyst,"['Excel', 'Product Analytics', 'Python', 'SQL']",4
JOB01595,Data Engineer,"['AWS', 'ETL', 'Python', 'SQL', 'Spark']",5
JOB01596,Business Analyst,"['Business Analysis', 'Excel', 'Power BI', 'Requirements Gathering', 'SQL']",5
JOB01597,Data Engineer,"['AWS', 'ETL', 'Python', 'SQL', 'Spark']",5
JOB01598,Business Analyst,"['Business Analysis', 'Excel', 'Power BI', 'Requirements Gathering', 'SQL']",5
JOB01599,Data Engineer,"['AWS', 'ETL', 'Oracle', 'Python', 'SQL', 'Spark']",6
JOB01600,Product Analyst,"['Excel', 'Product Analytics', 'Python', 'SQL']",4
JOB01601,Business Analyst,"['Business Analysis', 'Excel', 'Power BI', 'Requirements Gathering', 'SQL']",5
JOB01602,Product Analyst,"['Excel', 'Product Analytics', 'Python', 'SQL']",4
JOB01603,Database Administrator,"['Database', 'Database Administration', 'MySQL', 'Oracle', 'PostgreSQL', 'SQL']",6
JOB01604,Web Developer,"['CSS', 'Git', 'HTML', 'Java', 'JavaScript', 'Machine Learning', 'React']",7
JOB01605,Business Analyst,"['Business Analysis', 'Cloud Computing', 'Excel', 'Power BI', 'Requirements Gathering', 'SQL']",6
JOB01606,Database Administrator,"['Database', 'Database Administration', 'MySQL', 'Oracle', 'PostgreSQL', 'SQL']",6
JOB01607,Financial Analyst,"['Excel', 'Financial Modeling', 'Power BI', 'SQL', 'Statistics']",5
JOB01608,Financial Analyst,"['Excel', 'Financial Modeling', 'Power BI', 'SQL', 'Statistics']",5
JOB01609,Web Developer,"['CSS', 'Git', 'HTML', 'Java', 'JavaScript', 'Machine Learning', 'React']",7
JOB01610,Data Engineer,"['AWS', 'ETL', 'Python', 'SQL', 'Spark']",5
JOB01611,DevOps Engineer,"['AWS', 'Docker', 'Jenkins', 'Kubernetes', 'Linux']",5
JOB01612,HR Analyst,"['Data Analysis', 'Excel', 'HR Analytics', 'Power BI', 'SQL']",5
JOB01613,QA Engineer,"['Automation Testing', 'Java', 'Python', 'SQL', 'Selenium']",5
JOB01614,Financial Analyst,"['Excel', 'Financial Modeling', 'Power BI', 'SQL', 'Statistics']",5
JOB01615,SQL Developer,"['Database', 'ETL', 'MySQL', 'PostgreSQL', 'SQL']",5
JOB01616,Business Analyst,"['Business Analysis', 'Excel', 'Power BI', 'Requirements Gathering', 'SQL']",5
JOB01617,Data Analyst,"['Excel', 'Power BI', 'Python', 'SQL', 'Tableau']",5
JOB01618,Machine Learning Engineer,"['Docker', 'Machine Learning', 'Python', 'Scikit-learn', 'TensorFlow']",5
JOB01619,Python Developer,"['Django', 'Flask', 'Git', 'Python', 'SQL']",5
JOB01620,Data Scientist,"['Machine Learning', 'Pandas', 'Python', 'SQL', 'Statistics']",5
JOB01621,Business Analyst,"['Business Analysis', 'Excel', 'Power BI', 'Requirements Gathering', 'SQL']",5
JOB01622,Machine Learning Engineer,"['Docker', 'Machine Learning', 'Python', 'Scikit-learn', 'TensorFlow']",5
JOB01623,Data Analyst,"['Excel', 'Power BI', 'Python', 'SQL', 'Tableau']",5
JOB01624,Data Engineer,"['AWS', 'ETL', 'Python', 'SQL', 'Spark']",5
JOB01625,Python Developer,"['Django', 'Flask', 'Git', 'Python', 'SQL']",5
JOB01626,Python Developer,"['Django', 'Flask', 'Git', 'Python', 'SQL']",5
JOB01627,Business Analyst,"['Business Analysis', 'Excel', 'Power BI', 'Requirements Gathering', 'SQL']",5
JOB01628,Business Analyst,"['Business Analysis', 'Excel', 'Power BI', 'Requirements Gathering', 'SQL']",5
JOB01629,Full Stack Developer,"['CSS', 'HTML', 'Java', 'JavaScript', 'Machine Learning', 'Node', 'React']",7
JOB01630,Web Developer,"['CSS', 'Git', 'HTML', 'Java', 'JavaScript', 'Machine Learning', 'React']",7
JOB01631,DevOps Engineer,"['AWS', 'Docker', 'Jenkins', 'Kubernetes', 'Linux']",5
JOB01632,BI Analyst,"['DAX', 'Data Visualization', 'Excel', 'Oracle', 'Power BI', 'SQL']",6
JOB01633,DevOps Engineer,"['AWS', 'Docker', 'Jenkins', 'Kubernetes', 'Linux']",5
JOB01634,Database Administrator,"['Database', 'Database Administration', 'MySQL', 'Oracle', 'PostgreSQL', 'SQL']",6
JOB01635,QA Engineer,"['Automation Testing', 'Java', 'Python', 'SQL', 'Selenium']",5
JOB01636,QA Engineer,"['Automation Testing', 'Java', 'Python', 'SQL', 'Selenium']",5
JOB01637,Marketing Analyst,"['Excel', 'Marketing Analytics', 'Power BI', 'Python', 'SQL']",5
JOB01638,SQL Developer,"['Database', 'ETL', 'MySQL', 'PostgreSQL', 'SQL']",5
JOB01639,HR Analyst,"['Data Analysis', 'Excel', 'HR Analytics', 'Power BI', 'SQL']",5
JOB01640,BI Analyst,"['Cloud Computing', 'DAX', 'Data Visualization', 'Excel', 'Power BI', 'SQL']",6
JOB01641,Full Stack Developer,"['CSS', 'HTML', 'Java', 'JavaScript', 'Machine Learning', 'Node', 'React']",7
JOB01642,Data Engineer,"['AWS', 'ETL', 'Python', 'SQL', 'Spark']",5
JOB01643,Database Administrator,"['Database', 'Database Administration', 'MySQL', 'Oracle', 'PostgreSQL', 'SQL']",6
JOB01644,SQL Developer,"['Database', 'ETL', 'MySQL', 'PostgreSQL', 'SQL']",5
JOB01645,Cloud Engineer,"['AWS', 'Azure', 'Cloud Computing', 'Docker', 'Linux']",5
JOB01646,Data Engineer,"['AWS', 'ETL', 'Python', 'SQL', 'Spark']",5
JOB01647,Data Engineer,"['AWS', 'ETL', 'Python', 'SQL', 'Spark']",5
JOB01648,Machine Learning Engineer,"['Docker', 'Machine Learning', 'Python', 'Scikit-learn', 'TensorFlow']",5
JOB01649,Data Scientist,"['Machine Learning', 'Pandas', 'Python', 'SQL', 'Statistics']",5
JOB01650,DevOps Engineer,"['AWS', 'Docker', 'Jenkins', 'Kubernetes', 'Linux', 'Oracle']",6
JOB01651,Software Engineer,"['Git', 'Java', 'Python', 'REST API', 'SQL']",5
JOB01652,HR Analyst,"['Data Analysis', 'Excel', 'HR Analytics', 'Power BI', 'SQL']",5
JOB01653,Financial Analyst,"['Excel', 'Financial Modeling', 'Power BI', 'SQL', 'Statistics']",5
JOB01654,Power BI Developer,"['DAX', 'Excel', 'Power BI', 'Power Query', 'SQL']",5
JOB01655,Data Engineer,"['AWS', 'ETL', 'Python', 'SQL', 'Spark']",5
JOB01656,DevOps Engineer,"['AWS', 'Docker', 'Jenkins', 'Kubernetes', 'Linux']",5
JOB01657,Python Developer,"['Django', 'Flask', 'Git', 'Python', 'SQL']",5
JOB01658,Software Engineer,"['Git', 'Java', 'Python', 'REST API', 'SQL']",5
JOB01659,Product Analyst,"['Excel', 'Product Analytics', 'Python', 'SQL']",4
JOB01660,SQL Developer,"['Database', 'ETL', 'MySQL', 'PostgreSQL', 'SQL']",5
JOB01661,HR Analyst,"['Data Analysis', 'Excel', 'HR Analytics', 'Power BI', 'SQL']",5
JOB01662,Financial Analyst,"['Excel', 'Financial Modeling', 'Power BI', 'SQL', 'Statistics']",5
JOB01663,Web Developer,"['CSS', 'Cloud Computing', 'Git', 'HTML', 'Java', 'JavaScript', 'Machine Learning', 'React']",8
JOB01664,Marketing Analyst,"['Cloud Computing', 'Excel', 'Marketing Analytics', 'Power BI', 'Python', 'SQL']",6
JOB01665,SQL Developer,"['Database', 'ETL', 'MySQL', 'PostgreSQL', 'SQL']",5
JOB01666,QA Engineer,"['Automation Testing', 'Java', 'Python', 'SQL', 'Selenium']",5
JOB01667,Software Engineer,"['Git', 'Java', 'Oracle', 'Python', 'REST API', 'SQL']",6
JOB01668,SQL Developer,"['Cloud Computing', 'Database', 'ETL', 'MySQL', 'PostgreSQL', 'SQL']",6
JOB01669,Product Analyst,"['Excel', 'Product Analytics', 'Python', 'SQL']",4
JOB01670,Full Stack Developer,"['CSS', 'HTML', 'Java', 'JavaScript', 'Machine Learning', 'Node', 'React']",7
JOB01671,DevOps Engineer,"['AWS', 'Docker', 'Jenkins', 'Kubernetes', 'Linux']",5
JOB01672,Full Stack Developer,"['CSS', 'HTML', 'Java', 'JavaScript', 'Machine Learning', 'Node', 'React']",7
JOB01673,DevOps Engineer,"['AWS', 'Docker', 'Jenkins', 'Kubernetes', 'Linux']",5
JOB01674,HR Analyst,"['Data Analysis', 'Excel', 'HR Analytics', 'Power BI', 'SQL']",5
JOB01675,Financial Analyst,"['Excel', 'Financial Modeling', 'Oracle', 'Power BI', 'SQL', 'Statistics']",6
JOB01676,Cloud Engineer,"['AWS', 'Azure', 'Cloud Computing', 'Docker', 'Linux']",5
JOB01677,Data Engineer,"['AWS', 'ETL', 'Python', 'SQL', 'Spark']",5
JOB01678,Cloud Engineer,"['AWS', 'Azure', 'Cloud Computing', 'Docker', 'Linux', 'Oracle']",6
JOB01679,Data Engineer,"['AWS', 'ETL', 'Python', 'SQL', 'Spark']",5
JOB01680,Full Stack Developer,"['CSS', 'HTML', 'Java', 'JavaScript', 'Machine Learning', 'Node', 'React']",7
JOB01681,Power BI Developer,"['Cloud Computing', 'DAX', 'Excel', 'Power BI', 'Power Query', 'SQL']",6
JOB01682,Marketing Analyst,"['Excel', 'Marketing Analytics', 'Power BI', 'Python', 'SQL']",5
JOB01683,Web Developer,"['CSS', 'Git', 'HTML', 'Java', 'JavaScript', 'Machine Learning', 'React']",7
JOB01684,Product Analyst,"['Excel', 'Product Analytics', 'Python', 'SQL']",4
JOB01685,Financial Analyst,"['Excel', 'Financial Modeling', 'Power BI', 'SQL', 'Statistics']",5
JOB01686,Business Analyst,"['Business Analysis', 'Excel', 'Power BI', 'Requirements Gathering', 'SQL']",5
JOB01687,Data Scientist,"['Cloud Computing', 'Machine Learning', 'Pandas', 'Python', 'SQL', 'Statistics']",6
JOB01688,Product Analyst,"['Excel', 'Product Analytics', 'Python', 'SQL']",4
JOB01689,Database Administrator,"['Database', 'Database Administration', 'MySQL', 'Oracle', 'PostgreSQL', 'SQL']",6
JOB01690,Machine Learning Engineer,"['Docker', 'Machine Learning', 'Python', 'Scikit-learn', 'TensorFlow']",5
JOB01691,Data Scientist,"['Machine Learning', 'Pandas', 'Python', 'SQL', 'Statistics']",5
JOB01692,Power BI Developer,"['DAX', 'Excel', 'Power BI', 'Power Query', 'SQL']",5
JOB01693,QA Engineer,"['Automation Testing', 'Java', 'Python', 'SQL', 'Selenium']",5
JOB01694,DevOps Engineer,"['AWS', 'Docker', 'Jenkins', 'Kubernetes', 'Linux']",5
JOB01695,QA Engineer,"['Automation Testing', 'Java', 'Python', 'SQL', 'Selenium']",5
JOB01696,Business Analyst,"['Business Analysis', 'Excel', 'Oracle', 'Power BI', 'Requirements Gathering', 'SQL']",6
JOB01697,Database Administrator,"['Database', 'Database Administration', 'MySQL', 'Oracle', 'PostgreSQL', 'SQL']",6
JOB01698,Product Analyst,"['Excel', 'Oracle', 'Product Analytics', 'Python', 'SQL']",5
JOB01699,Financial Analyst,"['Excel', 'Financial Modeling', 'Power BI', 'SQL', 'Statistics']",5
JOB01700,Power BI Developer,"['DAX', 'Excel', 'Power BI', 'Power Query', 'SQL']",5
JOB01701,HR Analyst,"['Data Analysis', 'Excel', 'HR Analytics', 'Power BI', 'SQL']",5
JOB01702,Software Engineer,"['Git', 'Java', 'Python', 'REST API', 'SQL']",5
JOB01703,DevOps Engineer,"['AWS', 'Docker', 'Jenkins', 'Kubernetes', 'Linux']",5
JOB01704,Software Engineer,"['Git', 'Java', 'Python', 'REST API', 'SQL']",5
JOB01705,Financial Analyst,"['Excel', 'Financial Modeling', 'Power BI', 'SQL', 'Statistics']",5
JOB01706,Data Analyst,"['Excel', 'Power BI', 'Python', 'SQL', 'Tableau']",5
JOB01707,DevOps Engineer,"['AWS', 'Docker', 'Jenkins', 'Kubernetes', 'Linux']",5
JOB01708,Business Analyst,"['Business Analysis', 'Excel', 'Power BI', 'Requirements Gathering', 'SQL']",5
JOB01709,BI Analyst,"['DAX', 'Data Visualization', 'Excel', 'Power BI', 'SQL']",5
JOB01710,BI Analyst,"['DAX', 'Data Visualization', 'Excel', 'Power BI', 'SQL']",5
JOB01711,Machine Learning Engineer,"['Docker', 'Machine Learning', 'Python', 'Scikit-learn', 'TensorFlow']",5
JOB01712,Database Administrator,"['Database', 'Database Administration', 'MySQL', 'Oracle', 'PostgreSQL', 'SQL']",6
JOB01713,SQL Developer,"['Database', 'ETL', 'MySQL', 'PostgreSQL', 'SQL']",5
JOB01714,Software Engineer,"['Git', 'Java', 'Python', 'REST API', 'SQL']",5
JOB01715,Marketing Analyst,"['Excel', 'Marketing Analytics', 'Power BI', 'Python', 'SQL']",5
JOB01716,Web Developer,"['CSS', 'Git', 'HTML', 'Java', 'JavaScript', 'Machine Learning', 'React']",7
JOB01717,Marketing Analyst,"['Excel', 'Marketing Analytics', 'Power BI', 'Python', 'SQL']",5
JOB01718,Software Engineer,"['Git', 'Java', 'Python', 'REST API', 'SQL']",5
JOB01719,Product Analyst,"['Excel', 'Product Analytics', 'Python', 'SQL']",4
JOB01720,BI Analyst,"['DAX', 'Data Visualization', 'Excel', 'Power BI', 'SQL']",5
JOB01721,Python Developer,"['Django', 'Flask', 'Git', 'Python', 'SQL']",5
JOB01722,Database Administrator,"['Database', 'Database Administration', 'MySQL', 'Oracle', 'PostgreSQL', 'SQL']",6
JOB01723,Business Analyst,"['Business Analysis', 'Excel', 'Power BI', 'Requirements Gathering', 'SQL']",5
JOB01724,Cloud Engineer,"['AWS', 'Azure', 'Cloud Computing', 'Docker', 'Linux']",5
JOB01725,Financial Analyst,"['Excel', 'Financial Modeling', 'Power BI', 'SQL', 'Statistics']",5
JOB01726,Full Stack Developer,"['CSS', 'HTML', 'Java', 'JavaScript', 'Machine Learning', 'Node', 'React']",7
JOB01727,Business Analyst,"['Business Analysis', 'Excel', 'Power BI', 'Requirements Gathering', 'SQL']",5
JOB01728,SQL Developer,"['Database', 'ETL', 'MySQL', 'PostgreSQL', 'SQL']",5
JOB01729,QA Engineer,"['Automation Testing', 'Java', 'Python', 'SQL', 'Selenium']",5
JOB01730,Data Scientist,"['Machine Learning', 'Pandas', 'Python', 'SQL', 'Statistics']",5
JOB01731,HR Analyst,"['Data Analysis', 'Excel', 'HR Analytics', 'Power BI', 'SQL']",5
JOB01732,DevOps Engineer,"['AWS', 'Docker', 'Jenkins', 'Kubernetes', 'Linux']",5
JOB01733,QA Engineer,"['Automation Testing', 'Java', 'Python', 'SQL', 'Selenium']",5
JOB01734,Python Developer,"['Django', 'Flask', 'Git', 'Python', 'SQL']",5
JOB01735,HR Analyst,"['Cloud Computing', 'Data Analysis', 'Excel', 'HR Analytics', 'Power BI', 'SQL']",6
JOB01736,DevOps Engineer,"['AWS', 'Docker', 'Jenkins', 'Kubernetes', 'Linux']",5
JOB01737,Data Engineer,"['AWS', 'ETL', 'Python', 'SQL', 'Spark']",5
JOB01738,Cloud Engineer,"['AWS', 'Azure', 'Cloud Computing', 'Docker', 'Linux']",5
JOB01739,BI Analyst,"['DAX', 'Data Visualization', 'Excel', 'Power BI', 'SQL']",5
JOB01740,Data Engineer,"['AWS', 'ETL', 'Python', 'SQL', 'Spark']",5
JOB01741,Data Scientist,"['Machine Learning', 'Pandas', 'Python', 'SQL', 'Statistics']",5
JOB01742,Business Analyst,"['Business Analysis', 'Excel', 'Power BI', 'Requirements Gathering', 'SQL']",5
JOB01743,BI Analyst,"['DAX', 'Data Visualization', 'Excel', 'Power BI', 'SQL']",5
JOB01744,BI Analyst,"['DAX', 'Data Visualization', 'Excel', 'Power BI', 'SQL']",5
JOB01745,Python Developer,"['Django', 'Flask', 'Git', 'Python', 'SQL']",5
JOB01746,Full Stack Developer,"['CSS', 'HTML', 'Java', 'JavaScript', 'Machine Learning', 'Node', 'React']",7
JOB01747,Financial Analyst,"['Excel', 'Financial Modeling', 'Power BI', 'SQL', 'Statistics']",5
JOB01748,DevOps Engineer,"['AWS', 'Docker', 'Jenkins', 'Kubernetes', 'Linux']",5
JOB01749,Cloud Engineer,"['AWS', 'Azure', 'Cloud Computing', 'Docker', 'Linux']",5
JOB01750,DevOps Engineer,"['AWS', 'Docker', 'Jenkins', 'Kubernetes', 'Linux']",5
JOB01751,Business Analyst,"['Business Analysis', 'Cloud Computing', 'Excel', 'Power BI', 'Requirements Gathering', 'SQL']",6
JOB01752,HR Analyst,"['Data Analysis', 'Excel', 'HR Analytics', 'Power BI', 'SQL']",5
JOB01753,Data Scientist,"['Machine Learning', 'Pandas', 'Python', 'SQL', 'Statistics']",5
JOB01754,Software Engineer,"['Git', 'Java', 'Python', 'REST API', 'SQL']",5
JOB01755,Machine Learning Engineer,"['Docker', 'Machine Learning', 'Oracle', 'Python', 'Scikit-learn', 'TensorFlow']",6
JOB01756,HR Analyst,"['Data Analysis', 'Excel', 'HR Analytics', 'Power BI', 'SQL']",5
JOB01757,Power BI Developer,"['DAX', 'Excel', 'Power BI', 'Power Query', 'SQL']",5
JOB01758,Product Analyst,"['Cloud Computing', 'Excel', 'Product Analytics', 'Python', 'SQL']",5
JOB01759,Web Developer,"['CSS', 'Git', 'HTML', 'Java', 'JavaScript', 'Machine Learning', 'React']",7
JOB01760,Data Scientist,"['Machine Learning', 'Pandas', 'Python', 'SQL', 'Statistics']",5
JOB01761,Data Engineer,"['AWS', 'Cloud Computing', 'ETL', 'Python', 'SQL', 'Spark']",6
JOB01762,DevOps Engineer,"['AWS', 'Docker', 'Jenkins', 'Kubernetes', 'Linux']",5
JOB01763,Python Developer,"['Django', 'Flask', 'Git', 'Python', 'SQL']",5
JOB01764,Machine Learning Engineer,"['Docker', 'Machine Learning', 'Python', 'Scikit-learn', 'TensorFlow']",5
JOB01765,HR Analyst,"['Data Analysis', 'Excel', 'HR Analytics', 'Power BI', 'SQL']",5
JOB01766,Cloud Engineer,"['AWS', 'Azure', 'Cloud Computing', 'Docker', 'Linux']",5
JOB01767,Product Analyst,"['Excel', 'Product Analytics', 'Python', 'SQL']",4
JOB01768,Software Engineer,"['Git', 'Java', 'Python', 'REST API', 'SQL']",5
JOB01769,Data Engineer,"['AWS', 'ETL', 'Python', 'SQL', 'Spark']",5
JOB01770,BI Analyst,"['DAX', 'Data Visualization', 'Excel', 'Power BI', 'SQL']",5
JOB01771,Database Administrator,"['Database', 'Database Administration', 'MySQL', 'Oracle', 'PostgreSQL', 'SQL']",6
JOB01772,BI Analyst,"['DAX', 'Data Visualization', 'Excel', 'Power BI', 'SQL']",5
JOB01773,Full Stack Developer,"['CSS', 'HTML', 'Java', 'JavaScript', 'Machine Learning', 'Node', 'React']",7
JOB01774,Data Scientist,"['Machine Learning', 'Pandas', 'Python', 'SQL', 'Statistics']",5
JOB01775,Data Engineer,"['AWS', 'ETL', 'Python', 'SQL', 'Spark']",5
JOB01776,Business Analyst,"['Business Analysis', 'Cloud Computing', 'Excel', 'Power BI', 'Requirements Gathering', 'SQL']",6
JOB01777,Power BI Developer,"['DAX', 'Excel', 'Power BI', 'Power Query', 'SQL']",5
JOB01778,Data Analyst,"['Excel', 'Power BI', 'Python', 'SQL', 'Tableau']",5
JOB01779,SQL Developer,"['Database', 'ETL', 'MySQL', 'PostgreSQL', 'SQL']",5
JOB01780,BI Analyst,"['DAX', 'Data Visualization', 'Excel', 'Power BI', 'SQL']",5
JOB01781,Cloud Engineer,"['AWS', 'Azure', 'Cloud Computing', 'Docker', 'Linux']",5
JOB01782,Cloud Engineer,"['AWS', 'Azure', 'Cloud Computing', 'Docker', 'Linux']",5
JOB01783,Cloud Engineer,"['AWS', 'Azure', 'Cloud Computing', 'Docker', 'Linux']",5
JOB01784,Web Developer,"['CSS', 'Git', 'HTML', 'Java', 'JavaScript', 'Machine Learning', 'React']",7
JOB01785,Full Stack Developer,"['CSS', 'HTML', 'Java', 'JavaScript', 'Machine Learning', 'Node', 'React']",7
JOB01786,Financial Analyst,"['Excel', 'Financial Modeling', 'Power BI', 'SQL', 'Statistics']",5
JOB01787,Software Engineer,"['Git', 'Java', 'Python', 'REST API', 'SQL']",5
JOB01788,Cloud Engineer,"['AWS', 'Azure', 'Cloud Computing', 'Docker', 'Linux']",5
JOB01789,Data Scientist,"['Machine Learning', 'Pandas', 'Python', 'SQL', 'Statistics']",5
JOB01790,HR Analyst,"['Data Analysis', 'Excel', 'HR Analytics', 'Power BI', 'SQL']",5
JOB01791,QA Engineer,"['Automation Testing', 'Java', 'Python', 'SQL', 'Selenium']",5
JOB01792,Product Analyst,"['Excel', 'Product Analytics', 'Python', 'SQL']",4
JOB01793,SQL Developer,"['Database', 'ETL', 'MySQL', 'PostgreSQL', 'SQL']",5
JOB01794,Product Analyst,"['Excel', 'Product Analytics', 'Python', 'SQL']",4
JOB01795,Machine Learning Engineer,"['Docker', 'Machine Learning', 'Python', 'Scikit-learn', 'TensorFlow']",5
JOB01796,Financial Analyst,"['Excel', 'Financial Modeling', 'Power BI', 'SQL', 'Statistics']",5
JOB01797,Data Analyst,"['Excel', 'Power BI', 'Python', 'SQL', 'Tableau']",5
JOB01798,Power BI Developer,"['DAX', 'Excel', 'Power BI', 'Power Query', 'SQL']",5
JOB01799,Full Stack Developer,"['CSS', 'HTML', 'Java', 'JavaScript', 'Machine Learning', 'Node', 'React']",7
JOB01800,Data Analyst,"['Excel', 'Power BI', 'Python', 'SQL', 'Tableau']",5
JOB01801,BI Analyst,"['DAX', 'Data Visualization', 'Excel', 'Power BI', 'SQL']",5
JOB01802,Python Developer,"['Django', 'Flask', 'Git', 'Python', 'SQL']",5
JOB01803,Database Administrator,"['Database', 'Database Administration', 'MySQL', 'Oracle', 'PostgreSQL', 'SQL']",6
JOB01804,HR Analyst,"['Data Analysis', 'Excel', 'HR Analytics', 'Power BI', 'SQL']",5
JOB01805,Marketing Analyst,"['Excel', 'Marketing Analytics', 'Power BI', 'Python', 'SQL']",5
JOB01806,Data Scientist,"['Machine Learning', 'Pandas', 'Python', 'SQL', 'Statistics']",5
JOB01807,Power BI Developer,"['Cloud Computing', 'DAX', 'Excel', 'Power BI', 'Power Query', 'SQL']",6
JOB01808,HR Analyst,"['Data Analysis', 'Excel', 'HR Analytics', 'Oracle', 'Power BI', 'SQL']",6
JOB01809,BI Analyst,"['DAX', 'Data Visualization', 'Excel', 'Power BI', 'SQL']",5
JOB01810,Machine Learning Engineer,"['Docker', 'Machine Learning', 'Python', 'Scikit-learn', 'TensorFlow']",5
JOB01811,BI Analyst,"['DAX', 'Data Visualization', 'Excel', 'Power BI', 'SQL']",5
JOB01812,Cloud Engineer,"['AWS', 'Azure', 'Cloud Computing', 'Docker', 'Linux']",5
JOB01813,Database Administrator,"['Database', 'Database Administration', 'MySQL', 'Oracle', 'PostgreSQL', 'SQL']",6
JOB01814,QA Engineer,"['Automation Testing', 'Java', 'Python', 'SQL', 'Selenium']",5
JOB01815,Data Analyst,"['Excel', 'Power BI', 'Python', 'SQL', 'Tableau']",5
JOB01816,DevOps Engineer,"['AWS', 'Docker', 'Jenkins', 'Kubernetes', 'Linux']",5
JOB01817,Software Engineer,"['Git', 'Java', 'Python', 'REST API', 'SQL']",5
JOB01818,Data Analyst,"['Excel', 'Power BI', 'Python', 'SQL', 'Tableau']",5
JOB01819,Marketing Analyst,"['Excel', 'Marketing Analytics', 'Power BI', 'Python', 'SQL']",5
JOB01820,QA Engineer,"['Automation Testing', 'Java', 'Python', 'SQL', 'Selenium']",5
JOB01821,Marketing Analyst,"['Excel', 'Marketing Analytics', 'Oracle', 'Power BI', 'Python', 'SQL']",6
JOB01822,Database Administrator,"['Database', 'Database Administration', 'MySQL', 'Oracle', 'PostgreSQL', 'SQL']",6
JOB01823,SQL Developer,"['Database', 'ETL', 'MySQL', 'PostgreSQL', 'SQL']",5
JOB01824,SQL Developer,"['Database', 'ETL', 'MySQL', 'PostgreSQL', 'SQL']",5
JOB01825,Cloud Engineer,"['AWS', 'Azure', 'Cloud Computing', 'Docker', 'Linux']",5
JOB01826,Web Developer,"['CSS', 'Git', 'HTML', 'Java', 'JavaScript', 'Machine Learning', 'React']",7
JOB01827,Python Developer,"['Django', 'Flask', 'Git', 'Python', 'SQL']",5
JOB01828,Data Scientist,"['Machine Learning', 'Pandas', 'Python', 'SQL', 'Statistics']",5
JOB01829,QA Engineer,"['Automation Testing', 'Java', 'Python', 'SQL', 'Selenium']",5
JOB01830,SQL Developer,"['Database', 'ETL', 'MySQL', 'Oracle', 'PostgreSQL', 'SQL']",6
JOB01831,Product Analyst,"['Excel', 'Product Analytics', 'Python', 'SQL']",4
JOB01832,QA Engineer,"['Automation Testing', 'Java', 'Python', 'SQL', 'Selenium']",5
JOB01833,QA Engineer,"['Automation Testing', 'Java', 'Python', 'SQL', 'Selenium']",5
JOB01834,Financial Analyst,"['Excel', 'Financial Modeling', 'Power BI', 'SQL', 'Statistics']",5
JOB01835,Cloud Engineer,"['AWS', 'Azure', 'Cloud Computing', 'Docker', 'Linux']",5
JOB01836,Machine Learning Engineer,"['Docker', 'Machine Learning', 'Python', 'Scikit-learn', 'TensorFlow']",5
JOB01837,Python Developer,"['Cloud Computing', 'Django', 'Flask', 'Git', 'Python', 'SQL']",6
JOB01838,Database Administrator,"['Database', 'Database Administration', 'MySQL', 'Oracle', 'PostgreSQL', 'SQL']",6
JOB01839,DevOps Engineer,"['AWS', 'Docker', 'Jenkins', 'Kubernetes', 'Linux']",5
JOB01840,Full Stack Developer,"['CSS', 'HTML', 'Java', 'JavaScript', 'Machine Learning', 'Node', 'React']",7
JOB01841,Python Developer,"['Django', 'Flask', 'Git', 'Python', 'SQL']",5
JOB01842,Cloud Engineer,"['AWS', 'Azure', 'Cloud Computing', 'Docker', 'Linux']",5
JOB01843,DevOps Engineer,"['AWS', 'Docker', 'Jenkins', 'Kubernetes', 'Linux']",5
JOB01844,Data Engineer,"['AWS', 'ETL', 'Python', 'SQL', 'Spark']",5
JOB01845,BI Analyst,"['DAX', 'Data Visualization', 'Excel', 'Power BI', 'SQL']",5
JOB01846,DevOps Engineer,"['AWS', 'Docker', 'Jenkins', 'Kubernetes', 'Linux']",5
JOB01847,SQL Developer,"['Database', 'ETL', 'MySQL', 'PostgreSQL', 'SQL']",5
JOB01848,Python Developer,"['Django', 'Flask', 'Git', 'Python', 'SQL']",5
JOB01849,Financial Analyst,"['Excel', 'Financial Modeling', 'Power BI', 'SQL', 'Statistics']",5
JOB01850,Business Analyst,"['Business Analysis', 'Excel', 'Power BI', 'Requirements Gathering', 'SQL']",5
JOB01851,Financial Analyst,"['Excel', 'Financial Modeling', 'Power BI', 'SQL', 'Statistics']",5
JOB01852,QA Engineer,"['Automation Testing', 'Java', 'Python', 'SQL', 'Selenium']",5
JOB01853,Database Administrator,"['Database', 'Database Administration', 'MySQL', 'Oracle', 'PostgreSQL', 'SQL']",6
JOB01854,Software Engineer,"['Cloud Computing', 'Git', 'Java', 'Python', 'REST API', 'SQL']",6
JOB01855,Python Developer,"['Django', 'Flask', 'Git', 'Python', 'SQL']",5
JOB01856,Cloud Engineer,"['AWS', 'Azure', 'Cloud Computing', 'Docker', 'Linux']",5
JOB01857,Data Engineer,"['AWS', 'ETL', 'Python', 'SQL', 'Spark']",5
JOB01858,Data Analyst,"['Excel', 'Power BI', 'Python', 'SQL', 'Tableau']",5
JOB01859,DevOps Engineer,"['AWS', 'Docker', 'Jenkins', 'Kubernetes', 'Linux']",5
JOB01860,Product Analyst,"['Excel', 'Product Analytics', 'Python', 'SQL']",4
JOB01861,Full Stack Developer,"['CSS', 'HTML', 'Java', 'JavaScript', 'Machine Learning', 'Node', 'React']",7
JOB01862,HR Analyst,"['Data Analysis', 'Excel', 'HR Analytics', 'Power BI', 'SQL']",5
JOB01863,HR Analyst,"['Data Analysis', 'Excel', 'HR Analytics', 'Power BI', 'SQL']",5
JOB01864,Data Analyst,"['Excel', 'Power BI', 'Python', 'SQL', 'Tableau']",5
JOB01865,Data Engineer,"['AWS', 'ETL', 'Python', 'SQL', 'Spark']",5
JOB01866,SQL Developer,"['Database', 'ETL', 'MySQL', 'PostgreSQL', 'SQL']",5
JOB01867,SQL Developer,"['Database', 'ETL', 'MySQL', 'PostgreSQL', 'SQL']",5
JOB01868,Data Scientist,"['Machine Learning', 'Pandas', 'Python', 'SQL', 'Statistics']",5
JOB01869,Python Developer,"['Django', 'Flask', 'Git', 'Python', 'SQL']",5
JOB01870,HR Analyst,"['Data Analysis', 'Excel', 'HR Analytics', 'Power BI', 'SQL']",5
JOB01871,Power BI Developer,"['DAX', 'Excel', 'Power BI', 'Power Query', 'SQL']",5
JOB01872,QA Engineer,"['Automation Testing', 'Java', 'Python', 'SQL', 'Selenium']",5
JOB01873,Machine Learning Engineer,"['Docker', 'Machine Learning', 'Oracle', 'Python', 'Scikit-learn', 'TensorFlow']",6
JOB01874,SQL Developer,"['Cloud Computing', 'Database', 'ETL', 'MySQL', 'PostgreSQL', 'SQL']",6
JOB01875,HR Analyst,"['Data Analysis', 'Excel', 'HR Analytics', 'Power BI', 'SQL']",5
JOB01876,BI Analyst,"['DAX', 'Data Visualization', 'Excel', 'Power BI', 'SQL']",5
JOB01877,Power BI Developer,"['DAX', 'Excel', 'Oracle', 'Power BI', 'Power Query', 'SQL']",6
JOB01878,Web Developer,"['CSS', 'Git', 'HTML', 'Java', 'JavaScript', 'Machine Learning', 'React']",7
JOB01879,Business Analyst,"['Business Analysis', 'Excel', 'Power BI', 'Requirements Gathering', 'SQL']",5
JOB01880,Python Developer,"['Django', 'Flask', 'Git', 'Python', 'SQL']",5
JOB01881,BI Analyst,"['DAX', 'Data Visualization', 'Excel', 'Power BI', 'SQL']",5
JOB01882,Power BI Developer,"['DAX', 'Excel', 'Power BI', 'Power Query', 'SQL']",5
JOB01883,Database Administrator,"['Database', 'Database Administration', 'MySQL', 'Oracle', 'PostgreSQL', 'SQL']",6
JOB01884,Product Analyst,"['Excel', 'Product Analytics', 'Python', 'SQL']",4
JOB01885,Data Analyst,"['Excel', 'Power BI', 'Python', 'SQL', 'Tableau']",5
JOB01886,Financial Analyst,"['Excel', 'Financial Modeling', 'Power BI', 'SQL', 'Statistics']",5
JOB01887,DevOps Engineer,"['AWS', 'Docker', 'Jenkins', 'Kubernetes', 'Linux', 'Oracle']",6
JOB01888,Full Stack Developer,"['CSS', 'HTML', 'Java', 'JavaScript', 'Machine Learning', 'Node', 'React']",7
JOB01889,Marketing Analyst,"['Excel', 'Marketing Analytics', 'Power BI', 'Python', 'SQL']",5
JOB01890,Power BI Developer,"['DAX', 'Excel', 'Power BI', 'Power Query', 'SQL']",5
JOB01891,Python Developer,"['Django', 'Flask', 'Git', 'Python', 'SQL']",5
JOB01892,Data Engineer,"['AWS', 'ETL', 'Python', 'SQL', 'Spark']",5
JOB01893,Business Analyst,"['Business Analysis', 'Excel', 'Power BI', 'Requirements Gathering', 'SQL']",5
JOB01894,Power BI Developer,"['DAX', 'Excel', 'Power BI', 'Power Query', 'SQL']",5
JOB01895,QA Engineer,"['Automation Testing', 'Java', 'Python', 'SQL', 'Selenium']",5
JOB01896,Machine Learning Engineer,"['Docker', 'Machine Learning', 'Python', 'Scikit-learn', 'TensorFlow']",5
JOB01897,Database Administrator,"['Database', 'Database Administration', 'MySQL', 'Oracle', 'PostgreSQL', 'SQL']",6
JOB01898,Marketing Analyst,"['Excel', 'Marketing Analytics', 'Power BI', 'Python', 'SQL']",5
JOB01899,Machine Learning Engineer,"['Docker', 'Machine Learning', 'Python', 'Scikit-learn', 'TensorFlow']",5
JOB01900,DevOps Engineer,"['AWS', 'Docker', 'Jenkins', 'Kubernetes', 'Linux']",5
JOB01901,Software Engineer,"['Git', 'Java', 'Python', 'REST API', 'SQL']",5
JOB01902,QA Engineer,"['Automation Testing', 'Java', 'Python', 'SQL', 'Selenium']",5
JOB01903,Marketing Analyst,"['Excel', 'Marketing Analytics', 'Power BI', 'Python', 'SQL']",5
JOB01904,Software Engineer,"['Git', 'Java', 'Python', 'REST API', 'SQL']",5
JOB01905,DevOps Engineer,"['AWS', 'Docker', 'Jenkins', 'Kubernetes', 'Linux']",5
JOB01906,Software Engineer,"['Git', 'Java', 'Python', 'REST API', 'SQL']",5
JOB01907,Business Analyst,"['Business Analysis', 'Excel', 'Power BI', 'Requirements Gathering', 'SQL']",5
JOB01908,Python Developer,"['Django', 'Flask', 'Git', 'Python', 'SQL']",5
JOB01909,Web Developer,"['CSS', 'Git', 'HTML', 'Java', 'JavaScript', 'Machine Learning', 'React']",7
JOB01910,Software Engineer,"['Git', 'Java', 'Python', 'REST API', 'SQL']",5
JOB01911,Marketing Analyst,"['Excel', 'Marketing Analytics', 'Power BI', 'Python', 'SQL']",5
JOB01912,DevOps Engineer,"['AWS', 'Docker', 'Jenkins', 'Kubernetes', 'Linux']",5
JOB01913,Cloud Engineer,"['AWS', 'Azure', 'Cloud Computing', 'Docker', 'Linux']",5
JOB01914,Financial Analyst,"['Excel', 'Financial Modeling', 'Power BI', 'SQL', 'Statistics']",5
JOB01915,Web Developer,"['CSS', 'Git', 'HTML', 'Java', 'JavaScript', 'Machine Learning', 'Oracle', 'React']",8
JOB01916,Cloud Engineer,"['AWS', 'Azure', 'Cloud Computing', 'Docker', 'Linux']",5
JOB01917,BI Analyst,"['Cloud Computing', 'DAX', 'Data Visualization', 'Excel', 'Power BI', 'SQL']",6
JOB01918,Web Developer,"['CSS', 'Git', 'HTML', 'Java', 'JavaScript', 'Machine Learning', 'React']",7
JOB01919,Full Stack Developer,"['CSS', 'HTML', 'Java', 'JavaScript', 'Machine Learning', 'Node', 'React']",7
JOB01920,QA Engineer,"['Automation Testing', 'Java', 'Python', 'SQL', 'Selenium']",5
JOB01921,BI Analyst,"['DAX', 'Data Visualization', 'Excel', 'Power BI', 'SQL']",5
JOB01922,Data Analyst,"['Excel', 'Power BI', 'Python', 'SQL', 'Tableau']",5
JOB01923,Data Engineer,"['AWS', 'ETL', 'Python', 'SQL', 'Spark']",5
JOB01924,BI Analyst,"['DAX', 'Data Visualization', 'Excel', 'Power BI', 'SQL']",5
JOB01925,Python Developer,"['Django', 'Flask', 'Git', 'Python', 'SQL']",5
JOB01926,BI Analyst,"['DAX', 'Data Visualization', 'Excel', 'Power BI', 'SQL']",5
JOB01927,Database Administrator,"['Database', 'Database Administration', 'MySQL', 'Oracle', 'PostgreSQL', 'SQL']",6
JOB01928,Python Developer,"['Django', 'Flask', 'Git', 'Python', 'SQL']",5
JOB01929,HR Analyst,"['Data Analysis', 'Excel', 'HR Analytics', 'Power BI', 'SQL']",5
JOB01930,SQL Developer,"['Database', 'ETL', 'MySQL', 'PostgreSQL', 'SQL']",5
JOB01931,Power BI Developer,"['DAX', 'Excel', 'Power BI', 'Power Query', 'SQL']",5
JOB01932,Cloud Engineer,"['AWS', 'Azure', 'Cloud Computing', 'Docker', 'Linux']",5
JOB01933,Power BI Developer,"['DAX', 'Excel', 'Power BI', 'Power Query', 'SQL']",5
JOB01934,HR Analyst,"['Data Analysis', 'Excel', 'HR Analytics', 'Power BI', 'SQL']",5
JOB01935,Web Developer,"['CSS', 'Git', 'HTML', 'Java', 'JavaScript', 'Machine Learning', 'React']",7
JOB01936,DevOps Engineer,"['AWS', 'Docker', 'Jenkins', 'Kubernetes', 'Linux']",5
JOB01937,Data Engineer,"['AWS', 'ETL', 'Python', 'SQL', 'Spark']",5
JOB01938,Cloud Engineer,"['AWS', 'Azure', 'Cloud Computing', 'Docker', 'Linux']",5
JOB01939,Database Administrator,"['Database', 'Database Administration', 'MySQL', 'Oracle', 'PostgreSQL', 'SQL']",6
JOB01940,Product Analyst,"['Excel', 'Product Analytics', 'Python', 'SQL']",4
JOB01941,Machine Learning Engineer,"['Docker', 'Machine Learning', 'Python', 'Scikit-learn', 'TensorFlow']",5
JOB01942,QA Engineer,"['Automation Testing', 'Java', 'Python', 'SQL', 'Selenium']",5
JOB01943,Data Scientist,"['Machine Learning', 'Pandas', 'Python', 'SQL', 'Statistics']",5
JOB01944,Software Engineer,"['Cloud Computing', 'Git', 'Java', 'Python', 'REST API', 'SQL']",6
JOB01945,Data Analyst,"['Excel', 'Power BI', 'Python', 'SQL', 'Tableau']",5
JOB01946,HR Analyst,"['Data Analysis', 'Excel', 'HR Analytics', 'Power BI', 'SQL']",5
JOB01947,Software Engineer,"['Git', 'Java', 'Python', 'REST API', 'SQL']",5
JOB01948,BI Analyst,"['DAX', 'Data Visualization', 'Excel', 'Power BI', 'SQL']",5
JOB01949,Python Developer,"['Django', 'Flask', 'Git', 'Python', 'SQL']",5
JOB01950,Machine Learning Engineer,"['Docker', 'Machine Learning', 'Python', 'Scikit-learn', 'TensorFlow']",5
JOB01951,Financial Analyst,"['Excel', 'Financial Modeling', 'Power BI', 'SQL', 'Statistics']",5
JOB01952,Python Developer,"['Django', 'Flask', 'Git', 'Python', 'SQL']",5
JOB01953,Power BI Developer,"['DAX', 'Excel', 'Power BI', 'Power Query', 'SQL']",5
JOB01954,Machine Learning Engineer,"['Docker', 'Machine Learning', 'Python', 'Scikit-learn', 'TensorFlow']",5
JOB01955,BI Analyst,"['DAX', 'Data Visualization', 'Excel', 'Power BI', 'SQL']",5
JOB01956,Power BI Developer,"['DAX', 'Excel', 'Power BI', 'Power Query', 'SQL']",5
JOB01957,SQL Developer,"['Database', 'ETL', 'MySQL', 'PostgreSQL', 'SQL']",5
JOB01958,Software Engineer,"['Git', 'Java', 'Python', 'REST API', 'SQL']",5
JOB01959,Marketing Analyst,"['Excel', 'Marketing Analytics', 'Power BI', 'Python', 'SQL']",5
JOB01960,DevOps Engineer,"['AWS', 'Docker', 'Jenkins', 'Kubernetes', 'Linux']",5
JOB01961,Machine Learning Engineer,"['Docker', 'Machine Learning', 'Oracle', 'Python', 'Scikit-learn', 'TensorFlow']",6
JOB01962,HR Analyst,"['Data Analysis', 'Excel', 'HR Analytics', 'Power BI', 'SQL']",5
JOB01963,Software Engineer,"['Git', 'Java', 'Python', 'REST API', 'SQL']",5
JOB01964,Business Analyst,"['Business Analysis', 'Excel', 'Oracle', 'Power BI', 'Requirements Gathering', 'SQL']",6
JOB01965,Marketing Analyst,"['Excel', 'Marketing Analytics', 'Power BI', 'Python', 'SQL']",5
JOB01966,DevOps Engineer,"['AWS', 'Docker', 'Jenkins', 'Kubernetes', 'Linux']",5
JOB01967,Power BI Developer,"['DAX', 'Excel', 'Power BI', 'Power Query', 'SQL']",5
JOB01968,Database Administrator,"['Database', 'Database Administration', 'MySQL', 'Oracle', 'PostgreSQL', 'SQL']",6
JOB01969,Business Analyst,"['Business Analysis', 'Excel', 'Power BI', 'Requirements Gathering', 'SQL']",5
JOB01970,Database Administrator,"['Database', 'Database Administration', 'MySQL', 'Oracle', 'PostgreSQL', 'SQL']",6
JOB01971,BI Analyst,"['DAX', 'Data Visualization', 'Excel', 'Power BI', 'SQL']",5
JOB01972,Business Analyst,"['Business Analysis', 'Excel', 'Power BI', 'Requirements Gathering', 'SQL']",5
JOB01973,Data Scientist,"['Machine Learning', 'Pandas', 'Python', 'SQL', 'Statistics']",5
JOB01974,SQL Developer,"['Database', 'ETL', 'MySQL', 'PostgreSQL', 'SQL']",5
JOB01975,Python Developer,"['Django', 'Flask', 'Git', 'Python', 'SQL']",5
JOB01976,Software Engineer,"['Git', 'Java', 'Python', 'REST API', 'SQL']",5
JOB01977,SQL Developer,"['Database', 'ETL', 'MySQL', 'PostgreSQL', 'SQL']",5
JOB01978,SQL Developer,"['Database', 'ETL', 'MySQL', 'Oracle', 'PostgreSQL', 'SQL']",6
JOB01979,Software Engineer,"['Git', 'Java', 'Python', 'REST API', 'SQL']",5
JOB01980,Python Developer,"['Django', 'Flask', 'Git', 'Python', 'SQL']",5
JOB01981,DevOps Engineer,"['AWS', 'Docker', 'Jenkins', 'Kubernetes', 'Linux']",5
JOB01982,Power BI Developer,"['DAX', 'Excel', 'Power BI', 'Power Query', 'SQL']",5
JOB01983,Financial Analyst,"['Excel', 'Financial Modeling', 'Oracle', 'Power BI', 'SQL', 'Statistics']",6
JOB01984,Data Scientist,"['Cloud Computing', 'Machine Learning', 'Pandas', 'Python', 'SQL', 'Statistics']",6
JOB01985,HR Analyst,"['Data Analysis', 'Excel', 'HR Analytics', 'Power BI', 'SQL']",5
JOB01986,Business Analyst,"['Business Analysis', 'Excel', 'Power BI', 'Requirements Gathering', 'SQL']",5
JOB01987,HR Analyst,"['Data Analysis', 'Excel', 'HR Analytics', 'Power BI', 'SQL']",5
JOB01988,Marketing Analyst,"['Cloud Computing', 'Excel', 'Marketing Analytics', 'Power BI', 'Python', 'SQL']",6
JOB01989,Data Analyst,"['Excel', 'Power BI', 'Python', 'SQL', 'Tableau']",5
JOB01990,Software Engineer,"['Git', 'Java', 'Python', 'REST API', 'SQL']",5
JOB01991,Full Stack Developer,"['CSS', 'HTML', 'Java', 'JavaScript', 'Machine Learning', 'Node', 'React']",7
JOB01992,Web Developer,"['CSS', 'Git', 'HTML', 'Java', 'JavaScript', 'Machine Learning', 'React']",7
JOB01993,Web Developer,"['CSS', 'Git', 'HTML', 'Java', 'JavaScript', 'Machine Learning', 'React']",7
JOB01994,QA Engineer,"['Automation Testing', 'Java', 'Python', 'SQL', 'Selenium']",5
JOB01995,Financial Analyst,"['Excel', 'Financial Modeling', 'Power BI', 'SQL', 'Statistics']",5
JOB01996,HR Analyst,"['Data Analysis', 'Excel', 'HR Analytics', 'Power BI', 'SQL']",5
JOB01997,Power BI Developer,"['DAX', 'Excel', 'Power BI', 'Power Query', 'SQL']",5
JOB01998,Software Engineer,"['Git', 'Java', 'Python', 'REST API', 'SQL']",5
JOB01999,BI Analyst,"['DAX', 'Data Visualization', 'Excel', 'Power BI', 'SQL']",5
JOB02000,HR Analyst,"['Data Analysis', 'Excel', 'HR Analytics', 'Power BI', 'SQL']",5
JOB02001,Software Engineer,"['Git', 'Java', 'Python', 'REST API', 'SQL']",5
JOB02002,Full Stack Developer,"['CSS', 'HTML', 'Java', 'JavaScript', 'Machine Learning', 'Node', 'React']",7
JOB02003,SQL Developer,"['Database', 'ETL', 'MySQL', 'PostgreSQL', 'SQL']",5
JOB02004,Business Analyst,"['Business Analysis', 'Excel', 'Power BI', 'Requirements Gathering', 'SQL']",5
JOB02005,Marketing Analyst,"['Excel', 'Marketing Analytics', 'Power BI', 'Python', 'SQL']",5
JOB02006,Cloud Engineer,"['AWS', 'Azure', 'Cloud Computing', 'Docker', 'Linux']",5
JOB02007,Software Engineer,"['Git', 'Java', 'Python', 'REST API', 'SQL']",5
JOB02008,Full Stack Developer,"['CSS', 'HTML', 'Java', 'JavaScript', 'Machine Learning', 'Node', 'React']",7
JOB02009,Data Analyst,"['Excel', 'Power BI', 'Python', 'SQL', 'Tableau']",5
JOB02010,SQL Developer,"['Database', 'ETL', 'MySQL', 'PostgreSQL', 'SQL']",5
JOB02011,QA Engineer,"['Automation Testing', 'Java', 'Python', 'SQL', 'Selenium']",5
JOB02012,Machine Learning Engineer,"['Docker', 'Machine Learning', 'Python', 'Scikit-learn', 'TensorFlow']",5
JOB02013,Python Developer,"['Django', 'Flask', 'Git', 'Python', 'SQL']",5
JOB02014,Machine Learning Engineer,"['Docker', 'Machine Learning', 'Python', 'Scikit-learn', 'TensorFlow']",5
JOB02015,Financial Analyst,"['Excel', 'Financial Modeling', 'Power BI', 'SQL', 'Statistics']",5
JOB02016,HR Analyst,"['Data Analysis', 'Excel', 'HR Analytics', 'Power BI', 'SQL']",5
JOB02017,Data Scientist,"['Machine Learning', 'Pandas', 'Python', 'SQL', 'Statistics']",5
JOB02018,SQL Developer,"['Database', 'ETL', 'MySQL', 'PostgreSQL', 'SQL']",5
JOB02019,Python Developer,"['Django', 'Flask', 'Git', 'Python', 'SQL']",5
JOB02020,Financial Analyst,"['Excel', 'Financial Modeling', 'Power BI', 'SQL', 'Statistics']",5
JOB02021,Cloud Engineer,"['AWS', 'Azure', 'Cloud Computing', 'Docker', 'Linux']",5
JOB02022,Data Scientist,"['Machine Learning', 'Pandas', 'Python', 'SQL', 'Statistics']",5
JOB02023,DevOps Engineer,"['AWS', 'Docker', 'Jenkins', 'Kubernetes', 'Linux']",5
JOB02024,Power BI Developer,"['DAX', 'Excel', 'Power BI', 'Power Query', 'SQL']",5
JOB02025,Software Engineer,"['Git', 'Java', 'Python', 'REST API', 'SQL']",5
JOB02026,Cloud Engineer,"['AWS', 'Azure', 'Cloud Computing', 'Docker', 'Linux']",5
JOB02027,Marketing Analyst,"['Excel', 'Marketing Analytics', 'Power BI', 'Python', 'SQL']",5
JOB02028,BI Analyst,"['Cloud Computing', 'DAX', 'Data Visualization', 'Excel', 'Power BI', 'SQL']",6
JOB02029,Data Analyst,"['Excel', 'Power BI', 'Python', 'SQL', 'Tableau']",5
JOB02030,Database Administrator,"['Database', 'Database Administration', 'MySQL', 'Oracle', 'PostgreSQL', 'SQL']",6
JOB02031,Python Developer,"['Cloud Computing', 'Django', 'Flask', 'Git', 'Python', 'SQL']",6
JOB02032,SQL Developer,"['Database', 'ETL', 'MySQL', 'PostgreSQL', 'SQL']",5
JOB02033,Financial Analyst,"['Excel', 'Financial Modeling', 'Power BI', 'SQL', 'Statistics']",5
JOB02034,QA Engineer,"['Automation Testing', 'Java', 'Python', 'SQL', 'Selenium']",5
JOB02035,SQL Developer,"['Database', 'ETL', 'MySQL', 'PostgreSQL', 'SQL']",5
JOB02036,Data Scientist,"['Machine Learning', 'Pandas', 'Python', 'SQL', 'Statistics']",5
JOB02037,Full Stack Developer,"['CSS', 'HTML', 'Java', 'JavaScript', 'Machine Learning', 'Node', 'React']",7
JOB02038,Web Developer,"['CSS', 'Git', 'HTML', 'Java', 'JavaScript', 'Machine Learning', 'React']",7
JOB02039,Data Scientist,"['Machine Learning', 'Oracle', 'Pandas', 'Python', 'SQL', 'Statistics']",6
JOB02040,Data Analyst,"['Cloud Computing', 'Excel', 'Power BI', 'Python', 'SQL', 'Tableau']",6
JOB02041,Database Administrator,"['Database', 'Database Administration', 'MySQL', 'Oracle', 'PostgreSQL', 'SQL']",6
JOB02042,Database Administrator,"['Database', 'Database Administration', 'MySQL', 'Oracle', 'PostgreSQL', 'SQL']",6
JOB02043,Data Engineer,"['AWS', 'ETL', 'Python', 'SQL', 'Spark']",5
JOB02044,HR Analyst,"['Data Analysis', 'Excel', 'HR Analytics', 'Power BI', 'SQL']",5
JOB02045,Power BI Developer,"['DAX', 'Excel', 'Power BI', 'Power Query', 'SQL']",5
JOB02046,Software Engineer,"['Git', 'Java', 'Python', 'REST API', 'SQL']",5
JOB02047,Software Engineer,"['Git', 'Java', 'Python', 'REST API', 'SQL']",5
JOB02048,DevOps Engineer,"['AWS', 'Docker', 'Jenkins', 'Kubernetes', 'Linux']",5
JOB02049,Data Engineer,"['AWS', 'ETL', 'Python', 'SQL', 'Spark']",5
JOB02050,Data Scientist,"['Machine Learning', 'Pandas', 'Python', 'SQL', 'Statistics']",5
JOB02051,Marketing Analyst,"['Excel', 'Marketing Analytics', 'Oracle', 'Power BI', 'Python', 'SQL']",6
JOB02052,Python Developer,"['Django', 'Flask', 'Git', 'Python', 'SQL']",5
JOB02053,Full Stack Developer,"['CSS', 'HTML', 'Java', 'JavaScript', 'Machine Learning', 'Node', 'React']",7
JOB02054,BI Analyst,"['DAX', 'Data Visualization', 'Excel', 'Power BI', 'SQL']",5
JOB02055,Web Developer,"['CSS', 'Git', 'HTML', 'Java', 'JavaScript', 'Machine Learning', 'React']",7
JOB02056,QA Engineer,"['Automation Testing', 'Java', 'Python', 'SQL', 'Selenium']",5
JOB02057,QA Engineer,"['Automation Testing', 'Java', 'Python', 'SQL', 'Selenium']",5
JOB02058,Marketing Analyst,"['Excel', 'Marketing Analytics', 'Power BI', 'Python', 'SQL']",5
JOB02059,HR Analyst,"['Data Analysis', 'Excel', 'HR Analytics', 'Power BI', 'SQL']",5
JOB02060,Cloud Engineer,"['AWS', 'Azure', 'Cloud Computing', 'Docker', 'Linux']",5
JOB02061,Database Administrator,"['Database', 'Database Administration', 'MySQL', 'Oracle', 'PostgreSQL', 'SQL']",6
JOB02062,Financial Analyst,"['Excel', 'Financial Modeling', 'Power BI', 'SQL', 'Statistics']",5
JOB02063,DevOps Engineer,"['AWS', 'Docker', 'Jenkins', 'Kubernetes', 'Linux']",5
JOB02064,Data Engineer,"['AWS', 'ETL', 'Python', 'SQL', 'Spark']",5
JOB02065,Data Analyst,"['Excel', 'Power BI', 'Python', 'SQL', 'Tableau']",5
JOB02066,Product Analyst,"['Excel', 'Product Analytics', 'Python', 'SQL']",4
JOB02067,Cloud Engineer,"['AWS', 'Azure', 'Cloud Computing', 'Docker', 'Linux']",5
JOB02068,Database Administrator,"['Database', 'Database Administration', 'MySQL', 'Oracle', 'PostgreSQL', 'SQL']",6
JOB02069,Database Administrator,"['Database', 'Database Administration', 'MySQL', 'Oracle', 'PostgreSQL', 'SQL']",6
JOB02070,Power BI Developer,"['DAX', 'Excel', 'Power BI', 'Power Query', 'SQL']",5
JOB02071,Marketing Analyst,"['Excel', 'Marketing Analytics', 'Power BI', 'Python', 'SQL']",5
JOB02072,Software Engineer,"['Git', 'Java', 'Python', 'REST API', 'SQL']",5
JOB02073,BI Analyst,"['DAX', 'Data Visualization', 'Excel', 'Power BI', 'SQL']",5
JOB02074,Product Analyst,"['Excel', 'Product Analytics', 'Python', 'SQL']",4
JOB02075,Product Analyst,"['Cloud Computing', 'Excel', 'Product Analytics', 'Python', 'SQL']",5
JOB02076,Web Developer,"['CSS', 'Git', 'HTML', 'Java', 'JavaScript', 'Machine Learning', 'React']",7
JOB02077,Financial Analyst,"['Excel', 'Financial Modeling', 'Power BI', 'SQL', 'Statistics']",5
JOB02078,Database Administrator,"['Database', 'Database Administration', 'MySQL', 'Oracle', 'PostgreSQL', 'SQL']",6
JOB02079,Data Engineer,"['AWS', 'ETL', 'Python', 'SQL', 'Spark']",5
JOB02080,QA Engineer,"['Automation Testing', 'Java', 'Oracle', 'Python', 'SQL', 'Selenium']",6
JOB02081,Marketing Analyst,"['Excel', 'Marketing Analytics', 'Power BI', 'Python', 'SQL']",5
JOB02082,Cloud Engineer,"['AWS', 'Azure', 'Cloud Computing', 'Docker', 'Linux']",5
JOB02083,Database Administrator,"['Database', 'Database Administration', 'MySQL', 'Oracle', 'PostgreSQL', 'SQL']",6
JOB02084,HR Analyst,"['Data Analysis', 'Excel', 'HR Analytics', 'Power BI', 'SQL']",5
JOB02085,Machine Learning Engineer,"['Docker', 'Machine Learning', 'Python', 'Scikit-learn', 'TensorFlow']",5
JOB02086,SQL Developer,"['Database', 'ETL', 'MySQL', 'PostgreSQL', 'SQL']",5
JOB02087,QA Engineer,"['Automation Testing', 'Java', 'Python', 'SQL', 'Selenium']",5
JOB02088,Python Developer,"['Django', 'Flask', 'Git', 'Python', 'SQL']",5
JOB02089,HR Analyst,"['Data Analysis', 'Excel', 'HR Analytics', 'Power BI', 'SQL']",5
JOB02090,Web Developer,"['CSS', 'Cloud Computing', 'Git', 'HTML', 'Java', 'JavaScript', 'Machine Learning', 'React']",8
JOB02091,Data Analyst,"['Excel', 'Power BI', 'Python', 'SQL', 'Tableau']",5
JOB02092,Machine Learning Engineer,"['Docker', 'Machine Learning', 'Python', 'Scikit-learn', 'TensorFlow']",5
JOB02093,Data Scientist,"['Machine Learning', 'Pandas', 'Python', 'SQL', 'Statistics']",5
JOB02094,Software Engineer,"['Git', 'Java', 'Python', 'REST API', 'SQL']",5
JOB02095,Data Analyst,"['Excel', 'Power BI', 'Python', 'SQL', 'Tableau']",5
JOB02096,QA Engineer,"['Automation Testing', 'Java', 'Oracle', 'Python', 'SQL', 'Selenium']",6
JOB02097,Data Analyst,"['Excel', 'Power BI', 'Python', 'SQL', 'Tableau']",5
JOB02098,QA Engineer,"['Automation Testing', 'Java', 'Python', 'SQL', 'Selenium']",5
JOB02099,SQL Developer,"['Database', 'ETL', 'MySQL', 'PostgreSQL', 'SQL']",5
JOB02100,Data Analyst,"['Excel', 'Power BI', 'Python', 'SQL', 'Tableau']",5
JOB02101,DevOps Engineer,"['AWS', 'Docker', 'Jenkins', 'Kubernetes', 'Linux']",5
JOB02102,BI Analyst,"['DAX', 'Data Visualization', 'Excel', 'Power BI', 'SQL']",5
JOB02103,Data Engineer,"['AWS', 'ETL', 'Python', 'SQL', 'Spark']",5
JOB02104,Software Engineer,"['Git', 'Java', 'Oracle', 'Python', 'REST API', 'SQL']",6
JOB02105,Full Stack Developer,"['CSS', 'HTML', 'Java', 'JavaScript', 'Machine Learning', 'Node', 'React']",7
JOB02106,HR Analyst,"['Data Analysis', 'Excel', 'HR Analytics', 'Power BI', 'SQL']",5
JOB02107,Full Stack Developer,"['CSS', 'HTML', 'Java', 'JavaScript', 'Machine Learning', 'Node', 'React']",7
JOB02108,Data Scientist,"['Machine Learning', 'Pandas', 'Python', 'SQL', 'Statistics']",5
JOB02109,QA Engineer,"['Automation Testing', 'Java', 'Python', 'SQL', 'Selenium']",5
JOB02110,Database Administrator,"['Database', 'Database Administration', 'MySQL', 'Oracle', 'PostgreSQL', 'SQL']",6
JOB02111,Marketing Analyst,"['Excel', 'Marketing Analytics', 'Power BI', 'Python', 'SQL']",5
JOB02112,Web Developer,"['CSS', 'Git', 'HTML', 'Java', 'JavaScript', 'Machine Learning', 'React']",7
JOB02113,Financial Analyst,"['Excel', 'Financial Modeling', 'Power BI', 'SQL', 'Statistics']",5
JOB02114,DevOps Engineer,"['AWS', 'Docker', 'Jenkins', 'Kubernetes', 'Linux']",5
JOB02115,DevOps Engineer,"['AWS', 'Docker', 'Jenkins', 'Kubernetes', 'Linux']",5
JOB02116,HR Analyst,"['Data Analysis', 'Excel', 'HR Analytics', 'Power BI', 'SQL']",5
JOB02117,Database Administrator,"['Database', 'Database Administration', 'MySQL', 'Oracle', 'PostgreSQL', 'SQL']",6
JOB02118,Full Stack Developer,"['CSS', 'HTML', 'Java', 'JavaScript', 'Machine Learning', 'Node', 'React']",7
JOB02119,Data Analyst,"['Excel', 'Power BI', 'Python', 'SQL', 'Tableau']",5
JOB02120,Financial Analyst,"['Excel', 'Financial Modeling', 'Power BI', 'SQL', 'Statistics']",5
JOB02121,Product Analyst,"['Cloud Computing', 'Excel', 'Product Analytics', 'Python', 'SQL']",5
JOB02122,Database Administrator,"['Database', 'Database Administration', 'MySQL', 'Oracle', 'PostgreSQL', 'SQL']",6
JOB02123,SQL Developer,"['Database', 'ETL', 'MySQL', 'PostgreSQL', 'SQL']",5
JOB02124,Marketing Analyst,"['Excel', 'Marketing Analytics', 'Power BI', 'Python', 'SQL']",5
JOB02125,Product Analyst,"['Excel', 'Product Analytics', 'Python', 'SQL']",4
JOB02126,DevOps Engineer,"['AWS', 'Docker', 'Jenkins', 'Kubernetes', 'Linux']",5
JOB02127,Software Engineer,"['Cloud Computing', 'Git', 'Java', 'Python', 'REST API', 'SQL']",6
JOB02128,Python Developer,"['Django', 'Flask', 'Git', 'Python', 'SQL']",5
JOB02129,Web Developer,"['CSS', 'Git', 'HTML', 'Java', 'JavaScript', 'Machine Learning', 'React']",7
JOB02130,Full Stack Developer,"['CSS', 'HTML', 'Java', 'JavaScript', 'Machine Learning', 'Node', 'React']",7
JOB02131,Data Analyst,"['Excel', 'Power BI', 'Python', 'SQL', 'Tableau']",5
JOB02132,Business Analyst,"['Business Analysis', 'Excel', 'Power BI', 'Requirements Gathering', 'SQL']",5
JOB02133,Data Scientist,"['Machine Learning', 'Pandas', 'Python', 'SQL', 'Statistics']",5
JOB02134,Software Engineer,"['Git', 'Java', 'Python', 'REST API', 'SQL']",5
JOB02135,HR Analyst,"['Data Analysis', 'Excel', 'HR Analytics', 'Power BI', 'SQL']",5
JOB02136,QA Engineer,"['Automation Testing', 'Java', 'Python', 'SQL', 'Selenium']",5
JOB02137,DevOps Engineer,"['AWS', 'Docker', 'Jenkins', 'Kubernetes', 'Linux']",5
JOB02138,Machine Learning Engineer,"['Docker', 'Machine Learning', 'Python', 'Scikit-learn', 'TensorFlow']",5
JOB02139,Database Administrator,"['Database', 'Database Administration', 'MySQL', 'Oracle', 'PostgreSQL', 'SQL']",6
JOB02140,Financial Analyst,"['Excel', 'Financial Modeling', 'Oracle', 'Power BI', 'SQL', 'Statistics']",6
JOB02141,Software Engineer,"['Git', 'Java', 'Python', 'REST API', 'SQL']",5
JOB02142,QA Engineer,"['Automation Testing', 'Java', 'Python', 'SQL', 'Selenium']",5
JOB02143,Data Engineer,"['AWS', 'ETL', 'Python', 'SQL', 'Spark']",5
JOB02144,SQL Developer,"['Database', 'ETL', 'MySQL', 'PostgreSQL', 'SQL']",5
JOB02145,Financial Analyst,"['Excel', 'Financial Modeling', 'Power BI', 'SQL', 'Statistics']",5
JOB02146,Financial Analyst,"['Cloud Computing', 'Excel', 'Financial Modeling', 'Power BI', 'SQL', 'Statistics']",6
JOB02147,Software Engineer,"['Git', 'Java', 'Python', 'REST API', 'SQL']",5
JOB02148,DevOps Engineer,"['AWS', 'Docker', 'Jenkins', 'Kubernetes', 'Linux']",5
JOB02149,Power BI Developer,"['DAX', 'Excel', 'Power BI', 'Power Query', 'SQL']",5
JOB02150,Data Scientist,"['Machine Learning', 'Oracle', 'Pandas', 'Python', 'SQL', 'Statistics']",6
JOB02151,Cloud Engineer,"['AWS', 'Azure', 'Cloud Computing', 'Docker', 'Linux']",5
JOB02152,QA Engineer,"['Automation Testing', 'Java', 'Python', 'SQL', 'Selenium']",5
JOB02153,Cloud Engineer,"['AWS', 'Azure', 'Cloud Computing', 'Docker', 'Linux']",5
JOB02154,DevOps Engineer,"['AWS', 'Docker', 'Jenkins', 'Kubernetes', 'Linux']",5
JOB02155,QA Engineer,"['Automation Testing', 'Java', 'Python', 'SQL', 'Selenium']",5
JOB02156,SQL Developer,"['Database', 'ETL', 'MySQL', 'PostgreSQL', 'SQL']",5
JOB02157,Power BI Developer,"['DAX', 'Excel', 'Oracle', 'Power BI', 'Power Query', 'SQL']",6
JOB02158,Software Engineer,"['Git', 'Java', 'Python', 'REST API', 'SQL']",5
JOB02159,Data Analyst,"['Cloud Computing', 'Excel', 'Power BI', 'Python', 'SQL', 'Tableau']",6
JOB02160,Marketing Analyst,"['Excel', 'Marketing Analytics', 'Power BI', 'Python', 'SQL']",5
JOB02161,Full Stack Developer,"['CSS', 'HTML', 'Java', 'JavaScript', 'Machine Learning', 'Node', 'React']",7
JOB02162,Python Developer,"['Django', 'Flask', 'Git', 'Python', 'SQL']",5
JOB02163,Product Analyst,"['Excel', 'Product Analytics', 'Python', 'SQL']",4
JOB02164,QA Engineer,"['Automation Testing', 'Java', 'Python', 'SQL', 'Selenium']",5
JOB02165,Web Developer,"['CSS', 'Git', 'HTML', 'Java', 'JavaScript', 'Machine Learning', 'React']",7
JOB02166,Web Developer,"['CSS', 'Git', 'HTML', 'Java', 'JavaScript', 'Machine Learning', 'React']",7
JOB02167,Power BI Developer,"['DAX', 'Excel', 'Power BI', 'Power Query', 'SQL']",5
JOB02168,Financial Analyst,"['Excel', 'Financial Modeling', 'Power BI', 'SQL', 'Statistics']",5
JOB02169,Full Stack Developer,"['CSS', 'HTML', 'Java', 'JavaScript', 'Machine Learning', 'Node', 'React']",7
JOB02170,Web Developer,"['CSS', 'Git', 'HTML', 'Java', 'JavaScript', 'Machine Learning', 'React']",7
JOB02171,Web Developer,"['CSS', 'Git', 'HTML', 'Java', 'JavaScript', 'Machine Learning', 'React']",7
JOB02172,Power BI Developer,"['DAX', 'Excel', 'Power BI', 'Power Query', 'SQL']",5
JOB02173,Data Engineer,"['AWS', 'ETL', 'Python', 'SQL', 'Spark']",5
JOB02174,HR Analyst,"['Data Analysis', 'Excel', 'HR Analytics', 'Power BI', 'SQL']",5
JOB02175,Python Developer,"['Django', 'Flask', 'Git', 'Python', 'SQL']",5
JOB02176,Web Developer,"['CSS', 'Git', 'HTML', 'Java', 'JavaScript', 'Machine Learning', 'React']",7
JOB02177,Data Scientist,"['Machine Learning', 'Pandas', 'Python', 'SQL', 'Statistics']",5
JOB02178,Data Analyst,"['Excel', 'Oracle', 'Power BI', 'Python', 'SQL', 'Tableau']",6
JOB02179,BI Analyst,"['DAX', 'Data Visualization', 'Excel', 'Power BI', 'SQL']",5
JOB02180,Web Developer,"['CSS', 'Git', 'HTML', 'Java', 'JavaScript', 'Machine Learning', 'React']",7
JOB02181,BI Analyst,"['DAX', 'Data Visualization', 'Excel', 'Power BI', 'SQL']",5
JOB02182,Cloud Engineer,"['AWS', 'Azure', 'Cloud Computing', 'Docker', 'Linux']",5
JOB02183,Data Engineer,"['AWS', 'ETL', 'Python', 'SQL', 'Spark']",5
JOB02184,Marketing Analyst,"['Cloud Computing', 'Excel', 'Marketing Analytics', 'Power BI', 'Python', 'SQL']",6
JOB02185,DevOps Engineer,"['AWS', 'Docker', 'Jenkins', 'Kubernetes', 'Linux']",5
JOB02186,Full Stack Developer,"['CSS', 'Cloud Computing', 'HTML', 'Java', 'JavaScript', 'Machine Learning', 'Node', 'React']",8
JOB02187,HR Analyst,"['Data Analysis', 'Excel', 'HR Analytics', 'Power BI', 'SQL']",5
JOB02188,Web Developer,"['CSS', 'Git', 'HTML', 'Java', 'JavaScript', 'Machine Learning', 'React']",7
JOB02189,Power BI Developer,"['DAX', 'Excel', 'Power BI', 'Power Query', 'SQL']",5
JOB02190,Full Stack Developer,"['CSS', 'HTML', 'Java', 'JavaScript', 'Machine Learning', 'Node', 'React']",7
JOB02191,Machine Learning Engineer,"['Docker', 'Machine Learning', 'Python', 'Scikit-learn', 'TensorFlow']",5
JOB02192,Data Analyst,"['Excel', 'Power BI', 'Python', 'SQL', 'Tableau']",5
JOB02193,Marketing Analyst,"['Excel', 'Marketing Analytics', 'Power BI', 'Python', 'SQL']",5
JOB02194,Python Developer,"['Django', 'Flask', 'Git', 'Python', 'SQL']",5
JOB02195,Full Stack Developer,"['CSS', 'HTML', 'Java', 'JavaScript', 'Machine Learning', 'Node', 'React']",7
JOB02196,DevOps Engineer,"['AWS', 'Docker', 'Jenkins', 'Kubernetes', 'Linux']",5
JOB02197,Data Engineer,"['AWS', 'ETL', 'Python', 'SQL', 'Spark']",5
JOB02198,Power BI Developer,"['DAX', 'Excel', 'Power BI', 'Power Query', 'SQL']",5
JOB02199,Power BI Developer,"['DAX', 'Excel', 'Power BI', 'Power Query', 'SQL']",5
JOB02200,Data Engineer,"['AWS', 'ETL', 'Python', 'SQL', 'Spark']",5
JOB02201,Business Analyst,"['Business Analysis', 'Excel', 'Power BI', 'Requirements Gathering', 'SQL']",5
JOB02202,BI Analyst,"['DAX', 'Data Visualization', 'Excel', 'Power BI', 'SQL']",5
JOB02203,Database Administrator,"['Database', 'Database Administration', 'MySQL', 'Oracle', 'PostgreSQL', 'SQL']",6
JOB02204,Product Analyst,"['Excel', 'Product Analytics', 'Python', 'SQL']",4
JOB02205,Data Analyst,"['Excel', 'Power BI', 'Python', 'SQL', 'Tableau']",5
JOB02206,DevOps Engineer,"['AWS', 'Docker', 'Jenkins', 'Kubernetes', 'Linux']",5
JOB02207,Data Engineer,"['AWS', 'ETL', 'Python', 'SQL', 'Spark']",5
JOB02208,Database Administrator,"['Database', 'Database Administration', 'MySQL', 'Oracle', 'PostgreSQL', 'SQL']",6
JOB02209,Full Stack Developer,"['CSS', 'HTML', 'Java', 'JavaScript', 'Machine Learning', 'Node', 'React']",7
JOB02210,Data Analyst,"['Excel', 'Power BI', 'Python', 'SQL', 'Tableau']",5
JOB02211,Data Engineer,"['AWS', 'ETL', 'Python', 'SQL', 'Spark']",5
JOB02212,Business Analyst,"['Business Analysis', 'Excel', 'Power BI', 'Requirements Gathering', 'SQL']",5
JOB02213,Financial Analyst,"['Excel', 'Financial Modeling', 'Power BI', 'SQL', 'Statistics']",5
JOB02214,QA Engineer,"['Automation Testing', 'Java', 'Python', 'SQL', 'Selenium']",5
JOB02215,QA Engineer,"['Automation Testing', 'Java', 'Python', 'SQL', 'Selenium']",5
JOB02216,Data Engineer,"['AWS', 'ETL', 'Oracle', 'Python', 'SQL', 'Spark']",6
JOB02217,Business Analyst,"['Business Analysis', 'Excel', 'Power BI', 'Requirements Gathering', 'SQL']",5
JOB02218,Web Developer,"['CSS', 'Git', 'HTML', 'Java', 'JavaScript', 'Machine Learning', 'React']",7
JOB02219,Data Engineer,"['AWS', 'ETL', 'Python', 'SQL', 'Spark']",5
JOB02220,Data Scientist,"['Machine Learning', 'Pandas', 'Python', 'SQL', 'Statistics']",5
JOB02221,Data Engineer,"['AWS', 'ETL', 'Oracle', 'Python', 'SQL', 'Spark']",6
JOB02222,Financial Analyst,"['Excel', 'Financial Modeling', 'Oracle', 'Power BI', 'SQL', 'Statistics']",6
JOB02223,Web Developer,"['CSS', 'Git', 'HTML', 'Java', 'JavaScript', 'Machine Learning', 'React']",7
JOB02224,QA Engineer,"['Automation Testing', 'Java', 'Python', 'SQL', 'Selenium']",5
JOB02225,Software Engineer,"['Git', 'Java', 'Python', 'REST API', 'SQL']",5
JOB02226,Financial Analyst,"['Excel', 'Financial Modeling', 'Power BI', 'SQL', 'Statistics']",5
JOB02227,QA Engineer,"['Automation Testing', 'Cloud Computing', 'Java', 'Python', 'SQL', 'Selenium']",6
JOB02228,QA Engineer,"['Automation Testing', 'Cloud Computing', 'Java', 'Python', 'SQL', 'Selenium']",6
JOB02229,Financial Analyst,"['Excel', 'Financial Modeling', 'Power BI', 'SQL', 'Statistics']",5
JOB02230,Software Engineer,"['Cloud Computing', 'Git', 'Java', 'Python', 'REST API', 'SQL']",6
JOB02231,Financial Analyst,"['Excel', 'Financial Modeling', 'Power BI', 'SQL', 'Statistics']",5
JOB02232,Financial Analyst,"['Excel', 'Financial Modeling', 'Power BI', 'SQL', 'Statistics']",5
JOB02233,Data Engineer,"['AWS', 'ETL', 'Python', 'SQL', 'Spark']",5
JOB02234,HR Analyst,"['Data Analysis', 'Excel', 'HR Analytics', 'Power BI', 'SQL']",5
JOB02235,Software Engineer,"['Git', 'Java', 'Python', 'REST API', 'SQL']",5
JOB02236,Database Administrator,"['Database', 'Database Administration', 'MySQL', 'Oracle', 'PostgreSQL', 'SQL']",6
JOB02237,SQL Developer,"['Database', 'ETL', 'MySQL', 'Oracle', 'PostgreSQL', 'SQL']",6
JOB02238,BI Analyst,"['Cloud Computing', 'DAX', 'Data Visualization', 'Excel', 'Power BI', 'SQL']",6
JOB02239,HR Analyst,"['Data Analysis', 'Excel', 'HR Analytics', 'Power BI', 'SQL']",5
JOB02240,Database Administrator,"['Database', 'Database Administration', 'MySQL', 'Oracle', 'PostgreSQL', 'SQL']",6
JOB02241,Data Scientist,"['Machine Learning', 'Oracle', 'Pandas', 'Python', 'SQL', 'Statistics']",6
JOB02242,Marketing Analyst,"['Excel', 'Marketing Analytics', 'Power BI', 'Python', 'SQL']",5
JOB02243,Data Analyst,"['Excel', 'Power BI', 'Python', 'SQL', 'Tableau']",5
JOB02244,Machine Learning Engineer,"['Docker', 'Machine Learning', 'Oracle', 'Python', 'Scikit-learn', 'TensorFlow']",6
JOB02245,Marketing Analyst,"['Excel', 'Marketing Analytics', 'Power BI', 'Python', 'SQL']",5
JOB02246,HR Analyst,"['Data Analysis', 'Excel', 'HR Analytics', 'Power BI', 'SQL']",5
JOB02247,Database Administrator,"['Database', 'Database Administration', 'MySQL', 'Oracle', 'PostgreSQL', 'SQL']",6
JOB02248,HR Analyst,"['Data Analysis', 'Excel', 'HR Analytics', 'Power BI', 'SQL']",5
JOB02249,DevOps Engineer,"['AWS', 'Docker', 'Jenkins', 'Kubernetes', 'Linux']",5
JOB02250,Data Analyst,"['Excel', 'Power BI', 'Python', 'SQL', 'Tableau']",5
JOB02251,Data Analyst,"['Excel', 'Power BI', 'Python', 'SQL', 'Tableau']",5
JOB02252,Full Stack Developer,"['CSS', 'HTML', 'Java', 'JavaScript', 'Machine Learning', 'Node', 'React']",7
JOB02253,Power BI Developer,"['DAX', 'Excel', 'Power BI', 'Power Query', 'SQL']",5
JOB02254,Data Scientist,"['Machine Learning', 'Pandas', 'Python', 'SQL', 'Statistics']",5
JOB02255,Cloud Engineer,"['AWS', 'Azure', 'Cloud Computing', 'Docker', 'Linux']",5
JOB02256,Data Engineer,"['AWS', 'ETL', 'Python', 'SQL', 'Spark']",5
JOB02257,Product Analyst,"['Excel', 'Product Analytics', 'Python', 'SQL']",4
JOB02258,Web Developer,"['CSS', 'Cloud Computing', 'Git', 'HTML', 'Java', 'JavaScript', 'Machine Learning', 'React']",8
JOB02259,Machine Learning Engineer,"['Docker', 'Machine Learning', 'Python', 'Scikit-learn', 'TensorFlow']",5
JOB02260,Data Scientist,"['Machine Learning', 'Pandas', 'Python', 'SQL', 'Statistics']",5
JOB02261,Product Analyst,"['Excel', 'Product Analytics', 'Python', 'SQL']",4
JOB02262,Software Engineer,"['Git', 'Java', 'Python', 'REST API', 'SQL']",5
JOB02263,Data Analyst,"['Excel', 'Power BI', 'Python', 'SQL', 'Tableau']",5
JOB02264,SQL Developer,"['Database', 'ETL', 'MySQL', 'PostgreSQL', 'SQL']",5
JOB02265,Web Developer,"['CSS', 'Git', 'HTML', 'Java', 'JavaScript', 'Machine Learning', 'Oracle', 'React']",8
JOB02266,SQL Developer,"['Database', 'ETL', 'MySQL', 'PostgreSQL', 'SQL']",5
JOB02267,Data Analyst,"['Excel', 'Power BI', 'Python', 'SQL', 'Tableau']",5
JOB02268,Data Scientist,"['Machine Learning', 'Pandas', 'Python', 'SQL', 'Statistics']",5
JOB02269,Financial Analyst,"['Excel', 'Financial Modeling', 'Oracle', 'Power BI', 'SQL', 'Statistics']",6
JOB02270,Database Administrator,"['Database', 'Database Administration', 'MySQL', 'Oracle', 'PostgreSQL', 'SQL']",6
JOB02271,Business Analyst,"['Business Analysis', 'Excel', 'Power BI', 'Requirements Gathering', 'SQL']",5
JOB02272,Cloud Engineer,"['AWS', 'Azure', 'Cloud Computing', 'Docker', 'Linux']",5
JOB02273,DevOps Engineer,"['AWS', 'Docker', 'Jenkins', 'Kubernetes', 'Linux']",5
JOB02274,Data Scientist,"['Machine Learning', 'Pandas', 'Python', 'SQL', 'Statistics']",5
JOB02275,Machine Learning Engineer,"['Docker', 'Machine Learning', 'Python', 'Scikit-learn', 'TensorFlow']",5
JOB02276,QA Engineer,"['Automation Testing', 'Cloud Computing', 'Java', 'Python', 'SQL', 'Selenium']",6
JOB02277,Product Analyst,"['Excel', 'Product Analytics', 'Python', 'SQL']",4
JOB02278,Business Analyst,"['Business Analysis', 'Excel', 'Power BI', 'Requirements Gathering', 'SQL']",5
JOB02279,Software Engineer,"['Cloud Computing', 'Git', 'Java', 'Python', 'REST API', 'SQL']",6
JOB02280,Financial Analyst,"['Excel', 'Financial Modeling', 'Power BI', 'SQL', 'Statistics']",5
JOB02281,Data Scientist,"['Machine Learning', 'Pandas', 'Python', 'SQL', 'Statistics']",5
JOB02282,Financial Analyst,"['Excel', 'Financial Modeling', 'Power BI', 'SQL', 'Statistics']",5
JOB02283,Marketing Analyst,"['Excel', 'Marketing Analytics', 'Power BI', 'Python', 'SQL']",5
JOB02284,SQL Developer,"['Database', 'ETL', 'MySQL', 'PostgreSQL', 'SQL']",5
JOB02285,Power BI Developer,"['DAX', 'Excel', 'Power BI', 'Power Query', 'SQL']",5
JOB02286,Data Engineer,"['AWS', 'ETL', 'Python', 'SQL', 'Spark']",5
JOB02287,QA Engineer,"['Automation Testing', 'Java', 'Python', 'SQL', 'Selenium']",5
JOB02288,QA Engineer,"['Automation Testing', 'Java', 'Python', 'SQL', 'Selenium']",5
JOB02289,Business Analyst,"['Business Analysis', 'Cloud Computing', 'Excel', 'Power BI', 'Requirements Gathering', 'SQL']",6
JOB02290,QA Engineer,"['Automation Testing', 'Java', 'Python', 'SQL', 'Selenium']",5
JOB02291,Data Engineer,"['AWS', 'ETL', 'Python', 'SQL', 'Spark']",5
JOB02292,BI Analyst,"['DAX', 'Data Visualization', 'Excel', 'Power BI', 'SQL']",5
JOB02293,Software Engineer,"['Git', 'Java', 'Python', 'REST API', 'SQL']",5
JOB02294,Cloud Engineer,"['AWS', 'Azure', 'Cloud Computing', 'Docker', 'Linux']",5
JOB02295,Business Analyst,"['Business Analysis', 'Excel', 'Power BI', 'Requirements Gathering', 'SQL']",5
JOB02296,Machine Learning Engineer,"['Docker', 'Machine Learning', 'Python', 'Scikit-learn', 'TensorFlow']",5
JOB02297,Financial Analyst,"['Excel', 'Financial Modeling', 'Power BI', 'SQL', 'Statistics']",5
JOB02298,HR Analyst,"['Data Analysis', 'Excel', 'HR Analytics', 'Power BI', 'SQL']",5
JOB02299,Financial Analyst,"['Excel', 'Financial Modeling', 'Power BI', 'SQL', 'Statistics']",5
JOB02300,Power BI Developer,"['DAX', 'Excel', 'Power BI', 'Power Query', 'SQL']",5
JOB02301,BI Analyst,"['DAX', 'Data Visualization', 'Excel', 'Power BI', 'SQL']",5
JOB02302,Data Analyst,"['Cloud Computing', 'Excel', 'Power BI', 'Python', 'SQL', 'Tableau']",6
JOB02303,Product Analyst,"['Excel', 'Product Analytics', 'Python', 'SQL']",4
JOB02304,Software Engineer,"['Git', 'Java', 'Python', 'REST API', 'SQL']",5
JOB02305,SQL Developer,"['Database', 'ETL', 'MySQL', 'PostgreSQL', 'SQL']",5
JOB02306,QA Engineer,"['Automation Testing', 'Java', 'Python', 'SQL', 'Selenium']",5
JOB02307,Financial Analyst,"['Excel', 'Financial Modeling', 'Power BI', 'SQL', 'Statistics']",5
JOB02308,Financial Analyst,"['Excel', 'Financial Modeling', 'Power BI', 'SQL', 'Statistics']",5
JOB02309,Data Scientist,"['Machine Learning', 'Pandas', 'Python', 'SQL', 'Statistics']",5
JOB02310,HR Analyst,"['Data Analysis', 'Excel', 'HR Analytics', 'Power BI', 'SQL']",5
JOB02311,Web Developer,"['CSS', 'Git', 'HTML', 'Java', 'JavaScript', 'Machine Learning', 'React']",7
JOB02312,QA Engineer,"['Automation Testing', 'Java', 'Python', 'SQL', 'Selenium']",5
JOB02313,Database Administrator,"['Database', 'Database Administration', 'MySQL', 'Oracle', 'PostgreSQL', 'SQL']",6
JOB02314,Business Analyst,"['Business Analysis', 'Excel', 'Oracle', 'Power BI', 'Requirements Gathering', 'SQL']",6
JOB02315,Financial Analyst,"['Excel', 'Financial Modeling', 'Power BI', 'SQL', 'Statistics']",5
JOB02316,QA Engineer,"['Automation Testing', 'Java', 'Python', 'SQL', 'Selenium']",5
JOB02317,Product Analyst,"['Excel', 'Product Analytics', 'Python', 'SQL']",4
JOB02318,SQL Developer,"['Database', 'ETL', 'MySQL', 'PostgreSQL', 'SQL']",5
JOB02319,SQL Developer,"['Database', 'ETL', 'MySQL', 'PostgreSQL', 'SQL']",5
JOB02320,Web Developer,"['CSS', 'Git', 'HTML', 'Java', 'JavaScript', 'Machine Learning', 'React']",7
JOB02321,Data Engineer,"['AWS', 'ETL', 'Python', 'SQL', 'Spark']",5
JOB02322,Python Developer,"['Django', 'Flask', 'Git', 'Python', 'SQL']",5
JOB02323,Python Developer,"['Django', 'Flask', 'Git', 'Python', 'SQL']",5
JOB02324,Python Developer,"['Django', 'Flask', 'Git', 'Python', 'SQL']",5
JOB02325,Full Stack Developer,"['CSS', 'HTML', 'Java', 'JavaScript', 'Machine Learning', 'Node', 'React']",7
JOB02326,Full Stack Developer,"['CSS', 'HTML', 'Java', 'JavaScript', 'Machine Learning', 'Node', 'React']",7
JOB02327,SQL Developer,"['Database', 'ETL', 'MySQL', 'PostgreSQL', 'SQL']",5
JOB02328,Software Engineer,"['Git', 'Java', 'Python', 'REST API', 'SQL']",5
JOB02329,Business Analyst,"['Business Analysis', 'Excel', 'Power BI', 'Requirements Gathering', 'SQL']",5
JOB02330,Marketing Analyst,"['Excel', 'Marketing Analytics', 'Power BI', 'Python', 'SQL']",5
JOB02331,Cloud Engineer,"['AWS', 'Azure', 'Cloud Computing', 'Docker', 'Linux']",5
JOB02332,Financial Analyst,"['Excel', 'Financial Modeling', 'Power BI', 'SQL', 'Statistics']",5
JOB02333,Full Stack Developer,"['CSS', 'HTML', 'Java', 'JavaScript', 'Machine Learning', 'Node', 'React']",7
JOB02334,HR Analyst,"['Data Analysis', 'Excel', 'HR Analytics', 'Power BI', 'SQL']",5
JOB02335,Data Analyst,"['Excel', 'Power BI', 'Python', 'SQL', 'Tableau']",5
JOB02336,Data Scientist,"['Machine Learning', 'Pandas', 'Python', 'SQL', 'Statistics']",5
JOB02337,Software Engineer,"['Git', 'Java', 'Python', 'REST API', 'SQL']",5
JOB02338,DevOps Engineer,"['AWS', 'Docker', 'Jenkins', 'Kubernetes', 'Linux']",5
JOB02339,DevOps Engineer,"['AWS', 'Docker', 'Jenkins', 'Kubernetes', 'Linux', 'Oracle']",6
JOB02340,Database Administrator,"['Database', 'Database Administration', 'MySQL', 'Oracle', 'PostgreSQL', 'SQL']",6
JOB02341,Business Analyst,"['Business Analysis', 'Excel', 'Power BI', 'Requirements Gathering', 'SQL']",5
JOB02342,BI Analyst,"['DAX', 'Data Visualization', 'Excel', 'Power BI', 'SQL']",5
JOB02343,Power BI Developer,"['DAX', 'Excel', 'Power BI', 'Power Query', 'SQL']",5
JOB02344,Marketing Analyst,"['Excel', 'Marketing Analytics', 'Power BI', 'Python', 'SQL']",5
JOB02345,Python Developer,"['Django', 'Flask', 'Git', 'Python', 'SQL']",5
JOB02346,Business Analyst,"['Business Analysis', 'Excel', 'Power BI', 'Requirements Gathering', 'SQL']",5
JOB02347,Data Analyst,"['Excel', 'Power BI', 'Python', 'SQL', 'Tableau']",5
JOB02348,Cloud Engineer,"['AWS', 'Azure', 'Cloud Computing', 'Docker', 'Linux']",5
JOB02349,Product Analyst,"['Excel', 'Product Analytics', 'Python', 'SQL']",4
JOB02350,Product Analyst,"['Excel', 'Oracle', 'Product Analytics', 'Python', 'SQL']",5
JOB02351,Marketing Analyst,"['Cloud Computing', 'Excel', 'Marketing Analytics', 'Power BI', 'Python', 'SQL']",6
JOB02352,Software Engineer,"['Git', 'Java', 'Python', 'REST API', 'SQL']",5
JOB02353,Data Engineer,"['AWS', 'ETL', 'Python', 'SQL', 'Spark']",5
JOB02354,BI Analyst,"['DAX', 'Data Visualization', 'Excel', 'Power BI', 'SQL']",5
JOB02355,HR Analyst,"['Data Analysis', 'Excel', 'HR Analytics', 'Power BI', 'SQL']",5
JOB02356,BI Analyst,"['DAX', 'Data Visualization', 'Excel', 'Power BI', 'SQL']",5
JOB02357,Database Administrator,"['Database', 'Database Administration', 'MySQL', 'Oracle', 'PostgreSQL', 'SQL']",6
JOB02358,Data Scientist,"['Machine Learning', 'Oracle', 'Pandas', 'Python', 'SQL', 'Statistics']",6
JOB02359,Web Developer,"['CSS', 'Git', 'HTML', 'Java', 'JavaScript', 'Machine Learning', 'React']",7
JOB02360,Software Engineer,"['Git', 'Java', 'Python', 'REST API', 'SQL']",5
JOB02361,Business Analyst,"['Business Analysis', 'Excel', 'Power BI', 'Requirements Gathering', 'SQL']",5
JOB02362,Marketing Analyst,"['Excel', 'Marketing Analytics', 'Power BI', 'Python', 'SQL']",5
JOB02363,Software Engineer,"['Git', 'Java', 'Python', 'REST API', 'SQL']",5
JOB02364,Machine Learning Engineer,"['Docker', 'Machine Learning', 'Python', 'Scikit-learn', 'TensorFlow']",5
JOB02365,SQL Developer,"['Database', 'ETL', 'MySQL', 'Oracle', 'PostgreSQL', 'SQL']",6
JOB02366,Data Engineer,"['AWS', 'ETL', 'Python', 'SQL', 'Spark']",5
JOB02367,Machine Learning Engineer,"['Docker', 'Machine Learning', 'Python', 'Scikit-learn', 'TensorFlow']",5
JOB02368,SQL Developer,"['Database', 'ETL', 'MySQL', 'PostgreSQL', 'SQL']",5
JOB02369,Machine Learning Engineer,"['Docker', 'Machine Learning', 'Python', 'Scikit-learn', 'TensorFlow']",5
JOB02370,Database Administrator,"['Database', 'Database Administration', 'MySQL', 'Oracle', 'PostgreSQL', 'SQL']",6
JOB02371,Data Engineer,"['AWS', 'ETL', 'Python', 'SQL', 'Spark']",5
JOB02372,Full Stack Developer,"['CSS', 'HTML', 'Java', 'JavaScript', 'Machine Learning', 'Node', 'React']",7
JOB02373,Machine Learning Engineer,"['Docker', 'Machine Learning', 'Python', 'Scikit-learn', 'TensorFlow']",5
JOB02374,Web Developer,"['CSS', 'Git', 'HTML', 'Java', 'JavaScript', 'Machine Learning', 'React']",7
JOB02375,Data Engineer,"['AWS', 'ETL', 'Python', 'SQL', 'Spark']",5
JOB02376,HR Analyst,"['Data Analysis', 'Excel', 'HR Analytics', 'Power BI', 'SQL']",5
JOB02377,Business Analyst,"['Business Analysis', 'Excel', 'Power BI', 'Requirements Gathering', 'SQL']",5
JOB02378,BI Analyst,"['DAX', 'Data Visualization', 'Excel', 'Power BI', 'SQL']",5
JOB02379,Data Engineer,"['AWS', 'ETL', 'Python', 'SQL', 'Spark']",5
JOB02380,Business Analyst,"['Business Analysis', 'Excel', 'Power BI', 'Requirements Gathering', 'SQL']",5
JOB02381,Power BI Developer,"['DAX', 'Excel', 'Power BI', 'Power Query', 'SQL']",5
JOB02382,Data Scientist,"['Machine Learning', 'Pandas', 'Python', 'SQL', 'Statistics']",5
JOB02383,Database Administrator,"['Database', 'Database Administration', 'MySQL', 'Oracle', 'PostgreSQL', 'SQL']",6
JOB02384,Financial Analyst,"['Excel', 'Financial Modeling', 'Oracle', 'Power BI', 'SQL', 'Statistics']",6
JOB02385,Marketing Analyst,"['Excel', 'Marketing Analytics', 'Power BI', 'Python', 'SQL']",5
JOB02386,Marketing Analyst,"['Excel', 'Marketing Analytics', 'Power BI', 'Python', 'SQL']",5
JOB02387,Product Analyst,"['Excel', 'Product Analytics', 'Python', 'SQL']",4
JOB02388,Full Stack Developer,"['CSS', 'HTML', 'Java', 'JavaScript', 'Machine Learning', 'Node', 'React']",7
JOB02389,Full Stack Developer,"['CSS', 'HTML', 'Java', 'JavaScript', 'Machine Learning', 'Node', 'React']",7
JOB02390,QA Engineer,"['Automation Testing', 'Java', 'Python', 'SQL', 'Selenium']",5
JOB02391,Power BI Developer,"['DAX', 'Excel', 'Power BI', 'Power Query', 'SQL']",5
JOB02392,DevOps Engineer,"['AWS', 'Docker', 'Jenkins', 'Kubernetes', 'Linux']",5
JOB02393,Software Engineer,"['Git', 'Java', 'Python', 'REST API', 'SQL']",5
JOB02394,Software Engineer,"['Git', 'Java', 'Python', 'REST API', 'SQL']",5
JOB02395,QA Engineer,"['Automation Testing', 'Java', 'Python', 'SQL', 'Selenium']",5
JOB02396,Web Developer,"['CSS', 'Git', 'HTML', 'Java', 'JavaScript', 'Machine Learning', 'React']",7
JOB02397,Data Engineer,"['AWS', 'ETL', 'Python', 'SQL', 'Spark']",5
JOB02398,Machine Learning Engineer,"['Docker', 'Machine Learning', 'Python', 'Scikit-learn', 'TensorFlow']",5
JOB02399,DevOps Engineer,"['AWS', 'Docker', 'Jenkins', 'Kubernetes', 'Linux']",5
JOB02400,Web Developer,"['CSS', 'Git', 'HTML', 'Java', 'JavaScript', 'Machine Learning', 'React']",7
JOB02401,Data Engineer,"['AWS', 'ETL', 'Python', 'SQL', 'Spark']",5
JOB02402,Product Analyst,"['Excel', 'Product Analytics', 'Python', 'SQL']",4
JOB02403,Data Scientist,"['Machine Learning', 'Pandas', 'Python', 'SQL', 'Statistics']",5
JOB02404,SQL Developer,"['Database', 'ETL', 'MySQL', 'PostgreSQL', 'SQL']",5
JOB02405,SQL Developer,"['Database', 'ETL', 'MySQL', 'PostgreSQL', 'SQL']",5
JOB02406,Cloud Engineer,"['AWS', 'Azure', 'Cloud Computing', 'Docker', 'Linux']",5
JOB02407,Business Analyst,"['Business Analysis', 'Excel', 'Power BI', 'Requirements Gathering', 'SQL']",5
JOB02408,Marketing Analyst,"['Excel', 'Marketing Analytics', 'Power BI', 'Python', 'SQL']",5
JOB02409,Power BI Developer,"['DAX', 'Excel', 'Power BI', 'Power Query', 'SQL']",5
JOB02410,Data Analyst,"['Excel', 'Power BI', 'Python', 'SQL', 'Tableau']",5
JOB02411,Data Scientist,"['Machine Learning', 'Pandas', 'Python', 'SQL', 'Statistics']",5
JOB02412,Data Engineer,"['AWS', 'ETL', 'Python', 'SQL', 'Spark']",5
JOB02413,Software Engineer,"['Git', 'Java', 'Python', 'REST API', 'SQL']",5
JOB02414,Financial Analyst,"['Excel', 'Financial Modeling', 'Power BI', 'SQL', 'Statistics']",5
JOB02415,HR Analyst,"['Data Analysis', 'Excel', 'HR Analytics', 'Power BI', 'SQL']",5
JOB02416,BI Analyst,"['DAX', 'Data Visualization', 'Excel', 'Power BI', 'SQL']",5
JOB02417,Power BI Developer,"['DAX', 'Excel', 'Power BI', 'Power Query', 'SQL']",5
JOB02418,Power BI Developer,"['DAX', 'Excel', 'Power BI', 'Power Query', 'SQL']",5
JOB02419,SQL Developer,"['Database', 'ETL', 'MySQL', 'PostgreSQL', 'SQL']",5
JOB02420,SQL Developer,"['Database', 'ETL', 'MySQL', 'PostgreSQL', 'SQL']",5
JOB02421,HR Analyst,"['Data Analysis', 'Excel', 'HR Analytics', 'Power BI', 'SQL']",5
JOB02422,Data Analyst,"['Excel', 'Power BI', 'Python', 'SQL', 'Tableau']",5
JOB02423,Software Engineer,"['Git', 'Java', 'Python', 'REST API', 'SQL']",5
JOB02424,SQL Developer,"['Database', 'ETL', 'MySQL', 'PostgreSQL', 'SQL']",5
JOB02425,QA Engineer,"['Automation Testing', 'Java', 'Python', 'SQL', 'Selenium']",5
JOB02426,Power BI Developer,"['DAX', 'Excel', 'Power BI', 'Power Query', 'SQL']",5
JOB02427,Business Analyst,"['Business Analysis', 'Excel', 'Power BI', 'Requirements Gathering', 'SQL']",5
JOB02428,Financial Analyst,"['Excel', 'Financial Modeling', 'Power BI', 'SQL', 'Statistics']",5
JOB02429,Python Developer,"['Cloud Computing', 'Django', 'Flask', 'Git', 'Python', 'SQL']",6
JOB02430,Machine Learning Engineer,"['Docker', 'Machine Learning', 'Python', 'Scikit-learn', 'TensorFlow']",5
JOB02431,Financial Analyst,"['Excel', 'Financial Modeling', 'Power BI', 'SQL', 'Statistics']",5
JOB02432,Machine Learning Engineer,"['Docker', 'Machine Learning', 'Python', 'Scikit-learn', 'TensorFlow']",5
JOB02433,Database Administrator,"['Database', 'Database Administration', 'MySQL', 'Oracle', 'PostgreSQL', 'SQL']",6
JOB02434,Power BI Developer,"['DAX', 'Excel', 'Power BI', 'Power Query', 'SQL']",5
JOB02435,Web Developer,"['CSS', 'Git', 'HTML', 'Java', 'JavaScript', 'Machine Learning', 'React']",7
JOB02436,Product Analyst,"['Excel', 'Product Analytics', 'Python', 'SQL']",4
JOB02437,Database Administrator,"['Database', 'Database Administration', 'MySQL', 'Oracle', 'PostgreSQL', 'SQL']",6
JOB02438,Product Analyst,"['Excel', 'Product Analytics', 'Python', 'SQL']",4
JOB02439,Data Scientist,"['Machine Learning', 'Pandas', 'Python', 'SQL', 'Statistics']",5
JOB02440,HR Analyst,"['Data Analysis', 'Excel', 'HR Analytics', 'Power BI', 'SQL']",5
JOB02441,Full Stack Developer,"['CSS', 'HTML', 'Java', 'JavaScript', 'Machine Learning', 'Node', 'React']",7
JOB02442,Business Analyst,"['Business Analysis', 'Excel', 'Power BI', 'Requirements Gathering', 'SQL']",5
JOB02443,Full Stack Developer,"['CSS', 'HTML', 'Java', 'JavaScript', 'Machine Learning', 'Node', 'React']",7
JOB02444,Full Stack Developer,"['CSS', 'HTML', 'Java', 'JavaScript', 'Machine Learning', 'Node', 'React']",7
JOB02445,HR Analyst,"['Data Analysis', 'Excel', 'HR Analytics', 'Power BI', 'SQL']",5
JOB02446,Python Developer,"['Django', 'Flask', 'Git', 'Python', 'SQL']",5
JOB02447,SQL Developer,"['Database', 'ETL', 'MySQL', 'PostgreSQL', 'SQL']",5
JOB02448,Data Scientist,"['Machine Learning', 'Pandas', 'Python', 'SQL', 'Statistics']",5
JOB02449,Full Stack Developer,"['CSS', 'HTML', 'Java', 'JavaScript', 'Machine Learning', 'Node', 'React']",7
JOB02450,Software Engineer,"['Git', 'Java', 'Python', 'REST API', 'SQL']",5
JOB02451,Product Analyst,"['Excel', 'Product Analytics', 'Python', 'SQL']",4
JOB02452,Web Developer,"['CSS', 'Git', 'HTML', 'Java', 'JavaScript', 'Machine Learning', 'React']",7
JOB02453,Full Stack Developer,"['CSS', 'HTML', 'Java', 'JavaScript', 'Machine Learning', 'Node', 'React']",7
JOB02454,Python Developer,"['Django', 'Flask', 'Git', 'Python', 'SQL']",5
JOB02455,Cloud Engineer,"['AWS', 'Azure', 'Cloud Computing', 'Docker', 'Linux']",5
JOB02456,SQL Developer,"['Database', 'ETL', 'MySQL', 'PostgreSQL', 'SQL']",5
JOB02457,Software Engineer,"['Git', 'Java', 'Python', 'REST API', 'SQL']",5
JOB02458,Product Analyst,"['Excel', 'Product Analytics', 'Python', 'SQL']",4
JOB02459,Data Scientist,"['Machine Learning', 'Pandas', 'Python', 'SQL', 'Statistics']",5
JOB02460,Power BI Developer,"['DAX', 'Excel', 'Power BI', 'Power Query', 'SQL']",5
JOB02461,Database Administrator,"['Database', 'Database Administration', 'MySQL', 'Oracle', 'PostgreSQL', 'SQL']",6
JOB02462,Product Analyst,"['Excel', 'Product Analytics', 'Python', 'SQL']",4
JOB02463,Power BI Developer,"['DAX', 'Excel', 'Power BI', 'Power Query', 'SQL']",5
JOB02464,Cloud Engineer,"['AWS', 'Azure', 'Cloud Computing', 'Docker', 'Linux']",5
JOB02465,Machine Learning Engineer,"['Docker', 'Machine Learning', 'Oracle', 'Python', 'Scikit-learn', 'TensorFlow']",6
JOB02466,QA Engineer,"['Automation Testing', 'Java', 'Python', 'SQL', 'Selenium']",5
JOB02467,DevOps Engineer,"['AWS', 'Cloud Computing', 'Docker', 'Jenkins', 'Kubernetes', 'Linux']",6
JOB02468,SQL Developer,"['Database', 'ETL', 'MySQL', 'PostgreSQL', 'SQL']",5
JOB02469,Marketing Analyst,"['Excel', 'Marketing Analytics', 'Power BI', 'Python', 'SQL']",5
JOB02470,Full Stack Developer,"['CSS', 'HTML', 'Java', 'JavaScript', 'Machine Learning', 'Node', 'React']",7
JOB02471,Business Analyst,"['Business Analysis', 'Excel', 'Power BI', 'Requirements Gathering', 'SQL']",5
JOB02472,Product Analyst,"['Excel', 'Product Analytics', 'Python', 'SQL']",4
JOB02473,Software Engineer,"['Git', 'Java', 'Python', 'REST API', 'SQL']",5
JOB02474,Software Engineer,"['Git', 'Java', 'Python', 'REST API', 'SQL']",5
JOB02475,HR Analyst,"['Data Analysis', 'Excel', 'HR Analytics', 'Power BI', 'SQL']",5
JOB02476,Database Administrator,"['Database', 'Database Administration', 'MySQL', 'Oracle', 'PostgreSQL', 'SQL']",6
JOB02477,BI Analyst,"['DAX', 'Data Visualization', 'Excel', 'Power BI', 'SQL']",5
JOB02478,DevOps Engineer,"['AWS', 'Docker', 'Jenkins', 'Kubernetes', 'Linux']",5
JOB02479,Software Engineer,"['Git', 'Java', 'Python', 'REST API', 'SQL']",5
JOB02480,Web Developer,"['CSS', 'Git', 'HTML', 'Java', 'JavaScript', 'Machine Learning', 'React']",7
JOB02481,Database Administrator,"['Database', 'Database Administration', 'MySQL', 'Oracle', 'PostgreSQL', 'SQL']",6
JOB02482,Business Analyst,"['Business Analysis', 'Excel', 'Power BI', 'Requirements Gathering', 'SQL']",5
JOB02483,DevOps Engineer,"['AWS', 'Docker', 'Jenkins', 'Kubernetes', 'Linux']",5
JOB02484,Software Engineer,"['Git', 'Java', 'Oracle', 'Python', 'REST API', 'SQL']",6
JOB02485,DevOps Engineer,"['AWS', 'Docker', 'Jenkins', 'Kubernetes', 'Linux']",5
JOB02486,BI Analyst,"['DAX', 'Data Visualization', 'Excel', 'Power BI', 'SQL']",5
JOB02487,Software Engineer,"['Git', 'Java', 'Python', 'REST API', 'SQL']",5
JOB02488,Data Analyst,"['Excel', 'Power BI', 'Python', 'SQL', 'Tableau']",5
JOB02489,Data Scientist,"['Machine Learning', 'Pandas', 'Python', 'SQL', 'Statistics']",5
JOB02490,Product Analyst,"['Excel', 'Product Analytics', 'Python', 'SQL']",4
JOB02491,Marketing Analyst,"['Cloud Computing', 'Excel', 'Marketing Analytics', 'Power BI', 'Python', 'SQL']",6
JOB02492,HR Analyst,"['Data Analysis', 'Excel', 'HR Analytics', 'Power BI', 'SQL']",5
JOB02493,Power BI Developer,"['DAX', 'Excel', 'Power BI', 'Power Query', 'SQL']",5
JOB02494,Marketing Analyst,"['Excel', 'Marketing Analytics', 'Power BI', 'Python', 'SQL']",5
JOB02495,Product Analyst,"['Excel', 'Product Analytics', 'Python', 'SQL']",4
JOB02496,HR Analyst,"['Data Analysis', 'Excel', 'HR Analytics', 'Power BI', 'SQL']",5
JOB02497,Data Analyst,"['Excel', 'Power BI', 'Python', 'SQL', 'Tableau']",5
JOB02498,Python Developer,"['Django', 'Flask', 'Git', 'Python', 'SQL']",5
JOB02499,Web Developer,"['CSS', 'Git', 'HTML', 'Java', 'JavaScript', 'Machine Learning', 'React']",7
JOB02500,Web Developer,"['CSS', 'Git', 'HTML', 'Java', 'JavaScript', 'Machine Learning', 'React']",7
JOB02501,Cloud Engineer,"['AWS', 'Azure', 'Cloud Computing', 'Docker', 'Linux']",5
JOB02502,Web Developer,"['CSS', 'Git', 'HTML', 'Java', 'JavaScript', 'Machine Learning', 'React']",7
JOB02503,Cloud Engineer,"['AWS', 'Azure', 'Cloud Computing', 'Docker', 'Linux']",5
JOB02504,Full Stack Developer,"['CSS', 'HTML', 'Java', 'JavaScript', 'Machine Learning', 'Node', 'React']",7
JOB02505,Python Developer,"['Django', 'Flask', 'Git', 'Python', 'SQL']",5
JOB02506,Machine Learning Engineer,"['Docker', 'Machine Learning', 'Python', 'Scikit-learn', 'TensorFlow']",5
JOB02507,Data Analyst,"['Excel', 'Power BI', 'Python', 'SQL', 'Tableau']",5
JOB02508,Python Developer,"['Django', 'Flask', 'Git', 'Python', 'SQL']",5
JOB02509,Marketing Analyst,"['Excel', 'Marketing Analytics', 'Power BI', 'Python', 'SQL']",5
JOB02510,BI Analyst,"['DAX', 'Data Visualization', 'Excel', 'Power BI', 'SQL']",5
JOB02511,SQL Developer,"['Database', 'ETL', 'MySQL', 'PostgreSQL', 'SQL']",5
JOB02512,QA Engineer,"['Automation Testing', 'Java', 'Python', 'SQL', 'Selenium']",5
JOB02513,SQL Developer,"['Database', 'ETL', 'MySQL', 'PostgreSQL', 'SQL']",5
JOB02514,QA Engineer,"['Automation Testing', 'Java', 'Python', 'SQL', 'Selenium']",5
JOB02515,Cloud Engineer,"['AWS', 'Azure', 'Cloud Computing', 'Docker', 'Linux']",5
JOB02516,Financial Analyst,"['Cloud Computing', 'Excel', 'Financial Modeling', 'Power BI', 'SQL', 'Statistics']",6
JOB02517,Software Engineer,"['Git', 'Java', 'Python', 'REST API', 'SQL']",5
JOB02518,Python Developer,"['Django', 'Flask', 'Git', 'Python', 'SQL']",5
JOB02519,Business Analyst,"['Business Analysis', 'Excel', 'Power BI', 'Requirements Gathering', 'SQL']",5
JOB02520,Machine Learning Engineer,"['Docker', 'Machine Learning', 'Python', 'Scikit-learn', 'TensorFlow']",5
JOB02521,HR Analyst,"['Data Analysis', 'Excel', 'HR Analytics', 'Power BI', 'SQL']",5
JOB02522,Full Stack Developer,"['CSS', 'HTML', 'Java', 'JavaScript', 'Machine Learning', 'Node', 'React']",7
JOB02523,Database Administrator,"['Database', 'Database Administration', 'MySQL', 'Oracle', 'PostgreSQL', 'SQL']",6
JOB02524,Marketing Analyst,"['Excel', 'Marketing Analytics', 'Power BI', 'Python', 'SQL']",5
JOB02525,Data Analyst,"['Excel', 'Power BI', 'Python', 'SQL', 'Tableau']",5
JOB02526,QA Engineer,"['Automation Testing', 'Java', 'Python', 'SQL', 'Selenium']",5
JOB02527,Data Analyst,"['Excel', 'Power BI', 'Python', 'SQL', 'Tableau']",5
JOB02528,SQL Developer,"['Database', 'ETL', 'MySQL', 'PostgreSQL', 'SQL']",5
JOB02529,Web Developer,"['CSS', 'Git', 'HTML', 'Java', 'JavaScript', 'Machine Learning', 'React']",7
JOB02530,Product Analyst,"['Excel', 'Product Analytics', 'Python', 'SQL']",4
JOB02531,Data Analyst,"['Excel', 'Power BI', 'Python', 'SQL', 'Tableau']",5
JOB02532,Data Engineer,"['AWS', 'ETL', 'Python', 'SQL', 'Spark']",5
JOB02533,Cloud Engineer,"['AWS', 'Azure', 'Cloud Computing', 'Docker', 'Linux']",5
JOB02534,Data Engineer,"['AWS', 'ETL', 'Python', 'SQL', 'Spark']",5
JOB02535,Software Engineer,"['Git', 'Java', 'Python', 'REST API', 'SQL']",5
JOB02536,Data Analyst,"['Excel', 'Power BI', 'Python', 'SQL', 'Tableau']",5
JOB02537,Data Analyst,"['Excel', 'Power BI', 'Python', 'SQL', 'Tableau']",5
JOB02538,DevOps Engineer,"['AWS', 'Docker', 'Jenkins', 'Kubernetes', 'Linux']",5
JOB02539,Data Engineer,"['AWS', 'ETL', 'Python', 'SQL', 'Spark']",5
JOB02540,HR Analyst,"['Data Analysis', 'Excel', 'HR Analytics', 'Power BI', 'SQL']",5
JOB02541,Business Analyst,"['Business Analysis', 'Excel', 'Power BI', 'Requirements Gathering', 'SQL']",5
JOB02542,Power BI Developer,"['DAX', 'Excel', 'Power BI', 'Power Query', 'SQL']",5
JOB02543,Product Analyst,"['Excel', 'Product Analytics', 'Python', 'SQL']",4
JOB02544,Software Engineer,"['Git', 'Java', 'Python', 'REST API', 'SQL']",5
JOB02545,SQL Developer,"['Database', 'ETL', 'MySQL', 'PostgreSQL', 'SQL']",5
JOB02546,HR Analyst,"['Data Analysis', 'Excel', 'HR Analytics', 'Power BI', 'SQL']",5
JOB02547,Financial Analyst,"['Excel', 'Financial Modeling', 'Power BI', 'SQL', 'Statistics']",5
JOB02548,Data Analyst,"['Excel', 'Power BI', 'Python', 'SQL', 'Tableau']",5
JOB02549,HR Analyst,"['Data Analysis', 'Excel', 'HR Analytics', 'Power BI', 'SQL']",5
JOB02550,SQL Developer,"['Database', 'ETL', 'MySQL', 'PostgreSQL', 'SQL']",5
JOB02551,Full Stack Developer,"['CSS', 'HTML', 'Java', 'JavaScript', 'Machine Learning', 'Node', 'React']",7
JOB02552,Software Engineer,"['Cloud Computing', 'Git', 'Java', 'Python', 'REST API', 'SQL']",6
JOB02553,Data Analyst,"['Excel', 'Power BI', 'Python', 'SQL', 'Tableau']",5
JOB02554,DevOps Engineer,"['AWS', 'Docker', 'Jenkins', 'Kubernetes', 'Linux']",5
JOB02555,HR Analyst,"['Data Analysis', 'Excel', 'HR Analytics', 'Power BI', 'SQL']",5
JOB02556,Cloud Engineer,"['AWS', 'Azure', 'Cloud Computing', 'Docker', 'Linux']",5
JOB02557,QA Engineer,"['Automation Testing', 'Java', 'Python', 'SQL', 'Selenium']",5
JOB02558,Business Analyst,"['Business Analysis', 'Excel', 'Power BI', 'Requirements Gathering', 'SQL']",5
JOB02559,Full Stack Developer,"['CSS', 'HTML', 'Java', 'JavaScript', 'Machine Learning', 'Node', 'Oracle', 'React']",8
JOB02560,Data Scientist,"['Machine Learning', 'Pandas', 'Python', 'SQL', 'Statistics']",5
JOB02561,Full Stack Developer,"['CSS', 'HTML', 'Java', 'JavaScript', 'Machine Learning', 'Node', 'React']",7
JOB02562,Software Engineer,"['Git', 'Java', 'Python', 'REST API', 'SQL']",5
JOB02563,Web Developer,"['CSS', 'Git', 'HTML', 'Java', 'JavaScript', 'Machine Learning', 'React']",7
JOB02564,Marketing Analyst,"['Excel', 'Marketing Analytics', 'Power BI', 'Python', 'SQL']",5
JOB02565,Data Analyst,"['Cloud Computing', 'Excel', 'Power BI', 'Python', 'SQL', 'Tableau']",6
JOB02566,Data Analyst,"['Excel', 'Power BI', 'Python', 'SQL', 'Tableau']",5
JOB02567,Machine Learning Engineer,"['Cloud Computing', 'Docker', 'Machine Learning', 'Python', 'Scikit-learn', 'TensorFlow']",6
JOB02568,Machine Learning Engineer,"['Docker', 'Machine Learning', 'Python', 'Scikit-learn', 'TensorFlow']",5
JOB02569,Software Engineer,"['Git', 'Java', 'Python', 'REST API', 'SQL']",5
JOB02570,Data Scientist,"['Machine Learning', 'Pandas', 'Python', 'SQL', 'Statistics']",5
JOB02571,Python Developer,"['Django', 'Flask', 'Git', 'Python', 'SQL']",5
JOB02572,Marketing Analyst,"['Excel', 'Marketing Analytics', 'Power BI', 'Python', 'SQL']",5
JOB02573,Cloud Engineer,"['AWS', 'Azure', 'Cloud Computing', 'Docker', 'Linux']",5
JOB02574,Python Developer,"['Django', 'Flask', 'Git', 'Python', 'SQL']",5
JOB02575,Data Scientist,"['Cloud Computing', 'Machine Learning', 'Pandas', 'Python', 'SQL', 'Statistics']",6
JOB02576,Python Developer,"['Django', 'Flask', 'Git', 'Python', 'SQL']",5
JOB02577,QA Engineer,"['Automation Testing', 'Java', 'Oracle', 'Python', 'SQL', 'Selenium']",6
JOB02578,Web Developer,"['CSS', 'Git', 'HTML', 'Java', 'JavaScript', 'Machine Learning', 'React']",7
JOB02579,Data Engineer,"['AWS', 'ETL', 'Python', 'SQL', 'Spark']",5
JOB02580,DevOps Engineer,"['AWS', 'Docker', 'Jenkins', 'Kubernetes', 'Linux']",5
JOB02581,HR Analyst,"['Data Analysis', 'Excel', 'HR Analytics', 'Power BI', 'SQL']",5
JOB02582,Full Stack Developer,"['CSS', 'HTML', 'Java', 'JavaScript', 'Machine Learning', 'Node', 'React']",7
JOB02583,Cloud Engineer,"['AWS', 'Azure', 'Cloud Computing', 'Docker', 'Linux']",5
JOB02584,Software Engineer,"['Cloud Computing', 'Git', 'Java', 'Python', 'REST API', 'SQL']",6
JOB02585,Software Engineer,"['Git', 'Java', 'Python', 'REST API', 'SQL']",5
JOB02586,Cloud Engineer,"['AWS', 'Azure', 'Cloud Computing', 'Docker', 'Linux']",5
JOB02587,Product Analyst,"['Excel', 'Product Analytics', 'Python', 'SQL']",4
JOB02588,Power BI Developer,"['DAX', 'Excel', 'Oracle', 'Power BI', 'Power Query', 'SQL']",6
JOB02589,Full Stack Developer,"['CSS', 'Cloud Computing', 'HTML', 'Java', 'JavaScript', 'Machine Learning', 'Node', 'React']",8
JOB02590,BI Analyst,"['DAX', 'Data Visualization', 'Excel', 'Power BI', 'SQL']",5
JOB02591,SQL Developer,"['Database', 'ETL', 'MySQL', 'Oracle', 'PostgreSQL', 'SQL']",6
JOB02592,Business Analyst,"['Business Analysis', 'Excel', 'Power BI', 'Requirements Gathering', 'SQL']",5
JOB02593,Data Analyst,"['Excel', 'Power BI', 'Python', 'SQL', 'Tableau']",5
JOB02594,Machine Learning Engineer,"['Docker', 'Machine Learning', 'Python', 'Scikit-learn', 'TensorFlow']",5
JOB02595,Cloud Engineer,"['AWS', 'Azure', 'Cloud Computing', 'Docker', 'Linux']",5
JOB02596,Financial Analyst,"['Cloud Computing', 'Excel', 'Financial Modeling', 'Power BI', 'SQL', 'Statistics']",6
JOB02597,Product Analyst,"['Excel', 'Product Analytics', 'Python', 'SQL']",4
JOB02598,Machine Learning Engineer,"['Docker', 'Machine Learning', 'Python', 'Scikit-learn', 'TensorFlow']",5
JOB02599,Web Developer,"['CSS', 'Git', 'HTML', 'Java', 'JavaScript', 'Machine Learning', 'React']",7
JOB02600,Full Stack Developer,"['CSS', 'HTML', 'Java', 'JavaScript', 'Machine Learning', 'Node', 'React']",7
JOB02601,DevOps Engineer,"['AWS', 'Docker', 'Jenkins', 'Kubernetes', 'Linux']",5
JOB02602,QA Engineer,"['Automation Testing', 'Java', 'Python', 'SQL', 'Selenium']",5
JOB02603,Full Stack Developer,"['CSS', 'HTML', 'Java', 'JavaScript', 'Machine Learning', 'Node', 'React']",7
JOB02604,Business Analyst,"['Business Analysis', 'Excel', 'Power BI', 'Requirements Gathering', 'SQL']",5
JOB02605,Web Developer,"['CSS', 'Git', 'HTML', 'Java', 'JavaScript', 'Machine Learning', 'React']",7
JOB02606,Web Developer,"['CSS', 'Git', 'HTML', 'Java', 'JavaScript', 'Machine Learning', 'React']",7
JOB02607,Full Stack Developer,"['CSS', 'HTML', 'Java', 'JavaScript', 'Machine Learning', 'Node', 'React']",7
JOB02608,Software Engineer,"['Git', 'Java', 'Python', 'REST API', 'SQL']",5
JOB02609,Power BI Developer,"['DAX', 'Excel', 'Power BI', 'Power Query', 'SQL']",5
JOB02610,Data Engineer,"['AWS', 'ETL', 'Python', 'SQL', 'Spark']",5
JOB02611,Database Administrator,"['Database', 'Database Administration', 'MySQL', 'Oracle', 'PostgreSQL', 'SQL']",6
JOB02612,QA Engineer,"['Automation Testing', 'Java', 'Python', 'SQL', 'Selenium']",5
JOB02613,Data Engineer,"['AWS', 'ETL', 'Python', 'SQL', 'Spark']",5
JOB02614,Python Developer,"['Django', 'Flask', 'Git', 'Python', 'SQL']",5
JOB02615,Full Stack Developer,"['CSS', 'HTML', 'Java', 'JavaScript', 'Machine Learning', 'Node', 'React']",7
JOB02616,Python Developer,"['Django', 'Flask', 'Git', 'Python', 'SQL']",5
JOB02617,Data Engineer,"['AWS', 'ETL', 'Oracle', 'Python', 'SQL', 'Spark']",6
JOB02618,Full Stack Developer,"['CSS', 'Cloud Computing', 'HTML', 'Java', 'JavaScript', 'Machine Learning', 'Node', 'React']",8
JOB02619,Machine Learning Engineer,"['Cloud Computing', 'Docker', 'Machine Learning', 'Python', 'Scikit-learn', 'TensorFlow']",6
JOB02620,Product Analyst,"['Excel', 'Product Analytics', 'Python', 'SQL']",4
JOB02621,Product Analyst,"['Excel', 'Product Analytics', 'Python', 'SQL']",4
JOB02622,Cloud Engineer,"['AWS', 'Azure', 'Cloud Computing', 'Docker', 'Linux']",5
JOB02623,Data Scientist,"['Machine Learning', 'Pandas', 'Python', 'SQL', 'Statistics']",5
JOB02624,Web Developer,"['CSS', 'Git', 'HTML', 'Java', 'JavaScript', 'Machine Learning', 'Oracle', 'React']",8
JOB02625,Product Analyst,"['Excel', 'Product Analytics', 'Python', 'SQL']",4
JOB02626,Marketing Analyst,"['Excel', 'Marketing Analytics', 'Power BI', 'Python', 'SQL']",5
JOB02627,Cloud Engineer,"['AWS', 'Azure', 'Cloud Computing', 'Docker', 'Linux']",5
JOB02628,Cloud Engineer,"['AWS', 'Azure', 'Cloud Computing', 'Docker', 'Linux']",5
JOB02629,SQL Developer,"['Cloud Computing', 'Database', 'ETL', 'MySQL', 'PostgreSQL', 'SQL']",6
JOB02630,DevOps Engineer,"['AWS', 'Docker', 'Jenkins', 'Kubernetes', 'Linux']",5
JOB02631,Power BI Developer,"['DAX', 'Excel', 'Power BI', 'Power Query', 'SQL']",5
JOB02632,Data Analyst,"['Excel', 'Power BI', 'Python', 'SQL', 'Tableau']",5
JOB02633,Data Scientist,"['Machine Learning', 'Oracle', 'Pandas', 'Python', 'SQL', 'Statistics']",6
JOB02634,Web Developer,"['CSS', 'Git', 'HTML', 'Java', 'JavaScript', 'Machine Learning', 'React']",7
JOB02635,Full Stack Developer,"['CSS', 'HTML', 'Java', 'JavaScript', 'Machine Learning', 'Node', 'React']",7
JOB02636,Database Administrator,"['Database', 'Database Administration', 'MySQL', 'Oracle', 'PostgreSQL', 'SQL']",6
JOB02637,Marketing Analyst,"['Cloud Computing', 'Excel', 'Marketing Analytics', 'Power BI', 'Python', 'SQL']",6
JOB02638,Marketing Analyst,"['Cloud Computing', 'Excel', 'Marketing Analytics', 'Power BI', 'Python', 'SQL']",6
JOB02639,Cloud Engineer,"['AWS', 'Azure', 'Cloud Computing', 'Docker', 'Linux']",5
JOB02640,Product Analyst,"['Excel', 'Product Analytics', 'Python', 'SQL']",4
JOB02641,Data Analyst,"['Excel', 'Power BI', 'Python', 'SQL', 'Tableau']",5
JOB02642,Marketing Analyst,"['Excel', 'Marketing Analytics', 'Power BI', 'Python', 'SQL']",5
JOB02643,QA Engineer,"['Automation Testing', 'Java', 'Python', 'SQL', 'Selenium']",5
JOB02644,Financial Analyst,"['Excel', 'Financial Modeling', 'Power BI', 'SQL', 'Statistics']",5
JOB02645,Software Engineer,"['Git', 'Java', 'Python', 'REST API', 'SQL']",5
JOB02646,Cloud Engineer,"['AWS', 'Azure', 'Cloud Computing', 'Docker', 'Linux']",5
JOB02647,Python Developer,"['Django', 'Flask', 'Git', 'Python', 'SQL']",5
JOB02648,Product Analyst,"['Excel', 'Oracle', 'Product Analytics', 'Python', 'SQL']",5
JOB02649,QA Engineer,"['Automation Testing', 'Java', 'Python', 'SQL', 'Selenium']",5
JOB02650,Machine Learning Engineer,"['Docker', 'Machine Learning', 'Python', 'Scikit-learn', 'TensorFlow']",5
JOB02651,Marketing Analyst,"['Excel', 'Marketing Analytics', 'Power BI', 'Python', 'SQL']",5
JOB02652,Marketing Analyst,"['Excel', 'Marketing Analytics', 'Power BI', 'Python', 'SQL']",5
JOB02653,Machine Learning Engineer,"['Docker', 'Machine Learning', 'Python', 'Scikit-learn', 'TensorFlow']",5
JOB02654,Data Scientist,"['Machine Learning', 'Pandas', 'Python', 'SQL', 'Statistics']",5
JOB02655,Data Scientist,"['Machine Learning', 'Pandas', 'Python', 'SQL', 'Statistics']",5
JOB02656,SQL Developer,"['Database', 'ETL', 'MySQL', 'PostgreSQL', 'SQL']",5
JOB02657,Business Analyst,"['Business Analysis', 'Excel', 'Power BI', 'Requirements Gathering', 'SQL']",5
JOB02658,BI Analyst,"['DAX', 'Data Visualization', 'Excel', 'Power BI', 'SQL']",5
JOB02659,Data Analyst,"['Excel', 'Power BI', 'Python', 'SQL', 'Tableau']",5
JOB02660,Data Scientist,"['Cloud Computing', 'Machine Learning', 'Pandas', 'Python', 'SQL', 'Statistics']",6
JOB02661,Web Developer,"['CSS', 'Git', 'HTML', 'Java', 'JavaScript', 'Machine Learning', 'React']",7
JOB02662,Full Stack Developer,"['CSS', 'HTML', 'Java', 'JavaScript', 'Machine Learning', 'Node', 'React']",7
JOB02663,BI Analyst,"['DAX', 'Data Visualization', 'Excel', 'Power BI', 'SQL']",5
JOB02664,DevOps Engineer,"['AWS', 'Docker', 'Jenkins', 'Kubernetes', 'Linux']",5
JOB02665,Full Stack Developer,"['CSS', 'HTML', 'Java', 'JavaScript', 'Machine Learning', 'Node', 'React']",7
JOB02666,Product Analyst,"['Excel', 'Product Analytics', 'Python', 'SQL']",4
JOB02667,Full Stack Developer,"['CSS', 'Cloud Computing', 'HTML', 'Java', 'JavaScript', 'Machine Learning', 'Node', 'React']",8
JOB02668,HR Analyst,"['Cloud Computing', 'Data Analysis', 'Excel', 'HR Analytics', 'Power BI', 'SQL']",6
JOB02669,Software Engineer,"['Git', 'Java', 'Python', 'REST API', 'SQL']",5
JOB02670,Power BI Developer,"['DAX', 'Excel', 'Power BI', 'Power Query', 'SQL']",5
JOB02671,Software Engineer,"['Cloud Computing', 'Git', 'Java', 'Python', 'REST API', 'SQL']",6
JOB02672,Machine Learning Engineer,"['Docker', 'Machine Learning', 'Python', 'Scikit-learn', 'TensorFlow']",5
JOB02673,Financial Analyst,"['Excel', 'Financial Modeling', 'Power BI', 'SQL', 'Statistics']",5
JOB02674,Cloud Engineer,"['AWS', 'Azure', 'Cloud Computing', 'Docker', 'Linux']",5
JOB02675,Python Developer,"['Django', 'Flask', 'Git', 'Python', 'SQL']",5
JOB02676,HR Analyst,"['Data Analysis', 'Excel', 'HR Analytics', 'Power BI', 'SQL']",5
JOB02677,Machine Learning Engineer,"['Docker', 'Machine Learning', 'Python', 'Scikit-learn', 'TensorFlow']",5
JOB02678,Data Engineer,"['AWS', 'ETL', 'Python', 'SQL', 'Spark']",5
JOB02679,Financial Analyst,"['Excel', 'Financial Modeling', 'Power BI', 'SQL', 'Statistics']",5
JOB02680,Web Developer,"['CSS', 'Git', 'HTML', 'Java', 'JavaScript', 'Machine Learning', 'React']",7
JOB02681,Software Engineer,"['Git', 'Java', 'Python', 'REST API', 'SQL']",5
JOB02682,Cloud Engineer,"['AWS', 'Azure', 'Cloud Computing', 'Docker', 'Linux']",5
JOB02683,HR Analyst,"['Data Analysis', 'Excel', 'HR Analytics', 'Power BI', 'SQL']",5
JOB02684,Data Analyst,"['Excel', 'Oracle', 'Power BI', 'Python', 'SQL', 'Tableau']",6
JOB02685,QA Engineer,"['Automation Testing', 'Java', 'Python', 'SQL', 'Selenium']",5
JOB02686,Database Administrator,"['Database', 'Database Administration', 'MySQL', 'Oracle', 'PostgreSQL', 'SQL']",6
JOB02687,Web Developer,"['CSS', 'Git', 'HTML', 'Java', 'JavaScript', 'Machine Learning', 'React']",7
JOB02688,HR Analyst,"['Cloud Computing', 'Data Analysis', 'Excel', 'HR Analytics', 'Power BI', 'SQL']",6
JOB02689,Data Analyst,"['Excel', 'Oracle', 'Power BI', 'Python', 'SQL', 'Tableau']",6
JOB02690,DevOps Engineer,"['AWS', 'Docker', 'Jenkins', 'Kubernetes', 'Linux']",5
JOB02691,Data Engineer,"['AWS', 'ETL', 'Python', 'SQL', 'Spark']",5
JOB02692,Data Engineer,"['AWS', 'Cloud Computing', 'ETL', 'Python', 'SQL', 'Spark']",6
JOB02693,Product Analyst,"['Cloud Computing', 'Excel', 'Product Analytics', 'Python', 'SQL']",5
JOB02694,Software Engineer,"['Git', 'Java', 'Python', 'REST API', 'SQL']",5
JOB02695,Data Scientist,"['Machine Learning', 'Pandas', 'Python', 'SQL', 'Statistics']",5
JOB02696,Marketing Analyst,"['Excel', 'Marketing Analytics', 'Power BI', 'Python', 'SQL']",5
JOB02697,Product Analyst,"['Excel', 'Product Analytics', 'Python', 'SQL']",4
JOB02698,Cloud Engineer,"['AWS', 'Azure', 'Cloud Computing', 'Docker', 'Linux']",5
JOB02699,Python Developer,"['Django', 'Flask', 'Git', 'Python', 'SQL']",5
JOB02700,Product Analyst,"['Excel', 'Product Analytics', 'Python', 'SQL']",4
JOB02701,Business Analyst,"['Business Analysis', 'Excel', 'Power BI', 'Requirements Gathering', 'SQL']",5
JOB02702,BI Analyst,"['DAX', 'Data Visualization', 'Excel', 'Power BI', 'SQL']",5
JOB02703,Full Stack Developer,"['CSS', 'HTML', 'Java', 'JavaScript', 'Machine Learning', 'Node', 'React']",7
JOB02704,DevOps Engineer,"['AWS', 'Docker', 'Jenkins', 'Kubernetes', 'Linux']",5
JOB02705,Machine Learning Engineer,"['Docker', 'Machine Learning', 'Python', 'Scikit-learn', 'TensorFlow']",5
JOB02706,Software Engineer,"['Git', 'Java', 'Python', 'REST API', 'SQL']",5
JOB02707,Business Analyst,"['Business Analysis', 'Excel', 'Power BI', 'Requirements Gathering', 'SQL']",5
JOB02708,Cloud Engineer,"['AWS', 'Azure', 'Cloud Computing', 'Docker', 'Linux']",5
JOB02709,Python Developer,"['Django', 'Flask', 'Git', 'Python', 'SQL']",5
JOB02710,Python Developer,"['Django', 'Flask', 'Git', 'Python', 'SQL']",5
JOB02711,SQL Developer,"['Database', 'ETL', 'MySQL', 'PostgreSQL', 'SQL']",5
JOB02712,Business Analyst,"['Business Analysis', 'Excel', 'Power BI', 'Requirements Gathering', 'SQL']",5
JOB02713,Software Engineer,"['Git', 'Java', 'Python', 'REST API', 'SQL']",5
JOB02714,Data Analyst,"['Excel', 'Power BI', 'Python', 'SQL', 'Tableau']",5
JOB02715,Full Stack Developer,"['CSS', 'HTML', 'Java', 'JavaScript', 'Machine Learning', 'Node', 'React']",7
JOB02716,BI Analyst,"['DAX', 'Data Visualization', 'Excel', 'Power BI', 'SQL']",5
JOB02717,Data Scientist,"['Cloud Computing', 'Machine Learning', 'Pandas', 'Python', 'SQL', 'Statistics']",6
JOB02718,Full Stack Developer,"['CSS', 'HTML', 'Java', 'JavaScript', 'Machine Learning', 'Node', 'React']",7
JOB02719,BI Analyst,"['DAX', 'Data Visualization', 'Excel', 'Power BI', 'SQL']",5
JOB02720,Business Analyst,"['Business Analysis', 'Excel', 'Power BI', 'Requirements Gathering', 'SQL']",5
JOB02721,Power BI Developer,"['DAX', 'Excel', 'Power BI', 'Power Query', 'SQL']",5
JOB02722,HR Analyst,"['Data Analysis', 'Excel', 'HR Analytics', 'Oracle', 'Power BI', 'SQL']",6
JOB02723,Software Engineer,"['Git', 'Java', 'Python', 'REST API', 'SQL']",5
JOB02724,Web Developer,"['CSS', 'Git', 'HTML', 'Java', 'JavaScript', 'Machine Learning', 'React']",7
JOB02725,Database Administrator,"['Database', 'Database Administration', 'MySQL', 'Oracle', 'PostgreSQL', 'SQL']",6
JOB02726,Financial Analyst,"['Excel', 'Financial Modeling', 'Power BI', 'SQL', 'Statistics']",5
JOB02727,DevOps Engineer,"['AWS', 'Docker', 'Jenkins', 'Kubernetes', 'Linux']",5
JOB02728,Python Developer,"['Django', 'Flask', 'Git', 'Python', 'SQL']",5
JOB02729,Machine Learning Engineer,"['Cloud Computing', 'Docker', 'Machine Learning', 'Python', 'Scikit-learn', 'TensorFlow']",6
JOB02730,Business Analyst,"['Business Analysis', 'Excel', 'Power BI', 'Requirements Gathering', 'SQL']",5
JOB02731,Web Developer,"['CSS', 'Git', 'HTML', 'Java', 'JavaScript', 'Machine Learning', 'React']",7
JOB02732,Web Developer,"['CSS', 'Git', 'HTML', 'Java', 'JavaScript', 'Machine Learning', 'React']",7
JOB02733,QA Engineer,"['Automation Testing', 'Java', 'Python', 'SQL', 'Selenium']",5
JOB02734,Data Scientist,"['Machine Learning', 'Pandas', 'Python', 'SQL', 'Statistics']",5
JOB02735,Business Analyst,"['Business Analysis', 'Excel', 'Power BI', 'Requirements Gathering', 'SQL']",5
JOB02736,HR Analyst,"['Data Analysis', 'Excel', 'HR Analytics', 'Power BI', 'SQL']",5
JOB02737,HR Analyst,"['Data Analysis', 'Excel', 'HR Analytics', 'Power BI', 'SQL']",5
JOB02738,Data Scientist,"['Machine Learning', 'Pandas', 'Python', 'SQL', 'Statistics']",5
JOB02739,Data Engineer,"['AWS', 'ETL', 'Python', 'SQL', 'Spark']",5
JOB02740,Marketing Analyst,"['Excel', 'Marketing Analytics', 'Power BI', 'Python', 'SQL']",5
JOB02741,QA Engineer,"['Automation Testing', 'Java', 'Python', 'SQL', 'Selenium']",5
JOB02742,Database Administrator,"['Database', 'Database Administration', 'MySQL', 'Oracle', 'PostgreSQL', 'SQL']",6
JOB02743,Financial Analyst,"['Excel', 'Financial Modeling', 'Power BI', 'SQL', 'Statistics']",5
JOB02744,Database Administrator,"['Database', 'Database Administration', 'MySQL', 'Oracle', 'PostgreSQL', 'SQL']",6
JOB02745,Full Stack Developer,"['CSS', 'HTML', 'Java', 'JavaScript', 'Machine Learning', 'Node', 'React']",7
JOB02746,Database Administrator,"['Database', 'Database Administration', 'MySQL', 'Oracle', 'PostgreSQL', 'SQL']",6
JOB02747,Python Developer,"['Django', 'Flask', 'Git', 'Oracle', 'Python', 'SQL']",6
JOB02748,Full Stack Developer,"['CSS', 'HTML', 'Java', 'JavaScript', 'Machine Learning', 'Node', 'React']",7
JOB02749,Business Analyst,"['Business Analysis', 'Excel', 'Power BI', 'Requirements Gathering', 'SQL']",5
JOB02750,Software Engineer,"['Git', 'Java', 'Python', 'REST API', 'SQL']",5
JOB02751,Data Analyst,"['Excel', 'Power BI', 'Python', 'SQL', 'Tableau']",5
JOB02752,Business Analyst,"['Business Analysis', 'Excel', 'Power BI', 'Requirements Gathering', 'SQL']",5
JOB02753,Financial Analyst,"['Excel', 'Financial Modeling', 'Power BI', 'SQL', 'Statistics']",5
JOB02754,SQL Developer,"['Database', 'ETL', 'MySQL', 'PostgreSQL', 'SQL']",5
JOB02755,Business Analyst,"['Business Analysis', 'Excel', 'Power BI', 'Requirements Gathering', 'SQL']",5
JOB02756,BI Analyst,"['DAX', 'Data Visualization', 'Excel', 'Power BI', 'SQL']",5
JOB02757,QA Engineer,"['Automation Testing', 'Java', 'Python', 'SQL', 'Selenium']",5
JOB02758,Python Developer,"['Django', 'Flask', 'Git', 'Python', 'SQL']",5
JOB02759,Power BI Developer,"['DAX', 'Excel', 'Power BI', 'Power Query', 'SQL']",5
JOB02760,Cloud Engineer,"['AWS', 'Azure', 'Cloud Computing', 'Docker', 'Linux']",5
JOB02761,Power BI Developer,"['DAX', 'Excel', 'Power BI', 'Power Query', 'SQL']",5
JOB02762,Financial Analyst,"['Excel', 'Financial Modeling', 'Power BI', 'SQL', 'Statistics']",5
JOB02763,Data Engineer,"['AWS', 'ETL', 'Python', 'SQL', 'Spark']",5
JOB02764,Software Engineer,"['Cloud Computing', 'Git', 'Java', 'Python', 'REST API', 'SQL']",6
JOB02765,DevOps Engineer,"['AWS', 'Docker', 'Jenkins', 'Kubernetes', 'Linux']",5
JOB02766,Power BI Developer,"['DAX', 'Excel', 'Power BI', 'Power Query', 'SQL']",5
JOB02767,QA Engineer,"['Automation Testing', 'Java', 'Python', 'SQL', 'Selenium']",5
JOB02768,SQL Developer,"['Database', 'ETL', 'MySQL', 'PostgreSQL', 'SQL']",5
JOB02769,Data Scientist,"['Machine Learning', 'Pandas', 'Python', 'SQL', 'Statistics']",5
JOB02770,Database Administrator,"['Database', 'Database Administration', 'MySQL', 'Oracle', 'PostgreSQL', 'SQL']",6
JOB02771,Product Analyst,"['Excel', 'Oracle', 'Product Analytics', 'Python', 'SQL']",5
JOB02772,DevOps Engineer,"['AWS', 'Cloud Computing', 'Docker', 'Jenkins', 'Kubernetes', 'Linux']",6
JOB02773,SQL Developer,"['Database', 'ETL', 'MySQL', 'PostgreSQL', 'SQL']",5
JOB02774,BI Analyst,"['DAX', 'Data Visualization', 'Excel', 'Power BI', 'SQL']",5
JOB02775,SQL Developer,"['Database', 'ETL', 'MySQL', 'PostgreSQL', 'SQL']",5
JOB02776,Marketing Analyst,"['Excel', 'Marketing Analytics', 'Oracle', 'Power BI', 'Python', 'SQL']",6
JOB02777,Power BI Developer,"['DAX', 'Excel', 'Power BI', 'Power Query', 'SQL']",5
JOB02778,QA Engineer,"['Automation Testing', 'Java', 'Python', 'SQL', 'Selenium']",5
JOB02779,BI Analyst,"['DAX', 'Data Visualization', 'Excel', 'Power BI', 'SQL']",5
JOB02780,Data Scientist,"['Machine Learning', 'Pandas', 'Python', 'SQL', 'Statistics']",5
JOB02781,DevOps Engineer,"['AWS', 'Docker', 'Jenkins', 'Kubernetes', 'Linux']",5
JOB02782,Full Stack Developer,"['CSS', 'HTML', 'Java', 'JavaScript', 'Machine Learning', 'Node', 'React']",7
JOB02783,Database Administrator,"['Database', 'Database Administration', 'MySQL', 'Oracle', 'PostgreSQL', 'SQL']",6
JOB02784,Machine Learning Engineer,"['Docker', 'Machine Learning', 'Python', 'Scikit-learn', 'TensorFlow']",5
JOB02785,QA Engineer,"['Automation Testing', 'Java', 'Python', 'SQL', 'Selenium']",5
JOB02786,Cloud Engineer,"['AWS', 'Azure', 'Cloud Computing', 'Docker', 'Linux']",5
JOB02787,DevOps Engineer,"['AWS', 'Docker', 'Jenkins', 'Kubernetes', 'Linux']",5
JOB02788,Web Developer,"['CSS', 'Git', 'HTML', 'Java', 'JavaScript', 'Machine Learning', 'React']",7
JOB02789,Financial Analyst,"['Excel', 'Financial Modeling', 'Power BI', 'SQL', 'Statistics']",5
JOB02790,BI Analyst,"['DAX', 'Data Visualization', 'Excel', 'Power BI', 'SQL']",5
JOB02791,SQL Developer,"['Database', 'ETL', 'MySQL', 'PostgreSQL', 'SQL']",5
JOB02792,Cloud Engineer,"['AWS', 'Azure', 'Cloud Computing', 'Docker', 'Linux']",5
JOB02793,Python Developer,"['Django', 'Flask', 'Git', 'Python', 'SQL']",5
JOB02794,Web Developer,"['CSS', 'Git', 'HTML', 'Java', 'JavaScript', 'Machine Learning', 'React']",7
JOB02795,Data Engineer,"['AWS', 'ETL', 'Python', 'SQL', 'Spark']",5
JOB02796,Business Analyst,"['Business Analysis', 'Excel', 'Power BI', 'Requirements Gathering', 'SQL']",5
JOB02797,Database Administrator,"['Database', 'Database Administration', 'MySQL', 'Oracle', 'PostgreSQL', 'SQL']",6
JOB02798,Python Developer,"['Django', 'Flask', 'Git', 'Python', 'SQL']",5
JOB02799,Machine Learning Engineer,"['Docker', 'Machine Learning', 'Python', 'Scikit-learn', 'TensorFlow']",5
JOB02800,SQL Developer,"['Database', 'ETL', 'MySQL', 'PostgreSQL', 'SQL']",5
JOB02801,Machine Learning Engineer,"['Docker', 'Machine Learning', 'Python', 'Scikit-learn', 'TensorFlow']",5
JOB02802,Marketing Analyst,"['Excel', 'Marketing Analytics', 'Power BI', 'Python', 'SQL']",5
JOB02803,Web Developer,"['CSS', 'Git', 'HTML', 'Java', 'JavaScript', 'Machine Learning', 'React']",7
JOB02804,Web Developer,"['CSS', 'Git', 'HTML', 'Java', 'JavaScript', 'Machine Learning', 'React']",7
JOB02805,Marketing Analyst,"['Excel', 'Marketing Analytics', 'Power BI', 'Python', 'SQL']",5
JOB02806,Web Developer,"['CSS', 'Git', 'HTML', 'Java', 'JavaScript', 'Machine Learning', 'React']",7
JOB02807,Marketing Analyst,"['Excel', 'Marketing Analytics', 'Power BI', 'Python', 'SQL']",5
JOB02808,Business Analyst,"['Business Analysis', 'Excel', 'Power BI', 'Requirements Gathering', 'SQL']",5
JOB02809,SQL Developer,"['Database', 'ETL', 'MySQL', 'PostgreSQL', 'SQL']",5
JOB02810,Power BI Developer,"['DAX', 'Excel', 'Power BI', 'Power Query', 'SQL']",5
JOB02811,Financial Analyst,"['Excel', 'Financial Modeling', 'Power BI', 'SQL', 'Statistics']",5
JOB02812,SQL Developer,"['Database', 'ETL', 'MySQL', 'PostgreSQL', 'SQL']",5
JOB02813,Software Engineer,"['Git', 'Java', 'Python', 'REST API', 'SQL']",5
JOB02814,Cloud Engineer,"['AWS', 'Azure', 'Cloud Computing', 'Docker', 'Linux']",5
JOB02815,Python Developer,"['Django', 'Flask', 'Git', 'Python', 'SQL']",5
JOB02816,SQL Developer,"['Database', 'ETL', 'MySQL', 'PostgreSQL', 'SQL']",5
JOB02817,Web Developer,"['CSS', 'Cloud Computing', 'Git', 'HTML', 'Java', 'JavaScript', 'Machine Learning', 'React']",8
JOB02818,Financial Analyst,"['Excel', 'Financial Modeling', 'Power BI', 'SQL', 'Statistics']",5
JOB02819,Web Developer,"['CSS', 'Git', 'HTML', 'Java', 'JavaScript', 'Machine Learning', 'React']",7
JOB02820,Data Scientist,"['Machine Learning', 'Pandas', 'Python', 'SQL', 'Statistics']",5
JOB02821,Marketing Analyst,"['Excel', 'Marketing Analytics', 'Power BI', 'Python', 'SQL']",5
JOB02822,Power BI Developer,"['Cloud Computing', 'DAX', 'Excel', 'Power BI', 'Power Query', 'SQL']",6
JOB02823,Cloud Engineer,"['AWS', 'Azure', 'Cloud Computing', 'Docker', 'Linux']",5
JOB02824,Data Engineer,"['AWS', 'ETL', 'Python', 'SQL', 'Spark']",5
JOB02825,Cloud Engineer,"['AWS', 'Azure', 'Cloud Computing', 'Docker', 'Linux']",5
JOB02826,QA Engineer,"['Automation Testing', 'Java', 'Python', 'SQL', 'Selenium']",5
JOB02827,Financial Analyst,"['Excel', 'Financial Modeling', 'Power BI', 'SQL', 'Statistics']",5
JOB02828,Python Developer,"['Django', 'Flask', 'Git', 'Python', 'SQL']",5
JOB02829,Data Scientist,"['Machine Learning', 'Pandas', 'Python', 'SQL', 'Statistics']",5
JOB02830,Full Stack Developer,"['CSS', 'HTML', 'Java', 'JavaScript', 'Machine Learning', 'Node', 'React']",7
JOB02831,QA Engineer,"['Automation Testing', 'Java', 'Python', 'SQL', 'Selenium']",5
JOB02832,Financial Analyst,"['Excel', 'Financial Modeling', 'Power BI', 'SQL', 'Statistics']",5
JOB02833,Data Analyst,"['Excel', 'Power BI', 'Python', 'SQL', 'Tableau']",5
JOB02834,BI Analyst,"['DAX', 'Data Visualization', 'Excel', 'Power BI', 'SQL']",5
JOB02835,Full Stack Developer,"['CSS', 'Cloud Computing', 'HTML', 'Java', 'JavaScript', 'Machine Learning', 'Node', 'React']",8
JOB02836,Marketing Analyst,"['Excel', 'Marketing Analytics', 'Power BI', 'Python', 'SQL']",5
JOB02837,Business Analyst,"['Business Analysis', 'Excel', 'Power BI', 'Requirements Gathering', 'SQL']",5
JOB02838,Financial Analyst,"['Excel', 'Financial Modeling', 'Power BI', 'SQL', 'Statistics']",5
JOB02839,Data Analyst,"['Excel', 'Power BI', 'Python', 'SQL', 'Tableau']",5
JOB02840,DevOps Engineer,"['AWS', 'Docker', 'Jenkins', 'Kubernetes', 'Linux']",5
JOB02841,QA Engineer,"['Automation Testing', 'Java', 'Python', 'SQL', 'Selenium']",5
JOB02842,BI Analyst,"['DAX', 'Data Visualization', 'Excel', 'Power BI', 'SQL']",5
JOB02843,Data Engineer,"['AWS', 'ETL', 'Python', 'SQL', 'Spark']",5
JOB02844,Business Analyst,"['Business Analysis', 'Excel', 'Power BI', 'Requirements Gathering', 'SQL']",5
JOB02845,HR Analyst,"['Data Analysis', 'Excel', 'HR Analytics', 'Power BI', 'SQL']",5
JOB02846,Web Developer,"['CSS', 'Git', 'HTML', 'Java', 'JavaScript', 'Machine Learning', 'React']",7
JOB02847,Data Analyst,"['Excel', 'Power BI', 'Python', 'SQL', 'Tableau']",5
JOB02848,HR Analyst,"['Data Analysis', 'Excel', 'HR Analytics', 'Power BI', 'SQL']",5
JOB02849,Database Administrator,"['Database', 'Database Administration', 'MySQL', 'Oracle', 'PostgreSQL', 'SQL']",6
JOB02850,BI Analyst,"['DAX', 'Data Visualization', 'Excel', 'Power BI', 'SQL']",5
JOB02851,DevOps Engineer,"['AWS', 'Docker', 'Jenkins', 'Kubernetes', 'Linux']",5
JOB02852,Power BI Developer,"['DAX', 'Excel', 'Power BI', 'Power Query', 'SQL']",5
JOB02853,Cloud Engineer,"['AWS', 'Azure', 'Cloud Computing', 'Docker', 'Linux']",5
JOB02854,Data Engineer,"['AWS', 'ETL', 'Python', 'SQL', 'Spark']",5
JOB02855,Business Analyst,"['Business Analysis', 'Excel', 'Power BI', 'Requirements Gathering', 'SQL']",5
JOB02856,SQL Developer,"['Database', 'ETL', 'MySQL', 'PostgreSQL', 'SQL']",5
JOB02857,Python Developer,"['Django', 'Flask', 'Git', 'Python', 'SQL']",5
JOB02858,Machine Learning Engineer,"['Docker', 'Machine Learning', 'Oracle', 'Python', 'Scikit-learn', 'TensorFlow']",6
JOB02859,SQL Developer,"['Database', 'ETL', 'MySQL', 'PostgreSQL', 'SQL']",5
JOB02860,Software Engineer,"['Git', 'Java', 'Python', 'REST API', 'SQL']",5
JOB02861,DevOps Engineer,"['AWS', 'Docker', 'Jenkins', 'Kubernetes', 'Linux']",5
JOB02862,Data Analyst,"['Excel', 'Power BI', 'Python', 'SQL', 'Tableau']",5
JOB02863,HR Analyst,"['Data Analysis', 'Excel', 'HR Analytics', 'Power BI', 'SQL']",5
JOB02864,QA Engineer,"['Automation Testing', 'Java', 'Python', 'SQL', 'Selenium']",5
JOB02865,Data Scientist,"['Machine Learning', 'Pandas', 'Python', 'SQL', 'Statistics']",5
JOB02866,Database Administrator,"['Database', 'Database Administration', 'MySQL', 'Oracle', 'PostgreSQL', 'SQL']",6
JOB02867,Business Analyst,"['Business Analysis', 'Excel', 'Power BI', 'Requirements Gathering', 'SQL']",5
JOB02868,Business Analyst,"['Business Analysis', 'Excel', 'Power BI', 'Requirements Gathering', 'SQL']",5
JOB02869,Data Engineer,"['AWS', 'ETL', 'Python', 'SQL', 'Spark']",5
JOB02870,QA Engineer,"['Automation Testing', 'Java', 'Python', 'SQL', 'Selenium']",5
JOB02871,Software Engineer,"['Git', 'Java', 'Python', 'REST API', 'SQL']",5
JOB02872,Financial Analyst,"['Excel', 'Financial Modeling', 'Power BI', 'SQL', 'Statistics']",5
JOB02873,Business Analyst,"['Business Analysis', 'Excel', 'Power BI', 'Requirements Gathering', 'SQL']",5
JOB02874,Business Analyst,"['Business Analysis', 'Excel', 'Power BI', 'Requirements Gathering', 'SQL']",5
JOB02875,Database Administrator,"['Database', 'Database Administration', 'MySQL', 'Oracle', 'PostgreSQL', 'SQL']",6
JOB02876,Software Engineer,"['Git', 'Java', 'Python', 'REST API', 'SQL']",5
JOB02877,Software Engineer,"['Git', 'Java', 'Python', 'REST API', 'SQL']",5
JOB02878,Web Developer,"['CSS', 'Git', 'HTML', 'Java', 'JavaScript', 'Machine Learning', 'React']",7
JOB02879,Data Scientist,"['Machine Learning', 'Pandas', 'Python', 'SQL', 'Statistics']",5
JOB02880,Data Engineer,"['AWS', 'ETL', 'Python', 'SQL', 'Spark']",5
JOB02881,Business Analyst,"['Business Analysis', 'Excel', 'Power BI', 'Requirements Gathering', 'SQL']",5
JOB02882,Web Developer,"['CSS', 'Git', 'HTML', 'Java', 'JavaScript', 'Machine Learning', 'React']",7
JOB02883,SQL Developer,"['Database', 'ETL', 'MySQL', 'PostgreSQL', 'SQL']",5
JOB02884,HR Analyst,"['Cloud Computing', 'Data Analysis', 'Excel', 'HR Analytics', 'Power BI', 'SQL']",6
JOB02885,Python Developer,"['Django', 'Flask', 'Git', 'Python', 'SQL']",5
JOB02886,HR Analyst,"['Data Analysis', 'Excel', 'HR Analytics', 'Power BI', 'SQL']",5
JOB02887,Financial Analyst,"['Excel', 'Financial Modeling', 'Oracle', 'Power BI', 'SQL', 'Statistics']",6
JOB02888,Cloud Engineer,"['AWS', 'Azure', 'Cloud Computing', 'Docker', 'Linux']",5
JOB02889,Software Engineer,"['Git', 'Java', 'Oracle', 'Python', 'REST API', 'SQL']",6
JOB02890,Database Administrator,"['Database', 'Database Administration', 'MySQL', 'Oracle', 'PostgreSQL', 'SQL']",6
JOB02891,Product Analyst,"['Excel', 'Product Analytics', 'Python', 'SQL']",4
JOB02892,Web Developer,"['CSS', 'Git', 'HTML', 'Java', 'JavaScript', 'Machine Learning', 'React']",7
JOB02893,Data Scientist,"['Cloud Computing', 'Machine Learning', 'Pandas', 'Python', 'SQL', 'Statistics']",6
JOB02894,Web Developer,"['CSS', 'Git', 'HTML', 'Java', 'JavaScript', 'Machine Learning', 'React']",7
JOB02895,HR Analyst,"['Data Analysis', 'Excel', 'HR Analytics', 'Power BI', 'SQL']",5
JOB02896,Full Stack Developer,"['CSS', 'HTML', 'Java', 'JavaScript', 'Machine Learning', 'Node', 'React']",7
JOB02897,Python Developer,"['Django', 'Flask', 'Git', 'Python', 'SQL']",5
JOB02898,Software Engineer,"['Git', 'Java', 'Oracle', 'Python', 'REST API', 'SQL']",6
JOB02899,Python Developer,"['Django', 'Flask', 'Git', 'Python', 'SQL']",5
JOB02900,Power BI Developer,"['DAX', 'Excel', 'Power BI', 'Power Query', 'SQL']",5
JOB02901,SQL Developer,"['Database', 'ETL', 'MySQL', 'PostgreSQL', 'SQL']",5
JOB02902,DevOps Engineer,"['AWS', 'Docker', 'Jenkins', 'Kubernetes', 'Linux']",5
JOB02903,Data Analyst,"['Excel', 'Power BI', 'Python', 'SQL', 'Tableau']",5
JOB02904,Marketing Analyst,"['Excel', 'Marketing Analytics', 'Power BI', 'Python', 'SQL']",5
JOB02905,Financial Analyst,"['Excel', 'Financial Modeling', 'Power BI', 'SQL', 'Statistics']",5
JOB02906,Python Developer,"['Django', 'Flask', 'Git', 'Python', 'SQL']",5
JOB02907,HR Analyst,"['Data Analysis', 'Excel', 'HR Analytics', 'Oracle', 'Power BI', 'SQL']",6
JOB02908,Data Analyst,"['Excel', 'Power BI', 'Python', 'SQL', 'Tableau']",5
JOB02909,Data Analyst,"['Excel', 'Power BI', 'Python', 'SQL', 'Tableau']",5
JOB02910,Database Administrator,"['Database', 'Database Administration', 'MySQL', 'Oracle', 'PostgreSQL', 'SQL']",6
JOB02911,Web Developer,"['CSS', 'Git', 'HTML', 'Java', 'JavaScript', 'Machine Learning', 'React']",7
JOB02912,Python Developer,"['Django', 'Flask', 'Git', 'Python', 'SQL']",5
JOB02913,Power BI Developer,"['Cloud Computing', 'DAX', 'Excel', 'Power BI', 'Power Query', 'SQL']",6
JOB02914,Machine Learning Engineer,"['Docker', 'Machine Learning', 'Python', 'Scikit-learn', 'TensorFlow']",5
JOB02915,QA Engineer,"['Automation Testing', 'Java', 'Python', 'SQL', 'Selenium']",5
JOB02916,Python Developer,"['Django', 'Flask', 'Git', 'Python', 'SQL']",5
JOB02917,Marketing Analyst,"['Excel', 'Marketing Analytics', 'Power BI', 'Python', 'SQL']",5
JOB02918,Product Analyst,"['Excel', 'Oracle', 'Product Analytics', 'Python', 'SQL']",5
JOB02919,Marketing Analyst,"['Excel', 'Marketing Analytics', 'Power BI', 'Python', 'SQL']",5
JOB02920,DevOps Engineer,"['AWS', 'Docker', 'Jenkins', 'Kubernetes', 'Linux']",5
JOB02921,HR Analyst,"['Data Analysis', 'Excel', 'HR Analytics', 'Power BI', 'SQL']",5
JOB02922,Power BI Developer,"['DAX', 'Excel', 'Power BI', 'Power Query', 'SQL']",5
JOB02923,Full Stack Developer,"['CSS', 'HTML', 'Java', 'JavaScript', 'Machine Learning', 'Node', 'React']",7
JOB02924,Machine Learning Engineer,"['Docker', 'Machine Learning', 'Python', 'Scikit-learn', 'TensorFlow']",5
JOB02925,Python Developer,"['Django', 'Flask', 'Git', 'Python', 'SQL']",5
JOB02926,Product Analyst,"['Excel', 'Product Analytics', 'Python', 'SQL']",4
JOB02927,Data Scientist,"['Machine Learning', 'Oracle', 'Pandas', 'Python', 'SQL', 'Statistics']",6
JOB02928,QA Engineer,"['Automation Testing', 'Java', 'Python', 'SQL', 'Selenium']",5
JOB02929,Business Analyst,"['Business Analysis', 'Excel', 'Power BI', 'Requirements Gathering', 'SQL']",5
JOB02930,Data Analyst,"['Excel', 'Power BI', 'Python', 'SQL', 'Tableau']",5
JOB02931,SQL Developer,"['Database', 'ETL', 'MySQL', 'PostgreSQL', 'SQL']",5
JOB02932,Database Administrator,"['Database', 'Database Administration', 'MySQL', 'Oracle', 'PostgreSQL', 'SQL']",6
JOB02933,BI Analyst,"['DAX', 'Data Visualization', 'Excel', 'Power BI', 'SQL']",5
JOB02934,Business Analyst,"['Business Analysis', 'Excel', 'Power BI', 'Requirements Gathering', 'SQL']",5
JOB02935,Data Engineer,"['AWS', 'ETL', 'Python', 'SQL', 'Spark']",5
JOB02936,SQL Developer,"['Database', 'ETL', 'MySQL', 'PostgreSQL', 'SQL']",5
JOB02937,Machine Learning Engineer,"['Docker', 'Machine Learning', 'Python', 'Scikit-learn', 'TensorFlow']",5
JOB02938,Web Developer,"['CSS', 'Git', 'HTML', 'Java', 'JavaScript', 'Machine Learning', 'React']",7
JOB02939,Software Engineer,"['Git', 'Java', 'Python', 'REST API', 'SQL']",5
JOB02940,Machine Learning Engineer,"['Docker', 'Machine Learning', 'Python', 'Scikit-learn', 'TensorFlow']",5
JOB02941,HR Analyst,"['Data Analysis', 'Excel', 'HR Analytics', 'Power BI', 'SQL']",5
JOB02942,Power BI Developer,"['DAX', 'Excel', 'Oracle', 'Power BI', 'Power Query', 'SQL']",6
JOB02943,QA Engineer,"['Automation Testing', 'Java', 'Python', 'SQL', 'Selenium']",5
JOB02944,Web Developer,"['CSS', 'Cloud Computing', 'Git', 'HTML', 'Java', 'JavaScript', 'Machine Learning', 'React']",8
JOB02945,HR Analyst,"['Data Analysis', 'Excel', 'HR Analytics', 'Power BI', 'SQL']",5
JOB02946,Product Analyst,"['Excel', 'Product Analytics', 'Python', 'SQL']",4
JOB02947,Power BI Developer,"['DAX', 'Excel', 'Power BI', 'Power Query', 'SQL']",5
JOB02948,QA Engineer,"['Automation Testing', 'Java', 'Python', 'SQL', 'Selenium']",5
JOB02949,Database Administrator,"['Database', 'Database Administration', 'MySQL', 'Oracle', 'PostgreSQL', 'SQL']",6
JOB02950,HR Analyst,"['Data Analysis', 'Excel', 'HR Analytics', 'Power BI', 'SQL']",5
JOB02951,Financial Analyst,"['Excel', 'Financial Modeling', 'Power BI', 'SQL', 'Statistics']",5
JOB02952,Data Scientist,"['Machine Learning', 'Pandas', 'Python', 'SQL', 'Statistics']",5
JOB02953,Product Analyst,"['Excel', 'Product Analytics', 'Python', 'SQL']",4
JOB02954,Full Stack Developer,"['CSS', 'HTML', 'Java', 'JavaScript', 'Machine Learning', 'Node', 'React']",7
JOB02955,Full Stack Developer,"['CSS', 'HTML', 'Java', 'JavaScript', 'Machine Learning', 'Node', 'React']",7
JOB02956,DevOps Engineer,"['AWS', 'Docker', 'Jenkins', 'Kubernetes', 'Linux']",5
JOB02957,Power BI Developer,"['DAX', 'Excel', 'Power BI', 'Power Query', 'SQL']",5
JOB02958,Database Administrator,"['Database', 'Database Administration', 'MySQL', 'Oracle', 'PostgreSQL', 'SQL']",6
JOB02959,Python Developer,"['Django', 'Flask', 'Git', 'Python', 'SQL']",5
JOB02960,Business Analyst,"['Business Analysis', 'Excel', 'Power BI', 'Requirements Gathering', 'SQL']",5
JOB02961,Cloud Engineer,"['AWS', 'Azure', 'Cloud Computing', 'Docker', 'Linux']",5
JOB02962,Product Analyst,"['Excel', 'Product Analytics', 'Python', 'SQL']",4
JOB02963,DevOps Engineer,"['AWS', 'Docker', 'Jenkins', 'Kubernetes', 'Linux']",5
JOB02964,Product Analyst,"['Excel', 'Product Analytics', 'Python', 'SQL']",4
JOB02965,Data Analyst,"['Excel', 'Power BI', 'Python', 'SQL', 'Tableau']",5
JOB02966,Power BI Developer,"['DAX', 'Excel', 'Power BI', 'Power Query', 'SQL']",5
JOB02967,Power BI Developer,"['DAX', 'Excel', 'Power BI', 'Power Query', 'SQL']",5
JOB02968,Data Engineer,"['AWS', 'ETL', 'Python', 'SQL', 'Spark']",5
JOB02969,Machine Learning Engineer,"['Docker', 'Machine Learning', 'Python', 'Scikit-learn', 'TensorFlow']",5
JOB02970,SQL Developer,"['Database', 'ETL', 'MySQL', 'PostgreSQL', 'SQL']",5
JOB02971,DevOps Engineer,"['AWS', 'Docker', 'Jenkins', 'Kubernetes', 'Linux']",5
JOB02972,Cloud Engineer,"['AWS', 'Azure', 'Cloud Computing', 'Docker', 'Linux']",5
JOB02973,Business Analyst,"['Business Analysis', 'Excel', 'Power BI', 'Requirements Gathering', 'SQL']",5
JOB02974,Financial Analyst,"['Excel', 'Financial Modeling', 'Power BI', 'SQL', 'Statistics']",5
JOB02975,Full Stack Developer,"['CSS', 'HTML', 'Java', 'JavaScript', 'Machine Learning', 'Node', 'React']",7
JOB02976,Cloud Engineer,"['AWS', 'Azure', 'Cloud Computing', 'Docker', 'Linux', 'Oracle']",6
JOB02977,Database Administrator,"['Database', 'Database Administration', 'MySQL', 'Oracle', 'PostgreSQL', 'SQL']",6
JOB02978,Machine Learning Engineer,"['Docker', 'Machine Learning', 'Python', 'Scikit-learn', 'TensorFlow']",5
JOB02979,Software Engineer,"['Git', 'Java', 'Python', 'REST API', 'SQL']",5
JOB02980,Data Analyst,"['Excel', 'Power BI', 'Python', 'SQL', 'Tableau']",5
JOB02981,Financial Analyst,"['Excel', 'Financial Modeling', 'Power BI', 'SQL', 'Statistics']",5
JOB02982,Data Engineer,"['AWS', 'ETL', 'Python', 'SQL', 'Spark']",5
JOB02983,Product Analyst,"['Excel', 'Product Analytics', 'Python', 'SQL']",4
JOB02984,QA Engineer,"['Automation Testing', 'Java', 'Python', 'SQL', 'Selenium']",5
JOB02985,Machine Learning Engineer,"['Docker', 'Machine Learning', 'Python', 'Scikit-learn', 'TensorFlow']",5
JOB02986,Business Analyst,"['Business Analysis', 'Excel', 'Power BI', 'Requirements Gathering', 'SQL']",5
JOB02987,Full Stack Developer,"['CSS', 'Cloud Computing', 'HTML', 'Java', 'JavaScript', 'Machine Learning', 'Node', 'React']",8
JOB02988,Web Developer,"['CSS', 'Git', 'HTML', 'Java', 'JavaScript', 'Machine Learning', 'React']",7
JOB02989,Marketing Analyst,"['Excel', 'Marketing Analytics', 'Power BI', 'Python', 'SQL']",5
JOB02990,QA Engineer,"['Automation Testing', 'Java', 'Python', 'SQL', 'Selenium']",5
JOB02991,Web Developer,"['CSS', 'Git', 'HTML', 'Java', 'JavaScript', 'Machine Learning', 'Oracle', 'React']",8
JOB02992,Marketing Analyst,"['Excel', 'Marketing Analytics', 'Power BI', 'Python', 'SQL']",5
JOB02993,Data Engineer,"['AWS', 'ETL', 'Python', 'SQL', 'Spark']",5
JOB02994,BI Analyst,"['DAX', 'Data Visualization', 'Excel', 'Power BI', 'SQL']",5
JOB02995,Product Analyst,"['Excel', 'Product Analytics', 'Python', 'SQL']",4
JOB02996,Machine Learning Engineer,"['Docker', 'Machine Learning', 'Python', 'Scikit-learn', 'TensorFlow']",5
JOB02997,Database Administrator,"['Database', 'Database Administration', 'MySQL', 'Oracle', 'PostgreSQL', 'SQL']",6
JOB02998,BI Analyst,"['DAX', 'Data Visualization', 'Excel', 'Power BI', 'SQL']",5
JOB02999,Financial Analyst,"['Cloud Computing', 'Excel', 'Financial Modeling', 'Power BI', 'SQL', 'Statistics']",6
JOB03000,QA Engineer,"['Automation Testing', 'Cloud Computing', 'Java', 'Python', 'SQL', 'Selenium']",6
JOB03001,Power BI Developer,"['DAX', 'Excel', 'Power BI', 'Power Query', 'SQL']",5
JOB03002,Machine Learning Engineer,"['Docker', 'Machine Learning', 'Python', 'Scikit-learn', 'TensorFlow']",5
JOB03003,QA Engineer,"['Automation Testing', 'Java', 'Python', 'SQL', 'Selenium']",5
JOB03004,Data Scientist,"['Machine Learning', 'Pandas', 'Python', 'SQL', 'Statistics']",5
JOB03005,DevOps Engineer,"['AWS', 'Docker', 'Jenkins', 'Kubernetes', 'Linux']",5
JOB03006,QA Engineer,"['Automation Testing', 'Java', 'Python', 'SQL', 'Selenium']",5
JOB03007,QA Engineer,"['Automation Testing', 'Java', 'Python', 'SQL', 'Selenium']",5
JOB03008,Python Developer,"['Django', 'Flask', 'Git', 'Python', 'SQL']",5
JOB03009,Software Engineer,"['Git', 'Java', 'Python', 'REST API', 'SQL']",5
JOB03010,Data Analyst,"['Excel', 'Power BI', 'Python', 'SQL', 'Tableau']",5
JOB03011,Machine Learning Engineer,"['Docker', 'Machine Learning', 'Python', 'Scikit-learn', 'TensorFlow']",5
JOB03012,Marketing Analyst,"['Excel', 'Marketing Analytics', 'Power BI', 'Python', 'SQL']",5
JOB03013,SQL Developer,"['Database', 'ETL', 'MySQL', 'PostgreSQL', 'SQL']",5
JOB03014,Full Stack Developer,"['CSS', 'HTML', 'Java', 'JavaScript', 'Machine Learning', 'Node', 'Oracle', 'React']",8
JOB03015,Data Analyst,"['Excel', 'Power BI', 'Python', 'SQL', 'Tableau']",5
JOB03016,HR Analyst,"['Data Analysis', 'Excel', 'HR Analytics', 'Power BI', 'SQL']",5
JOB03017,Data Engineer,"['AWS', 'ETL', 'Python', 'SQL', 'Spark']",5
JOB03018,Marketing Analyst,"['Excel', 'Marketing Analytics', 'Power BI', 'Python', 'SQL']",5
JOB03019,Database Administrator,"['Database', 'Database Administration', 'MySQL', 'Oracle', 'PostgreSQL', 'SQL']",6
JOB03020,QA Engineer,"['Automation Testing', 'Cloud Computing', 'Java', 'Python', 'SQL', 'Selenium']",6
JOB03021,DevOps Engineer,"['AWS', 'Docker', 'Jenkins', 'Kubernetes', 'Linux']",5
JOB03022,Business Analyst,"['Business Analysis', 'Excel', 'Power BI', 'Requirements Gathering', 'SQL']",5
JOB03023,Business Analyst,"['Business Analysis', 'Excel', 'Power BI', 'Requirements Gathering', 'SQL']",5
JOB03024,SQL Developer,"['Database', 'ETL', 'MySQL', 'PostgreSQL', 'SQL']",5
JOB03025,Power BI Developer,"['DAX', 'Excel', 'Power BI', 'Power Query', 'SQL']",5
JOB03026,Marketing Analyst,"['Excel', 'Marketing Analytics', 'Power BI', 'Python', 'SQL']",5
JOB03027,Full Stack Developer,"['CSS', 'HTML', 'Java', 'JavaScript', 'Machine Learning', 'Node', 'React']",7
JOB03028,Data Engineer,"['AWS', 'Cloud Computing', 'ETL', 'Python', 'SQL', 'Spark']",6
JOB03029,Power BI Developer,"['DAX', 'Excel', 'Power BI', 'Power Query', 'SQL']",5
JOB03030,Machine Learning Engineer,"['Docker', 'Machine Learning', 'Python', 'Scikit-learn', 'TensorFlow']",5
JOB03031,Software Engineer,"['Git', 'Java', 'Python', 'REST API', 'SQL']",5
JOB03032,Data Analyst,"['Excel', 'Power BI', 'Python', 'SQL', 'Tableau']",5
JOB03033,Database Administrator,"['Database', 'Database Administration', 'MySQL', 'Oracle', 'PostgreSQL', 'SQL']",6
JOB03034,Cloud Engineer,"['AWS', 'Azure', 'Cloud Computing', 'Docker', 'Linux']",5
JOB03035,Database Administrator,"['Database', 'Database Administration', 'MySQL', 'Oracle', 'PostgreSQL', 'SQL']",6
JOB03036,Business Analyst,"['Business Analysis', 'Excel', 'Power BI', 'Requirements Gathering', 'SQL']",5
JOB03037,SQL Developer,"['Database', 'ETL', 'MySQL', 'PostgreSQL', 'SQL']",5
JOB03038,Software Engineer,"['Git', 'Java', 'Python', 'REST API', 'SQL']",5
JOB03039,HR Analyst,"['Data Analysis', 'Excel', 'HR Analytics', 'Power BI', 'SQL']",5
JOB03040,QA Engineer,"['Automation Testing', 'Java', 'Python', 'SQL', 'Selenium']",5
JOB03041,Full Stack Developer,"['CSS', 'HTML', 'Java', 'JavaScript', 'Machine Learning', 'Node', 'React']",7
JOB03042,Cloud Engineer,"['AWS', 'Azure', 'Cloud Computing', 'Docker', 'Linux']",5
JOB03043,Software Engineer,"['Git', 'Java', 'Oracle', 'Python', 'REST API', 'SQL']",6
JOB03044,Product Analyst,"['Excel', 'Product Analytics', 'Python', 'SQL']",4
JOB03045,SQL Developer,"['Database', 'ETL', 'MySQL', 'PostgreSQL', 'SQL']",5
JOB03046,SQL Developer,"['Database', 'ETL', 'MySQL', 'PostgreSQL', 'SQL']",5
JOB03047,Web Developer,"['CSS', 'Git', 'HTML', 'Java', 'JavaScript', 'Machine Learning', 'React']",7
JOB03048,Machine Learning Engineer,"['Docker', 'Machine Learning', 'Python', 'Scikit-learn', 'TensorFlow']",5
JOB03049,BI Analyst,"['DAX', 'Data Visualization', 'Excel', 'Power BI', 'SQL']",5
JOB03050,Power BI Developer,"['DAX', 'Excel', 'Power BI', 'Power Query', 'SQL']",5
JOB03051,Python Developer,"['Django', 'Flask', 'Git', 'Python', 'SQL']",5
JOB03052,HR Analyst,"['Data Analysis', 'Excel', 'HR Analytics', 'Power BI', 'SQL']",5
JOB03053,Business Analyst,"['Business Analysis', 'Excel', 'Oracle', 'Power BI', 'Requirements Gathering', 'SQL']",6
JOB03054,Python Developer,"['Django', 'Flask', 'Git', 'Python', 'SQL']",5
JOB03055,Full Stack Developer,"['CSS', 'HTML', 'Java', 'JavaScript', 'Machine Learning', 'Node', 'React']",7
JOB03056,Data Analyst,"['Excel', 'Power BI', 'Python', 'SQL', 'Tableau']",5
JOB03057,Cloud Engineer,"['AWS', 'Azure', 'Cloud Computing', 'Docker', 'Linux']",5
JOB03058,Financial Analyst,"['Excel', 'Financial Modeling', 'Power BI', 'SQL', 'Statistics']",5
JOB03059,SQL Developer,"['Database', 'ETL', 'MySQL', 'PostgreSQL', 'SQL']",5
JOB03060,DevOps Engineer,"['AWS', 'Docker', 'Jenkins', 'Kubernetes', 'Linux']",5
JOB03061,Financial Analyst,"['Excel', 'Financial Modeling', 'Power BI', 'SQL', 'Statistics']",5
JOB03062,Business Analyst,"['Business Analysis', 'Excel', 'Power BI', 'Requirements Gathering', 'SQL']",5
JOB03063,Data Engineer,"['AWS', 'ETL', 'Python', 'SQL', 'Spark']",5
JOB03064,Data Analyst,"['Excel', 'Power BI', 'Python', 'SQL', 'Tableau']",5
JOB03065,Machine Learning Engineer,"['Docker', 'Machine Learning', 'Oracle', 'Python', 'Scikit-learn', 'TensorFlow']",6
JOB03066,SQL Developer,"['Database', 'ETL', 'MySQL', 'PostgreSQL', 'SQL']",5
JOB03067,Python Developer,"['Django', 'Flask', 'Git', 'Python', 'SQL']",5
JOB03068,Marketing Analyst,"['Excel', 'Marketing Analytics', 'Oracle', 'Power BI', 'Python', 'SQL']",6
JOB03069,Python Developer,"['Django', 'Flask', 'Git', 'Python', 'SQL']",5
JOB03070,Machine Learning Engineer,"['Docker', 'Machine Learning', 'Oracle', 'Python', 'Scikit-learn', 'TensorFlow']",6
JOB03071,HR Analyst,"['Data Analysis', 'Excel', 'HR Analytics', 'Power BI', 'SQL']",5
JOB03072,DevOps Engineer,"['AWS', 'Docker', 'Jenkins', 'Kubernetes', 'Linux']",5
JOB03073,Power BI Developer,"['DAX', 'Excel', 'Power BI', 'Power Query', 'SQL']",5
JOB03074,Data Scientist,"['Machine Learning', 'Pandas', 'Python', 'SQL', 'Statistics']",5
JOB03075,Financial Analyst,"['Excel', 'Financial Modeling', 'Power BI', 'SQL', 'Statistics']",5
JOB03076,Data Engineer,"['AWS', 'ETL', 'Python', 'SQL', 'Spark']",5
JOB03077,Data Scientist,"['Machine Learning', 'Pandas', 'Python', 'SQL', 'Statistics']",5
JOB03078,Cloud Engineer,"['AWS', 'Azure', 'Cloud Computing', 'Docker', 'Linux']",5
JOB03079,Business Analyst,"['Business Analysis', 'Excel', 'Power BI', 'Requirements Gathering', 'SQL']",5
JOB03080,Python Developer,"['Django', 'Flask', 'Git', 'Python', 'SQL']",5
JOB03081,Cloud Engineer,"['AWS', 'Azure', 'Cloud Computing', 'Docker', 'Linux', 'Oracle']",6
JOB03082,HR Analyst,"['Data Analysis', 'Excel', 'HR Analytics', 'Power BI', 'SQL']",5
JOB03083,Cloud Engineer,"['AWS', 'Azure', 'Cloud Computing', 'Docker', 'Linux']",5
JOB03084,QA Engineer,"['Automation Testing', 'Java', 'Python', 'SQL', 'Selenium']",5
JOB03085,DevOps Engineer,"['AWS', 'Docker', 'Jenkins', 'Kubernetes', 'Linux']",5
JOB03086,SQL Developer,"['Database', 'ETL', 'MySQL', 'PostgreSQL', 'SQL']",5
JOB03087,Cloud Engineer,"['AWS', 'Azure', 'Cloud Computing', 'Docker', 'Linux']",5
JOB03088,Database Administrator,"['Database', 'Database Administration', 'MySQL', 'Oracle', 'PostgreSQL', 'SQL']",6
JOB03089,Python Developer,"['Django', 'Flask', 'Git', 'Python', 'SQL']",5
JOB03090,Database Administrator,"['Database', 'Database Administration', 'MySQL', 'Oracle', 'PostgreSQL', 'SQL']",6
JOB03091,Data Analyst,"['Excel', 'Power BI', 'Python', 'SQL', 'Tableau']",5
JOB03092,HR Analyst,"['Data Analysis', 'Excel', 'HR Analytics', 'Power BI', 'SQL']",5
JOB03093,Machine Learning Engineer,"['Docker', 'Machine Learning', 'Python', 'Scikit-learn', 'TensorFlow']",5
JOB03094,Power BI Developer,"['DAX', 'Excel', 'Power BI', 'Power Query', 'SQL']",5
JOB03095,SQL Developer,"['Database', 'ETL', 'MySQL', 'PostgreSQL', 'SQL']",5
JOB03096,Power BI Developer,"['DAX', 'Excel', 'Power BI', 'Power Query', 'SQL']",5
JOB03097,Financial Analyst,"['Excel', 'Financial Modeling', 'Power BI', 'SQL', 'Statistics']",5
JOB03098,Web Developer,"['CSS', 'Git', 'HTML', 'Java', 'JavaScript', 'Machine Learning', 'React']",7
JOB03099,Machine Learning Engineer,"['Docker', 'Machine Learning', 'Python', 'Scikit-learn', 'TensorFlow']",5
JOB03100,Cloud Engineer,"['AWS', 'Azure', 'Cloud Computing', 'Docker', 'Linux']",5
JOB03101,SQL Developer,"['Database', 'ETL', 'MySQL', 'PostgreSQL', 'SQL']",5
JOB03102,Web Developer,"['CSS', 'Git', 'HTML', 'Java', 'JavaScript', 'Machine Learning', 'React']",7
JOB03103,QA Engineer,"['Automation Testing', 'Java', 'Python', 'SQL', 'Selenium']",5
JOB03104,HR Analyst,"['Data Analysis', 'Excel', 'HR Analytics', 'Power BI', 'SQL']",5
JOB03105,Cloud Engineer,"['AWS', 'Azure', 'Cloud Computing', 'Docker', 'Linux']",5
JOB03106,Software Engineer,"['Git', 'Java', 'Python', 'REST API', 'SQL']",5
JOB03107,Power BI Developer,"['DAX', 'Excel', 'Power BI', 'Power Query', 'SQL']",5
JOB03108,Database Administrator,"['Database', 'Database Administration', 'MySQL', 'Oracle', 'PostgreSQL', 'SQL']",6
JOB03109,Python Developer,"['Django', 'Flask', 'Git', 'Python', 'SQL']",5
JOB03110,Python Developer,"['Django', 'Flask', 'Git', 'Python', 'SQL']",5
JOB03111,Data Engineer,"['AWS', 'Cloud Computing', 'ETL', 'Python', 'SQL', 'Spark']",6
JOB03112,DevOps Engineer,"['AWS', 'Docker', 'Jenkins', 'Kubernetes', 'Linux']",5
JOB03113,Web Developer,"['CSS', 'Git', 'HTML', 'Java', 'JavaScript', 'Machine Learning', 'React']",7
JOB03114,Software Engineer,"['Git', 'Java', 'Python', 'REST API', 'SQL']",5
JOB03115,Data Scientist,"['Machine Learning', 'Pandas', 'Python', 'SQL', 'Statistics']",5
JOB03116,Data Scientist,"['Machine Learning', 'Pandas', 'Python', 'SQL', 'Statistics']",5
JOB03117,Data Engineer,"['AWS', 'ETL', 'Python', 'SQL', 'Spark']",5
JOB03118,Business Analyst,"['Business Analysis', 'Excel', 'Power BI', 'Requirements Gathering', 'SQL']",5
JOB03119,DevOps Engineer,"['AWS', 'Docker', 'Jenkins', 'Kubernetes', 'Linux']",5
JOB03120,Data Analyst,"['Excel', 'Power BI', 'Python', 'SQL', 'Tableau']",5
JOB03121,Cloud Engineer,"['AWS', 'Azure', 'Cloud Computing', 'Docker', 'Linux']",5
JOB03122,Product Analyst,"['Excel', 'Product Analytics', 'Python', 'SQL']",4
JOB03123,Power BI Developer,"['DAX', 'Excel', 'Power BI', 'Power Query', 'SQL']",5
JOB03124,BI Analyst,"['DAX', 'Data Visualization', 'Excel', 'Power BI', 'SQL']",5
JOB03125,Data Engineer,"['AWS', 'ETL', 'Python', 'SQL', 'Spark']",5
JOB03126,Data Scientist,"['Machine Learning', 'Pandas', 'Python', 'SQL', 'Statistics']",5
JOB03127,Business Analyst,"['Business Analysis', 'Excel', 'Power BI', 'Requirements Gathering', 'SQL']",5
JOB03128,DevOps Engineer,"['AWS', 'Docker', 'Jenkins', 'Kubernetes', 'Linux']",5
JOB03129,Business Analyst,"['Business Analysis', 'Excel', 'Power BI', 'Requirements Gathering', 'SQL']",5
JOB03130,Machine Learning Engineer,"['Docker', 'Machine Learning', 'Python', 'Scikit-learn', 'TensorFlow']",5
JOB03131,Python Developer,"['Django', 'Flask', 'Git', 'Python', 'SQL']",5
JOB03132,DevOps Engineer,"['AWS', 'Cloud Computing', 'Docker', 'Jenkins', 'Kubernetes', 'Linux']",6
JOB03133,Marketing Analyst,"['Excel', 'Marketing Analytics', 'Power BI', 'Python', 'SQL']",5
JOB03134,Web Developer,"['CSS', 'Git', 'HTML', 'Java', 'JavaScript', 'Machine Learning', 'React']",7
JOB03135,Marketing Analyst,"['Excel', 'Marketing Analytics', 'Power BI', 'Python', 'SQL']",5
JOB03136,Cloud Engineer,"['AWS', 'Azure', 'Cloud Computing', 'Docker', 'Linux']",5
JOB03137,Python Developer,"['Django', 'Flask', 'Git', 'Python', 'SQL']",5
JOB03138,Web Developer,"['CSS', 'Git', 'HTML', 'Java', 'JavaScript', 'Machine Learning', 'React']",7
JOB03139,Data Analyst,"['Excel', 'Power BI', 'Python', 'SQL', 'Tableau']",5
JOB03140,SQL Developer,"['Database', 'ETL', 'MySQL', 'PostgreSQL', 'SQL']",5
JOB03141,Data Scientist,"['Cloud Computing', 'Machine Learning', 'Pandas', 'Python', 'SQL', 'Statistics']",6
JOB03142,Financial Analyst,"['Excel', 'Financial Modeling', 'Power BI', 'SQL', 'Statistics']",5
JOB03143,QA Engineer,"['Automation Testing', 'Java', 'Python', 'SQL', 'Selenium']",5
JOB03144,Power BI Developer,"['DAX', 'Excel', 'Power BI', 'Power Query', 'SQL']",5
JOB03145,Machine Learning Engineer,"['Docker', 'Machine Learning', 'Python', 'Scikit-learn', 'TensorFlow']",5
JOB03146,BI Analyst,"['DAX', 'Data Visualization', 'Excel', 'Power BI', 'SQL']",5
JOB03147,Web Developer,"['CSS', 'Git', 'HTML', 'Java', 'JavaScript', 'Machine Learning', 'React']",7
JOB03148,Python Developer,"['Django', 'Flask', 'Git', 'Python', 'SQL']",5
JOB03149,HR Analyst,"['Data Analysis', 'Excel', 'HR Analytics', 'Power BI', 'SQL']",5
JOB03150,Data Engineer,"['AWS', 'ETL', 'Python', 'SQL', 'Spark']",5
JOB03151,Software Engineer,"['Git', 'Java', 'Python', 'REST API', 'SQL']",5
JOB03152,Financial Analyst,"['Excel', 'Financial Modeling', 'Power BI', 'SQL', 'Statistics']",5
JOB03153,HR Analyst,"['Data Analysis', 'Excel', 'HR Analytics', 'Power BI', 'SQL']",5
JOB03154,Product Analyst,"['Excel', 'Product Analytics', 'Python', 'SQL']",4
JOB03155,Cloud Engineer,"['AWS', 'Azure', 'Cloud Computing', 'Docker', 'Linux']",5
JOB03156,Machine Learning Engineer,"['Docker', 'Machine Learning', 'Python', 'Scikit-learn', 'TensorFlow']",5
JOB03157,HR Analyst,"['Data Analysis', 'Excel', 'HR Analytics', 'Power BI', 'SQL']",5
JOB03158,Data Scientist,"['Machine Learning', 'Pandas', 'Python', 'SQL', 'Statistics']",5
JOB03159,Data Scientist,"['Machine Learning', 'Pandas', 'Python', 'SQL', 'Statistics']",5
JOB03160,Data Scientist,"['Machine Learning', 'Pandas', 'Python', 'SQL', 'Statistics']",5
JOB03161,Marketing Analyst,"['Excel', 'Marketing Analytics', 'Power BI', 'Python', 'SQL']",5
JOB03162,Full Stack Developer,"['CSS', 'HTML', 'Java', 'JavaScript', 'Machine Learning', 'Node', 'React']",7
JOB03163,Marketing Analyst,"['Cloud Computing', 'Excel', 'Marketing Analytics', 'Power BI', 'Python', 'SQL']",6
JOB03164,Full Stack Developer,"['CSS', 'Cloud Computing', 'HTML', 'Java', 'JavaScript', 'Machine Learning', 'Node', 'React']",8
JOB03165,Machine Learning Engineer,"['Docker', 'Machine Learning', 'Python', 'Scikit-learn', 'TensorFlow']",5
JOB03166,Product Analyst,"['Excel', 'Product Analytics', 'Python', 'SQL']",4
JOB03167,Web Developer,"['CSS', 'Git', 'HTML', 'Java', 'JavaScript', 'Machine Learning', 'React']",7
JOB03168,Machine Learning Engineer,"['Docker', 'Machine Learning', 'Python', 'Scikit-learn', 'TensorFlow']",5
JOB03169,Marketing Analyst,"['Excel', 'Marketing Analytics', 'Power BI', 'Python', 'SQL']",5
JOB03170,Product Analyst,"['Excel', 'Product Analytics', 'Python', 'SQL']",4
JOB03171,Database Administrator,"['Database', 'Database Administration', 'MySQL', 'Oracle', 'PostgreSQL', 'SQL']",6
JOB03172,Marketing Analyst,"['Excel', 'Marketing Analytics', 'Power BI', 'Python', 'SQL']",5
JOB03173,Full Stack Developer,"['CSS', 'HTML', 'Java', 'JavaScript', 'Machine Learning', 'Node', 'React']",7
JOB03174,DevOps Engineer,"['AWS', 'Docker', 'Jenkins', 'Kubernetes', 'Linux']",5
JOB03175,Software Engineer,"['Git', 'Java', 'Python', 'REST API', 'SQL']",5
JOB03176,SQL Developer,"['Database', 'ETL', 'MySQL', 'PostgreSQL', 'SQL']",5
JOB03177,Cloud Engineer,"['AWS', 'Azure', 'Cloud Computing', 'Docker', 'Linux', 'Oracle']",6
JOB03178,Financial Analyst,"['Excel', 'Financial Modeling', 'Power BI', 'SQL', 'Statistics']",5
JOB03179,DevOps Engineer,"['AWS', 'Cloud Computing', 'Docker', 'Jenkins', 'Kubernetes', 'Linux']",6
JOB03180,Python Developer,"['Django', 'Flask', 'Git', 'Python', 'SQL']",5
JOB03181,Power BI Developer,"['DAX', 'Excel', 'Power BI', 'Power Query', 'SQL']",5
JOB03182,Business Analyst,"['Business Analysis', 'Excel', 'Power BI', 'Requirements Gathering', 'SQL']",5
JOB03183,Power BI Developer,"['DAX', 'Excel', 'Power BI', 'Power Query', 'SQL']",5
JOB03184,Product Analyst,"['Excel', 'Product Analytics', 'Python', 'SQL']",4
JOB03185,SQL Developer,"['Database', 'ETL', 'MySQL', 'PostgreSQL', 'SQL']",5
JOB03186,Cloud Engineer,"['AWS', 'Azure', 'Cloud Computing', 'Docker', 'Linux']",5
JOB03187,Database Administrator,"['Database', 'Database Administration', 'MySQL', 'Oracle', 'PostgreSQL', 'SQL']",6
JOB03188,Marketing Analyst,"['Excel', 'Marketing Analytics', 'Power BI', 'Python', 'SQL']",5
JOB03189,Data Scientist,"['Machine Learning', 'Pandas', 'Python', 'SQL', 'Statistics']",5
JOB03190,SQL Developer,"['Database', 'ETL', 'MySQL', 'PostgreSQL', 'SQL']",5
JOB03191,Financial Analyst,"['Excel', 'Financial Modeling', 'Power BI', 'SQL', 'Statistics']",5
JOB03192,Web Developer,"['CSS', 'Git', 'HTML', 'Java', 'JavaScript', 'Machine Learning', 'React']",7
JOB03193,Software Engineer,"['Git', 'Java', 'Python', 'REST API', 'SQL']",5
JOB03194,Python Developer,"['Django', 'Flask', 'Git', 'Python', 'SQL']",5
JOB03195,Financial Analyst,"['Excel', 'Financial Modeling', 'Power BI', 'SQL', 'Statistics']",5
JOB03196,Business Analyst,"['Business Analysis', 'Excel', 'Power BI', 'Requirements Gathering', 'SQL']",5
JOB03197,Cloud Engineer,"['AWS', 'Azure', 'Cloud Computing', 'Docker', 'Linux']",5
JOB03198,Python Developer,"['Django', 'Flask', 'Git', 'Python', 'SQL']",5
JOB03199,Python Developer,"['Django', 'Flask', 'Git', 'Python', 'SQL']",5
JOB03200,Machine Learning Engineer,"['Docker', 'Machine Learning', 'Python', 'Scikit-learn', 'TensorFlow']",5
JOB03201,Data Engineer,"['AWS', 'ETL', 'Python', 'SQL', 'Spark']",5
JOB03202,Data Scientist,"['Machine Learning', 'Pandas', 'Python', 'SQL', 'Statistics']",5
JOB03203,Business Analyst,"['Business Analysis', 'Excel', 'Power BI', 'Requirements Gathering', 'SQL']",5
JOB03204,Python Developer,"['Django', 'Flask', 'Git', 'Python', 'SQL']",5
JOB03205,Python Developer,"['Django', 'Flask', 'Git', 'Python', 'SQL']",5
JOB03206,Product Analyst,"['Excel', 'Product Analytics', 'Python', 'SQL']",4
JOB03207,Business Analyst,"['Business Analysis', 'Excel', 'Power BI', 'Requirements Gathering', 'SQL']",5
JOB03208,Full Stack Developer,"['CSS', 'HTML', 'Java', 'JavaScript', 'Machine Learning', 'Node', 'React']",7
JOB03209,Product Analyst,"['Cloud Computing', 'Excel', 'Product Analytics', 'Python', 'SQL']",5
JOB03210,Business Analyst,"['Business Analysis', 'Excel', 'Power BI', 'Requirements Gathering', 'SQL']",5
JOB03211,Data Engineer,"['AWS', 'ETL', 'Python', 'SQL', 'Spark']",5
JOB03212,BI Analyst,"['DAX', 'Data Visualization', 'Excel', 'Power BI', 'SQL']",5
JOB03213,Data Analyst,"['Excel', 'Power BI', 'Python', 'SQL', 'Tableau']",5
JOB03214,Financial Analyst,"['Excel', 'Financial Modeling', 'Power BI', 'SQL', 'Statistics']",5
JOB03215,Machine Learning Engineer,"['Docker', 'Machine Learning', 'Python', 'Scikit-learn', 'TensorFlow']",5
JOB03216,Data Scientist,"['Machine Learning', 'Pandas', 'Python', 'SQL', 'Statistics']",5
JOB03217,Product Analyst,"['Excel', 'Product Analytics', 'Python', 'SQL']",4
JOB03218,BI Analyst,"['DAX', 'Data Visualization', 'Excel', 'Power BI', 'SQL']",5
JOB03219,BI Analyst,"['Cloud Computing', 'DAX', 'Data Visualization', 'Excel', 'Power BI', 'SQL']",6
JOB03220,Machine Learning Engineer,"['Docker', 'Machine Learning', 'Python', 'Scikit-learn', 'TensorFlow']",5
JOB03221,Web Developer,"['CSS', 'Git', 'HTML', 'Java', 'JavaScript', 'Machine Learning', 'React']",7
JOB03222,Full Stack Developer,"['CSS', 'HTML', 'Java', 'JavaScript', 'Machine Learning', 'Node', 'React']",7
JOB03223,Power BI Developer,"['DAX', 'Excel', 'Power BI', 'Power Query', 'SQL']",5
JOB03224,BI Analyst,"['DAX', 'Data Visualization', 'Excel', 'Power BI', 'SQL']",5
JOB03225,Cloud Engineer,"['AWS', 'Azure', 'Cloud Computing', 'Docker', 'Linux']",5
JOB03226,Full Stack Developer,"['CSS', 'HTML', 'Java', 'JavaScript', 'Machine Learning', 'Node', 'React']",7
JOB03227,Software Engineer,"['Git', 'Java', 'Python', 'REST API', 'SQL']",5
JOB03228,DevOps Engineer,"['AWS', 'Docker', 'Jenkins', 'Kubernetes', 'Linux']",5
JOB03229,Python Developer,"['Django', 'Flask', 'Git', 'Python', 'SQL']",5
JOB03230,HR Analyst,"['Data Analysis', 'Excel', 'HR Analytics', 'Power BI', 'SQL']",5
JOB03231,HR Analyst,"['Cloud Computing', 'Data Analysis', 'Excel', 'HR Analytics', 'Power BI', 'SQL']",6
JOB03232,Power BI Developer,"['DAX', 'Excel', 'Power BI', 'Power Query', 'SQL']",5
JOB03233,Cloud Engineer,"['AWS', 'Azure', 'Cloud Computing', 'Docker', 'Linux']",5
JOB03234,Machine Learning Engineer,"['Docker', 'Machine Learning', 'Python', 'Scikit-learn', 'TensorFlow']",5
JOB03235,Product Analyst,"['Excel', 'Product Analytics', 'Python', 'SQL']",4
JOB03236,Machine Learning Engineer,"['Cloud Computing', 'Docker', 'Machine Learning', 'Python', 'Scikit-learn', 'TensorFlow']",6
JOB03237,Machine Learning Engineer,"['Docker', 'Machine Learning', 'Python', 'Scikit-learn', 'TensorFlow']",5
JOB03238,Business Analyst,"['Business Analysis', 'Excel', 'Power BI', 'Requirements Gathering', 'SQL']",5
JOB03239,Cloud Engineer,"['AWS', 'Azure', 'Cloud Computing', 'Docker', 'Linux']",5
JOB03240,Data Scientist,"['Machine Learning', 'Pandas', 'Python', 'SQL', 'Statistics']",5
JOB03241,Product Analyst,"['Excel', 'Product Analytics', 'Python', 'SQL']",4
JOB03242,Financial Analyst,"['Excel', 'Financial Modeling', 'Power BI', 'SQL', 'Statistics']",5
JOB03243,SQL Developer,"['Database', 'ETL', 'MySQL', 'PostgreSQL', 'SQL']",5
JOB03244,BI Analyst,"['DAX', 'Data Visualization', 'Excel', 'Power BI', 'SQL']",5
JOB03245,Data Engineer,"['AWS', 'ETL', 'Python', 'SQL', 'Spark']",5
JOB03246,Product Analyst,"['Excel', 'Product Analytics', 'Python', 'SQL']",4
JOB03247,Software Engineer,"['Git', 'Java', 'Python', 'REST API', 'SQL']",5
JOB03248,Software Engineer,"['Git', 'Java', 'Python', 'REST API', 'SQL']",5
JOB03249,BI Analyst,"['Cloud Computing', 'DAX', 'Data Visualization', 'Excel', 'Power BI', 'SQL']",6
JOB03250,Python Developer,"['Django', 'Flask', 'Git', 'Python', 'SQL']",5
JOB03251,BI Analyst,"['DAX', 'Data Visualization', 'Excel', 'Power BI', 'SQL']",5
JOB03252,SQL Developer,"['Database', 'ETL', 'MySQL', 'PostgreSQL', 'SQL']",5
JOB03253,Python Developer,"['Django', 'Flask', 'Git', 'Python', 'SQL']",5
JOB03254,Full Stack Developer,"['CSS', 'HTML', 'Java', 'JavaScript', 'Machine Learning', 'Node', 'React']",7
JOB03255,HR Analyst,"['Data Analysis', 'Excel', 'HR Analytics', 'Power BI', 'SQL']",5
JOB03256,Business Analyst,"['Business Analysis', 'Excel', 'Power BI', 'Requirements Gathering', 'SQL']",5
JOB03257,DevOps Engineer,"['AWS', 'Docker', 'Jenkins', 'Kubernetes', 'Linux']",5
JOB03258,QA Engineer,"['Automation Testing', 'Java', 'Python', 'SQL', 'Selenium']",5
JOB03259,DevOps Engineer,"['AWS', 'Docker', 'Jenkins', 'Kubernetes', 'Linux']",5
JOB03260,Business Analyst,"['Business Analysis', 'Excel', 'Power BI', 'Requirements Gathering', 'SQL']",5
JOB03261,Database Administrator,"['Database', 'Database Administration', 'MySQL', 'Oracle', 'PostgreSQL', 'SQL']",6
JOB03262,Data Engineer,"['AWS', 'ETL', 'Python', 'SQL', 'Spark']",5
JOB03263,QA Engineer,"['Automation Testing', 'Java', 'Python', 'SQL', 'Selenium']",5
JOB03264,Data Scientist,"['Machine Learning', 'Pandas', 'Python', 'SQL', 'Statistics']",5
JOB03265,SQL Developer,"['Database', 'ETL', 'MySQL', 'PostgreSQL', 'SQL']",5
JOB03266,DevOps Engineer,"['AWS', 'Cloud Computing', 'Docker', 'Jenkins', 'Kubernetes', 'Linux']",6
JOB03267,Power BI Developer,"['DAX', 'Excel', 'Power BI', 'Power Query', 'SQL']",5
JOB03268,HR Analyst,"['Data Analysis', 'Excel', 'HR Analytics', 'Oracle', 'Power BI', 'SQL']",6
JOB03269,Business Analyst,"['Business Analysis', 'Excel', 'Power BI', 'Requirements Gathering', 'SQL']",5
JOB03270,Cloud Engineer,"['AWS', 'Azure', 'Cloud Computing', 'Docker', 'Linux']",5
JOB03271,Marketing Analyst,"['Excel', 'Marketing Analytics', 'Power BI', 'Python', 'SQL']",5
JOB03272,Python Developer,"['Django', 'Flask', 'Git', 'Python', 'SQL']",5
JOB03273,HR Analyst,"['Data Analysis', 'Excel', 'HR Analytics', 'Power BI', 'SQL']",5
JOB03274,Cloud Engineer,"['AWS', 'Azure', 'Cloud Computing', 'Docker', 'Linux']",5
JOB03275,HR Analyst,"['Data Analysis', 'Excel', 'HR Analytics', 'Power BI', 'SQL']",5
JOB03276,Web Developer,"['CSS', 'Git', 'HTML', 'Java', 'JavaScript', 'Machine Learning', 'React']",7
JOB03277,Python Developer,"['Django', 'Flask', 'Git', 'Python', 'SQL']",5
JOB03278,Data Analyst,"['Excel', 'Power BI', 'Python', 'SQL', 'Tableau']",5
JOB03279,Financial Analyst,"['Excel', 'Financial Modeling', 'Power BI', 'SQL', 'Statistics']",5
JOB03280,QA Engineer,"['Automation Testing', 'Java', 'Python', 'SQL', 'Selenium']",5
JOB03281,Cloud Engineer,"['AWS', 'Azure', 'Cloud Computing', 'Docker', 'Linux']",5
JOB03282,DevOps Engineer,"['AWS', 'Docker', 'Jenkins', 'Kubernetes', 'Linux']",5
JOB03283,HR Analyst,"['Data Analysis', 'Excel', 'HR Analytics', 'Power BI', 'SQL']",5
JOB03284,Data Engineer,"['AWS', 'ETL', 'Python', 'SQL', 'Spark']",5
JOB03285,Web Developer,"['CSS', 'Git', 'HTML', 'Java', 'JavaScript', 'Machine Learning', 'React']",7
JOB03286,Marketing Analyst,"['Excel', 'Marketing Analytics', 'Power BI', 'Python', 'SQL']",5
JOB03287,HR Analyst,"['Data Analysis', 'Excel', 'HR Analytics', 'Oracle', 'Power BI', 'SQL']",6
JOB03288,Database Administrator,"['Database', 'Database Administration', 'MySQL', 'Oracle', 'PostgreSQL', 'SQL']",6
JOB03289,Web Developer,"['CSS', 'Git', 'HTML', 'Java', 'JavaScript', 'Machine Learning', 'React']",7
JOB03290,Web Developer,"['CSS', 'Git', 'HTML', 'Java', 'JavaScript', 'Machine Learning', 'React']",7
JOB03291,Power BI Developer,"['DAX', 'Excel', 'Oracle', 'Power BI', 'Power Query', 'SQL']",6
JOB03292,Financial Analyst,"['Excel', 'Financial Modeling', 'Power BI', 'SQL', 'Statistics']",5
JOB03293,Financial Analyst,"['Excel', 'Financial Modeling', 'Power BI', 'SQL', 'Statistics']",5
JOB03294,Marketing Analyst,"['Excel', 'Marketing Analytics', 'Power BI', 'Python', 'SQL']",5
JOB03295,Power BI Developer,"['DAX', 'Excel', 'Oracle', 'Power BI', 'Power Query', 'SQL']",6
JOB03296,Python Developer,"['Django', 'Flask', 'Git', 'Python', 'SQL']",5
JOB03297,Database Administrator,"['Database', 'Database Administration', 'MySQL', 'Oracle', 'PostgreSQL', 'SQL']",6
JOB03298,Software Engineer,"['Git', 'Java', 'Python', 'REST API', 'SQL']",5
JOB03299,Data Scientist,"['Machine Learning', 'Pandas', 'Python', 'SQL', 'Statistics']",5
JOB03300,Power BI Developer,"['DAX', 'Excel', 'Power BI', 'Power Query', 'SQL']",5
JOB03301,Financial Analyst,"['Excel', 'Financial Modeling', 'Power BI', 'SQL', 'Statistics']",5
JOB03302,QA Engineer,"['Automation Testing', 'Java', 'Python', 'SQL', 'Selenium']",5
JOB03303,Data Engineer,"['AWS', 'ETL', 'Python', 'SQL', 'Spark']",5
JOB03304,Data Analyst,"['Excel', 'Power BI', 'Python', 'SQL', 'Tableau']",5
JOB03305,QA Engineer,"['Automation Testing', 'Java', 'Python', 'SQL', 'Selenium']",5
JOB03306,Database Administrator,"['Database', 'Database Administration', 'MySQL', 'Oracle', 'PostgreSQL', 'SQL']",6
JOB03307,BI Analyst,"['DAX', 'Data Visualization', 'Excel', 'Power BI', 'SQL']",5
JOB03308,Data Scientist,"['Machine Learning', 'Pandas', 'Python', 'SQL', 'Statistics']",5
JOB03309,Cloud Engineer,"['AWS', 'Azure', 'Cloud Computing', 'Docker', 'Linux']",5
JOB03310,Web Developer,"['CSS', 'Git', 'HTML', 'Java', 'JavaScript', 'Machine Learning', 'React']",7
JOB03311,Data Engineer,"['AWS', 'ETL', 'Oracle', 'Python', 'SQL', 'Spark']",6
JOB03312,Web Developer,"['CSS', 'Git', 'HTML', 'Java', 'JavaScript', 'Machine Learning', 'React']",7
JOB03313,Cloud Engineer,"['AWS', 'Azure', 'Cloud Computing', 'Docker', 'Linux']",5
JOB03314,SQL Developer,"['Database', 'ETL', 'MySQL', 'PostgreSQL', 'SQL']",5
JOB03315,Data Engineer,"['AWS', 'ETL', 'Python', 'SQL', 'Spark']",5
JOB03316,Marketing Analyst,"['Cloud Computing', 'Excel', 'Marketing Analytics', 'Power BI', 'Python', 'SQL']",6
JOB03317,Full Stack Developer,"['CSS', 'HTML', 'Java', 'JavaScript', 'Machine Learning', 'Node', 'React']",7
JOB03318,Data Analyst,"['Excel', 'Power BI', 'Python', 'SQL', 'Tableau']",5
JOB03319,HR Analyst,"['Data Analysis', 'Excel', 'HR Analytics', 'Power BI', 'SQL']",5
JOB03320,Full Stack Developer,"['CSS', 'HTML', 'Java', 'JavaScript', 'Machine Learning', 'Node', 'React']",7
JOB03321,Software Engineer,"['Git', 'Java', 'Python', 'REST API', 'SQL']",5
JOB03322,Full Stack Developer,"['CSS', 'HTML', 'Java', 'JavaScript', 'Machine Learning', 'Node', 'React']",7
JOB03323,Cloud Engineer,"['AWS', 'Azure', 'Cloud Computing', 'Docker', 'Linux']",5
JOB03324,Cloud Engineer,"['AWS', 'Azure', 'Cloud Computing', 'Docker', 'Linux']",5
JOB03325,DevOps Engineer,"['AWS', 'Docker', 'Jenkins', 'Kubernetes', 'Linux']",5
JOB03326,Full Stack Developer,"['CSS', 'HTML', 'Java', 'JavaScript', 'Machine Learning', 'Node', 'React']",7
JOB03327,Web Developer,"['CSS', 'Git', 'HTML', 'Java', 'JavaScript', 'Machine Learning', 'React']",7
JOB03328,Web Developer,"['CSS', 'Git', 'HTML', 'Java', 'JavaScript', 'Machine Learning', 'React']",7
JOB03329,Power BI Developer,"['DAX', 'Excel', 'Power BI', 'Power Query', 'SQL']",5
JOB03330,Data Engineer,"['AWS', 'ETL', 'Python', 'SQL', 'Spark']",5
JOB03331,Data Analyst,"['Excel', 'Power BI', 'Python', 'SQL', 'Tableau']",5
JOB03332,Machine Learning Engineer,"['Docker', 'Machine Learning', 'Python', 'Scikit-learn', 'TensorFlow']",5
JOB03333,Cloud Engineer,"['AWS', 'Azure', 'Cloud Computing', 'Docker', 'Linux']",5
JOB03334,Business Analyst,"['Business Analysis', 'Excel', 'Power BI', 'Requirements Gathering', 'SQL']",5
JOB03335,Software Engineer,"['Git', 'Java', 'Python', 'REST API', 'SQL']",5
JOB03336,Software Engineer,"['Git', 'Java', 'Python', 'REST API', 'SQL']",5
JOB03337,Data Engineer,"['AWS', 'ETL', 'Python', 'SQL', 'Spark']",5
JOB03338,Data Scientist,"['Machine Learning', 'Pandas', 'Python', 'SQL', 'Statistics']",5
JOB03339,BI Analyst,"['DAX', 'Data Visualization', 'Excel', 'Power BI', 'SQL']",5
JOB03340,SQL Developer,"['Database', 'ETL', 'MySQL', 'PostgreSQL', 'SQL']",5
JOB03341,Financial Analyst,"['Excel', 'Financial Modeling', 'Power BI', 'SQL', 'Statistics']",5
JOB03342,Machine Learning Engineer,"['Docker', 'Machine Learning', 'Python', 'Scikit-learn', 'TensorFlow']",5
JOB03343,Full Stack Developer,"['CSS', 'HTML', 'Java', 'JavaScript', 'Machine Learning', 'Node', 'React']",7
JOB03344,Software Engineer,"['Git', 'Java', 'Python', 'REST API', 'SQL']",5
JOB03345,DevOps Engineer,"['AWS', 'Docker', 'Jenkins', 'Kubernetes', 'Linux']",5
JOB03346,DevOps Engineer,"['AWS', 'Docker', 'Jenkins', 'Kubernetes', 'Linux']",5
JOB03347,Machine Learning Engineer,"['Docker', 'Machine Learning', 'Python', 'Scikit-learn', 'TensorFlow']",5
JOB03348,Product Analyst,"['Excel', 'Oracle', 'Product Analytics', 'Python', 'SQL']",5
JOB03349,Power BI Developer,"['DAX', 'Excel', 'Power BI', 'Power Query', 'SQL']",5
JOB03350,Business Analyst,"['Business Analysis', 'Excel', 'Power BI', 'Requirements Gathering', 'SQL']",5
JOB03351,Data Engineer,"['AWS', 'ETL', 'Python', 'SQL', 'Spark']",5
JOB03352,Software Engineer,"['Git', 'Java', 'Python', 'REST API', 'SQL']",5
JOB03353,Data Analyst,"['Cloud Computing', 'Excel', 'Power BI', 'Python', 'SQL', 'Tableau']",6
JOB03354,Data Engineer,"['AWS', 'ETL', 'Python', 'SQL', 'Spark']",5
JOB03355,DevOps Engineer,"['AWS', 'Docker', 'Jenkins', 'Kubernetes', 'Linux']",5
JOB03356,Python Developer,"['Django', 'Flask', 'Git', 'Python', 'SQL']",5
JOB03357,Power BI Developer,"['DAX', 'Excel', 'Power BI', 'Power Query', 'SQL']",5
JOB03358,Python Developer,"['Cloud Computing', 'Django', 'Flask', 'Git', 'Python', 'SQL']",6
JOB03359,QA Engineer,"['Automation Testing', 'Java', 'Python', 'SQL', 'Selenium']",5
JOB03360,QA Engineer,"['Automation Testing', 'Java', 'Python', 'SQL', 'Selenium']",5
JOB03361,SQL Developer,"['Database', 'ETL', 'MySQL', 'PostgreSQL', 'SQL']",5
JOB03362,DevOps Engineer,"['AWS', 'Docker', 'Jenkins', 'Kubernetes', 'Linux']",5
JOB03363,HR Analyst,"['Data Analysis', 'Excel', 'HR Analytics', 'Power BI', 'SQL']",5
JOB03364,Financial Analyst,"['Excel', 'Financial Modeling', 'Power BI', 'SQL', 'Statistics']",5
JOB03365,Product Analyst,"['Excel', 'Product Analytics', 'Python', 'SQL']",4
JOB03366,Product Analyst,"['Excel', 'Product Analytics', 'Python', 'SQL']",4
JOB03367,Cloud Engineer,"['AWS', 'Azure', 'Cloud Computing', 'Docker', 'Linux']",5
JOB03368,BI Analyst,"['DAX', 'Data Visualization', 'Excel', 'Power BI', 'SQL']",5
JOB03369,Cloud Engineer,"['AWS', 'Azure', 'Cloud Computing', 'Docker', 'Linux']",5
JOB03370,Power BI Developer,"['DAX', 'Excel', 'Power BI', 'Power Query', 'SQL']",5
JOB03371,Data Analyst,"['Excel', 'Power BI', 'Python', 'SQL', 'Tableau']",5
JOB03372,Machine Learning Engineer,"['Docker', 'Machine Learning', 'Python', 'Scikit-learn', 'TensorFlow']",5
JOB03373,Product Analyst,"['Excel', 'Product Analytics', 'Python', 'SQL']",4
JOB03374,Business Analyst,"['Business Analysis', 'Excel', 'Power BI', 'Requirements Gathering', 'SQL']",5
JOB03375,Data Analyst,"['Excel', 'Power BI', 'Python', 'SQL', 'Tableau']",5
JOB03376,Python Developer,"['Django', 'Flask', 'Git', 'Python', 'SQL']",5
JOB03377,Full Stack Developer,"['CSS', 'HTML', 'Java', 'JavaScript', 'Machine Learning', 'Node', 'React']",7
JOB03378,Software Engineer,"['Git', 'Java', 'Python', 'REST API', 'SQL']",5
JOB03379,Data Analyst,"['Excel', 'Power BI', 'Python', 'SQL', 'Tableau']",5
JOB03380,Marketing Analyst,"['Excel', 'Marketing Analytics', 'Power BI', 'Python', 'SQL']",5
JOB03381,Full Stack Developer,"['CSS', 'HTML', 'Java', 'JavaScript', 'Machine Learning', 'Node', 'React']",7
JOB03382,Data Scientist,"['Machine Learning', 'Pandas', 'Python', 'SQL', 'Statistics']",5
JOB03383,Database Administrator,"['Database', 'Database Administration', 'MySQL', 'Oracle', 'PostgreSQL', 'SQL']",6
JOB03384,Power BI Developer,"['DAX', 'Excel', 'Power BI', 'Power Query', 'SQL']",5
JOB03385,HR Analyst,"['Data Analysis', 'Excel', 'HR Analytics', 'Power BI', 'SQL']",5
JOB03386,Data Analyst,"['Excel', 'Oracle', 'Power BI', 'Python', 'SQL', 'Tableau']",6
JOB03387,Business Analyst,"['Business Analysis', 'Excel', 'Power BI', 'Requirements Gathering', 'SQL']",5
JOB03388,Data Scientist,"['Machine Learning', 'Pandas', 'Python', 'SQL', 'Statistics']",5
JOB03389,QA Engineer,"['Automation Testing', 'Java', 'Python', 'SQL', 'Selenium']",5
JOB03390,Python Developer,"['Django', 'Flask', 'Git', 'Python', 'SQL']",5
JOB03391,Data Analyst,"['Excel', 'Power BI', 'Python', 'SQL', 'Tableau']",5
JOB03392,BI Analyst,"['DAX', 'Data Visualization', 'Excel', 'Oracle', 'Power BI', 'SQL']",6
JOB03393,Marketing Analyst,"['Excel', 'Marketing Analytics', 'Power BI', 'Python', 'SQL']",5
JOB03394,Power BI Developer,"['DAX', 'Excel', 'Power BI', 'Power Query', 'SQL']",5
JOB03395,Marketing Analyst,"['Cloud Computing', 'Excel', 'Marketing Analytics', 'Power BI', 'Python', 'SQL']",6
JOB03396,Data Analyst,"['Excel', 'Power BI', 'Python', 'SQL', 'Tableau']",5
JOB03397,Web Developer,"['CSS', 'Git', 'HTML', 'Java', 'JavaScript', 'Machine Learning', 'React']",7
JOB03398,Database Administrator,"['Database', 'Database Administration', 'MySQL', 'Oracle', 'PostgreSQL', 'SQL']",6
JOB03399,Full Stack Developer,"['CSS', 'HTML', 'Java', 'JavaScript', 'Machine Learning', 'Node', 'React']",7
JOB03400,Business Analyst,"['Business Analysis', 'Excel', 'Power BI', 'Requirements Gathering', 'SQL']",5
JOB03401,BI Analyst,"['DAX', 'Data Visualization', 'Excel', 'Oracle', 'Power BI', 'SQL']",6
JOB03402,QA Engineer,"['Automation Testing', 'Java', 'Python', 'SQL', 'Selenium']",5
JOB03403,Database Administrator,"['Database', 'Database Administration', 'MySQL', 'Oracle', 'PostgreSQL', 'SQL']",6
JOB03404,Product Analyst,"['Excel', 'Product Analytics', 'Python', 'SQL']",4
JOB03405,DevOps Engineer,"['AWS', 'Docker', 'Jenkins', 'Kubernetes', 'Linux']",5
JOB03406,Full Stack Developer,"['CSS', 'HTML', 'Java', 'JavaScript', 'Machine Learning', 'Node', 'React']",7
JOB03407,Data Engineer,"['AWS', 'ETL', 'Python', 'SQL', 'Spark']",5
JOB03408,DevOps Engineer,"['AWS', 'Docker', 'Jenkins', 'Kubernetes', 'Linux']",5
JOB03409,Software Engineer,"['Git', 'Java', 'Python', 'REST API', 'SQL']",5
JOB03410,Data Scientist,"['Machine Learning', 'Pandas', 'Python', 'SQL', 'Statistics']",5
JOB03411,Data Analyst,"['Cloud Computing', 'Excel', 'Power BI', 'Python', 'SQL', 'Tableau']",6
JOB03412,Machine Learning Engineer,"['Docker', 'Machine Learning', 'Python', 'Scikit-learn', 'TensorFlow']",5
JOB03413,BI Analyst,"['DAX', 'Data Visualization', 'Excel', 'Power BI', 'SQL']",5
JOB03414,QA Engineer,"['Automation Testing', 'Java', 'Python', 'SQL', 'Selenium']",5
JOB03415,Cloud Engineer,"['AWS', 'Azure', 'Cloud Computing', 'Docker', 'Linux']",5
JOB03416,QA Engineer,"['Automation Testing', 'Java', 'Python', 'SQL', 'Selenium']",5
JOB03417,Data Engineer,"['AWS', 'ETL', 'Python', 'SQL', 'Spark']",5
JOB03418,Power BI Developer,"['DAX', 'Excel', 'Power BI', 'Power Query', 'SQL']",5
JOB03419,Cloud Engineer,"['AWS', 'Azure', 'Cloud Computing', 'Docker', 'Linux']",5
JOB03420,Business Analyst,"['Business Analysis', 'Excel', 'Power BI', 'Requirements Gathering', 'SQL']",5
JOB03421,Web Developer,"['CSS', 'Git', 'HTML', 'Java', 'JavaScript', 'Machine Learning', 'React']",7
JOB03422,Full Stack Developer,"['CSS', 'HTML', 'Java', 'JavaScript', 'Machine Learning', 'Node', 'React']",7
JOB03423,Full Stack Developer,"['CSS', 'HTML', 'Java', 'JavaScript', 'Machine Learning', 'Node', 'Oracle', 'React']",8
JOB03424,Business Analyst,"['Business Analysis', 'Excel', 'Power BI', 'Requirements Gathering', 'SQL']",5
JOB03425,Power BI Developer,"['DAX', 'Excel', 'Power BI', 'Power Query', 'SQL']",5
JOB03426,HR Analyst,"['Data Analysis', 'Excel', 'HR Analytics', 'Oracle', 'Power BI', 'SQL']",6
JOB03427,Software Engineer,"['Git', 'Java', 'Python', 'REST API', 'SQL']",5
JOB03428,Cloud Engineer,"['AWS', 'Azure', 'Cloud Computing', 'Docker', 'Linux']",5
JOB03429,Marketing Analyst,"['Excel', 'Marketing Analytics', 'Power BI', 'Python', 'SQL']",5
JOB03430,Full Stack Developer,"['CSS', 'HTML', 'Java', 'JavaScript', 'Machine Learning', 'Node', 'React']",7
JOB03431,Database Administrator,"['Database', 'Database Administration', 'MySQL', 'Oracle', 'PostgreSQL', 'SQL']",6
JOB03432,Software Engineer,"['Git', 'Java', 'Python', 'REST API', 'SQL']",5
JOB03433,SQL Developer,"['Database', 'ETL', 'MySQL', 'PostgreSQL', 'SQL']",5
JOB03434,DevOps Engineer,"['AWS', 'Docker', 'Jenkins', 'Kubernetes', 'Linux']",5
JOB03435,Software Engineer,"['Git', 'Java', 'Oracle', 'Python', 'REST API', 'SQL']",6
JOB03436,Data Engineer,"['AWS', 'ETL', 'Python', 'SQL', 'Spark']",5
JOB03437,Data Analyst,"['Excel', 'Power BI', 'Python', 'SQL', 'Tableau']",5
JOB03438,Power BI Developer,"['DAX', 'Excel', 'Power BI', 'Power Query', 'SQL']",5
JOB03439,Software Engineer,"['Git', 'Java', 'Python', 'REST API', 'SQL']",5
JOB03440,Business Analyst,"['Business Analysis', 'Excel', 'Power BI', 'Requirements Gathering', 'SQL']",5
JOB03441,Financial Analyst,"['Excel', 'Financial Modeling', 'Power BI', 'SQL', 'Statistics']",5
JOB03442,BI Analyst,"['DAX', 'Data Visualization', 'Excel', 'Power BI', 'SQL']",5
JOB03443,Web Developer,"['CSS', 'Git', 'HTML', 'Java', 'JavaScript', 'Machine Learning', 'React']",7
JOB03444,Cloud Engineer,"['AWS', 'Azure', 'Cloud Computing', 'Docker', 'Linux']",5
JOB03445,Full Stack Developer,"['CSS', 'HTML', 'Java', 'JavaScript', 'Machine Learning', 'Node', 'Oracle', 'React']",8
JOB03446,QA Engineer,"['Automation Testing', 'Java', 'Python', 'SQL', 'Selenium']",5
JOB03447,Cloud Engineer,"['AWS', 'Azure', 'Cloud Computing', 'Docker', 'Linux']",5
JOB03448,Database Administrator,"['Database', 'Database Administration', 'MySQL', 'Oracle', 'PostgreSQL', 'SQL']",6
JOB03449,Data Engineer,"['AWS', 'ETL', 'Python', 'SQL', 'Spark']",5
JOB03450,Power BI Developer,"['DAX', 'Excel', 'Power BI', 'Power Query', 'SQL']",5
JOB03451,Database Administrator,"['Database', 'Database Administration', 'MySQL', 'Oracle', 'PostgreSQL', 'SQL']",6
JOB03452,Data Analyst,"['Cloud Computing', 'Excel', 'Power BI', 'Python', 'SQL', 'Tableau']",6
JOB03453,QA Engineer,"['Automation Testing', 'Java', 'Python', 'SQL', 'Selenium']",5
JOB03454,Database Administrator,"['Database', 'Database Administration', 'MySQL', 'Oracle', 'PostgreSQL', 'SQL']",6
JOB03455,Software Engineer,"['Git', 'Java', 'Python', 'REST API', 'SQL']",5
JOB03456,Product Analyst,"['Excel', 'Product Analytics', 'Python', 'SQL']",4
JOB03457,SQL Developer,"['Database', 'ETL', 'MySQL', 'PostgreSQL', 'SQL']",5
JOB03458,Power BI Developer,"['DAX', 'Excel', 'Power BI', 'Power Query', 'SQL']",5
JOB03459,Full Stack Developer,"['CSS', 'HTML', 'Java', 'JavaScript', 'Machine Learning', 'Node', 'React']",7
JOB03460,Software Engineer,"['Git', 'Java', 'Python', 'REST API', 'SQL']",5
JOB03461,Data Engineer,"['AWS', 'Cloud Computing', 'ETL', 'Python', 'SQL', 'Spark']",6
JOB03462,Database Administrator,"['Database', 'Database Administration', 'MySQL', 'Oracle', 'PostgreSQL', 'SQL']",6
JOB03463,Cloud Engineer,"['AWS', 'Azure', 'Cloud Computing', 'Docker', 'Linux']",5
JOB03464,Financial Analyst,"['Excel', 'Financial Modeling', 'Power BI', 'SQL', 'Statistics']",5
JOB03465,Data Analyst,"['Excel', 'Power BI', 'Python', 'SQL', 'Tableau']",5
JOB03466,Marketing Analyst,"['Excel', 'Marketing Analytics', 'Power BI', 'Python', 'SQL']",5
JOB03467,BI Analyst,"['DAX', 'Data Visualization', 'Excel', 'Power BI', 'SQL']",5
JOB03468,Cloud Engineer,"['AWS', 'Azure', 'Cloud Computing', 'Docker', 'Linux']",5
JOB03469,Software Engineer,"['Git', 'Java', 'Python', 'REST API', 'SQL']",5
JOB03470,Database Administrator,"['Database', 'Database Administration', 'MySQL', 'Oracle', 'PostgreSQL', 'SQL']",6
JOB03471,Web Developer,"['CSS', 'Git', 'HTML', 'Java', 'JavaScript', 'Machine Learning', 'React']",7
JOB03472,SQL Developer,"['Database', 'ETL', 'MySQL', 'PostgreSQL', 'SQL']",5
JOB03473,Business Analyst,"['Business Analysis', 'Excel', 'Power BI', 'Requirements Gathering', 'SQL']",5
JOB03474,Data Scientist,"['Machine Learning', 'Pandas', 'Python', 'SQL', 'Statistics']",5
JOB03475,Full Stack Developer,"['CSS', 'HTML', 'Java', 'JavaScript', 'Machine Learning', 'Node', 'Oracle', 'React']",8
JOB03476,Database Administrator,"['Database', 'Database Administration', 'MySQL', 'Oracle', 'PostgreSQL', 'SQL']",6
JOB03477,Full Stack Developer,"['CSS', 'HTML', 'Java', 'JavaScript', 'Machine Learning', 'Node', 'React']",7
JOB03478,SQL Developer,"['Database', 'ETL', 'MySQL', 'PostgreSQL', 'SQL']",5
JOB03479,QA Engineer,"['Automation Testing', 'Java', 'Python', 'SQL', 'Selenium']",5
JOB03480,Database Administrator,"['Database', 'Database Administration', 'MySQL', 'Oracle', 'PostgreSQL', 'SQL']",6
JOB03481,Data Analyst,"['Excel', 'Power BI', 'Python', 'SQL', 'Tableau']",5
JOB03482,Web Developer,"['CSS', 'Cloud Computing', 'Git', 'HTML', 'Java', 'JavaScript', 'Machine Learning', 'React']",8
JOB03483,Full Stack Developer,"['CSS', 'HTML', 'Java', 'JavaScript', 'Machine Learning', 'Node', 'React']",7
JOB03484,Machine Learning Engineer,"['Docker', 'Machine Learning', 'Python', 'Scikit-learn', 'TensorFlow']",5
JOB03485,Product Analyst,"['Excel', 'Product Analytics', 'Python', 'SQL']",4
JOB03486,Data Scientist,"['Machine Learning', 'Pandas', 'Python', 'SQL', 'Statistics']",5
JOB03487,SQL Developer,"['Database', 'ETL', 'MySQL', 'PostgreSQL', 'SQL']",5
JOB03488,Marketing Analyst,"['Excel', 'Marketing Analytics', 'Power BI', 'Python', 'SQL']",5
JOB03489,Python Developer,"['Django', 'Flask', 'Git', 'Python', 'SQL']",5
JOB03490,Product Analyst,"['Excel', 'Product Analytics', 'Python', 'SQL']",4
JOB03491,Financial Analyst,"['Excel', 'Financial Modeling', 'Power BI', 'SQL', 'Statistics']",5
JOB03492,Data Analyst,"['Excel', 'Power BI', 'Python', 'SQL', 'Tableau']",5
JOB03493,BI Analyst,"['Cloud Computing', 'DAX', 'Data Visualization', 'Excel', 'Power BI', 'SQL']",6
JOB03494,DevOps Engineer,"['AWS', 'Docker', 'Jenkins', 'Kubernetes', 'Linux']",5
JOB03495,Data Engineer,"['AWS', 'ETL', 'Python', 'SQL', 'Spark']",5
JOB03496,Software Engineer,"['Git', 'Java', 'Python', 'REST API', 'SQL']",5
JOB03497,Full Stack Developer,"['CSS', 'HTML', 'Java', 'JavaScript', 'Machine Learning', 'Node', 'React']",7
JOB03498,QA Engineer,"['Automation Testing', 'Java', 'Python', 'SQL', 'Selenium']",5
JOB03499,Business Analyst,"['Business Analysis', 'Excel', 'Power BI', 'Requirements Gathering', 'SQL']",5
JOB03500,Data Scientist,"['Machine Learning', 'Pandas', 'Python', 'SQL', 'Statistics']",5
JOB03501,Product Analyst,"['Excel', 'Product Analytics', 'Python', 'SQL']",4
JOB03502,BI Analyst,"['DAX', 'Data Visualization', 'Excel', 'Power BI', 'SQL']",5
JOB03503,BI Analyst,"['DAX', 'Data Visualization', 'Excel', 'Power BI', 'SQL']",5
JOB03504,Marketing Analyst,"['Excel', 'Marketing Analytics', 'Power BI', 'Python', 'SQL']",5
JOB03505,Software Engineer,"['Git', 'Java', 'Python', 'REST API', 'SQL']",5
JOB03506,QA Engineer,"['Automation Testing', 'Java', 'Python', 'SQL', 'Selenium']",5
JOB03507,Database Administrator,"['Cloud Computing', 'Database', 'Database Administration', 'MySQL', 'Oracle', 'PostgreSQL', 'SQL']",7
JOB03508,Machine Learning Engineer,"['Docker', 'Machine Learning', 'Python', 'Scikit-learn', 'TensorFlow']",5
JOB03509,Power BI Developer,"['DAX', 'Excel', 'Power BI', 'Power Query', 'SQL']",5
JOB03510,Web Developer,"['CSS', 'Git', 'HTML', 'Java', 'JavaScript', 'Machine Learning', 'Oracle', 'React']",8
JOB03511,Web Developer,"['CSS', 'Git', 'HTML', 'Java', 'JavaScript', 'Machine Learning', 'React']",7
JOB03512,Full Stack Developer,"['CSS', 'HTML', 'Java', 'JavaScript', 'Machine Learning', 'Node', 'React']",7
JOB03513,Financial Analyst,"['Excel', 'Financial Modeling', 'Power BI', 'SQL', 'Statistics']",5
JOB03514,SQL Developer,"['Database', 'ETL', 'MySQL', 'PostgreSQL', 'SQL']",5
JOB03515,Machine Learning Engineer,"['Docker', 'Machine Learning', 'Python', 'Scikit-learn', 'TensorFlow']",5
JOB03516,Business Analyst,"['Business Analysis', 'Excel', 'Power BI', 'Requirements Gathering', 'SQL']",5
JOB03517,Marketing Analyst,"['Excel', 'Marketing Analytics', 'Oracle', 'Power BI', 'Python', 'SQL']",6
JOB03518,Cloud Engineer,"['AWS', 'Azure', 'Cloud Computing', 'Docker', 'Linux']",5
JOB03519,DevOps Engineer,"['AWS', 'Cloud Computing', 'Docker', 'Jenkins', 'Kubernetes', 'Linux']",6
JOB03520,Database Administrator,"['Database', 'Database Administration', 'MySQL', 'Oracle', 'PostgreSQL', 'SQL']",6
JOB03521,Power BI Developer,"['DAX', 'Excel', 'Power BI', 'Power Query', 'SQL']",5
JOB03522,HR Analyst,"['Data Analysis', 'Excel', 'HR Analytics', 'Power BI', 'SQL']",5
JOB03523,Cloud Engineer,"['AWS', 'Azure', 'Cloud Computing', 'Docker', 'Linux']",5
JOB03524,QA Engineer,"['Automation Testing', 'Java', 'Python', 'SQL', 'Selenium']",5
JOB03525,Data Scientist,"['Machine Learning', 'Pandas', 'Python', 'SQL', 'Statistics']",5
JOB03526,Financial Analyst,"['Excel', 'Financial Modeling', 'Power BI', 'SQL', 'Statistics']",5
JOB03527,BI Analyst,"['DAX', 'Data Visualization', 'Excel', 'Power BI', 'SQL']",5
JOB03528,Web Developer,"['CSS', 'Git', 'HTML', 'Java', 'JavaScript', 'Machine Learning', 'React']",7
JOB03529,Software Engineer,"['Git', 'Java', 'Python', 'REST API', 'SQL']",5
JOB03530,Python Developer,"['Django', 'Flask', 'Git', 'Python', 'SQL']",5
JOB03531,Data Scientist,"['Machine Learning', 'Pandas', 'Python', 'SQL', 'Statistics']",5
JOB03532,Power BI Developer,"['DAX', 'Excel', 'Power BI', 'Power Query', 'SQL']",5
JOB03533,Cloud Engineer,"['AWS', 'Azure', 'Cloud Computing', 'Docker', 'Linux']",5
JOB03534,Data Scientist,"['Machine Learning', 'Oracle', 'Pandas', 'Python', 'SQL', 'Statistics']",6
JOB03535,Data Analyst,"['Excel', 'Power BI', 'Python', 'SQL', 'Tableau']",5
JOB03536,Power BI Developer,"['DAX', 'Excel', 'Power BI', 'Power Query', 'SQL']",5
JOB03537,DevOps Engineer,"['AWS', 'Docker', 'Jenkins', 'Kubernetes', 'Linux']",5
JOB03538,Product Analyst,"['Excel', 'Product Analytics', 'Python', 'SQL']",4
JOB03539,QA Engineer,"['Automation Testing', 'Java', 'Python', 'SQL', 'Selenium']",5
JOB03540,Software Engineer,"['Git', 'Java', 'Python', 'REST API', 'SQL']",5
JOB03541,Python Developer,"['Django', 'Flask', 'Git', 'Python', 'SQL']",5
JOB03542,Machine Learning Engineer,"['Docker', 'Machine Learning', 'Python', 'Scikit-learn', 'TensorFlow']",5
JOB03543,Data Analyst,"['Excel', 'Power BI', 'Python', 'SQL', 'Tableau']",5
JOB03544,Software Engineer,"['Git', 'Java', 'Python', 'REST API', 'SQL']",5
JOB03545,HR Analyst,"['Data Analysis', 'Excel', 'HR Analytics', 'Power BI', 'SQL']",5
JOB03546,Machine Learning Engineer,"['Docker', 'Machine Learning', 'Oracle', 'Python', 'Scikit-learn', 'TensorFlow']",6
JOB03547,DevOps Engineer,"['AWS', 'Docker', 'Jenkins', 'Kubernetes', 'Linux']",5
JOB03548,Full Stack Developer,"['CSS', 'HTML', 'Java', 'JavaScript', 'Machine Learning', 'Node', 'React']",7
JOB03549,Power BI Developer,"['DAX', 'Excel', 'Power BI', 'Power Query', 'SQL']",5
JOB03550,Product Analyst,"['Excel', 'Product Analytics', 'Python', 'SQL']",4
JOB03551,QA Engineer,"['Automation Testing', 'Java', 'Python', 'SQL', 'Selenium']",5
JOB03552,BI Analyst,"['DAX', 'Data Visualization', 'Excel', 'Power BI', 'SQL']",5
JOB03553,Power BI Developer,"['DAX', 'Excel', 'Power BI', 'Power Query', 'SQL']",5
JOB03554,Product Analyst,"['Excel', 'Product Analytics', 'Python', 'SQL']",4
JOB03555,SQL Developer,"['Database', 'ETL', 'MySQL', 'PostgreSQL', 'SQL']",5
JOB03556,Financial Analyst,"['Excel', 'Financial Modeling', 'Power BI', 'SQL', 'Statistics']",5
JOB03557,DevOps Engineer,"['AWS', 'Docker', 'Jenkins', 'Kubernetes', 'Linux', 'Oracle']",6
JOB03558,Cloud Engineer,"['AWS', 'Azure', 'Cloud Computing', 'Docker', 'Linux']",5
JOB03559,Software Engineer,"['Git', 'Java', 'Python', 'REST API', 'SQL']",5
JOB03560,QA Engineer,"['Automation Testing', 'Java', 'Python', 'SQL', 'Selenium']",5
JOB03561,QA Engineer,"['Automation Testing', 'Java', 'Python', 'SQL', 'Selenium']",5
JOB03562,Data Engineer,"['AWS', 'ETL', 'Python', 'SQL', 'Spark']",5
JOB03563,Business Analyst,"['Business Analysis', 'Excel', 'Power BI', 'Requirements Gathering', 'SQL']",5
JOB03564,SQL Developer,"['Database', 'ETL', 'MySQL', 'PostgreSQL', 'SQL']",5
JOB03565,Data Engineer,"['AWS', 'ETL', 'Oracle', 'Python', 'SQL', 'Spark']",6
JOB03566,Product Analyst,"['Cloud Computing', 'Excel', 'Product Analytics', 'Python', 'SQL']",5
JOB03567,Marketing Analyst,"['Excel', 'Marketing Analytics', 'Power BI', 'Python', 'SQL']",5
JOB03568,Data Engineer,"['AWS', 'ETL', 'Python', 'SQL', 'Spark']",5
JOB03569,Web Developer,"['CSS', 'Cloud Computing', 'Git', 'HTML', 'Java', 'JavaScript', 'Machine Learning', 'React']",8
JOB03570,Business Analyst,"['Business Analysis', 'Excel', 'Power BI', 'Requirements Gathering', 'SQL']",5
JOB03571,Database Administrator,"['Database', 'Database Administration', 'MySQL', 'Oracle', 'PostgreSQL', 'SQL']",6
JOB03572,DevOps Engineer,"['AWS', 'Docker', 'Jenkins', 'Kubernetes', 'Linux']",5
JOB03573,Financial Analyst,"['Excel', 'Financial Modeling', 'Power BI', 'SQL', 'Statistics']",5
JOB03574,Data Analyst,"['Excel', 'Power BI', 'Python', 'SQL', 'Tableau']",5
JOB03575,Software Engineer,"['Git', 'Java', 'Python', 'REST API', 'SQL']",5
JOB03576,Web Developer,"['CSS', 'Git', 'HTML', 'Java', 'JavaScript', 'Machine Learning', 'React']",7
JOB03577,Power BI Developer,"['DAX', 'Excel', 'Power BI', 'Power Query', 'SQL']",5
JOB03578,SQL Developer,"['Database', 'ETL', 'MySQL', 'PostgreSQL', 'SQL']",5
JOB03579,SQL Developer,"['Database', 'ETL', 'MySQL', 'PostgreSQL', 'SQL']",5
JOB03580,Machine Learning Engineer,"['Docker', 'Machine Learning', 'Python', 'Scikit-learn', 'TensorFlow']",5
JOB03581,DevOps Engineer,"['AWS', 'Docker', 'Jenkins', 'Kubernetes', 'Linux']",5
JOB03582,DevOps Engineer,"['AWS', 'Docker', 'Jenkins', 'Kubernetes', 'Linux']",5
JOB03583,QA Engineer,"['Automation Testing', 'Java', 'Python', 'SQL', 'Selenium']",5
JOB03584,QA Engineer,"['Automation Testing', 'Java', 'Python', 'SQL', 'Selenium']",5
JOB03585,Cloud Engineer,"['AWS', 'Azure', 'Cloud Computing', 'Docker', 'Linux']",5
JOB03586,Power BI Developer,"['Cloud Computing', 'DAX', 'Excel', 'Power BI', 'Power Query', 'SQL']",6
JOB03587,QA Engineer,"['Automation Testing', 'Cloud Computing', 'Java', 'Python', 'SQL', 'Selenium']",6
JOB03588,Marketing Analyst,"['Excel', 'Marketing Analytics', 'Power BI', 'Python', 'SQL']",5
JOB03589,Financial Analyst,"['Excel', 'Financial Modeling', 'Power BI', 'SQL', 'Statistics']",5
JOB03590,HR Analyst,"['Data Analysis', 'Excel', 'HR Analytics', 'Power BI', 'SQL']",5
JOB03591,Database Administrator,"['Database', 'Database Administration', 'MySQL', 'Oracle', 'PostgreSQL', 'SQL']",6
JOB03592,Web Developer,"['CSS', 'Git', 'HTML', 'Java', 'JavaScript', 'Machine Learning', 'React']",7
JOB03593,DevOps Engineer,"['AWS', 'Docker', 'Jenkins', 'Kubernetes', 'Linux']",5
JOB03594,Data Engineer,"['AWS', 'ETL', 'Python', 'SQL', 'Spark']",5
JOB03595,DevOps Engineer,"['AWS', 'Docker', 'Jenkins', 'Kubernetes', 'Linux']",5
JOB03596,Data Engineer,"['AWS', 'ETL', 'Python', 'SQL', 'Spark']",5
JOB03597,QA Engineer,"['Automation Testing', 'Java', 'Python', 'SQL', 'Selenium']",5
JOB03598,BI Analyst,"['DAX', 'Data Visualization', 'Excel', 'Power BI', 'SQL']",5
JOB03599,HR Analyst,"['Cloud Computing', 'Data Analysis', 'Excel', 'HR Analytics', 'Power BI', 'SQL']",6
JOB03600,Software Engineer,"['Git', 'Java', 'Python', 'REST API', 'SQL']",5
JOB03601,Cloud Engineer,"['AWS', 'Azure', 'Cloud Computing', 'Docker', 'Linux']",5
JOB03602,Power BI Developer,"['DAX', 'Excel', 'Power BI', 'Power Query', 'SQL']",5
JOB03603,Power BI Developer,"['DAX', 'Excel', 'Power BI', 'Power Query', 'SQL']",5
JOB03604,Cloud Engineer,"['AWS', 'Azure', 'Cloud Computing', 'Docker', 'Linux']",5
JOB03605,BI Analyst,"['DAX', 'Data Visualization', 'Excel', 'Power BI', 'SQL']",5
JOB03606,QA Engineer,"['Automation Testing', 'Java', 'Python', 'SQL', 'Selenium']",5
JOB03607,Marketing Analyst,"['Cloud Computing', 'Excel', 'Marketing Analytics', 'Power BI', 'Python', 'SQL']",6
JOB03608,DevOps Engineer,"['AWS', 'Docker', 'Jenkins', 'Kubernetes', 'Linux']",5
JOB03609,Data Engineer,"['AWS', 'ETL', 'Python', 'SQL', 'Spark']",5
JOB03610,Business Analyst,"['Business Analysis', 'Excel', 'Power BI', 'Requirements Gathering', 'SQL']",5
JOB03611,Machine Learning Engineer,"['Docker', 'Machine Learning', 'Python', 'Scikit-learn', 'TensorFlow']",5
JOB03612,Data Scientist,"['Machine Learning', 'Pandas', 'Python', 'SQL', 'Statistics']",5
JOB03613,Data Engineer,"['AWS', 'ETL', 'Oracle', 'Python', 'SQL', 'Spark']",6
JOB03614,DevOps Engineer,"['AWS', 'Docker', 'Jenkins', 'Kubernetes', 'Linux']",5
JOB03615,Data Scientist,"['Machine Learning', 'Pandas', 'Python', 'SQL', 'Statistics']",5
JOB03616,Product Analyst,"['Cloud Computing', 'Excel', 'Product Analytics', 'Python', 'SQL']",5
JOB03617,Data Analyst,"['Excel', 'Power BI', 'Python', 'SQL', 'Tableau']",5
JOB03618,Marketing Analyst,"['Excel', 'Marketing Analytics', 'Power BI', 'Python', 'SQL']",5
JOB03619,Data Scientist,"['Machine Learning', 'Pandas', 'Python', 'SQL', 'Statistics']",5
JOB03620,SQL Developer,"['Database', 'ETL', 'MySQL', 'PostgreSQL', 'SQL']",5
JOB03621,SQL Developer,"['Database', 'ETL', 'MySQL', 'PostgreSQL', 'SQL']",5
JOB03622,QA Engineer,"['Automation Testing', 'Java', 'Python', 'SQL', 'Selenium']",5
JOB03623,Business Analyst,"['Business Analysis', 'Cloud Computing', 'Excel', 'Power BI', 'Requirements Gathering', 'SQL']",6
JOB03624,SQL Developer,"['Database', 'ETL', 'MySQL', 'PostgreSQL', 'SQL']",5
JOB03625,DevOps Engineer,"['AWS', 'Docker', 'Jenkins', 'Kubernetes', 'Linux']",5
JOB03626,Machine Learning Engineer,"['Docker', 'Machine Learning', 'Python', 'Scikit-learn', 'TensorFlow']",5
JOB03627,Financial Analyst,"['Cloud Computing', 'Excel', 'Financial Modeling', 'Power BI', 'SQL', 'Statistics']",6
JOB03628,Financial Analyst,"['Excel', 'Financial Modeling', 'Power BI', 'SQL', 'Statistics']",5
JOB03629,Business Analyst,"['Business Analysis', 'Excel', 'Oracle', 'Power BI', 'Requirements Gathering', 'SQL']",6
JOB03630,Python Developer,"['Django', 'Flask', 'Git', 'Python', 'SQL']",5
JOB03631,Data Scientist,"['Machine Learning', 'Pandas', 'Python', 'SQL', 'Statistics']",5
JOB03632,Full Stack Developer,"['CSS', 'HTML', 'Java', 'JavaScript', 'Machine Learning', 'Node', 'React']",7
JOB03633,BI Analyst,"['DAX', 'Data Visualization', 'Excel', 'Power BI', 'SQL']",5
JOB03634,Data Scientist,"['Machine Learning', 'Pandas', 'Python', 'SQL', 'Statistics']",5
JOB03635,HR Analyst,"['Data Analysis', 'Excel', 'HR Analytics', 'Power BI', 'SQL']",5
JOB03636,Data Engineer,"['AWS', 'ETL', 'Python', 'SQL', 'Spark']",5
JOB03637,BI Analyst,"['DAX', 'Data Visualization', 'Excel', 'Power BI', 'SQL']",5
JOB03638,SQL Developer,"['Database', 'ETL', 'MySQL', 'PostgreSQL', 'SQL']",5
JOB03639,Data Scientist,"['Machine Learning', 'Pandas', 'Python', 'SQL', 'Statistics']",5
JOB03640,Power BI Developer,"['DAX', 'Excel', 'Power BI', 'Power Query', 'SQL']",5
JOB03641,Business Analyst,"['Business Analysis', 'Cloud Computing', 'Excel', 'Power BI', 'Requirements Gathering', 'SQL']",6
JOB03642,Marketing Analyst,"['Excel', 'Marketing Analytics', 'Power BI', 'Python', 'SQL']",5
JOB03643,Machine Learning Engineer,"['Docker', 'Machine Learning', 'Python', 'Scikit-learn', 'TensorFlow']",5
JOB03644,Machine Learning Engineer,"['Docker', 'Machine Learning', 'Oracle', 'Python', 'Scikit-learn', 'TensorFlow']",6
JOB03645,Python Developer,"['Django', 'Flask', 'Git', 'Python', 'SQL']",5
JOB03646,Software Engineer,"['Git', 'Java', 'Python', 'REST API', 'SQL']",5
JOB03647,DevOps Engineer,"['AWS', 'Docker', 'Jenkins', 'Kubernetes', 'Linux']",5
JOB03648,BI Analyst,"['DAX', 'Data Visualization', 'Excel', 'Power BI', 'SQL']",5
JOB03649,Data Scientist,"['Machine Learning', 'Pandas', 'Python', 'SQL', 'Statistics']",5
JOB03650,Web Developer,"['CSS', 'Git', 'HTML', 'Java', 'JavaScript', 'Machine Learning', 'React']",7
JOB03651,Data Analyst,"['Excel', 'Power BI', 'Python', 'SQL', 'Tableau']",5
JOB03652,Data Analyst,"['Excel', 'Power BI', 'Python', 'SQL', 'Tableau']",5
JOB03653,Full Stack Developer,"['CSS', 'HTML', 'Java', 'JavaScript', 'Machine Learning', 'Node', 'React']",7
JOB03654,Data Scientist,"['Machine Learning', 'Pandas', 'Python', 'SQL', 'Statistics']",5
JOB03655,Web Developer,"['CSS', 'Git', 'HTML', 'Java', 'JavaScript', 'Machine Learning', 'React']",7
JOB03656,Cloud Engineer,"['AWS', 'Azure', 'Cloud Computing', 'Docker', 'Linux']",5
JOB03657,Product Analyst,"['Excel', 'Product Analytics', 'Python', 'SQL']",4
JOB03658,Web Developer,"['CSS', 'Git', 'HTML', 'Java', 'JavaScript', 'Machine Learning', 'React']",7
JOB03659,HR Analyst,"['Data Analysis', 'Excel', 'HR Analytics', 'Power BI', 'SQL']",5
JOB03660,Full Stack Developer,"['CSS', 'HTML', 'Java', 'JavaScript', 'Machine Learning', 'Node', 'React']",7
JOB03661,Database Administrator,"['Database', 'Database Administration', 'MySQL', 'Oracle', 'PostgreSQL', 'SQL']",6
JOB03662,Data Analyst,"['Excel', 'Power BI', 'Python', 'SQL', 'Tableau']",5
JOB03663,QA Engineer,"['Automation Testing', 'Java', 'Python', 'SQL', 'Selenium']",5
JOB03664,Data Analyst,"['Excel', 'Power BI', 'Python', 'SQL', 'Tableau']",5
JOB03665,Web Developer,"['CSS', 'Git', 'HTML', 'Java', 'JavaScript', 'Machine Learning', 'React']",7
JOB03666,Power BI Developer,"['DAX', 'Excel', 'Power BI', 'Power Query', 'SQL']",5
JOB03667,Product Analyst,"['Cloud Computing', 'Excel', 'Product Analytics', 'Python', 'SQL']",5
JOB03668,Web Developer,"['CSS', 'Git', 'HTML', 'Java', 'JavaScript', 'Machine Learning', 'React']",7
JOB03669,Full Stack Developer,"['CSS', 'HTML', 'Java', 'JavaScript', 'Machine Learning', 'Node', 'React']",7
JOB03670,HR Analyst,"['Data Analysis', 'Excel', 'HR Analytics', 'Oracle', 'Power BI', 'SQL']",6
JOB03671,Python Developer,"['Django', 'Flask', 'Git', 'Python', 'SQL']",5
JOB03672,Marketing Analyst,"['Excel', 'Marketing Analytics', 'Power BI', 'Python', 'SQL']",5
JOB03673,DevOps Engineer,"['AWS', 'Docker', 'Jenkins', 'Kubernetes', 'Linux']",5
JOB03674,Database Administrator,"['Database', 'Database Administration', 'MySQL', 'Oracle', 'PostgreSQL', 'SQL']",6
JOB03675,Power BI Developer,"['DAX', 'Excel', 'Power BI', 'Power Query', 'SQL']",5
JOB03676,Cloud Engineer,"['AWS', 'Azure', 'Cloud Computing', 'Docker', 'Linux']",5
JOB03677,Software Engineer,"['Git', 'Java', 'Python', 'REST API', 'SQL']",5
JOB03678,Web Developer,"['CSS', 'Cloud Computing', 'Git', 'HTML', 'Java', 'JavaScript', 'Machine Learning', 'React']",8
JOB03679,Cloud Engineer,"['AWS', 'Azure', 'Cloud Computing', 'Docker', 'Linux']",5
JOB03680,Full Stack Developer,"['CSS', 'HTML', 'Java', 'JavaScript', 'Machine Learning', 'Node', 'React']",7
JOB03681,Python Developer,"['Django', 'Flask', 'Git', 'Python', 'SQL']",5
JOB03682,HR Analyst,"['Data Analysis', 'Excel', 'HR Analytics', 'Power BI', 'SQL']",5
JOB03683,QA Engineer,"['Automation Testing', 'Java', 'Python', 'SQL', 'Selenium']",5
JOB03684,Power BI Developer,"['DAX', 'Excel', 'Power BI', 'Power Query', 'SQL']",5
JOB03685,QA Engineer,"['Automation Testing', 'Java', 'Python', 'SQL', 'Selenium']",5
JOB03686,Software Engineer,"['Git', 'Java', 'Python', 'REST API', 'SQL']",5
JOB03687,Web Developer,"['CSS', 'Git', 'HTML', 'Java', 'JavaScript', 'Machine Learning', 'React']",7
JOB03688,Data Scientist,"['Machine Learning', 'Pandas', 'Python', 'SQL', 'Statistics']",5
JOB03689,Data Engineer,"['AWS', 'ETL', 'Python', 'SQL', 'Spark']",5
JOB03690,Financial Analyst,"['Cloud Computing', 'Excel', 'Financial Modeling', 'Power BI', 'SQL', 'Statistics']",6
JOB03691,QA Engineer,"['Automation Testing', 'Java', 'Python', 'SQL', 'Selenium']",5
JOB03692,SQL Developer,"['Database', 'ETL', 'MySQL', 'PostgreSQL', 'SQL']",5
JOB03693,HR Analyst,"['Data Analysis', 'Excel', 'HR Analytics', 'Power BI', 'SQL']",5
JOB03694,HR Analyst,"['Data Analysis', 'Excel', 'HR Analytics', 'Power BI', 'SQL']",5
JOB03695,Full Stack Developer,"['CSS', 'HTML', 'Java', 'JavaScript', 'Machine Learning', 'Node', 'React']",7
JOB03696,Financial Analyst,"['Excel', 'Financial Modeling', 'Power BI', 'SQL', 'Statistics']",5
JOB03697,Financial Analyst,"['Excel', 'Financial Modeling', 'Power BI', 'SQL', 'Statistics']",5
JOB03698,Database Administrator,"['Database', 'Database Administration', 'MySQL', 'Oracle', 'PostgreSQL', 'SQL']",6
JOB03699,Software Engineer,"['Git', 'Java', 'Python', 'REST API', 'SQL']",5
JOB03700,Product Analyst,"['Excel', 'Product Analytics', 'Python', 'SQL']",4
JOB03701,SQL Developer,"['Database', 'ETL', 'MySQL', 'PostgreSQL', 'SQL']",5
JOB03702,Machine Learning Engineer,"['Docker', 'Machine Learning', 'Python', 'Scikit-learn', 'TensorFlow']",5
JOB03703,Marketing Analyst,"['Excel', 'Marketing Analytics', 'Power BI', 'Python', 'SQL']",5
JOB03704,Data Scientist,"['Cloud Computing', 'Machine Learning', 'Pandas', 'Python', 'SQL', 'Statistics']",6
JOB03705,Business Analyst,"['Business Analysis', 'Excel', 'Power BI', 'Requirements Gathering', 'SQL']",5
JOB03706,Web Developer,"['CSS', 'Cloud Computing', 'Git', 'HTML', 'Java', 'JavaScript', 'Machine Learning', 'React']",8
JOB03707,Power BI Developer,"['DAX', 'Excel', 'Power BI', 'Power Query', 'SQL']",5
JOB03708,Product Analyst,"['Excel', 'Product Analytics', 'Python', 'SQL']",4
JOB03709,Database Administrator,"['Database', 'Database Administration', 'MySQL', 'Oracle', 'PostgreSQL', 'SQL']",6
JOB03710,Cloud Engineer,"['AWS', 'Azure', 'Cloud Computing', 'Docker', 'Linux']",5
JOB03711,Power BI Developer,"['DAX', 'Excel', 'Power BI', 'Power Query', 'SQL']",5
JOB03712,Software Engineer,"['Git', 'Java', 'Oracle', 'Python', 'REST API', 'SQL']",6
JOB03713,Financial Analyst,"['Excel', 'Financial Modeling', 'Power BI', 'SQL', 'Statistics']",5
JOB03714,Data Engineer,"['AWS', 'ETL', 'Python', 'SQL', 'Spark']",5
JOB03715,Python Developer,"['Django', 'Flask', 'Git', 'Python', 'SQL']",5
JOB03716,DevOps Engineer,"['AWS', 'Docker', 'Jenkins', 'Kubernetes', 'Linux']",5
JOB03717,QA Engineer,"['Automation Testing', 'Java', 'Python', 'SQL', 'Selenium']",5
JOB03718,Business Analyst,"['Business Analysis', 'Excel', 'Power BI', 'Requirements Gathering', 'SQL']",5
JOB03719,Python Developer,"['Django', 'Flask', 'Git', 'Python', 'SQL']",5
JOB03720,QA Engineer,"['Automation Testing', 'Java', 'Python', 'SQL', 'Selenium']",5
JOB03721,DevOps Engineer,"['AWS', 'Docker', 'Jenkins', 'Kubernetes', 'Linux']",5
JOB03722,DevOps Engineer,"['AWS', 'Docker', 'Jenkins', 'Kubernetes', 'Linux', 'Oracle']",6
JOB03723,Financial Analyst,"['Excel', 'Financial Modeling', 'Power BI', 'SQL', 'Statistics']",5
JOB03724,Business Analyst,"['Business Analysis', 'Excel', 'Power BI', 'Requirements Gathering', 'SQL']",5
JOB03725,HR Analyst,"['Data Analysis', 'Excel', 'HR Analytics', 'Power BI', 'SQL']",5
JOB03726,Business Analyst,"['Business Analysis', 'Excel', 'Power BI', 'Requirements Gathering', 'SQL']",5
JOB03727,Financial Analyst,"['Excel', 'Financial Modeling', 'Power BI', 'SQL', 'Statistics']",5
JOB03728,Web Developer,"['CSS', 'Git', 'HTML', 'Java', 'JavaScript', 'Machine Learning', 'React']",7
JOB03729,Data Scientist,"['Machine Learning', 'Pandas', 'Python', 'SQL', 'Statistics']",5
JOB03730,Marketing Analyst,"['Excel', 'Marketing Analytics', 'Power BI', 'Python', 'SQL']",5
JOB03731,Data Engineer,"['AWS', 'ETL', 'Python', 'SQL', 'Spark']",5
JOB03732,Product Analyst,"['Excel', 'Product Analytics', 'Python', 'SQL']",4
JOB03733,Power BI Developer,"['DAX', 'Excel', 'Power BI', 'Power Query', 'SQL']",5
JOB03734,Data Engineer,"['AWS', 'ETL', 'Python', 'SQL', 'Spark']",5
JOB03735,QA Engineer,"['Automation Testing', 'Java', 'Python', 'SQL', 'Selenium']",5
JOB03736,Data Scientist,"['Machine Learning', 'Pandas', 'Python', 'SQL', 'Statistics']",5
JOB03737,Data Scientist,"['Machine Learning', 'Pandas', 'Python', 'SQL', 'Statistics']",5
JOB03738,BI Analyst,"['DAX', 'Data Visualization', 'Excel', 'Power BI', 'SQL']",5
JOB03739,DevOps Engineer,"['AWS', 'Docker', 'Jenkins', 'Kubernetes', 'Linux']",5
JOB03740,Web Developer,"['CSS', 'Cloud Computing', 'Git', 'HTML', 'Java', 'JavaScript', 'Machine Learning', 'React']",8
JOB03741,Database Administrator,"['Database', 'Database Administration', 'MySQL', 'Oracle', 'PostgreSQL', 'SQL']",6
JOB03742,HR Analyst,"['Data Analysis', 'Excel', 'HR Analytics', 'Power BI', 'SQL']",5
JOB03743,Machine Learning Engineer,"['Docker', 'Machine Learning', 'Python', 'Scikit-learn', 'TensorFlow']",5
JOB03744,Financial Analyst,"['Excel', 'Financial Modeling', 'Power BI', 'SQL', 'Statistics']",5
JOB03745,Software Engineer,"['Git', 'Java', 'Python', 'REST API', 'SQL']",5
JOB03746,Data Engineer,"['AWS', 'Cloud Computing', 'ETL', 'Python', 'SQL', 'Spark']",6
JOB03747,Machine Learning Engineer,"['Cloud Computing', 'Docker', 'Machine Learning', 'Python', 'Scikit-learn', 'TensorFlow']",6
JOB03748,QA Engineer,"['Automation Testing', 'Java', 'Python', 'SQL', 'Selenium']",5
JOB03749,Business Analyst,"['Business Analysis', 'Excel', 'Power BI', 'Requirements Gathering', 'SQL']",5
JOB03750,Cloud Engineer,"['AWS', 'Azure', 'Cloud Computing', 'Docker', 'Linux']",5
JOB03751,HR Analyst,"['Data Analysis', 'Excel', 'HR Analytics', 'Power BI', 'SQL']",5
JOB03752,QA Engineer,"['Automation Testing', 'Java', 'Python', 'SQL', 'Selenium']",5
JOB03753,Power BI Developer,"['DAX', 'Excel', 'Power BI', 'Power Query', 'SQL']",5
JOB03754,Data Scientist,"['Machine Learning', 'Pandas', 'Python', 'SQL', 'Statistics']",5
JOB03755,Full Stack Developer,"['CSS', 'HTML', 'Java', 'JavaScript', 'Machine Learning', 'Node', 'React']",7
JOB03756,SQL Developer,"['Database', 'ETL', 'MySQL', 'PostgreSQL', 'SQL']",5
JOB03757,QA Engineer,"['Automation Testing', 'Java', 'Python', 'SQL', 'Selenium']",5
JOB03758,Business Analyst,"['Business Analysis', 'Excel', 'Power BI', 'Requirements Gathering', 'SQL']",5
JOB03759,Machine Learning Engineer,"['Docker', 'Machine Learning', 'Python', 'Scikit-learn', 'TensorFlow']",5
JOB03760,Software Engineer,"['Git', 'Java', 'Python', 'REST API', 'SQL']",5
JOB03761,Financial Analyst,"['Excel', 'Financial Modeling', 'Power BI', 'SQL', 'Statistics']",5
JOB03762,Software Engineer,"['Git', 'Java', 'Oracle', 'Python', 'REST API', 'SQL']",6
JOB03763,Data Analyst,"['Excel', 'Power BI', 'Python', 'SQL', 'Tableau']",5
JOB03764,Cloud Engineer,"['AWS', 'Azure', 'Cloud Computing', 'Docker', 'Linux']",5
JOB03765,Business Analyst,"['Business Analysis', 'Excel', 'Power BI', 'Requirements Gathering', 'SQL']",5
JOB03766,Full Stack Developer,"['CSS', 'HTML', 'Java', 'JavaScript', 'Machine Learning', 'Node', 'React']",7
JOB03767,BI Analyst,"['DAX', 'Data Visualization', 'Excel', 'Power BI', 'SQL']",5
JOB03768,DevOps Engineer,"['AWS', 'Docker', 'Jenkins', 'Kubernetes', 'Linux']",5
JOB03769,SQL Developer,"['Database', 'ETL', 'MySQL', 'PostgreSQL', 'SQL']",5
JOB03770,Software Engineer,"['Git', 'Java', 'Python', 'REST API', 'SQL']",5
JOB03771,SQL Developer,"['Database', 'ETL', 'MySQL', 'PostgreSQL', 'SQL']",5
JOB03772,QA Engineer,"['Automation Testing', 'Cloud Computing', 'Java', 'Python', 'SQL', 'Selenium']",6
JOB03773,BI Analyst,"['DAX', 'Data Visualization', 'Excel', 'Power BI', 'SQL']",5
JOB03774,Financial Analyst,"['Excel', 'Financial Modeling', 'Power BI', 'SQL', 'Statistics']",5
JOB03775,Business Analyst,"['Business Analysis', 'Cloud Computing', 'Excel', 'Power BI', 'Requirements Gathering', 'SQL']",6
JOB03776,Software Engineer,"['Git', 'Java', 'Python', 'REST API', 'SQL']",5
JOB03777,HR Analyst,"['Data Analysis', 'Excel', 'HR Analytics', 'Power BI', 'SQL']",5
JOB03778,DevOps Engineer,"['AWS', 'Docker', 'Jenkins', 'Kubernetes', 'Linux']",5
JOB03779,Machine Learning Engineer,"['Docker', 'Machine Learning', 'Python', 'Scikit-learn', 'TensorFlow']",5
JOB03780,Web Developer,"['CSS', 'Git', 'HTML', 'Java', 'JavaScript', 'Machine Learning', 'React']",7
JOB03781,Software Engineer,"['Git', 'Java', 'Python', 'REST API', 'SQL']",5
JOB03782,Data Engineer,"['AWS', 'ETL', 'Python', 'SQL', 'Spark']",5
JOB03783,Product Analyst,"['Excel', 'Product Analytics', 'Python', 'SQL']",4
JOB03784,DevOps Engineer,"['AWS', 'Docker', 'Jenkins', 'Kubernetes', 'Linux']",5
JOB03785,Business Analyst,"['Business Analysis', 'Cloud Computing', 'Excel', 'Power BI', 'Requirements Gathering', 'SQL']",6
JOB03786,Product Analyst,"['Excel', 'Product Analytics', 'Python', 'SQL']",4
JOB03787,SQL Developer,"['Database', 'ETL', 'MySQL', 'PostgreSQL', 'SQL']",5
JOB03788,Power BI Developer,"['DAX', 'Excel', 'Power BI', 'Power Query', 'SQL']",5
JOB03789,Business Analyst,"['Business Analysis', 'Excel', 'Power BI', 'Requirements Gathering', 'SQL']",5
JOB03790,Marketing Analyst,"['Excel', 'Marketing Analytics', 'Power BI', 'Python', 'SQL']",5
JOB03791,Database Administrator,"['Database', 'Database Administration', 'MySQL', 'Oracle', 'PostgreSQL', 'SQL']",6
JOB03792,Full Stack Developer,"['CSS', 'HTML', 'Java', 'JavaScript', 'Machine Learning', 'Node', 'React']",7
JOB03793,Data Engineer,"['AWS', 'ETL', 'Python', 'SQL', 'Spark']",5
JOB03794,Marketing Analyst,"['Cloud Computing', 'Excel', 'Marketing Analytics', 'Power BI', 'Python', 'SQL']",6
JOB03795,BI Analyst,"['DAX', 'Data Visualization', 'Excel', 'Power BI', 'SQL']",5
JOB03796,BI Analyst,"['DAX', 'Data Visualization', 'Excel', 'Power BI', 'SQL']",5
JOB03797,Web Developer,"['CSS', 'Git', 'HTML', 'Java', 'JavaScript', 'Machine Learning', 'React']",7
JOB03798,Full Stack Developer,"['CSS', 'HTML', 'Java', 'JavaScript', 'Machine Learning', 'Node', 'React']",7
JOB03799,Software Engineer,"['Git', 'Java', 'Python', 'REST API', 'SQL']",5
JOB03800,Data Analyst,"['Excel', 'Power BI', 'Python', 'SQL', 'Tableau']",5
JOB03801,Marketing Analyst,"['Excel', 'Marketing Analytics', 'Oracle', 'Power BI', 'Python', 'SQL']",6
JOB03802,Data Engineer,"['AWS', 'ETL', 'Python', 'SQL', 'Spark']",5
JOB03803,Python Developer,"['Django', 'Flask', 'Git', 'Python', 'SQL']",5
JOB03804,Data Engineer,"['AWS', 'ETL', 'Python', 'SQL', 'Spark']",5
JOB03805,HR Analyst,"['Data Analysis', 'Excel', 'HR Analytics', 'Power BI', 'SQL']",5
JOB03806,HR Analyst,"['Data Analysis', 'Excel', 'HR Analytics', 'Power BI', 'SQL']",5
JOB03807,Software Engineer,"['Git', 'Java', 'Python', 'REST API', 'SQL']",5
JOB03808,Data Engineer,"['AWS', 'ETL', 'Python', 'SQL', 'Spark']",5
JOB03809,Product Analyst,"['Excel', 'Product Analytics', 'Python', 'SQL']",4
JOB03810,DevOps Engineer,"['AWS', 'Docker', 'Jenkins', 'Kubernetes', 'Linux']",5
JOB03811,Product Analyst,"['Excel', 'Product Analytics', 'Python', 'SQL']",4
JOB03812,Power BI Developer,"['DAX', 'Excel', 'Power BI', 'Power Query', 'SQL']",5
JOB03813,DevOps Engineer,"['AWS', 'Docker', 'Jenkins', 'Kubernetes', 'Linux']",5
JOB03814,Full Stack Developer,"['CSS', 'HTML', 'Java', 'JavaScript', 'Machine Learning', 'Node', 'React']",7
JOB03815,Product Analyst,"['Excel', 'Oracle', 'Product Analytics', 'Python', 'SQL']",5
JOB03816,Software Engineer,"['Git', 'Java', 'Python', 'REST API', 'SQL']",5
JOB03817,Database Administrator,"['Database', 'Database Administration', 'MySQL', 'Oracle', 'PostgreSQL', 'SQL']",6
JOB03818,Python Developer,"['Django', 'Flask', 'Git', 'Python', 'SQL']",5
JOB03819,Python Developer,"['Django', 'Flask', 'Git', 'Python', 'SQL']",5
JOB03820,Power BI Developer,"['DAX', 'Excel', 'Power BI', 'Power Query', 'SQL']",5
JOB03821,Data Analyst,"['Excel', 'Power BI', 'Python', 'SQL', 'Tableau']",5
JOB03822,Software Engineer,"['Git', 'Java', 'Python', 'REST API', 'SQL']",5
JOB03823,DevOps Engineer,"['AWS', 'Docker', 'Jenkins', 'Kubernetes', 'Linux']",5
JOB03824,DevOps Engineer,"['AWS', 'Docker', 'Jenkins', 'Kubernetes', 'Linux']",5
JOB03825,Cloud Engineer,"['AWS', 'Azure', 'Cloud Computing', 'Docker', 'Linux']",5
JOB03826,DevOps Engineer,"['AWS', 'Docker', 'Jenkins', 'Kubernetes', 'Linux']",5
JOB03827,Cloud Engineer,"['AWS', 'Azure', 'Cloud Computing', 'Docker', 'Linux']",5
JOB03828,Cloud Engineer,"['AWS', 'Azure', 'Cloud Computing', 'Docker', 'Linux']",5
JOB03829,Product Analyst,"['Excel', 'Product Analytics', 'Python', 'SQL']",4
JOB03830,Power BI Developer,"['DAX', 'Excel', 'Power BI', 'Power Query', 'SQL']",5
JOB03831,Financial Analyst,"['Excel', 'Financial Modeling', 'Power BI', 'SQL', 'Statistics']",5
JOB03832,Data Engineer,"['AWS', 'ETL', 'Python', 'SQL', 'Spark']",5
JOB03833,Data Engineer,"['AWS', 'ETL', 'Python', 'SQL', 'Spark']",5
JOB03834,DevOps Engineer,"['AWS', 'Docker', 'Jenkins', 'Kubernetes', 'Linux']",5
JOB03835,Product Analyst,"['Excel', 'Product Analytics', 'Python', 'SQL']",4
JOB03836,SQL Developer,"['Database', 'ETL', 'MySQL', 'PostgreSQL', 'SQL']",5
JOB03837,HR Analyst,"['Data Analysis', 'Excel', 'HR Analytics', 'Power BI', 'SQL']",5
JOB03838,Data Analyst,"['Excel', 'Power BI', 'Python', 'SQL', 'Tableau']",5
JOB03839,Product Analyst,"['Excel', 'Product Analytics', 'Python', 'SQL']",4
JOB03840,DevOps Engineer,"['AWS', 'Docker', 'Jenkins', 'Kubernetes', 'Linux']",5
JOB03841,Database Administrator,"['Database', 'Database Administration', 'MySQL', 'Oracle', 'PostgreSQL', 'SQL']",6
JOB03842,Web Developer,"['CSS', 'Git', 'HTML', 'Java', 'JavaScript', 'Machine Learning', 'React']",7
JOB03843,Machine Learning Engineer,"['Docker', 'Machine Learning', 'Python', 'Scikit-learn', 'TensorFlow']",5
JOB03844,Cloud Engineer,"['AWS', 'Azure', 'Cloud Computing', 'Docker', 'Linux']",5
JOB03845,Product Analyst,"['Excel', 'Product Analytics', 'Python', 'SQL']",4
JOB03846,Marketing Analyst,"['Excel', 'Marketing Analytics', 'Power BI', 'Python', 'SQL']",5
JOB03847,BI Analyst,"['DAX', 'Data Visualization', 'Excel', 'Power BI', 'SQL']",5
JOB03848,QA Engineer,"['Automation Testing', 'Java', 'Python', 'SQL', 'Selenium']",5
JOB03849,BI Analyst,"['DAX', 'Data Visualization', 'Excel', 'Power BI', 'SQL']",5
JOB03850,Data Engineer,"['AWS', 'ETL', 'Python', 'SQL', 'Spark']",5
JOB03851,SQL Developer,"['Database', 'ETL', 'MySQL', 'PostgreSQL', 'SQL']",5
JOB03852,Database Administrator,"['Database', 'Database Administration', 'MySQL', 'Oracle', 'PostgreSQL', 'SQL']",6
JOB03853,Machine Learning Engineer,"['Docker', 'Machine Learning', 'Python', 'Scikit-learn', 'TensorFlow']",5
JOB03854,Marketing Analyst,"['Excel', 'Marketing Analytics', 'Power BI', 'Python', 'SQL']",5
JOB03855,Data Scientist,"['Machine Learning', 'Pandas', 'Python', 'SQL', 'Statistics']",5
JOB03856,Data Scientist,"['Machine Learning', 'Pandas', 'Python', 'SQL', 'Statistics']",5
JOB03857,Database Administrator,"['Database', 'Database Administration', 'MySQL', 'Oracle', 'PostgreSQL', 'SQL']",6
JOB03858,HR Analyst,"['Data Analysis', 'Excel', 'HR Analytics', 'Power BI', 'SQL']",5
JOB03859,Marketing Analyst,"['Excel', 'Marketing Analytics', 'Power BI', 'Python', 'SQL']",5
JOB03860,Software Engineer,"['Git', 'Java', 'Python', 'REST API', 'SQL']",5
JOB03861,BI Analyst,"['DAX', 'Data Visualization', 'Excel', 'Power BI', 'SQL']",5
JOB03862,Machine Learning Engineer,"['Docker', 'Machine Learning', 'Python', 'Scikit-learn', 'TensorFlow']",5
JOB03863,Power BI Developer,"['DAX', 'Excel', 'Power BI', 'Power Query', 'SQL']",5
JOB03864,DevOps Engineer,"['AWS', 'Docker', 'Jenkins', 'Kubernetes', 'Linux']",5
JOB03865,Marketing Analyst,"['Excel', 'Marketing Analytics', 'Power BI', 'Python', 'SQL']",5
JOB03866,Web Developer,"['CSS', 'Cloud Computing', 'Git', 'HTML', 'Java', 'JavaScript', 'Machine Learning', 'React']",8
JOB03867,Financial Analyst,"['Excel', 'Financial Modeling', 'Power BI', 'SQL', 'Statistics']",5
JOB03868,QA Engineer,"['Automation Testing', 'Java', 'Python', 'SQL', 'Selenium']",5
JOB03869,Data Scientist,"['Machine Learning', 'Pandas', 'Python', 'SQL', 'Statistics']",5
JOB03870,Full Stack Developer,"['CSS', 'Cloud Computing', 'HTML', 'Java', 'JavaScript', 'Machine Learning', 'Node', 'React']",8
JOB03871,Python Developer,"['Django', 'Flask', 'Git', 'Python', 'SQL']",5
JOB03872,Database Administrator,"['Database', 'Database Administration', 'MySQL', 'Oracle', 'PostgreSQL', 'SQL']",6
JOB03873,BI Analyst,"['DAX', 'Data Visualization', 'Excel', 'Power BI', 'SQL']",5
JOB03874,HR Analyst,"['Data Analysis', 'Excel', 'HR Analytics', 'Power BI', 'SQL']",5
JOB03875,Business Analyst,"['Business Analysis', 'Excel', 'Power BI', 'Requirements Gathering', 'SQL']",5
JOB03876,Software Engineer,"['Git', 'Java', 'Python', 'REST API', 'SQL']",5
JOB03877,SQL Developer,"['Database', 'ETL', 'MySQL', 'PostgreSQL', 'SQL']",5
JOB03878,Marketing Analyst,"['Excel', 'Marketing Analytics', 'Power BI', 'Python', 'SQL']",5
JOB03879,Cloud Engineer,"['AWS', 'Azure', 'Cloud Computing', 'Docker', 'Linux']",5
JOB03880,BI Analyst,"['DAX', 'Data Visualization', 'Excel', 'Power BI', 'SQL']",5
JOB03881,Product Analyst,"['Excel', 'Product Analytics', 'Python', 'SQL']",4
JOB03882,HR Analyst,"['Data Analysis', 'Excel', 'HR Analytics', 'Power BI', 'SQL']",5
JOB03883,Cloud Engineer,"['AWS', 'Azure', 'Cloud Computing', 'Docker', 'Linux']",5
JOB03884,Data Analyst,"['Excel', 'Power BI', 'Python', 'SQL', 'Tableau']",5
JOB03885,Python Developer,"['Django', 'Flask', 'Git', 'Python', 'SQL']",5
JOB03886,Power BI Developer,"['DAX', 'Excel', 'Power BI', 'Power Query', 'SQL']",5
JOB03887,Product Analyst,"['Excel', 'Product Analytics', 'Python', 'SQL']",4
JOB03888,Full Stack Developer,"['CSS', 'HTML', 'Java', 'JavaScript', 'Machine Learning', 'Node', 'React']",7
JOB03889,Data Engineer,"['AWS', 'ETL', 'Oracle', 'Python', 'SQL', 'Spark']",6
JOB03890,Data Scientist,"['Machine Learning', 'Pandas', 'Python', 'SQL', 'Statistics']",5
JOB03891,Machine Learning Engineer,"['Docker', 'Machine Learning', 'Python', 'Scikit-learn', 'TensorFlow']",5
JOB03892,Machine Learning Engineer,"['Docker', 'Machine Learning', 'Python', 'Scikit-learn', 'TensorFlow']",5
JOB03893,QA Engineer,"['Automation Testing', 'Cloud Computing', 'Java', 'Python', 'SQL', 'Selenium']",6
JOB03894,BI Analyst,"['DAX', 'Data Visualization', 'Excel', 'Power BI', 'SQL']",5
JOB03895,Power BI Developer,"['DAX', 'Excel', 'Power BI', 'Power Query', 'SQL']",5
JOB03896,Web Developer,"['CSS', 'Git', 'HTML', 'Java', 'JavaScript', 'Machine Learning', 'React']",7
JOB03897,Web Developer,"['CSS', 'Git', 'HTML', 'Java', 'JavaScript', 'Machine Learning', 'React']",7
JOB03898,Power BI Developer,"['DAX', 'Excel', 'Power BI', 'Power Query', 'SQL']",5
JOB03899,SQL Developer,"['Database', 'ETL', 'MySQL', 'PostgreSQL', 'SQL']",5
JOB03900,Business Analyst,"['Business Analysis', 'Excel', 'Power BI', 'Requirements Gathering', 'SQL']",5
JOB03901,Data Scientist,"['Machine Learning', 'Pandas', 'Python', 'SQL', 'Statistics']",5
JOB03902,SQL Developer,"['Database', 'ETL', 'MySQL', 'PostgreSQL', 'SQL']",5
JOB03903,Data Engineer,"['AWS', 'ETL', 'Python', 'SQL', 'Spark']",5
JOB03904,DevOps Engineer,"['AWS', 'Docker', 'Jenkins', 'Kubernetes', 'Linux']",5
JOB03905,SQL Developer,"['Database', 'ETL', 'MySQL', 'PostgreSQL', 'SQL']",5
JOB03906,Power BI Developer,"['DAX', 'Excel', 'Power BI', 'Power Query', 'SQL']",5
JOB03907,Power BI Developer,"['DAX', 'Excel', 'Power BI', 'Power Query', 'SQL']",5
JOB03908,Financial Analyst,"['Excel', 'Financial Modeling', 'Power BI', 'SQL', 'Statistics']",5
JOB03909,BI Analyst,"['DAX', 'Data Visualization', 'Excel', 'Power BI', 'SQL']",5
JOB03910,Financial Analyst,"['Excel', 'Financial Modeling', 'Power BI', 'SQL', 'Statistics']",5
JOB03911,Business Analyst,"['Business Analysis', 'Excel', 'Power BI', 'Requirements Gathering', 'SQL']",5
JOB03912,Data Scientist,"['Machine Learning', 'Pandas', 'Python', 'SQL', 'Statistics']",5
JOB03913,Machine Learning Engineer,"['Docker', 'Machine Learning', 'Python', 'Scikit-learn', 'TensorFlow']",5
JOB03914,Business Analyst,"['Business Analysis', 'Excel', 'Oracle', 'Power BI', 'Requirements Gathering', 'SQL']",6
JOB03915,DevOps Engineer,"['AWS', 'Docker', 'Jenkins', 'Kubernetes', 'Linux']",5
JOB03916,Software Engineer,"['Git', 'Java', 'Python', 'REST API', 'SQL']",5
JOB03917,Database Administrator,"['Database', 'Database Administration', 'MySQL', 'Oracle', 'PostgreSQL', 'SQL']",6
JOB03918,Data Analyst,"['Excel', 'Power BI', 'Python', 'SQL', 'Tableau']",5
JOB03919,Machine Learning Engineer,"['Docker', 'Machine Learning', 'Python', 'Scikit-learn', 'TensorFlow']",5
JOB03920,HR Analyst,"['Data Analysis', 'Excel', 'HR Analytics', 'Power BI', 'SQL']",5
JOB03921,Full Stack Developer,"['CSS', 'HTML', 'Java', 'JavaScript', 'Machine Learning', 'Node', 'React']",7
JOB03922,Marketing Analyst,"['Excel', 'Marketing Analytics', 'Power BI', 'Python', 'SQL']",5
JOB03923,Business Analyst,"['Business Analysis', 'Excel', 'Power BI', 'Requirements Gathering', 'SQL']",5
JOB03924,Data Engineer,"['AWS', 'ETL', 'Oracle', 'Python', 'SQL', 'Spark']",6
JOB03925,Web Developer,"['CSS', 'Git', 'HTML', 'Java', 'JavaScript', 'Machine Learning', 'React']",7
JOB03926,Cloud Engineer,"['AWS', 'Azure', 'Cloud Computing', 'Docker', 'Linux']",5
JOB03927,Python Developer,"['Django', 'Flask', 'Git', 'Python', 'SQL']",5
JOB03928,Database Administrator,"['Database', 'Database Administration', 'MySQL', 'Oracle', 'PostgreSQL', 'SQL']",6
JOB03929,Cloud Engineer,"['AWS', 'Azure', 'Cloud Computing', 'Docker', 'Linux']",5
JOB03930,HR Analyst,"['Data Analysis', 'Excel', 'HR Analytics', 'Power BI', 'SQL']",5
JOB03931,Cloud Engineer,"['AWS', 'Azure', 'Cloud Computing', 'Docker', 'Linux', 'Oracle']",6
JOB03932,SQL Developer,"['Database', 'ETL', 'MySQL', 'PostgreSQL', 'SQL']",5
JOB03933,BI Analyst,"['DAX', 'Data Visualization', 'Excel', 'Power BI', 'SQL']",5
JOB03934,Machine Learning Engineer,"['Docker', 'Machine Learning', 'Python', 'Scikit-learn', 'TensorFlow']",5
JOB03935,Full Stack Developer,"['CSS', 'HTML', 'Java', 'JavaScript', 'Machine Learning', 'Node', 'React']",7
JOB03936,DevOps Engineer,"['AWS', 'Docker', 'Jenkins', 'Kubernetes', 'Linux']",5
JOB03937,Business Analyst,"['Business Analysis', 'Excel', 'Power BI', 'Requirements Gathering', 'SQL']",5
JOB03938,HR Analyst,"['Data Analysis', 'Excel', 'HR Analytics', 'Oracle', 'Power BI', 'SQL']",6
JOB03939,Marketing Analyst,"['Cloud Computing', 'Excel', 'Marketing Analytics', 'Power BI', 'Python', 'SQL']",6
JOB03940,HR Analyst,"['Data Analysis', 'Excel', 'HR Analytics', 'Power BI', 'SQL']",5
JOB03941,DevOps Engineer,"['AWS', 'Docker', 'Jenkins', 'Kubernetes', 'Linux']",5
JOB03942,Python Developer,"['Django', 'Flask', 'Git', 'Python', 'SQL']",5
JOB03943,Web Developer,"['CSS', 'Git', 'HTML', 'Java', 'JavaScript', 'Machine Learning', 'React']",7
JOB03944,Machine Learning Engineer,"['Docker', 'Machine Learning', 'Python', 'Scikit-learn', 'TensorFlow']",5
JOB03945,Product Analyst,"['Excel', 'Product Analytics', 'Python', 'SQL']",4
JOB03946,Data Analyst,"['Excel', 'Power BI', 'Python', 'SQL', 'Tableau']",5
JOB03947,Machine Learning Engineer,"['Docker', 'Machine Learning', 'Python', 'Scikit-learn', 'TensorFlow']",5
JOB03948,Full Stack Developer,"['CSS', 'HTML', 'Java', 'JavaScript', 'Machine Learning', 'Node', 'React']",7
JOB03949,Full Stack Developer,"['CSS', 'HTML', 'Java', 'JavaScript', 'Machine Learning', 'Node', 'React']",7
JOB03950,DevOps Engineer,"['AWS', 'Docker', 'Jenkins', 'Kubernetes', 'Linux']",5
JOB03951,Power BI Developer,"['Cloud Computing', 'DAX', 'Excel', 'Power BI', 'Power Query', 'SQL']",6
JOB03952,Database Administrator,"['Database', 'Database Administration', 'MySQL', 'Oracle', 'PostgreSQL', 'SQL']",6
JOB03953,Web Developer,"['CSS', 'Git', 'HTML', 'Java', 'JavaScript', 'Machine Learning', 'Oracle', 'React']",8
JOB03954,Python Developer,"['Django', 'Flask', 'Git', 'Python', 'SQL']",5
JOB03955,Data Scientist,"['Cloud Computing', 'Machine Learning', 'Pandas', 'Python', 'SQL', 'Statistics']",6
JOB03956,DevOps Engineer,"['AWS', 'Docker', 'Jenkins', 'Kubernetes', 'Linux']",5
JOB03957,Python Developer,"['Django', 'Flask', 'Git', 'Python', 'SQL']",5
JOB03958,DevOps Engineer,"['AWS', 'Docker', 'Jenkins', 'Kubernetes', 'Linux']",5
JOB03959,Financial Analyst,"['Excel', 'Financial Modeling', 'Power BI', 'SQL', 'Statistics']",5
JOB03960,Business Analyst,"['Business Analysis', 'Excel', 'Power BI', 'Requirements Gathering', 'SQL']",5
JOB03961,Product Analyst,"['Excel', 'Product Analytics', 'Python', 'SQL']",4
JOB03962,HR Analyst,"['Data Analysis', 'Excel', 'HR Analytics', 'Power BI', 'SQL']",5
JOB03963,Full Stack Developer,"['CSS', 'HTML', 'Java', 'JavaScript', 'Machine Learning', 'Node', 'React']",7
JOB03964,Full Stack Developer,"['CSS', 'HTML', 'Java', 'JavaScript', 'Machine Learning', 'Node', 'React']",7
JOB03965,Financial Analyst,"['Excel', 'Financial Modeling', 'Power BI', 'SQL', 'Statistics']",5
JOB03966,Data Analyst,"['Excel', 'Power BI', 'Python', 'SQL', 'Tableau']",5
JOB03967,Product Analyst,"['Excel', 'Product Analytics', 'Python', 'SQL']",4
JOB03968,Power BI Developer,"['DAX', 'Excel', 'Power BI', 'Power Query', 'SQL']",5
JOB03969,Data Engineer,"['AWS', 'ETL', 'Python', 'SQL', 'Spark']",5
JOB03970,Full Stack Developer,"['CSS', 'HTML', 'Java', 'JavaScript', 'Machine Learning', 'Node', 'React']",7
JOB03971,HR Analyst,"['Data Analysis', 'Excel', 'HR Analytics', 'Power BI', 'SQL']",5
JOB03972,Database Administrator,"['Database', 'Database Administration', 'MySQL', 'Oracle', 'PostgreSQL', 'SQL']",6
JOB03973,Power BI Developer,"['DAX', 'Excel', 'Oracle', 'Power BI', 'Power Query', 'SQL']",6
JOB03974,SQL Developer,"['Database', 'ETL', 'MySQL', 'PostgreSQL', 'SQL']",5
JOB03975,Database Administrator,"['Database', 'Database Administration', 'MySQL', 'Oracle', 'PostgreSQL', 'SQL']",6
JOB03976,Financial Analyst,"['Excel', 'Financial Modeling', 'Power BI', 'SQL', 'Statistics']",5
JOB03977,Data Scientist,"['Machine Learning', 'Oracle', 'Pandas', 'Python', 'SQL', 'Statistics']",6
JOB03978,Machine Learning Engineer,"['Docker', 'Machine Learning', 'Python', 'Scikit-learn', 'TensorFlow']",5
JOB03979,Product Analyst,"['Excel', 'Product Analytics', 'Python', 'SQL']",4
JOB03980,Marketing Analyst,"['Cloud Computing', 'Excel', 'Marketing Analytics', 'Power BI', 'Python', 'SQL']",6
JOB03981,Data Engineer,"['AWS', 'ETL', 'Python', 'SQL', 'Spark']",5
JOB03982,Marketing Analyst,"['Excel', 'Marketing Analytics', 'Power BI', 'Python', 'SQL']",5
JOB03983,Software Engineer,"['Git', 'Java', 'Python', 'REST API', 'SQL']",5
JOB03984,Data Analyst,"['Excel', 'Power BI', 'Python', 'SQL', 'Tableau']",5
JOB03985,HR Analyst,"['Data Analysis', 'Excel', 'HR Analytics', 'Power BI', 'SQL']",5
JOB03986,Database Administrator,"['Database', 'Database Administration', 'MySQL', 'Oracle', 'PostgreSQL', 'SQL']",6
JOB03987,DevOps Engineer,"['AWS', 'Docker', 'Jenkins', 'Kubernetes', 'Linux']",5
JOB03988,Web Developer,"['CSS', 'Git', 'HTML', 'Java', 'JavaScript', 'Machine Learning', 'React']",7
JOB03989,BI Analyst,"['DAX', 'Data Visualization', 'Excel', 'Power BI', 'SQL']",5
JOB03990,HR Analyst,"['Data Analysis', 'Excel', 'HR Analytics', 'Power BI', 'SQL']",5
JOB03991,HR Analyst,"['Data Analysis', 'Excel', 'HR Analytics', 'Power BI', 'SQL']",5
JOB03992,Web Developer,"['CSS', 'Git', 'HTML', 'Java', 'JavaScript', 'Machine Learning', 'React']",7
JOB03993,Financial Analyst,"['Excel', 'Financial Modeling', 'Power BI', 'SQL', 'Statistics']",5
JOB03994,Web Developer,"['CSS', 'Git', 'HTML', 'Java', 'JavaScript', 'Machine Learning', 'React']",7
JOB03995,SQL Developer,"['Database', 'ETL', 'MySQL', 'PostgreSQL', 'SQL']",5
JOB03996,Power BI Developer,"['DAX', 'Excel', 'Power BI', 'Power Query', 'SQL']",5
JOB03997,Software Engineer,"['Git', 'Java', 'Python', 'REST API', 'SQL']",5
JOB03998,DevOps Engineer,"['AWS', 'Docker', 'Jenkins', 'Kubernetes', 'Linux']",5
JOB03999,Database Administrator,"['Database', 'Database Administration', 'MySQL', 'Oracle', 'PostgreSQL', 'SQL']",6
JOB04000,Business Analyst,"['Business Analysis', 'Excel', 'Power BI', 'Requirements Gathering', 'SQL']",5
JOB04001,Power BI Developer,"['DAX', 'Excel', 'Power BI', 'Power Query', 'SQL']",5
JOB04002,Cloud Engineer,"['AWS', 'Azure', 'Cloud Computing', 'Docker', 'Linux']",5
JOB04003,Database Administrator,"['Database', 'Database Administration', 'MySQL', 'Oracle', 'PostgreSQL', 'SQL']",6
JOB04004,Business Analyst,"['Business Analysis', 'Excel', 'Power BI', 'Requirements Gathering', 'SQL']",5
JOB04005,Data Scientist,"['Machine Learning', 'Pandas', 'Python', 'SQL', 'Statistics']",5
JOB04006,Data Scientist,"['Machine Learning', 'Pandas', 'Python', 'SQL', 'Statistics']",5
JOB04007,Data Scientist,"['Machine Learning', 'Pandas', 'Python', 'SQL', 'Statistics']",5
JOB04008,Cloud Engineer,"['AWS', 'Azure', 'Cloud Computing', 'Docker', 'Linux']",5
JOB04009,Data Engineer,"['AWS', 'Cloud Computing', 'ETL', 'Python', 'SQL', 'Spark']",6
JOB04010,Cloud Engineer,"['AWS', 'Azure', 'Cloud Computing', 'Docker', 'Linux']",5
JOB04011,Product Analyst,"['Excel', 'Product Analytics', 'Python', 'SQL']",4
JOB04012,BI Analyst,"['DAX', 'Data Visualization', 'Excel', 'Power BI', 'SQL']",5
JOB04013,Cloud Engineer,"['AWS', 'Azure', 'Cloud Computing', 'Docker', 'Linux']",5
JOB04014,QA Engineer,"['Automation Testing', 'Java', 'Python', 'SQL', 'Selenium']",5
JOB04015,Financial Analyst,"['Excel', 'Financial Modeling', 'Power BI', 'SQL', 'Statistics']",5
JOB04016,Cloud Engineer,"['AWS', 'Azure', 'Cloud Computing', 'Docker', 'Linux']",5
JOB04017,Power BI Developer,"['DAX', 'Excel', 'Power BI', 'Power Query', 'SQL']",5
JOB04018,Product Analyst,"['Excel', 'Product Analytics', 'Python', 'SQL']",4
JOB04019,Python Developer,"['Django', 'Flask', 'Git', 'Python', 'SQL']",5
JOB04020,Database Administrator,"['Database', 'Database Administration', 'MySQL', 'Oracle', 'PostgreSQL', 'SQL']",6
JOB04021,Web Developer,"['CSS', 'Git', 'HTML', 'Java', 'JavaScript', 'Machine Learning', 'React']",7
JOB04022,Data Engineer,"['AWS', 'ETL', 'Python', 'SQL', 'Spark']",5
JOB04023,Data Scientist,"['Machine Learning', 'Pandas', 'Python', 'SQL', 'Statistics']",5
JOB04024,BI Analyst,"['DAX', 'Data Visualization', 'Excel', 'Power BI', 'SQL']",5
JOB04025,BI Analyst,"['DAX', 'Data Visualization', 'Excel', 'Power BI', 'SQL']",5
JOB04026,Machine Learning Engineer,"['Docker', 'Machine Learning', 'Oracle', 'Python', 'Scikit-learn', 'TensorFlow']",6
JOB04027,QA Engineer,"['Automation Testing', 'Java', 'Python', 'SQL', 'Selenium']",5
JOB04028,Marketing Analyst,"['Excel', 'Marketing Analytics', 'Power BI', 'Python', 'SQL']",5
JOB04029,Machine Learning Engineer,"['Docker', 'Machine Learning', 'Python', 'Scikit-learn', 'TensorFlow']",5
JOB04030,Business Analyst,"['Business Analysis', 'Excel', 'Power BI', 'Requirements Gathering', 'SQL']",5
JOB04031,Software Engineer,"['Git', 'Java', 'Python', 'REST API', 'SQL']",5
JOB04032,QA Engineer,"['Automation Testing', 'Java', 'Python', 'SQL', 'Selenium']",5
JOB04033,Marketing Analyst,"['Excel', 'Marketing Analytics', 'Power BI', 'Python', 'SQL']",5
JOB04034,DevOps Engineer,"['AWS', 'Docker', 'Jenkins', 'Kubernetes', 'Linux']",5
JOB04035,BI Analyst,"['DAX', 'Data Visualization', 'Excel', 'Power BI', 'SQL']",5
JOB04036,SQL Developer,"['Database', 'ETL', 'MySQL', 'PostgreSQL', 'SQL']",5
JOB04037,Product Analyst,"['Cloud Computing', 'Excel', 'Product Analytics', 'Python', 'SQL']",5
JOB04038,Database Administrator,"['Database', 'Database Administration', 'MySQL', 'Oracle', 'PostgreSQL', 'SQL']",6
JOB04039,Database Administrator,"['Database', 'Database Administration', 'MySQL', 'Oracle', 'PostgreSQL', 'SQL']",6
JOB04040,Software Engineer,"['Git', 'Java', 'Python', 'REST API', 'SQL']",5
JOB04041,Data Engineer,"['AWS', 'ETL', 'Python', 'SQL', 'Spark']",5
JOB04042,Machine Learning Engineer,"['Docker', 'Machine Learning', 'Python', 'Scikit-learn', 'TensorFlow']",5
JOB04043,Marketing Analyst,"['Excel', 'Marketing Analytics', 'Power BI', 'Python', 'SQL']",5
JOB04044,Data Engineer,"['AWS', 'ETL', 'Python', 'SQL', 'Spark']",5
JOB04045,BI Analyst,"['DAX', 'Data Visualization', 'Excel', 'Power BI', 'SQL']",5
JOB04046,Marketing Analyst,"['Excel', 'Marketing Analytics', 'Power BI', 'Python', 'SQL']",5
JOB04047,Data Analyst,"['Excel', 'Power BI', 'Python', 'SQL', 'Tableau']",5
JOB04048,Software Engineer,"['Git', 'Java', 'Python', 'REST API', 'SQL']",5
JOB04049,Data Analyst,"['Excel', 'Power BI', 'Python', 'SQL', 'Tableau']",5
JOB04050,Software Engineer,"['Git', 'Java', 'Python', 'REST API', 'SQL']",5
JOB04051,Full Stack Developer,"['CSS', 'HTML', 'Java', 'JavaScript', 'Machine Learning', 'Node', 'React']",7
JOB04052,Database Administrator,"['Database', 'Database Administration', 'MySQL', 'Oracle', 'PostgreSQL', 'SQL']",6
JOB04053,Data Analyst,"['Excel', 'Power BI', 'Python', 'SQL', 'Tableau']",5
JOB04054,Cloud Engineer,"['AWS', 'Azure', 'Cloud Computing', 'Docker', 'Linux']",5
JOB04055,Power BI Developer,"['DAX', 'Excel', 'Power BI', 'Power Query', 'SQL']",5
JOB04056,Marketing Analyst,"['Excel', 'Marketing Analytics', 'Power BI', 'Python', 'SQL']",5
JOB04057,SQL Developer,"['Database', 'ETL', 'MySQL', 'PostgreSQL', 'SQL']",5
JOB04058,Web Developer,"['CSS', 'Git', 'HTML', 'Java', 'JavaScript', 'Machine Learning', 'React']",7
JOB04059,BI Analyst,"['DAX', 'Data Visualization', 'Excel', 'Power BI', 'SQL']",5
JOB04060,Power BI Developer,"['DAX', 'Excel', 'Power BI', 'Power Query', 'SQL']",5
JOB04061,SQL Developer,"['Database', 'ETL', 'MySQL', 'PostgreSQL', 'SQL']",5
JOB04062,HR Analyst,"['Cloud Computing', 'Data Analysis', 'Excel', 'HR Analytics', 'Power BI', 'SQL']",6
JOB04063,SQL Developer,"['Database', 'ETL', 'MySQL', 'PostgreSQL', 'SQL']",5
JOB04064,Product Analyst,"['Excel', 'Product Analytics', 'Python', 'SQL']",4
JOB04065,Cloud Engineer,"['AWS', 'Azure', 'Cloud Computing', 'Docker', 'Linux']",5
JOB04066,DevOps Engineer,"['AWS', 'Docker', 'Jenkins', 'Kubernetes', 'Linux']",5
JOB04067,Financial Analyst,"['Excel', 'Financial Modeling', 'Power BI', 'SQL', 'Statistics']",5
JOB04068,Software Engineer,"['Git', 'Java', 'Python', 'REST API', 'SQL']",5
JOB04069,Marketing Analyst,"['Excel', 'Marketing Analytics', 'Power BI', 'Python', 'SQL']",5
JOB04070,BI Analyst,"['DAX', 'Data Visualization', 'Excel', 'Power BI', 'SQL']",5
JOB04071,Machine Learning Engineer,"['Docker', 'Machine Learning', 'Python', 'Scikit-learn', 'TensorFlow']",5
JOB04072,Data Engineer,"['AWS', 'ETL', 'Python', 'SQL', 'Spark']",5
JOB04073,Financial Analyst,"['Excel', 'Financial Modeling', 'Power BI', 'SQL', 'Statistics']",5
JOB04074,Cloud Engineer,"['AWS', 'Azure', 'Cloud Computing', 'Docker', 'Linux']",5
JOB04075,QA Engineer,"['Automation Testing', 'Java', 'Python', 'SQL', 'Selenium']",5
JOB04076,Web Developer,"['CSS', 'Git', 'HTML', 'Java', 'JavaScript', 'Machine Learning', 'React']",7
JOB04077,Database Administrator,"['Database', 'Database Administration', 'MySQL', 'Oracle', 'PostgreSQL', 'SQL']",6
JOB04078,Cloud Engineer,"['AWS', 'Azure', 'Cloud Computing', 'Docker', 'Linux']",5
JOB04079,Python Developer,"['Django', 'Flask', 'Git', 'Python', 'SQL']",5
JOB04080,Data Engineer,"['AWS', 'ETL', 'Python', 'SQL', 'Spark']",5
JOB04081,Data Scientist,"['Machine Learning', 'Pandas', 'Python', 'SQL', 'Statistics']",5
JOB04082,HR Analyst,"['Data Analysis', 'Excel', 'HR Analytics', 'Power BI', 'SQL']",5
JOB04083,BI Analyst,"['DAX', 'Data Visualization', 'Excel', 'Power BI', 'SQL']",5
JOB04084,Business Analyst,"['Business Analysis', 'Cloud Computing', 'Excel', 'Power BI', 'Requirements Gathering', 'SQL']",6
JOB04085,Python Developer,"['Django', 'Flask', 'Git', 'Python', 'SQL']",5
JOB04086,DevOps Engineer,"['AWS', 'Docker', 'Jenkins', 'Kubernetes', 'Linux']",5
JOB04087,QA Engineer,"['Automation Testing', 'Java', 'Python', 'SQL', 'Selenium']",5
JOB04088,Cloud Engineer,"['AWS', 'Azure', 'Cloud Computing', 'Docker', 'Linux']",5
JOB04089,Data Scientist,"['Machine Learning', 'Pandas', 'Python', 'SQL', 'Statistics']",5
JOB04090,Power BI Developer,"['DAX', 'Excel', 'Oracle', 'Power BI', 'Power Query', 'SQL']",6
JOB04091,Data Analyst,"['Excel', 'Power BI', 'Python', 'SQL', 'Tableau']",5
JOB04092,Financial Analyst,"['Excel', 'Financial Modeling', 'Power BI', 'SQL', 'Statistics']",5
JOB04093,Business Analyst,"['Business Analysis', 'Excel', 'Power BI', 'Requirements Gathering', 'SQL']",5
JOB04094,Machine Learning Engineer,"['Docker', 'Machine Learning', 'Python', 'Scikit-learn', 'TensorFlow']",5
JOB04095,Software Engineer,"['Git', 'Java', 'Python', 'REST API', 'SQL']",5
JOB04096,SQL Developer,"['Database', 'ETL', 'MySQL', 'PostgreSQL', 'SQL']",5
JOB04097,Database Administrator,"['Database', 'Database Administration', 'MySQL', 'Oracle', 'PostgreSQL', 'SQL']",6
JOB04098,Cloud Engineer,"['AWS', 'Azure', 'Cloud Computing', 'Docker', 'Linux']",5
JOB04099,DevOps Engineer,"['AWS', 'Docker', 'Jenkins', 'Kubernetes', 'Linux']",5
JOB04100,Data Scientist,"['Machine Learning', 'Pandas', 'Python', 'SQL', 'Statistics']",5
JOB04101,BI Analyst,"['DAX', 'Data Visualization', 'Excel', 'Power BI', 'SQL']",5
JOB04102,DevOps Engineer,"['AWS', 'Docker', 'Jenkins', 'Kubernetes', 'Linux']",5
JOB04103,Data Engineer,"['AWS', 'ETL', 'Python', 'SQL', 'Spark']",5
JOB04104,QA Engineer,"['Automation Testing', 'Java', 'Oracle', 'Python', 'SQL', 'Selenium']",6
JOB04105,Database Administrator,"['Database', 'Database Administration', 'MySQL', 'Oracle', 'PostgreSQL', 'SQL']",6
JOB04106,DevOps Engineer,"['AWS', 'Docker', 'Jenkins', 'Kubernetes', 'Linux']",5
JOB04107,Product Analyst,"['Excel', 'Oracle', 'Product Analytics', 'Python', 'SQL']",5
JOB04108,Software Engineer,"['Git', 'Java', 'Python', 'REST API', 'SQL']",5
JOB04109,Web Developer,"['CSS', 'Git', 'HTML', 'Java', 'JavaScript', 'Machine Learning', 'React']",7
JOB04110,HR Analyst,"['Data Analysis', 'Excel', 'HR Analytics', 'Power BI', 'SQL']",5
JOB04111,HR Analyst,"['Data Analysis', 'Excel', 'HR Analytics', 'Power BI', 'SQL']",5
JOB04112,Cloud Engineer,"['AWS', 'Azure', 'Cloud Computing', 'Docker', 'Linux']",5
JOB04113,Marketing Analyst,"['Excel', 'Marketing Analytics', 'Power BI', 'Python', 'SQL']",5
JOB04114,Financial Analyst,"['Excel', 'Financial Modeling', 'Power BI', 'SQL', 'Statistics']",5
JOB04115,HR Analyst,"['Data Analysis', 'Excel', 'HR Analytics', 'Power BI', 'SQL']",5
JOB04116,BI Analyst,"['DAX', 'Data Visualization', 'Excel', 'Power BI', 'SQL']",5
JOB04117,Financial Analyst,"['Excel', 'Financial Modeling', 'Power BI', 'SQL', 'Statistics']",5
JOB04118,Software Engineer,"['Git', 'Java', 'Python', 'REST API', 'SQL']",5
JOB04119,Python Developer,"['Django', 'Flask', 'Git', 'Python', 'SQL']",5
JOB04120,HR Analyst,"['Data Analysis', 'Excel', 'HR Analytics', 'Power BI', 'SQL']",5
JOB04121,Cloud Engineer,"['AWS', 'Azure', 'Cloud Computing', 'Docker', 'Linux', 'Oracle']",6
JOB04122,Product Analyst,"['Excel', 'Product Analytics', 'Python', 'SQL']",4
JOB04123,Financial Analyst,"['Excel', 'Financial Modeling', 'Power BI', 'SQL', 'Statistics']",5
JOB04124,SQL Developer,"['Database', 'ETL', 'MySQL', 'PostgreSQL', 'SQL']",5
JOB04125,BI Analyst,"['DAX', 'Data Visualization', 'Excel', 'Power BI', 'SQL']",5
JOB04126,Business Analyst,"['Business Analysis', 'Excel', 'Power BI', 'Requirements Gathering', 'SQL']",5
JOB04127,Financial Analyst,"['Excel', 'Financial Modeling', 'Power BI', 'SQL', 'Statistics']",5
JOB04128,Power BI Developer,"['DAX', 'Excel', 'Power BI', 'Power Query', 'SQL']",5
JOB04129,HR Analyst,"['Data Analysis', 'Excel', 'HR Analytics', 'Power BI', 'SQL']",5
JOB04130,Web Developer,"['CSS', 'Git', 'HTML', 'Java', 'JavaScript', 'Machine Learning', 'React']",7
JOB04131,Business Analyst,"['Business Analysis', 'Excel', 'Power BI', 'Requirements Gathering', 'SQL']",5
JOB04132,SQL Developer,"['Database', 'ETL', 'MySQL', 'PostgreSQL', 'SQL']",5
JOB04133,Data Scientist,"['Machine Learning', 'Pandas', 'Python', 'SQL', 'Statistics']",5
JOB04134,Financial Analyst,"['Excel', 'Financial Modeling', 'Power BI', 'SQL', 'Statistics']",5
JOB04135,Database Administrator,"['Database', 'Database Administration', 'MySQL', 'Oracle', 'PostgreSQL', 'SQL']",6
JOB04136,Marketing Analyst,"['Excel', 'Marketing Analytics', 'Power BI', 'Python', 'SQL']",5
JOB04137,BI Analyst,"['DAX', 'Data Visualization', 'Excel', 'Power BI', 'SQL']",5
JOB04138,Marketing Analyst,"['Excel', 'Marketing Analytics', 'Power BI', 'Python', 'SQL']",5
JOB04139,QA Engineer,"['Automation Testing', 'Java', 'Python', 'SQL', 'Selenium']",5
JOB04140,Data Scientist,"['Machine Learning', 'Pandas', 'Python', 'SQL', 'Statistics']",5
JOB04141,Python Developer,"['Django', 'Flask', 'Git', 'Python', 'SQL']",5
JOB04142,Product Analyst,"['Excel', 'Product Analytics', 'Python', 'SQL']",4
JOB04143,HR Analyst,"['Data Analysis', 'Excel', 'HR Analytics', 'Power BI', 'SQL']",5
JOB04144,Python Developer,"['Django', 'Flask', 'Git', 'Python', 'SQL']",5
JOB04145,Marketing Analyst,"['Excel', 'Marketing Analytics', 'Power BI', 'Python', 'SQL']",5
JOB04146,Power BI Developer,"['DAX', 'Excel', 'Power BI', 'Power Query', 'SQL']",5
JOB04147,SQL Developer,"['Database', 'ETL', 'MySQL', 'PostgreSQL', 'SQL']",5
JOB04148,Marketing Analyst,"['Excel', 'Marketing Analytics', 'Power BI', 'Python', 'SQL']",5
JOB04149,Cloud Engineer,"['AWS', 'Azure', 'Cloud Computing', 'Docker', 'Linux']",5
JOB04150,Marketing Analyst,"['Excel', 'Marketing Analytics', 'Power BI', 'Python', 'SQL']",5
JOB04151,Machine Learning Engineer,"['Docker', 'Machine Learning', 'Python', 'Scikit-learn', 'TensorFlow']",5
JOB04152,SQL Developer,"['Database', 'ETL', 'MySQL', 'PostgreSQL', 'SQL']",5
JOB04153,Business Analyst,"['Business Analysis', 'Excel', 'Power BI', 'Requirements Gathering', 'SQL']",5
JOB04154,Product Analyst,"['Excel', 'Product Analytics', 'Python', 'SQL']",4
JOB04155,Data Analyst,"['Excel', 'Oracle', 'Power BI', 'Python', 'SQL', 'Tableau']",6
JOB04156,Python Developer,"['Django', 'Flask', 'Git', 'Python', 'SQL']",5
JOB04157,Product Analyst,"['Excel', 'Product Analytics', 'Python', 'SQL']",4
JOB04158,Business Analyst,"['Business Analysis', 'Excel', 'Power BI', 'Requirements Gathering', 'SQL']",5
JOB04159,Power BI Developer,"['DAX', 'Excel', 'Power BI', 'Power Query', 'SQL']",5
JOB04160,Power BI Developer,"['DAX', 'Excel', 'Power BI', 'Power Query', 'SQL']",5
JOB04161,QA Engineer,"['Automation Testing', 'Java', 'Python', 'SQL', 'Selenium']",5
JOB04162,Software Engineer,"['Git', 'Java', 'Python', 'REST API', 'SQL']",5
JOB04163,Machine Learning Engineer,"['Docker', 'Machine Learning', 'Python', 'Scikit-learn', 'TensorFlow']",5
JOB04164,Product Analyst,"['Excel', 'Product Analytics', 'Python', 'SQL']",4
JOB04165,Python Developer,"['Django', 'Flask', 'Git', 'Python', 'SQL']",5
JOB04166,Software Engineer,"['Git', 'Java', 'Python', 'REST API', 'SQL']",5
JOB04167,Data Engineer,"['AWS', 'ETL', 'Python', 'SQL', 'Spark']",5
JOB04168,Marketing Analyst,"['Excel', 'Marketing Analytics', 'Power BI', 'Python', 'SQL']",5
JOB04169,Marketing Analyst,"['Excel', 'Marketing Analytics', 'Power BI', 'Python', 'SQL']",5
JOB04170,BI Analyst,"['DAX', 'Data Visualization', 'Excel', 'Power BI', 'SQL']",5
JOB04171,Cloud Engineer,"['AWS', 'Azure', 'Cloud Computing', 'Docker', 'Linux']",5
JOB04172,Python Developer,"['Cloud Computing', 'Django', 'Flask', 'Git', 'Python', 'SQL']",6
JOB04173,SQL Developer,"['Cloud Computing', 'Database', 'ETL', 'MySQL', 'PostgreSQL', 'SQL']",6
JOB04174,Web Developer,"['CSS', 'Git', 'HTML', 'Java', 'JavaScript', 'Machine Learning', 'React']",7
JOB04175,Data Scientist,"['Machine Learning', 'Oracle', 'Pandas', 'Python', 'SQL', 'Statistics']",6
JOB04176,Marketing Analyst,"['Excel', 'Marketing Analytics', 'Power BI', 'Python', 'SQL']",5
JOB04177,Cloud Engineer,"['AWS', 'Azure', 'Cloud Computing', 'Docker', 'Linux']",5
JOB04178,Product Analyst,"['Excel', 'Product Analytics', 'Python', 'SQL']",4
JOB04179,Machine Learning Engineer,"['Docker', 'Machine Learning', 'Python', 'Scikit-learn', 'TensorFlow']",5
JOB04180,Business Analyst,"['Business Analysis', 'Excel', 'Power BI', 'Requirements Gathering', 'SQL']",5
JOB04181,Web Developer,"['CSS', 'Cloud Computing', 'Git', 'HTML', 'Java', 'JavaScript', 'Machine Learning', 'React']",8
JOB04182,Python Developer,"['Django', 'Flask', 'Git', 'Python', 'SQL']",5
JOB04183,Cloud Engineer,"['AWS', 'Azure', 'Cloud Computing', 'Docker', 'Linux']",5
JOB04184,QA Engineer,"['Automation Testing', 'Java', 'Python', 'SQL', 'Selenium']",5
JOB04185,BI Analyst,"['DAX', 'Data Visualization', 'Excel', 'Power BI', 'SQL']",5
JOB04186,HR Analyst,"['Data Analysis', 'Excel', 'HR Analytics', 'Power BI', 'SQL']",5
JOB04187,Machine Learning Engineer,"['Docker', 'Machine Learning', 'Python', 'Scikit-learn', 'TensorFlow']",5
JOB04188,HR Analyst,"['Data Analysis', 'Excel', 'HR Analytics', 'Power BI', 'SQL']",5
JOB04189,Marketing Analyst,"['Excel', 'Marketing Analytics', 'Power BI', 'Python', 'SQL']",5
JOB04190,DevOps Engineer,"['AWS', 'Docker', 'Jenkins', 'Kubernetes', 'Linux']",5
JOB04191,Full Stack Developer,"['CSS', 'HTML', 'Java', 'JavaScript', 'Machine Learning', 'Node', 'React']",7
JOB04192,Data Analyst,"['Excel', 'Power BI', 'Python', 'SQL', 'Tableau']",5
JOB04193,Data Scientist,"['Machine Learning', 'Pandas', 'Python', 'SQL', 'Statistics']",5
JOB04194,HR Analyst,"['Data Analysis', 'Excel', 'HR Analytics', 'Power BI', 'SQL']",5
JOB04195,QA Engineer,"['Automation Testing', 'Java', 'Python', 'SQL', 'Selenium']",5
JOB04196,HR Analyst,"['Data Analysis', 'Excel', 'HR Analytics', 'Power BI', 'SQL']",5
JOB04197,Web Developer,"['CSS', 'Git', 'HTML', 'Java', 'JavaScript', 'Machine Learning', 'React']",7
JOB04198,Business Analyst,"['Business Analysis', 'Excel', 'Power BI', 'Requirements Gathering', 'SQL']",5
JOB04199,SQL Developer,"['Database', 'ETL', 'MySQL', 'PostgreSQL', 'SQL']",5
JOB04200,Power BI Developer,"['DAX', 'Excel', 'Power BI', 'Power Query', 'SQL']",5
JOB04201,Web Developer,"['CSS', 'Git', 'HTML', 'Java', 'JavaScript', 'Machine Learning', 'React']",7
JOB04202,HR Analyst,"['Data Analysis', 'Excel', 'HR Analytics', 'Power BI', 'SQL']",5
JOB04203,Data Scientist,"['Machine Learning', 'Pandas', 'Python', 'SQL', 'Statistics']",5
JOB04204,Business Analyst,"['Business Analysis', 'Excel', 'Power BI', 'Requirements Gathering', 'SQL']",5
JOB04205,Database Administrator,"['Database', 'Database Administration', 'MySQL', 'Oracle', 'PostgreSQL', 'SQL']",6
JOB04206,BI Analyst,"['DAX', 'Data Visualization', 'Excel', 'Power BI', 'SQL']",5
JOB04207,HR Analyst,"['Data Analysis', 'Excel', 'HR Analytics', 'Power BI', 'SQL']",5
JOB04208,Financial Analyst,"['Excel', 'Financial Modeling', 'Power BI', 'SQL', 'Statistics']",5
JOB04209,Data Analyst,"['Excel', 'Power BI', 'Python', 'SQL', 'Tableau']",5
JOB04210,Web Developer,"['CSS', 'Cloud Computing', 'Git', 'HTML', 'Java', 'JavaScript', 'Machine Learning', 'React']",8
JOB04211,Product Analyst,"['Excel', 'Product Analytics', 'Python', 'SQL']",4
JOB04212,QA Engineer,"['Automation Testing', 'Java', 'Python', 'SQL', 'Selenium']",5
JOB04213,Cloud Engineer,"['AWS', 'Azure', 'Cloud Computing', 'Docker', 'Linux']",5
JOB04214,QA Engineer,"['Automation Testing', 'Java', 'Python', 'SQL', 'Selenium']",5
JOB04215,Data Engineer,"['AWS', 'ETL', 'Python', 'SQL', 'Spark']",5
JOB04216,Data Analyst,"['Excel', 'Power BI', 'Python', 'SQL', 'Tableau']",5
JOB04217,Data Scientist,"['Machine Learning', 'Pandas', 'Python', 'SQL', 'Statistics']",5
JOB04218,Data Scientist,"['Machine Learning', 'Oracle', 'Pandas', 'Python', 'SQL', 'Statistics']",6
JOB04219,Cloud Engineer,"['AWS', 'Azure', 'Cloud Computing', 'Docker', 'Linux']",5
JOB04220,Power BI Developer,"['DAX', 'Excel', 'Power BI', 'Power Query', 'SQL']",5
JOB04221,Python Developer,"['Django', 'Flask', 'Git', 'Python', 'SQL']",5
JOB04222,Business Analyst,"['Business Analysis', 'Excel', 'Power BI', 'Requirements Gathering', 'SQL']",5
JOB04223,DevOps Engineer,"['AWS', 'Docker', 'Jenkins', 'Kubernetes', 'Linux']",5
JOB04224,Marketing Analyst,"['Excel', 'Marketing Analytics', 'Oracle', 'Power BI', 'Python', 'SQL']",6
JOB04225,Data Engineer,"['AWS', 'ETL', 'Python', 'SQL', 'Spark']",5
JOB04226,Web Developer,"['CSS', 'Git', 'HTML', 'Java', 'JavaScript', 'Machine Learning', 'React']",7
JOB04227,Marketing Analyst,"['Excel', 'Marketing Analytics', 'Power BI', 'Python', 'SQL']",5
JOB04228,Machine Learning Engineer,"['Docker', 'Machine Learning', 'Python', 'Scikit-learn', 'TensorFlow']",5
JOB04229,Data Analyst,"['Excel', 'Power BI', 'Python', 'SQL', 'Tableau']",5
JOB04230,Product Analyst,"['Excel', 'Product Analytics', 'Python', 'SQL']",4
JOB04231,QA Engineer,"['Automation Testing', 'Java', 'Python', 'SQL', 'Selenium']",5
JOB04232,Marketing Analyst,"['Excel', 'Marketing Analytics', 'Power BI', 'Python', 'SQL']",5
JOB04233,Data Scientist,"['Machine Learning', 'Pandas', 'Python', 'SQL', 'Statistics']",5
JOB04234,Full Stack Developer,"['CSS', 'HTML', 'Java', 'JavaScript', 'Machine Learning', 'Node', 'React']",7
JOB04235,DevOps Engineer,"['AWS', 'Docker', 'Jenkins', 'Kubernetes', 'Linux']",5
JOB04236,Python Developer,"['Django', 'Flask', 'Git', 'Python', 'SQL']",5
JOB04237,Data Scientist,"['Machine Learning', 'Pandas', 'Python', 'SQL', 'Statistics']",5
JOB04238,HR Analyst,"['Data Analysis', 'Excel', 'HR Analytics', 'Oracle', 'Power BI', 'SQL']",6
JOB04239,SQL Developer,"['Database', 'ETL', 'MySQL', 'PostgreSQL', 'SQL']",5
JOB04240,Python Developer,"['Django', 'Flask', 'Git', 'Python', 'SQL']",5
JOB04241,Power BI Developer,"['DAX', 'Excel', 'Power BI', 'Power Query', 'SQL']",5
JOB04242,Web Developer,"['CSS', 'Git', 'HTML', 'Java', 'JavaScript', 'Machine Learning', 'React']",7
JOB04243,Software Engineer,"['Git', 'Java', 'Python', 'REST API', 'SQL']",5
JOB04244,Business Analyst,"['Business Analysis', 'Excel', 'Power BI', 'Requirements Gathering', 'SQL']",5
JOB04245,Financial Analyst,"['Excel', 'Financial Modeling', 'Power BI', 'SQL', 'Statistics']",5
JOB04246,Power BI Developer,"['DAX', 'Excel', 'Power BI', 'Power Query', 'SQL']",5
JOB04247,Data Engineer,"['AWS', 'ETL', 'Python', 'SQL', 'Spark']",5
JOB04248,Business Analyst,"['Business Analysis', 'Excel', 'Power BI', 'Requirements Gathering', 'SQL']",5
JOB04249,Machine Learning Engineer,"['Docker', 'Machine Learning', 'Python', 'Scikit-learn', 'TensorFlow']",5
JOB04250,Financial Analyst,"['Excel', 'Financial Modeling', 'Power BI', 'SQL', 'Statistics']",5
JOB04251,Marketing Analyst,"['Excel', 'Marketing Analytics', 'Power BI', 'Python', 'SQL']",5
JOB04252,HR Analyst,"['Data Analysis', 'Excel', 'HR Analytics', 'Power BI', 'SQL']",5
JOB04253,Full Stack Developer,"['CSS', 'HTML', 'Java', 'JavaScript', 'Machine Learning', 'Node', 'React']",7
JOB04254,BI Analyst,"['DAX', 'Data Visualization', 'Excel', 'Power BI', 'SQL']",5
JOB04255,Python Developer,"['Django', 'Flask', 'Git', 'Python', 'SQL']",5
JOB04256,SQL Developer,"['Database', 'ETL', 'MySQL', 'PostgreSQL', 'SQL']",5
JOB04257,Data Engineer,"['AWS', 'ETL', 'Python', 'SQL', 'Spark']",5
JOB04258,DevOps Engineer,"['AWS', 'Docker', 'Jenkins', 'Kubernetes', 'Linux']",5
JOB04259,Database Administrator,"['Database', 'Database Administration', 'MySQL', 'Oracle', 'PostgreSQL', 'SQL']",6
JOB04260,Machine Learning Engineer,"['Docker', 'Machine Learning', 'Python', 'Scikit-learn', 'TensorFlow']",5
JOB04261,Data Engineer,"['AWS', 'ETL', 'Python', 'SQL', 'Spark']",5
JOB04262,DevOps Engineer,"['AWS', 'Docker', 'Jenkins', 'Kubernetes', 'Linux']",5
JOB04263,SQL Developer,"['Database', 'ETL', 'MySQL', 'PostgreSQL', 'SQL']",5
JOB04264,Product Analyst,"['Excel', 'Product Analytics', 'Python', 'SQL']",4
JOB04265,Web Developer,"['CSS', 'Git', 'HTML', 'Java', 'JavaScript', 'Machine Learning', 'React']",7
JOB04266,SQL Developer,"['Database', 'ETL', 'MySQL', 'PostgreSQL', 'SQL']",5
JOB04267,Software Engineer,"['Git', 'Java', 'Python', 'REST API', 'SQL']",5
JOB04268,SQL Developer,"['Database', 'ETL', 'MySQL', 'PostgreSQL', 'SQL']",5
JOB04269,Database Administrator,"['Cloud Computing', 'Database', 'Database Administration', 'MySQL', 'Oracle', 'PostgreSQL', 'SQL']",7
JOB04270,Machine Learning Engineer,"['Docker', 'Machine Learning', 'Python', 'Scikit-learn', 'TensorFlow']",5
JOB04271,Business Analyst,"['Business Analysis', 'Excel', 'Power BI', 'Requirements Gathering', 'SQL']",5
JOB04272,Database Administrator,"['Database', 'Database Administration', 'MySQL', 'Oracle', 'PostgreSQL', 'SQL']",6
JOB04273,Data Scientist,"['Machine Learning', 'Pandas', 'Python', 'SQL', 'Statistics']",5
JOB04274,QA Engineer,"['Automation Testing', 'Cloud Computing', 'Java', 'Python', 'SQL', 'Selenium']",6
JOB04275,Web Developer,"['CSS', 'Git', 'HTML', 'Java', 'JavaScript', 'Machine Learning', 'React']",7
JOB04276,Financial Analyst,"['Excel', 'Financial Modeling', 'Power BI', 'SQL', 'Statistics']",5
JOB04277,Python Developer,"['Django', 'Flask', 'Git', 'Python', 'SQL']",5
JOB04278,Data Engineer,"['AWS', 'ETL', 'Python', 'SQL', 'Spark']",5
JOB04279,Data Engineer,"['AWS', 'ETL', 'Python', 'SQL', 'Spark']",5
JOB04280,Data Scientist,"['Machine Learning', 'Pandas', 'Python', 'SQL', 'Statistics']",5
JOB04281,Marketing Analyst,"['Excel', 'Marketing Analytics', 'Power BI', 'Python', 'SQL']",5
JOB04282,DevOps Engineer,"['AWS', 'Docker', 'Jenkins', 'Kubernetes', 'Linux']",5
JOB04283,QA Engineer,"['Automation Testing', 'Java', 'Python', 'SQL', 'Selenium']",5
JOB04284,Business Analyst,"['Business Analysis', 'Excel', 'Power BI', 'Requirements Gathering', 'SQL']",5
JOB04285,Business Analyst,"['Business Analysis', 'Excel', 'Power BI', 'Requirements Gathering', 'SQL']",5
JOB04286,Product Analyst,"['Excel', 'Product Analytics', 'Python', 'SQL']",4
JOB04287,Data Scientist,"['Machine Learning', 'Pandas', 'Python', 'SQL', 'Statistics']",5
JOB04288,QA Engineer,"['Automation Testing', 'Java', 'Python', 'SQL', 'Selenium']",5
JOB04289,Python Developer,"['Django', 'Flask', 'Git', 'Python', 'SQL']",5
JOB04290,Python Developer,"['Django', 'Flask', 'Git', 'Python', 'SQL']",5
JOB04291,SQL Developer,"['Database', 'ETL', 'MySQL', 'PostgreSQL', 'SQL']",5
JOB04292,Marketing Analyst,"['Excel', 'Marketing Analytics', 'Power BI', 'Python', 'SQL']",5
JOB04293,Full Stack Developer,"['CSS', 'HTML', 'Java', 'JavaScript', 'Machine Learning', 'Node', 'React']",7
JOB04294,BI Analyst,"['DAX', 'Data Visualization', 'Excel', 'Power BI', 'SQL']",5
JOB04295,Cloud Engineer,"['AWS', 'Azure', 'Cloud Computing', 'Docker', 'Linux']",5
JOB04296,Marketing Analyst,"['Excel', 'Marketing Analytics', 'Power BI', 'Python', 'SQL']",5
JOB04297,Financial Analyst,"['Excel', 'Financial Modeling', 'Power BI', 'SQL', 'Statistics']",5
JOB04298,BI Analyst,"['DAX', 'Data Visualization', 'Excel', 'Power BI', 'SQL']",5
JOB04299,Data Scientist,"['Machine Learning', 'Pandas', 'Python', 'SQL', 'Statistics']",5
JOB04300,Software Engineer,"['Git', 'Java', 'Python', 'REST API', 'SQL']",5
JOB04301,Financial Analyst,"['Excel', 'Financial Modeling', 'Oracle', 'Power BI', 'SQL', 'Statistics']",6
JOB04302,Financial Analyst,"['Excel', 'Financial Modeling', 'Power BI', 'SQL', 'Statistics']",5
JOB04303,BI Analyst,"['DAX', 'Data Visualization', 'Excel', 'Power BI', 'SQL']",5
JOB04304,Software Engineer,"['Git', 'Java', 'Python', 'REST API', 'SQL']",5
JOB04305,Database Administrator,"['Database', 'Database Administration', 'MySQL', 'Oracle', 'PostgreSQL', 'SQL']",6
JOB04306,Marketing Analyst,"['Excel', 'Marketing Analytics', 'Power BI', 'Python', 'SQL']",5
JOB04307,Power BI Developer,"['DAX', 'Excel', 'Power BI', 'Power Query', 'SQL']",5
JOB04308,Power BI Developer,"['DAX', 'Excel', 'Power BI', 'Power Query', 'SQL']",5
JOB04309,Marketing Analyst,"['Excel', 'Marketing Analytics', 'Power BI', 'Python', 'SQL']",5
JOB04310,DevOps Engineer,"['AWS', 'Docker', 'Jenkins', 'Kubernetes', 'Linux']",5
JOB04311,Data Analyst,"['Excel', 'Oracle', 'Power BI', 'Python', 'SQL', 'Tableau']",6
JOB04312,Database Administrator,"['Database', 'Database Administration', 'MySQL', 'Oracle', 'PostgreSQL', 'SQL']",6
JOB04313,BI Analyst,"['DAX', 'Data Visualization', 'Excel', 'Power BI', 'SQL']",5
JOB04314,Software Engineer,"['Git', 'Java', 'Python', 'REST API', 'SQL']",5
JOB04315,Python Developer,"['Django', 'Flask', 'Git', 'Python', 'SQL']",5
JOB04316,BI Analyst,"['DAX', 'Data Visualization', 'Excel', 'Power BI', 'SQL']",5
JOB04317,Data Scientist,"['Machine Learning', 'Pandas', 'Python', 'SQL', 'Statistics']",5
JOB04318,Marketing Analyst,"['Excel', 'Marketing Analytics', 'Power BI', 'Python', 'SQL']",5
JOB04319,Power BI Developer,"['DAX', 'Excel', 'Power BI', 'Power Query', 'SQL']",5
JOB04320,Financial Analyst,"['Excel', 'Financial Modeling', 'Power BI', 'SQL', 'Statistics']",5
JOB04321,QA Engineer,"['Automation Testing', 'Java', 'Python', 'SQL', 'Selenium']",5
JOB04322,Financial Analyst,"['Excel', 'Financial Modeling', 'Power BI', 'SQL', 'Statistics']",5
JOB04323,Software Engineer,"['Git', 'Java', 'Python', 'REST API', 'SQL']",5
JOB04324,SQL Developer,"['Cloud Computing', 'Database', 'ETL', 'MySQL', 'PostgreSQL', 'SQL']",6
JOB04325,BI Analyst,"['DAX', 'Data Visualization', 'Excel', 'Power BI', 'SQL']",5
JOB04326,Power BI Developer,"['DAX', 'Excel', 'Power BI', 'Power Query', 'SQL']",5
JOB04327,QA Engineer,"['Automation Testing', 'Java', 'Python', 'SQL', 'Selenium']",5
JOB04328,Data Scientist,"['Machine Learning', 'Pandas', 'Python', 'SQL', 'Statistics']",5
JOB04329,Power BI Developer,"['DAX', 'Excel', 'Power BI', 'Power Query', 'SQL']",5
JOB04330,DevOps Engineer,"['AWS', 'Cloud Computing', 'Docker', 'Jenkins', 'Kubernetes', 'Linux']",6
JOB04331,SQL Developer,"['Cloud Computing', 'Database', 'ETL', 'MySQL', 'PostgreSQL', 'SQL']",6
JOB04332,Database Administrator,"['Cloud Computing', 'Database', 'Database Administration', 'MySQL', 'Oracle', 'PostgreSQL', 'SQL']",7
JOB04333,HR Analyst,"['Data Analysis', 'Excel', 'HR Analytics', 'Power BI', 'SQL']",5
JOB04334,Marketing Analyst,"['Excel', 'Marketing Analytics', 'Power BI', 'Python', 'SQL']",5
JOB04335,HR Analyst,"['Data Analysis', 'Excel', 'HR Analytics', 'Power BI', 'SQL']",5
JOB04336,SQL Developer,"['Database', 'ETL', 'MySQL', 'PostgreSQL', 'SQL']",5
JOB04337,Software Engineer,"['Git', 'Java', 'Python', 'REST API', 'SQL']",5
JOB04338,Business Analyst,"['Business Analysis', 'Excel', 'Power BI', 'Requirements Gathering', 'SQL']",5
JOB04339,Cloud Engineer,"['AWS', 'Azure', 'Cloud Computing', 'Docker', 'Linux']",5
JOB04340,Web Developer,"['CSS', 'Git', 'HTML', 'Java', 'JavaScript', 'Machine Learning', 'React']",7
JOB04341,Power BI Developer,"['DAX', 'Excel', 'Power BI', 'Power Query', 'SQL']",5
JOB04342,Data Engineer,"['AWS', 'ETL', 'Python', 'SQL', 'Spark']",5
JOB04343,Power BI Developer,"['DAX', 'Excel', 'Power BI', 'Power Query', 'SQL']",5
JOB04344,Database Administrator,"['Database', 'Database Administration', 'MySQL', 'Oracle', 'PostgreSQL', 'SQL']",6
JOB04345,Business Analyst,"['Business Analysis', 'Excel', 'Power BI', 'Requirements Gathering', 'SQL']",5
JOB04346,DevOps Engineer,"['AWS', 'Docker', 'Jenkins', 'Kubernetes', 'Linux']",5
JOB04347,QA Engineer,"['Automation Testing', 'Java', 'Python', 'SQL', 'Selenium']",5
JOB04348,HR Analyst,"['Data Analysis', 'Excel', 'HR Analytics', 'Power BI', 'SQL']",5
JOB04349,HR Analyst,"['Data Analysis', 'Excel', 'HR Analytics', 'Power BI', 'SQL']",5
JOB04350,Database Administrator,"['Database', 'Database Administration', 'MySQL', 'Oracle', 'PostgreSQL', 'SQL']",6
JOB04351,HR Analyst,"['Data Analysis', 'Excel', 'HR Analytics', 'Power BI', 'SQL']",5
JOB04352,Business Analyst,"['Business Analysis', 'Excel', 'Power BI', 'Requirements Gathering', 'SQL']",5
JOB04353,DevOps Engineer,"['AWS', 'Docker', 'Jenkins', 'Kubernetes', 'Linux']",5
JOB04354,Web Developer,"['CSS', 'Git', 'HTML', 'Java', 'JavaScript', 'Machine Learning', 'React']",7
JOB04355,BI Analyst,"['DAX', 'Data Visualization', 'Excel', 'Power BI', 'SQL']",5
JOB04356,SQL Developer,"['Database', 'ETL', 'MySQL', 'PostgreSQL', 'SQL']",5
JOB04357,Power BI Developer,"['DAX', 'Excel', 'Power BI', 'Power Query', 'SQL']",5
JOB04358,Full Stack Developer,"['CSS', 'HTML', 'Java', 'JavaScript', 'Machine Learning', 'Node', 'Oracle', 'React']",8
JOB04359,QA Engineer,"['Automation Testing', 'Java', 'Python', 'SQL', 'Selenium']",5
JOB04360,Software Engineer,"['Git', 'Java', 'Python', 'REST API', 'SQL']",5
JOB04361,Full Stack Developer,"['CSS', 'HTML', 'Java', 'JavaScript', 'Machine Learning', 'Node', 'React']",7
JOB04362,Data Scientist,"['Machine Learning', 'Pandas', 'Python', 'SQL', 'Statistics']",5
JOB04363,Machine Learning Engineer,"['Docker', 'Machine Learning', 'Oracle', 'Python', 'Scikit-learn', 'TensorFlow']",6
JOB04364,Data Analyst,"['Excel', 'Power BI', 'Python', 'SQL', 'Tableau']",5
JOB04365,Database Administrator,"['Database', 'Database Administration', 'MySQL', 'Oracle', 'PostgreSQL', 'SQL']",6
JOB04366,Database Administrator,"['Database', 'Database Administration', 'MySQL', 'Oracle', 'PostgreSQL', 'SQL']",6
JOB04367,Power BI Developer,"['DAX', 'Excel', 'Power BI', 'Power Query', 'SQL']",5
JOB04368,DevOps Engineer,"['AWS', 'Docker', 'Jenkins', 'Kubernetes', 'Linux']",5
JOB04369,Cloud Engineer,"['AWS', 'Azure', 'Cloud Computing', 'Docker', 'Linux']",5
JOB04370,BI Analyst,"['DAX', 'Data Visualization', 'Excel', 'Power BI', 'SQL']",5
JOB04371,Full Stack Developer,"['CSS', 'HTML', 'Java', 'JavaScript', 'Machine Learning', 'Node', 'React']",7
JOB04372,Machine Learning Engineer,"['Docker', 'Machine Learning', 'Python', 'Scikit-learn', 'TensorFlow']",5
JOB04373,QA Engineer,"['Automation Testing', 'Java', 'Python', 'SQL', 'Selenium']",5
JOB04374,Software Engineer,"['Cloud Computing', 'Git', 'Java', 'Python', 'REST API', 'SQL']",6
JOB04375,SQL Developer,"['Database', 'ETL', 'MySQL', 'PostgreSQL', 'SQL']",5
JOB04376,Product Analyst,"['Excel', 'Product Analytics', 'Python', 'SQL']",4
JOB04377,Cloud Engineer,"['AWS', 'Azure', 'Cloud Computing', 'Docker', 'Linux']",5
JOB04378,Data Engineer,"['AWS', 'ETL', 'Python', 'SQL', 'Spark']",5
JOB04379,Marketing Analyst,"['Excel', 'Marketing Analytics', 'Power BI', 'Python', 'SQL']",5
JOB04380,Marketing Analyst,"['Excel', 'Marketing Analytics', 'Power BI', 'Python', 'SQL']",5
JOB04381,Web Developer,"['CSS', 'Git', 'HTML', 'Java', 'JavaScript', 'Machine Learning', 'React']",7
JOB04382,Full Stack Developer,"['CSS', 'HTML', 'Java', 'JavaScript', 'Machine Learning', 'Node', 'React']",7
JOB04383,Data Engineer,"['AWS', 'ETL', 'Python', 'SQL', 'Spark']",5
JOB04384,QA Engineer,"['Automation Testing', 'Cloud Computing', 'Java', 'Python', 'SQL', 'Selenium']",6
JOB04385,Database Administrator,"['Database', 'Database Administration', 'MySQL', 'Oracle', 'PostgreSQL', 'SQL']",6
JOB04386,Python Developer,"['Django', 'Flask', 'Git', 'Python', 'SQL']",5
JOB04387,Full Stack Developer,"['CSS', 'HTML', 'Java', 'JavaScript', 'Machine Learning', 'Node', 'React']",7
JOB04388,Full Stack Developer,"['CSS', 'HTML', 'Java', 'JavaScript', 'Machine Learning', 'Node', 'React']",7
JOB04389,Web Developer,"['CSS', 'Git', 'HTML', 'Java', 'JavaScript', 'Machine Learning', 'React']",7
JOB04390,DevOps Engineer,"['AWS', 'Docker', 'Jenkins', 'Kubernetes', 'Linux']",5
JOB04391,Database Administrator,"['Database', 'Database Administration', 'MySQL', 'Oracle', 'PostgreSQL', 'SQL']",6
JOB04392,Full Stack Developer,"['CSS', 'HTML', 'Java', 'JavaScript', 'Machine Learning', 'Node', 'React']",7
JOB04393,Full Stack Developer,"['CSS', 'HTML', 'Java', 'JavaScript', 'Machine Learning', 'Node', 'React']",7
JOB04394,Data Analyst,"['Excel', 'Power BI', 'Python', 'SQL', 'Tableau']",5
JOB04395,Python Developer,"['Django', 'Flask', 'Git', 'Python', 'SQL']",5
JOB04396,Marketing Analyst,"['Excel', 'Marketing Analytics', 'Power BI', 'Python', 'SQL']",5
JOB04397,BI Analyst,"['DAX', 'Data Visualization', 'Excel', 'Power BI', 'SQL']",5
JOB04398,QA Engineer,"['Automation Testing', 'Java', 'Python', 'SQL', 'Selenium']",5
JOB04399,QA Engineer,"['Automation Testing', 'Java', 'Python', 'SQL', 'Selenium']",5
JOB04400,Financial Analyst,"['Excel', 'Financial Modeling', 'Power BI', 'SQL', 'Statistics']",5
JOB04401,Software Engineer,"['Git', 'Java', 'Python', 'REST API', 'SQL']",5
JOB04402,BI Analyst,"['DAX', 'Data Visualization', 'Excel', 'Power BI', 'SQL']",5
JOB04403,Product Analyst,"['Excel', 'Product Analytics', 'Python', 'SQL']",4
JOB04404,QA Engineer,"['Automation Testing', 'Java', 'Python', 'SQL', 'Selenium']",5
JOB04405,Web Developer,"['CSS', 'Git', 'HTML', 'Java', 'JavaScript', 'Machine Learning', 'React']",7
JOB04406,Data Scientist,"['Machine Learning', 'Pandas', 'Python', 'SQL', 'Statistics']",5
JOB04407,Product Analyst,"['Excel', 'Product Analytics', 'Python', 'SQL']",4
JOB04408,Data Scientist,"['Machine Learning', 'Pandas', 'Python', 'SQL', 'Statistics']",5
JOB04409,Cloud Engineer,"['AWS', 'Azure', 'Cloud Computing', 'Docker', 'Linux']",5
JOB04410,Database Administrator,"['Cloud Computing', 'Database', 'Database Administration', 'MySQL', 'Oracle', 'PostgreSQL', 'SQL']",7
JOB04411,Data Scientist,"['Machine Learning', 'Pandas', 'Python', 'SQL', 'Statistics']",5
JOB04412,Full Stack Developer,"['CSS', 'HTML', 'Java', 'JavaScript', 'Machine Learning', 'Node', 'React']",7
JOB04413,Python Developer,"['Django', 'Flask', 'Git', 'Python', 'SQL']",5
JOB04414,HR Analyst,"['Data Analysis', 'Excel', 'HR Analytics', 'Power BI', 'SQL']",5
JOB04415,Data Analyst,"['Excel', 'Power BI', 'Python', 'SQL', 'Tableau']",5
JOB04416,SQL Developer,"['Database', 'ETL', 'MySQL', 'PostgreSQL', 'SQL']",5
JOB04417,Product Analyst,"['Excel', 'Product Analytics', 'Python', 'SQL']",4
JOB04418,Web Developer,"['CSS', 'Git', 'HTML', 'Java', 'JavaScript', 'Machine Learning', 'React']",7
JOB04419,DevOps Engineer,"['AWS', 'Docker', 'Jenkins', 'Kubernetes', 'Linux']",5
JOB04420,Cloud Engineer,"['AWS', 'Azure', 'Cloud Computing', 'Docker', 'Linux']",5
JOB04421,QA Engineer,"['Automation Testing', 'Java', 'Python', 'SQL', 'Selenium']",5
JOB04422,Product Analyst,"['Excel', 'Product Analytics', 'Python', 'SQL']",4
JOB04423,DevOps Engineer,"['AWS', 'Docker', 'Jenkins', 'Kubernetes', 'Linux']",5
JOB04424,QA Engineer,"['Automation Testing', 'Java', 'Python', 'SQL', 'Selenium']",5
JOB04425,Data Analyst,"['Excel', 'Power BI', 'Python', 'SQL', 'Tableau']",5
JOB04426,Machine Learning Engineer,"['Docker', 'Machine Learning', 'Python', 'Scikit-learn', 'TensorFlow']",5
JOB04427,Web Developer,"['CSS', 'Git', 'HTML', 'Java', 'JavaScript', 'Machine Learning', 'React']",7
JOB04428,HR Analyst,"['Data Analysis', 'Excel', 'HR Analytics', 'Power BI', 'SQL']",5
JOB04429,DevOps Engineer,"['AWS', 'Docker', 'Jenkins', 'Kubernetes', 'Linux', 'Oracle']",6
JOB04430,Business Analyst,"['Business Analysis', 'Excel', 'Power BI', 'Requirements Gathering', 'SQL']",5
JOB04431,Marketing Analyst,"['Excel', 'Marketing Analytics', 'Power BI', 'Python', 'SQL']",5
JOB04432,Power BI Developer,"['DAX', 'Excel', 'Power BI', 'Power Query', 'SQL']",5
JOB04433,Web Developer,"['CSS', 'Git', 'HTML', 'Java', 'JavaScript', 'Machine Learning', 'React']",7
JOB04434,Machine Learning Engineer,"['Docker', 'Machine Learning', 'Python', 'Scikit-learn', 'TensorFlow']",5
JOB04435,BI Analyst,"['DAX', 'Data Visualization', 'Excel', 'Power BI', 'SQL']",5
JOB04436,Business Analyst,"['Business Analysis', 'Excel', 'Power BI', 'Requirements Gathering', 'SQL']",5
JOB04437,HR Analyst,"['Data Analysis', 'Excel', 'HR Analytics', 'Oracle', 'Power BI', 'SQL']",6
JOB04438,HR Analyst,"['Data Analysis', 'Excel', 'HR Analytics', 'Power BI', 'SQL']",5
JOB04439,Database Administrator,"['Database', 'Database Administration', 'MySQL', 'Oracle', 'PostgreSQL', 'SQL']",6
JOB04440,Data Scientist,"['Machine Learning', 'Pandas', 'Python', 'SQL', 'Statistics']",5
JOB04441,Business Analyst,"['Business Analysis', 'Excel', 'Power BI', 'Requirements Gathering', 'SQL']",5
JOB04442,SQL Developer,"['Database', 'ETL', 'MySQL', 'PostgreSQL', 'SQL']",5
JOB04443,Marketing Analyst,"['Excel', 'Marketing Analytics', 'Power BI', 'Python', 'SQL']",5
JOB04444,Data Analyst,"['Excel', 'Oracle', 'Power BI', 'Python', 'SQL', 'Tableau']",6
JOB04445,QA Engineer,"['Automation Testing', 'Java', 'Python', 'SQL', 'Selenium']",5
JOB04446,Database Administrator,"['Database', 'Database Administration', 'MySQL', 'Oracle', 'PostgreSQL', 'SQL']",6
JOB04447,Product Analyst,"['Excel', 'Product Analytics', 'Python', 'SQL']",4
JOB04448,Marketing Analyst,"['Excel', 'Marketing Analytics', 'Power BI', 'Python', 'SQL']",5
JOB04449,Business Analyst,"['Business Analysis', 'Excel', 'Power BI', 'Requirements Gathering', 'SQL']",5
JOB04450,Full Stack Developer,"['CSS', 'HTML', 'Java', 'JavaScript', 'Machine Learning', 'Node', 'React']",7
JOB04451,DevOps Engineer,"['AWS', 'Docker', 'Jenkins', 'Kubernetes', 'Linux']",5
JOB04452,Data Engineer,"['AWS', 'ETL', 'Python', 'SQL', 'Spark']",5
JOB04453,BI Analyst,"['DAX', 'Data Visualization', 'Excel', 'Power BI', 'SQL']",5
JOB04454,QA Engineer,"['Automation Testing', 'Java', 'Python', 'SQL', 'Selenium']",5
JOB04455,HR Analyst,"['Data Analysis', 'Excel', 'HR Analytics', 'Power BI', 'SQL']",5
JOB04456,HR Analyst,"['Data Analysis', 'Excel', 'HR Analytics', 'Power BI', 'SQL']",5
JOB04457,Product Analyst,"['Cloud Computing', 'Excel', 'Product Analytics', 'Python', 'SQL']",5
JOB04458,Business Analyst,"['Business Analysis', 'Excel', 'Oracle', 'Power BI', 'Requirements Gathering', 'SQL']",6
JOB04459,HR Analyst,"['Data Analysis', 'Excel', 'HR Analytics', 'Power BI', 'SQL']",5
JOB04460,Data Analyst,"['Excel', 'Oracle', 'Power BI', 'Python', 'SQL', 'Tableau']",6
JOB04461,Software Engineer,"['Git', 'Java', 'Python', 'REST API', 'SQL']",5
JOB04462,SQL Developer,"['Database', 'ETL', 'MySQL', 'PostgreSQL', 'SQL']",5
JOB04463,Business Analyst,"['Business Analysis', 'Excel', 'Power BI', 'Requirements Gathering', 'SQL']",5
JOB04464,Python Developer,"['Django', 'Flask', 'Git', 'Python', 'SQL']",5
JOB04465,Full Stack Developer,"['CSS', 'HTML', 'Java', 'JavaScript', 'Machine Learning', 'Node', 'React']",7
JOB04466,Software Engineer,"['Git', 'Java', 'Python', 'REST API', 'SQL']",5
JOB04467,Full Stack Developer,"['CSS', 'HTML', 'Java', 'JavaScript', 'Machine Learning', 'Node', 'React']",7
JOB04468,Database Administrator,"['Database', 'Database Administration', 'MySQL', 'Oracle', 'PostgreSQL', 'SQL']",6
JOB04469,Data Engineer,"['AWS', 'ETL', 'Python', 'SQL', 'Spark']",5
JOB04470,Cloud Engineer,"['AWS', 'Azure', 'Cloud Computing', 'Docker', 'Linux']",5
JOB04471,Machine Learning Engineer,"['Docker', 'Machine Learning', 'Python', 'Scikit-learn', 'TensorFlow']",5
JOB04472,Financial Analyst,"['Excel', 'Financial Modeling', 'Power BI', 'SQL', 'Statistics']",5
JOB04473,Machine Learning Engineer,"['Docker', 'Machine Learning', 'Python', 'Scikit-learn', 'TensorFlow']",5
JOB04474,BI Analyst,"['DAX', 'Data Visualization', 'Excel', 'Power BI', 'SQL']",5
JOB04475,Cloud Engineer,"['AWS', 'Azure', 'Cloud Computing', 'Docker', 'Linux']",5
JOB04476,Data Engineer,"['AWS', 'ETL', 'Python', 'SQL', 'Spark']",5
JOB04477,Financial Analyst,"['Excel', 'Financial Modeling', 'Power BI', 'SQL', 'Statistics']",5
JOB04478,Financial Analyst,"['Excel', 'Financial Modeling', 'Power BI', 'SQL', 'Statistics']",5
JOB04479,Business Analyst,"['Business Analysis', 'Excel', 'Power BI', 'Requirements Gathering', 'SQL']",5
JOB04480,Software Engineer,"['Git', 'Java', 'Python', 'REST API', 'SQL']",5
JOB04481,Software Engineer,"['Git', 'Java', 'Python', 'REST API', 'SQL']",5
JOB04482,Power BI Developer,"['DAX', 'Excel', 'Power BI', 'Power Query', 'SQL']",5
JOB04483,Data Analyst,"['Cloud Computing', 'Excel', 'Power BI', 'Python', 'SQL', 'Tableau']",6
JOB04484,QA Engineer,"['Automation Testing', 'Java', 'Python', 'SQL', 'Selenium']",5
JOB04485,Full Stack Developer,"['CSS', 'HTML', 'Java', 'JavaScript', 'Machine Learning', 'Node', 'Oracle', 'React']",8
JOB04486,Product Analyst,"['Excel', 'Product Analytics', 'Python', 'SQL']",4
JOB04487,Full Stack Developer,"['CSS', 'HTML', 'Java', 'JavaScript', 'Machine Learning', 'Node', 'React']",7
JOB04488,Database Administrator,"['Database', 'Database Administration', 'MySQL', 'Oracle', 'PostgreSQL', 'SQL']",6
JOB04489,Business Analyst,"['Business Analysis', 'Excel', 'Power BI', 'Requirements Gathering', 'SQL']",5
JOB04490,HR Analyst,"['Data Analysis', 'Excel', 'HR Analytics', 'Power BI', 'SQL']",5
JOB04491,DevOps Engineer,"['AWS', 'Docker', 'Jenkins', 'Kubernetes', 'Linux']",5
JOB04492,Business Analyst,"['Business Analysis', 'Excel', 'Power BI', 'Requirements Gathering', 'SQL']",5
JOB04493,Data Engineer,"['AWS', 'ETL', 'Python', 'SQL', 'Spark']",5
JOB04494,BI Analyst,"['DAX', 'Data Visualization', 'Excel', 'Power BI', 'SQL']",5
JOB04495,Data Analyst,"['Excel', 'Power BI', 'Python', 'SQL', 'Tableau']",5
JOB04496,Software Engineer,"['Git', 'Java', 'Python', 'REST API', 'SQL']",5
JOB04497,HR Analyst,"['Data Analysis', 'Excel', 'HR Analytics', 'Power BI', 'SQL']",5
JOB04498,Data Analyst,"['Excel', 'Power BI', 'Python', 'SQL', 'Tableau']",5
JOB04499,HR Analyst,"['Data Analysis', 'Excel', 'HR Analytics', 'Power BI', 'SQL']",5
JOB04500,Software Engineer,"['Git', 'Java', 'Python', 'REST API', 'SQL']",5
JOB04501,Marketing Analyst,"['Excel', 'Marketing Analytics', 'Power BI', 'Python', 'SQL']",5
JOB04502,Cloud Engineer,"['AWS', 'Azure', 'Cloud Computing', 'Docker', 'Linux']",5
JOB04503,Data Scientist,"['Machine Learning', 'Pandas', 'Python', 'SQL', 'Statistics']",5
JOB04504,Product Analyst,"['Excel', 'Product Analytics', 'Python', 'SQL']",4
JOB04505,Financial Analyst,"['Excel', 'Financial Modeling', 'Power BI', 'SQL', 'Statistics']",5
JOB04506,QA Engineer,"['Automation Testing', 'Java', 'Python', 'SQL', 'Selenium']",5
JOB04507,Web Developer,"['CSS', 'Git', 'HTML', 'Java', 'JavaScript', 'Machine Learning', 'React']",7
JOB04508,QA Engineer,"['Automation Testing', 'Java', 'Python', 'SQL', 'Selenium']",5
JOB04509,Marketing Analyst,"['Excel', 'Marketing Analytics', 'Power BI', 'Python', 'SQL']",5
JOB04510,Financial Analyst,"['Excel', 'Financial Modeling', 'Power BI', 'SQL', 'Statistics']",5
JOB04511,Business Analyst,"['Business Analysis', 'Excel', 'Oracle', 'Power BI', 'Requirements Gathering', 'SQL']",6
JOB04512,Data Engineer,"['AWS', 'ETL', 'Python', 'SQL', 'Spark']",5
JOB04513,HR Analyst,"['Data Analysis', 'Excel', 'HR Analytics', 'Power BI', 'SQL']",5
JOB04514,Database Administrator,"['Cloud Computing', 'Database', 'Database Administration', 'MySQL', 'Oracle', 'PostgreSQL', 'SQL']",7
JOB04515,Business Analyst,"['Business Analysis', 'Excel', 'Power BI', 'Requirements Gathering', 'SQL']",5
JOB04516,Data Analyst,"['Excel', 'Power BI', 'Python', 'SQL', 'Tableau']",5
JOB04517,Python Developer,"['Django', 'Flask', 'Git', 'Python', 'SQL']",5
JOB04518,Python Developer,"['Django', 'Flask', 'Git', 'Python', 'SQL']",5
JOB04519,Database Administrator,"['Database', 'Database Administration', 'MySQL', 'Oracle', 'PostgreSQL', 'SQL']",6
JOB04520,DevOps Engineer,"['AWS', 'Docker', 'Jenkins', 'Kubernetes', 'Linux']",5
JOB04521,Python Developer,"['Django', 'Flask', 'Git', 'Python', 'SQL']",5
JOB04522,SQL Developer,"['Database', 'ETL', 'MySQL', 'PostgreSQL', 'SQL']",5
JOB04523,Web Developer,"['CSS', 'Git', 'HTML', 'Java', 'JavaScript', 'Machine Learning', 'React']",7
JOB04524,QA Engineer,"['Automation Testing', 'Java', 'Python', 'SQL', 'Selenium']",5
JOB04525,Data Analyst,"['Excel', 'Power BI', 'Python', 'SQL', 'Tableau']",5
JOB04526,Full Stack Developer,"['CSS', 'HTML', 'Java', 'JavaScript', 'Machine Learning', 'Node', 'React']",7
JOB04527,Marketing Analyst,"['Excel', 'Marketing Analytics', 'Power BI', 'Python', 'SQL']",5
JOB04528,SQL Developer,"['Database', 'ETL', 'MySQL', 'PostgreSQL', 'SQL']",5
JOB04529,BI Analyst,"['DAX', 'Data Visualization', 'Excel', 'Power BI', 'SQL']",5
JOB04530,SQL Developer,"['Database', 'ETL', 'MySQL', 'PostgreSQL', 'SQL']",5
JOB04531,QA Engineer,"['Automation Testing', 'Java', 'Python', 'SQL', 'Selenium']",5
JOB04532,Data Scientist,"['Machine Learning', 'Pandas', 'Python', 'SQL', 'Statistics']",5
JOB04533,Full Stack Developer,"['CSS', 'HTML', 'Java', 'JavaScript', 'Machine Learning', 'Node', 'React']",7
JOB04534,Machine Learning Engineer,"['Docker', 'Machine Learning', 'Python', 'Scikit-learn', 'TensorFlow']",5
JOB04535,Cloud Engineer,"['AWS', 'Azure', 'Cloud Computing', 'Docker', 'Linux']",5
JOB04536,Cloud Engineer,"['AWS', 'Azure', 'Cloud Computing', 'Docker', 'Linux']",5
JOB04537,Database Administrator,"['Database', 'Database Administration', 'MySQL', 'Oracle', 'PostgreSQL', 'SQL']",6
JOB04538,Full Stack Developer,"['CSS', 'HTML', 'Java', 'JavaScript', 'Machine Learning', 'Node', 'React']",7
JOB04539,HR Analyst,"['Data Analysis', 'Excel', 'HR Analytics', 'Power BI', 'SQL']",5
JOB04540,HR Analyst,"['Data Analysis', 'Excel', 'HR Analytics', 'Power BI', 'SQL']",5
JOB04541,Cloud Engineer,"['AWS', 'Azure', 'Cloud Computing', 'Docker', 'Linux']",5
JOB04542,Cloud Engineer,"['AWS', 'Azure', 'Cloud Computing', 'Docker', 'Linux']",5
JOB04543,Data Engineer,"['AWS', 'ETL', 'Python', 'SQL', 'Spark']",5
JOB04544,Financial Analyst,"['Excel', 'Financial Modeling', 'Power BI', 'SQL', 'Statistics']",5
JOB04545,Data Scientist,"['Machine Learning', 'Pandas', 'Python', 'SQL', 'Statistics']",5
JOB04546,Data Engineer,"['AWS', 'ETL', 'Python', 'SQL', 'Spark']",5
JOB04547,Database Administrator,"['Cloud Computing', 'Database', 'Database Administration', 'MySQL', 'Oracle', 'PostgreSQL', 'SQL']",7
JOB04548,Marketing Analyst,"['Excel', 'Marketing Analytics', 'Power BI', 'Python', 'SQL']",5
JOB04549,DevOps Engineer,"['AWS', 'Docker', 'Jenkins', 'Kubernetes', 'Linux', 'Oracle']",6
JOB04550,Data Scientist,"['Machine Learning', 'Pandas', 'Python', 'SQL', 'Statistics']",5
JOB04551,Web Developer,"['CSS', 'Git', 'HTML', 'Java', 'JavaScript', 'Machine Learning', 'React']",7
JOB04552,Marketing Analyst,"['Excel', 'Marketing Analytics', 'Power BI', 'Python', 'SQL']",5
JOB04553,Software Engineer,"['Git', 'Java', 'Python', 'REST API', 'SQL']",5
JOB04554,HR Analyst,"['Data Analysis', 'Excel', 'HR Analytics', 'Power BI', 'SQL']",5
JOB04555,DevOps Engineer,"['AWS', 'Docker', 'Jenkins', 'Kubernetes', 'Linux']",5
JOB04556,Software Engineer,"['Cloud Computing', 'Git', 'Java', 'Python', 'REST API', 'SQL']",6
JOB04557,Product Analyst,"['Excel', 'Oracle', 'Product Analytics', 'Python', 'SQL']",5
JOB04558,DevOps Engineer,"['AWS', 'Docker', 'Jenkins', 'Kubernetes', 'Linux']",5
JOB04559,BI Analyst,"['DAX', 'Data Visualization', 'Excel', 'Power BI', 'SQL']",5
JOB04560,Database Administrator,"['Database', 'Database Administration', 'MySQL', 'Oracle', 'PostgreSQL', 'SQL']",6
JOB04561,Database Administrator,"['Database', 'Database Administration', 'MySQL', 'Oracle', 'PostgreSQL', 'SQL']",6
JOB04562,Product Analyst,"['Excel', 'Product Analytics', 'Python', 'SQL']",4
JOB04563,Data Scientist,"['Machine Learning', 'Pandas', 'Python', 'SQL', 'Statistics']",5
JOB04564,SQL Developer,"['Database', 'ETL', 'MySQL', 'PostgreSQL', 'SQL']",5
JOB04565,DevOps Engineer,"['AWS', 'Docker', 'Jenkins', 'Kubernetes', 'Linux']",5
JOB04566,Software Engineer,"['Git', 'Java', 'Python', 'REST API', 'SQL']",5
JOB04567,Power BI Developer,"['DAX', 'Excel', 'Power BI', 'Power Query', 'SQL']",5
JOB04568,HR Analyst,"['Data Analysis', 'Excel', 'HR Analytics', 'Power BI', 'SQL']",5
JOB04569,Data Engineer,"['AWS', 'ETL', 'Python', 'SQL', 'Spark']",5
JOB04570,BI Analyst,"['DAX', 'Data Visualization', 'Excel', 'Oracle', 'Power BI', 'SQL']",6
JOB04571,HR Analyst,"['Data Analysis', 'Excel', 'HR Analytics', 'Oracle', 'Power BI', 'SQL']",6
JOB04572,Database Administrator,"['Database', 'Database Administration', 'MySQL', 'Oracle', 'PostgreSQL', 'SQL']",6
JOB04573,HR Analyst,"['Data Analysis', 'Excel', 'HR Analytics', 'Power BI', 'SQL']",5
JOB04574,DevOps Engineer,"['AWS', 'Docker', 'Jenkins', 'Kubernetes', 'Linux']",5
JOB04575,Database Administrator,"['Database', 'Database Administration', 'MySQL', 'Oracle', 'PostgreSQL', 'SQL']",6
JOB04576,HR Analyst,"['Data Analysis', 'Excel', 'HR Analytics', 'Power BI', 'SQL']",5
JOB04577,BI Analyst,"['DAX', 'Data Visualization', 'Excel', 'Power BI', 'SQL']",5
JOB04578,Database Administrator,"['Database', 'Database Administration', 'MySQL', 'Oracle', 'PostgreSQL', 'SQL']",6
JOB04579,Data Engineer,"['AWS', 'ETL', 'Oracle', 'Python', 'SQL', 'Spark']",6
JOB04580,Full Stack Developer,"['CSS', 'Cloud Computing', 'HTML', 'Java', 'JavaScript', 'Machine Learning', 'Node', 'React']",8
JOB04581,HR Analyst,"['Data Analysis', 'Excel', 'HR Analytics', 'Power BI', 'SQL']",5
JOB04582,Database Administrator,"['Database', 'Database Administration', 'MySQL', 'Oracle', 'PostgreSQL', 'SQL']",6
JOB04583,Cloud Engineer,"['AWS', 'Azure', 'Cloud Computing', 'Docker', 'Linux']",5
JOB04584,Data Scientist,"['Machine Learning', 'Pandas', 'Python', 'SQL', 'Statistics']",5
JOB04585,Machine Learning Engineer,"['Docker', 'Machine Learning', 'Python', 'Scikit-learn', 'TensorFlow']",5
JOB04586,Product Analyst,"['Excel', 'Product Analytics', 'Python', 'SQL']",4
JOB04587,Business Analyst,"['Business Analysis', 'Excel', 'Power BI', 'Requirements Gathering', 'SQL']",5
JOB04588,HR Analyst,"['Data Analysis', 'Excel', 'HR Analytics', 'Power BI', 'SQL']",5
JOB04589,Software Engineer,"['Git', 'Java', 'Python', 'REST API', 'SQL']",5
JOB04590,Power BI Developer,"['DAX', 'Excel', 'Power BI', 'Power Query', 'SQL']",5
JOB04591,BI Analyst,"['DAX', 'Data Visualization', 'Excel', 'Oracle', 'Power BI', 'SQL']",6
JOB04592,Database Administrator,"['Database', 'Database Administration', 'MySQL', 'Oracle', 'PostgreSQL', 'SQL']",6
JOB04593,HR Analyst,"['Data Analysis', 'Excel', 'HR Analytics', 'Power BI', 'SQL']",5
JOB04594,Full Stack Developer,"['CSS', 'HTML', 'Java', 'JavaScript', 'Machine Learning', 'Node', 'React']",7
JOB04595,HR Analyst,"['Data Analysis', 'Excel', 'HR Analytics', 'Power BI', 'SQL']",5
JOB04596,Machine Learning Engineer,"['Cloud Computing', 'Docker', 'Machine Learning', 'Python', 'Scikit-learn', 'TensorFlow']",6
JOB04597,DevOps Engineer,"['AWS', 'Docker', 'Jenkins', 'Kubernetes', 'Linux']",5
JOB04598,Financial Analyst,"['Excel', 'Financial Modeling', 'Power BI', 'SQL', 'Statistics']",5
JOB04599,Marketing Analyst,"['Excel', 'Marketing Analytics', 'Power BI', 'Python', 'SQL']",5
JOB04600,Web Developer,"['CSS', 'Git', 'HTML', 'Java', 'JavaScript', 'Machine Learning', 'React']",7
JOB04601,Python Developer,"['Django', 'Flask', 'Git', 'Python', 'SQL']",5
JOB04602,QA Engineer,"['Automation Testing', 'Java', 'Python', 'SQL', 'Selenium']",5
JOB04603,BI Analyst,"['DAX', 'Data Visualization', 'Excel', 'Power BI', 'SQL']",5
JOB04604,Data Analyst,"['Excel', 'Power BI', 'Python', 'SQL', 'Tableau']",5
JOB04605,Web Developer,"['CSS', 'Git', 'HTML', 'Java', 'JavaScript', 'Machine Learning', 'React']",7
JOB04606,Machine Learning Engineer,"['Docker', 'Machine Learning', 'Python', 'Scikit-learn', 'TensorFlow']",5
JOB04607,Financial Analyst,"['Cloud Computing', 'Excel', 'Financial Modeling', 'Power BI', 'SQL', 'Statistics']",6
JOB04608,HR Analyst,"['Data Analysis', 'Excel', 'HR Analytics', 'Power BI', 'SQL']",5
JOB04609,DevOps Engineer,"['AWS', 'Docker', 'Jenkins', 'Kubernetes', 'Linux']",5
JOB04610,SQL Developer,"['Database', 'ETL', 'MySQL', 'PostgreSQL', 'SQL']",5
JOB04611,Product Analyst,"['Excel', 'Product Analytics', 'Python', 'SQL']",4
JOB04612,QA Engineer,"['Automation Testing', 'Java', 'Python', 'SQL', 'Selenium']",5
JOB04613,Machine Learning Engineer,"['Docker', 'Machine Learning', 'Python', 'Scikit-learn', 'TensorFlow']",5
JOB04614,Data Scientist,"['Machine Learning', 'Pandas', 'Python', 'SQL', 'Statistics']",5
JOB04615,Software Engineer,"['Git', 'Java', 'Python', 'REST API', 'SQL']",5
JOB04616,DevOps Engineer,"['AWS', 'Cloud Computing', 'Docker', 'Jenkins', 'Kubernetes', 'Linux']",6
JOB04617,Product Analyst,"['Excel', 'Product Analytics', 'Python', 'SQL']",4
JOB04618,Database Administrator,"['Database', 'Database Administration', 'MySQL', 'Oracle', 'PostgreSQL', 'SQL']",6
JOB04619,Web Developer,"['CSS', 'Git', 'HTML', 'Java', 'JavaScript', 'Machine Learning', 'React']",7
JOB04620,Financial Analyst,"['Cloud Computing', 'Excel', 'Financial Modeling', 'Power BI', 'SQL', 'Statistics']",6
JOB04621,Financial Analyst,"['Excel', 'Financial Modeling', 'Power BI', 'SQL', 'Statistics']",5
JOB04622,Data Scientist,"['Machine Learning', 'Pandas', 'Python', 'SQL', 'Statistics']",5
JOB04623,Financial Analyst,"['Excel', 'Financial Modeling', 'Power BI', 'SQL', 'Statistics']",5
JOB04624,Data Analyst,"['Excel', 'Power BI', 'Python', 'SQL', 'Tableau']",5
JOB04625,Data Engineer,"['AWS', 'ETL', 'Python', 'SQL', 'Spark']",5
JOB04626,Power BI Developer,"['DAX', 'Excel', 'Power BI', 'Power Query', 'SQL']",5
JOB04627,Web Developer,"['CSS', 'Git', 'HTML', 'Java', 'JavaScript', 'Machine Learning', 'React']",7
JOB04628,Database Administrator,"['Database', 'Database Administration', 'MySQL', 'Oracle', 'PostgreSQL', 'SQL']",6
JOB04629,Business Analyst,"['Business Analysis', 'Excel', 'Power BI', 'Requirements Gathering', 'SQL']",5
JOB04630,SQL Developer,"['Database', 'ETL', 'MySQL', 'PostgreSQL', 'SQL']",5
JOB04631,Product Analyst,"['Excel', 'Product Analytics', 'Python', 'SQL']",4
JOB04632,Database Administrator,"['Database', 'Database Administration', 'MySQL', 'Oracle', 'PostgreSQL', 'SQL']",6
JOB04633,Marketing Analyst,"['Excel', 'Marketing Analytics', 'Power BI', 'Python', 'SQL']",5
JOB04634,Product Analyst,"['Excel', 'Product Analytics', 'Python', 'SQL']",4
JOB04635,Full Stack Developer,"['CSS', 'HTML', 'Java', 'JavaScript', 'Machine Learning', 'Node', 'React']",7
JOB04636,Marketing Analyst,"['Excel', 'Marketing Analytics', 'Power BI', 'Python', 'SQL']",5
JOB04637,Product Analyst,"['Excel', 'Oracle', 'Product Analytics', 'Python', 'SQL']",5
JOB04638,Product Analyst,"['Excel', 'Product Analytics', 'Python', 'SQL']",4
JOB04639,HR Analyst,"['Data Analysis', 'Excel', 'HR Analytics', 'Power BI', 'SQL']",5
JOB04640,Financial Analyst,"['Excel', 'Financial Modeling', 'Power BI', 'SQL', 'Statistics']",5
JOB04641,Business Analyst,"['Business Analysis', 'Excel', 'Power BI', 'Requirements Gathering', 'SQL']",5
JOB04642,QA Engineer,"['Automation Testing', 'Java', 'Python', 'SQL', 'Selenium']",5
JOB04643,Marketing Analyst,"['Excel', 'Marketing Analytics', 'Power BI', 'Python', 'SQL']",5
JOB04644,Cloud Engineer,"['AWS', 'Azure', 'Cloud Computing', 'Docker', 'Linux']",5
JOB04645,SQL Developer,"['Database', 'ETL', 'MySQL', 'PostgreSQL', 'SQL']",5
JOB04646,Machine Learning Engineer,"['Docker', 'Machine Learning', 'Python', 'Scikit-learn', 'TensorFlow']",5
JOB04647,Data Scientist,"['Machine Learning', 'Pandas', 'Python', 'SQL', 'Statistics']",5
JOB04648,Database Administrator,"['Database', 'Database Administration', 'MySQL', 'Oracle', 'PostgreSQL', 'SQL']",6
JOB04649,Marketing Analyst,"['Excel', 'Marketing Analytics', 'Power BI', 'Python', 'SQL']",5
JOB04650,Data Scientist,"['Machine Learning', 'Pandas', 'Python', 'SQL', 'Statistics']",5
JOB04651,Database Administrator,"['Database', 'Database Administration', 'MySQL', 'Oracle', 'PostgreSQL', 'SQL']",6
JOB04652,Data Analyst,"['Excel', 'Power BI', 'Python', 'SQL', 'Tableau']",5
JOB04653,Software Engineer,"['Git', 'Java', 'Oracle', 'Python', 'REST API', 'SQL']",6
JOB04654,Cloud Engineer,"['AWS', 'Azure', 'Cloud Computing', 'Docker', 'Linux']",5
JOB04655,Power BI Developer,"['DAX', 'Excel', 'Power BI', 'Power Query', 'SQL']",5
JOB04656,HR Analyst,"['Data Analysis', 'Excel', 'HR Analytics', 'Power BI', 'SQL']",5
JOB04657,Data Engineer,"['AWS', 'ETL', 'Python', 'SQL', 'Spark']",5
JOB04658,Cloud Engineer,"['AWS', 'Azure', 'Cloud Computing', 'Docker', 'Linux']",5
JOB04659,SQL Developer,"['Database', 'ETL', 'MySQL', 'Oracle', 'PostgreSQL', 'SQL']",6
JOB04660,Python Developer,"['Django', 'Flask', 'Git', 'Oracle', 'Python', 'SQL']",6
JOB04661,DevOps Engineer,"['AWS', 'Docker', 'Jenkins', 'Kubernetes', 'Linux']",5
JOB04662,Data Engineer,"['AWS', 'ETL', 'Python', 'SQL', 'Spark']",5
JOB04663,BI Analyst,"['DAX', 'Data Visualization', 'Excel', 'Power BI', 'SQL']",5
JOB04664,Data Analyst,"['Excel', 'Power BI', 'Python', 'SQL', 'Tableau']",5
JOB04665,DevOps Engineer,"['AWS', 'Docker', 'Jenkins', 'Kubernetes', 'Linux']",5
JOB04666,Web Developer,"['CSS', 'Git', 'HTML', 'Java', 'JavaScript', 'Machine Learning', 'React']",7
JOB04667,Python Developer,"['Django', 'Flask', 'Git', 'Python', 'SQL']",5
JOB04668,Business Analyst,"['Business Analysis', 'Excel', 'Power BI', 'Requirements Gathering', 'SQL']",5
JOB04669,Software Engineer,"['Git', 'Java', 'Python', 'REST API', 'SQL']",5
JOB04670,Business Analyst,"['Business Analysis', 'Excel', 'Power BI', 'Requirements Gathering', 'SQL']",5
JOB04671,Python Developer,"['Django', 'Flask', 'Git', 'Python', 'SQL']",5
JOB04672,Financial Analyst,"['Excel', 'Financial Modeling', 'Power BI', 'SQL', 'Statistics']",5
JOB04673,QA Engineer,"['Automation Testing', 'Java', 'Python', 'SQL', 'Selenium']",5
JOB04674,Power BI Developer,"['DAX', 'Excel', 'Power BI', 'Power Query', 'SQL']",5
JOB04675,Database Administrator,"['Database', 'Database Administration', 'MySQL', 'Oracle', 'PostgreSQL', 'SQL']",6
JOB04676,Business Analyst,"['Business Analysis', 'Excel', 'Power BI', 'Requirements Gathering', 'SQL']",5
JOB04677,Financial Analyst,"['Excel', 'Financial Modeling', 'Power BI', 'SQL', 'Statistics']",5
JOB04678,Power BI Developer,"['DAX', 'Excel', 'Power BI', 'Power Query', 'SQL']",5
JOB04679,Business Analyst,"['Business Analysis', 'Excel', 'Power BI', 'Requirements Gathering', 'SQL']",5
JOB04680,Financial Analyst,"['Excel', 'Financial Modeling', 'Power BI', 'SQL', 'Statistics']",5
JOB04681,Web Developer,"['CSS', 'Git', 'HTML', 'Java', 'JavaScript', 'Machine Learning', 'Oracle', 'React']",8
JOB04682,Business Analyst,"['Business Analysis', 'Excel', 'Oracle', 'Power BI', 'Requirements Gathering', 'SQL']",6
JOB04683,Python Developer,"['Django', 'Flask', 'Git', 'Python', 'SQL']",5
JOB04684,Product Analyst,"['Excel', 'Product Analytics', 'Python', 'SQL']",4
JOB04685,Full Stack Developer,"['CSS', 'HTML', 'Java', 'JavaScript', 'Machine Learning', 'Node', 'React']",7
JOB04686,BI Analyst,"['DAX', 'Data Visualization', 'Excel', 'Power BI', 'SQL']",5
JOB04687,Data Engineer,"['AWS', 'ETL', 'Python', 'SQL', 'Spark']",5
JOB04688,Data Analyst,"['Excel', 'Power BI', 'Python', 'SQL', 'Tableau']",5
JOB04689,Web Developer,"['CSS', 'Git', 'HTML', 'Java', 'JavaScript', 'Machine Learning', 'Oracle', 'React']",8
JOB04690,QA Engineer,"['Automation Testing', 'Java', 'Python', 'SQL', 'Selenium']",5
JOB04691,Cloud Engineer,"['AWS', 'Azure', 'Cloud Computing', 'Docker', 'Linux']",5
JOB04692,Product Analyst,"['Excel', 'Product Analytics', 'Python', 'SQL']",4
JOB04693,BI Analyst,"['DAX', 'Data Visualization', 'Excel', 'Power BI', 'SQL']",5
JOB04694,Database Administrator,"['Database', 'Database Administration', 'MySQL', 'Oracle', 'PostgreSQL', 'SQL']",6
JOB04695,Data Scientist,"['Machine Learning', 'Pandas', 'Python', 'SQL', 'Statistics']",5
JOB04696,Financial Analyst,"['Excel', 'Financial Modeling', 'Oracle', 'Power BI', 'SQL', 'Statistics']",6
JOB04697,Database Administrator,"['Database', 'Database Administration', 'MySQL', 'Oracle', 'PostgreSQL', 'SQL']",6
JOB04698,Power BI Developer,"['DAX', 'Excel', 'Power BI', 'Power Query', 'SQL']",5
JOB04699,Cloud Engineer,"['AWS', 'Azure', 'Cloud Computing', 'Docker', 'Linux']",5
JOB04700,Full Stack Developer,"['CSS', 'HTML', 'Java', 'JavaScript', 'Machine Learning', 'Node', 'React']",7
JOB04701,Data Scientist,"['Machine Learning', 'Pandas', 'Python', 'SQL', 'Statistics']",5
JOB04702,Power BI Developer,"['DAX', 'Excel', 'Oracle', 'Power BI', 'Power Query', 'SQL']",6
JOB04703,Financial Analyst,"['Excel', 'Financial Modeling', 'Power BI', 'SQL', 'Statistics']",5
JOB04704,Data Engineer,"['AWS', 'ETL', 'Python', 'SQL', 'Spark']",5
JOB04705,Web Developer,"['CSS', 'Git', 'HTML', 'Java', 'JavaScript', 'Machine Learning', 'React']",7
JOB04706,Python Developer,"['Django', 'Flask', 'Git', 'Python', 'SQL']",5
JOB04707,Python Developer,"['Django', 'Flask', 'Git', 'Python', 'SQL']",5
JOB04708,Web Developer,"['CSS', 'Git', 'HTML', 'Java', 'JavaScript', 'Machine Learning', 'Oracle', 'React']",8
JOB04709,Cloud Engineer,"['AWS', 'Azure', 'Cloud Computing', 'Docker', 'Linux']",5
JOB04710,Web Developer,"['CSS', 'Git', 'HTML', 'Java', 'JavaScript', 'Machine Learning', 'React']",7
JOB04711,BI Analyst,"['DAX', 'Data Visualization', 'Excel', 'Power BI', 'SQL']",5
JOB04712,Product Analyst,"['Excel', 'Product Analytics', 'Python', 'SQL']",4
JOB04713,Machine Learning Engineer,"['Docker', 'Machine Learning', 'Oracle', 'Python', 'Scikit-learn', 'TensorFlow']",6
JOB04714,Power BI Developer,"['DAX', 'Excel', 'Power BI', 'Power Query', 'SQL']",5
JOB04715,Machine Learning Engineer,"['Docker', 'Machine Learning', 'Python', 'Scikit-learn', 'TensorFlow']",5
JOB04716,Data Engineer,"['AWS', 'ETL', 'Python', 'SQL', 'Spark']",5
JOB04717,SQL Developer,"['Database', 'ETL', 'MySQL', 'PostgreSQL', 'SQL']",5
JOB04718,Cloud Engineer,"['AWS', 'Azure', 'Cloud Computing', 'Docker', 'Linux']",5
JOB04719,Full Stack Developer,"['CSS', 'HTML', 'Java', 'JavaScript', 'Machine Learning', 'Node', 'React']",7
JOB04720,Data Analyst,"['Excel', 'Power BI', 'Python', 'SQL', 'Tableau']",5
JOB04721,BI Analyst,"['DAX', 'Data Visualization', 'Excel', 'Power BI', 'SQL']",5
JOB04722,Data Analyst,"['Excel', 'Power BI', 'Python', 'SQL', 'Tableau']",5
JOB04723,Power BI Developer,"['DAX', 'Excel', 'Power BI', 'Power Query', 'SQL']",5
JOB04724,DevOps Engineer,"['AWS', 'Docker', 'Jenkins', 'Kubernetes', 'Linux']",5
JOB04725,Full Stack Developer,"['CSS', 'Cloud Computing', 'HTML', 'Java', 'JavaScript', 'Machine Learning', 'Node', 'React']",8
JOB04726,Software Engineer,"['Git', 'Java', 'Oracle', 'Python', 'REST API', 'SQL']",6
JOB04727,QA Engineer,"['Automation Testing', 'Java', 'Python', 'SQL', 'Selenium']",5
JOB04728,Web Developer,"['CSS', 'Git', 'HTML', 'Java', 'JavaScript', 'Machine Learning', 'React']",7
JOB04729,Data Analyst,"['Excel', 'Power BI', 'Python', 'SQL', 'Tableau']",5
JOB04730,Data Engineer,"['AWS', 'ETL', 'Python', 'SQL', 'Spark']",5
JOB04731,Marketing Analyst,"['Excel', 'Marketing Analytics', 'Oracle', 'Power BI', 'Python', 'SQL']",6
JOB04732,Data Analyst,"['Excel', 'Power BI', 'Python', 'SQL', 'Tableau']",5
JOB04733,Web Developer,"['CSS', 'Git', 'HTML', 'Java', 'JavaScript', 'Machine Learning', 'React']",7
JOB04734,Python Developer,"['Django', 'Flask', 'Git', 'Python', 'SQL']",5
JOB04735,Full Stack Developer,"['CSS', 'Cloud Computing', 'HTML', 'Java', 'JavaScript', 'Machine Learning', 'Node', 'React']",8
JOB04736,Business Analyst,"['Business Analysis', 'Excel', 'Power BI', 'Requirements Gathering', 'SQL']",5
JOB04737,HR Analyst,"['Data Analysis', 'Excel', 'HR Analytics', 'Power BI', 'SQL']",5
JOB04738,Product Analyst,"['Excel', 'Product Analytics', 'Python', 'SQL']",4
JOB04739,Full Stack Developer,"['CSS', 'HTML', 'Java', 'JavaScript', 'Machine Learning', 'Node', 'React']",7
JOB04740,Full Stack Developer,"['CSS', 'HTML', 'Java', 'JavaScript', 'Machine Learning', 'Node', 'React']",7
JOB04741,BI Analyst,"['DAX', 'Data Visualization', 'Excel', 'Power BI', 'SQL']",5
JOB04742,Cloud Engineer,"['AWS', 'Azure', 'Cloud Computing', 'Docker', 'Linux']",5
JOB04743,Web Developer,"['CSS', 'Git', 'HTML', 'Java', 'JavaScript', 'Machine Learning', 'React']",7
JOB04744,Database Administrator,"['Database', 'Database Administration', 'MySQL', 'Oracle', 'PostgreSQL', 'SQL']",6
JOB04745,HR Analyst,"['Data Analysis', 'Excel', 'HR Analytics', 'Power BI', 'SQL']",5
JOB04746,Web Developer,"['CSS', 'Git', 'HTML', 'Java', 'JavaScript', 'Machine Learning', 'React']",7
JOB04747,Full Stack Developer,"['CSS', 'HTML', 'Java', 'JavaScript', 'Machine Learning', 'Node', 'React']",7
JOB04748,Business Analyst,"['Business Analysis', 'Excel', 'Power BI', 'Requirements Gathering', 'SQL']",5
JOB04749,Full Stack Developer,"['CSS', 'HTML', 'Java', 'JavaScript', 'Machine Learning', 'Node', 'React']",7
JOB04750,Marketing Analyst,"['Excel', 'Marketing Analytics', 'Power BI', 'Python', 'SQL']",5
JOB04751,BI Analyst,"['DAX', 'Data Visualization', 'Excel', 'Power BI', 'SQL']",5
JOB04752,Marketing Analyst,"['Excel', 'Marketing Analytics', 'Power BI', 'Python', 'SQL']",5
JOB04753,Power BI Developer,"['DAX', 'Excel', 'Power BI', 'Power Query', 'SQL']",5
JOB04754,Power BI Developer,"['DAX', 'Excel', 'Power BI', 'Power Query', 'SQL']",5
JOB04755,Data Scientist,"['Machine Learning', 'Pandas', 'Python', 'SQL', 'Statistics']",5
JOB04756,Web Developer,"['CSS', 'Git', 'HTML', 'Java', 'JavaScript', 'Machine Learning', 'React']",7
JOB04757,Marketing Analyst,"['Cloud Computing', 'Excel', 'Marketing Analytics', 'Power BI', 'Python', 'SQL']",6
JOB04758,Machine Learning Engineer,"['Docker', 'Machine Learning', 'Python', 'Scikit-learn', 'TensorFlow']",5
JOB04759,Software Engineer,"['Git', 'Java', 'Python', 'REST API', 'SQL']",5
JOB04760,Database Administrator,"['Database', 'Database Administration', 'MySQL', 'Oracle', 'PostgreSQL', 'SQL']",6
JOB04761,Marketing Analyst,"['Excel', 'Marketing Analytics', 'Power BI', 'Python', 'SQL']",5
JOB04762,HR Analyst,"['Data Analysis', 'Excel', 'HR Analytics', 'Power BI', 'SQL']",5
JOB04763,Full Stack Developer,"['CSS', 'HTML', 'Java', 'JavaScript', 'Machine Learning', 'Node', 'React']",7
JOB04764,BI Analyst,"['DAX', 'Data Visualization', 'Excel', 'Power BI', 'SQL']",5
JOB04765,QA Engineer,"['Automation Testing', 'Java', 'Python', 'SQL', 'Selenium']",5
JOB04766,Financial Analyst,"['Cloud Computing', 'Excel', 'Financial Modeling', 'Power BI', 'SQL', 'Statistics']",6
JOB04767,Full Stack Developer,"['CSS', 'HTML', 'Java', 'JavaScript', 'Machine Learning', 'Node', 'React']",7
JOB04768,Data Analyst,"['Excel', 'Oracle', 'Power BI', 'Python', 'SQL', 'Tableau']",6
JOB04769,QA Engineer,"['Automation Testing', 'Java', 'Python', 'SQL', 'Selenium']",5
JOB04770,Python Developer,"['Django', 'Flask', 'Git', 'Python', 'SQL']",5
JOB04771,SQL Developer,"['Database', 'ETL', 'MySQL', 'Oracle', 'PostgreSQL', 'SQL']",6
JOB04772,Power BI Developer,"['DAX', 'Excel', 'Power BI', 'Power Query', 'SQL']",5
JOB04773,Machine Learning Engineer,"['Cloud Computing', 'Docker', 'Machine Learning', 'Python', 'Scikit-learn', 'TensorFlow']",6
JOB04774,Web Developer,"['CSS', 'Git', 'HTML', 'Java', 'JavaScript', 'Machine Learning', 'React']",7
JOB04775,Financial Analyst,"['Cloud Computing', 'Excel', 'Financial Modeling', 'Power BI', 'SQL', 'Statistics']",6
JOB04776,Product Analyst,"['Cloud Computing', 'Excel', 'Product Analytics', 'Python', 'SQL']",5
JOB04777,Full Stack Developer,"['CSS', 'HTML', 'Java', 'JavaScript', 'Machine Learning', 'Node', 'React']",7
JOB04778,BI Analyst,"['DAX', 'Data Visualization', 'Excel', 'Power BI', 'SQL']",5
JOB04779,Software Engineer,"['Git', 'Java', 'Python', 'REST API', 'SQL']",5
JOB04780,Product Analyst,"['Excel', 'Product Analytics', 'Python', 'SQL']",4
JOB04781,Machine Learning Engineer,"['Docker', 'Machine Learning', 'Python', 'Scikit-learn', 'TensorFlow']",5
JOB04782,Data Analyst,"['Excel', 'Power BI', 'Python', 'SQL', 'Tableau']",5
JOB04783,Data Engineer,"['AWS', 'ETL', 'Python', 'SQL', 'Spark']",5
JOB04784,Cloud Engineer,"['AWS', 'Azure', 'Cloud Computing', 'Docker', 'Linux']",5
JOB04785,Machine Learning Engineer,"['Docker', 'Machine Learning', 'Python', 'Scikit-learn', 'TensorFlow']",5
JOB04786,Cloud Engineer,"['AWS', 'Azure', 'Cloud Computing', 'Docker', 'Linux']",5
JOB04787,Marketing Analyst,"['Excel', 'Marketing Analytics', 'Power BI', 'Python', 'SQL']",5
JOB04788,Power BI Developer,"['DAX', 'Excel', 'Power BI', 'Power Query', 'SQL']",5
JOB04789,Financial Analyst,"['Excel', 'Financial Modeling', 'Power BI', 'SQL', 'Statistics']",5
JOB04790,Full Stack Developer,"['CSS', 'HTML', 'Java', 'JavaScript', 'Machine Learning', 'Node', 'React']",7
JOB04791,Data Engineer,"['AWS', 'ETL', 'Python', 'SQL', 'Spark']",5
JOB04792,Power BI Developer,"['DAX', 'Excel', 'Power BI', 'Power Query', 'SQL']",5
JOB04793,Power BI Developer,"['DAX', 'Excel', 'Power BI', 'Power Query', 'SQL']",5
JOB04794,DevOps Engineer,"['AWS', 'Docker', 'Jenkins', 'Kubernetes', 'Linux']",5
JOB04795,Software Engineer,"['Git', 'Java', 'Python', 'REST API', 'SQL']",5
JOB04796,Power BI Developer,"['DAX', 'Excel', 'Power BI', 'Power Query', 'SQL']",5
JOB04797,DevOps Engineer,"['AWS', 'Docker', 'Jenkins', 'Kubernetes', 'Linux']",5
JOB04798,Financial Analyst,"['Excel', 'Financial Modeling', 'Power BI', 'SQL', 'Statistics']",5
JOB04799,Financial Analyst,"['Excel', 'Financial Modeling', 'Power BI', 'SQL', 'Statistics']",5
JOB04800,SQL Developer,"['Cloud Computing', 'Database', 'ETL', 'MySQL', 'PostgreSQL', 'SQL']",6
JOB04801,SQL Developer,"['Database', 'ETL', 'MySQL', 'PostgreSQL', 'SQL']",5
JOB04802,Marketing Analyst,"['Excel', 'Marketing Analytics', 'Power BI', 'Python', 'SQL']",5
JOB04803,Data Scientist,"['Machine Learning', 'Pandas', 'Python', 'SQL', 'Statistics']",5
JOB04804,Data Analyst,"['Excel', 'Power BI', 'Python', 'SQL', 'Tableau']",5
JOB04805,Machine Learning Engineer,"['Docker', 'Machine Learning', 'Python', 'Scikit-learn', 'TensorFlow']",5
JOB04806,DevOps Engineer,"['AWS', 'Docker', 'Jenkins', 'Kubernetes', 'Linux']",5
JOB04807,Software Engineer,"['Git', 'Java', 'Python', 'REST API', 'SQL']",5
JOB04808,Cloud Engineer,"['AWS', 'Azure', 'Cloud Computing', 'Docker', 'Linux']",5
JOB04809,Cloud Engineer,"['AWS', 'Azure', 'Cloud Computing', 'Docker', 'Linux']",5
JOB04810,Business Analyst,"['Business Analysis', 'Excel', 'Power BI', 'Requirements Gathering', 'SQL']",5
JOB04811,SQL Developer,"['Database', 'ETL', 'MySQL', 'Oracle', 'PostgreSQL', 'SQL']",6
JOB04812,Data Analyst,"['Excel', 'Power BI', 'Python', 'SQL', 'Tableau']",5
JOB04813,Data Engineer,"['AWS', 'ETL', 'Python', 'SQL', 'Spark']",5
JOB04814,BI Analyst,"['DAX', 'Data Visualization', 'Excel', 'Power BI', 'SQL']",5
JOB04815,SQL Developer,"['Database', 'ETL', 'MySQL', 'PostgreSQL', 'SQL']",5
JOB04816,Software Engineer,"['Git', 'Java', 'Python', 'REST API', 'SQL']",5
JOB04817,SQL Developer,"['Database', 'ETL', 'MySQL', 'PostgreSQL', 'SQL']",5
JOB04818,Database Administrator,"['Database', 'Database Administration', 'MySQL', 'Oracle', 'PostgreSQL', 'SQL']",6
JOB04819,Marketing Analyst,"['Excel', 'Marketing Analytics', 'Oracle', 'Power BI', 'Python', 'SQL']",6
JOB04820,Data Engineer,"['AWS', 'ETL', 'Python', 'SQL', 'Spark']",5
JOB04821,Product Analyst,"['Excel', 'Product Analytics', 'Python', 'SQL']",4
JOB04822,Business Analyst,"['Business Analysis', 'Excel', 'Oracle', 'Power BI', 'Requirements Gathering', 'SQL']",6
JOB04823,Product Analyst,"['Excel', 'Product Analytics', 'Python', 'SQL']",4
JOB04824,Power BI Developer,"['DAX', 'Excel', 'Power BI', 'Power Query', 'SQL']",5
JOB04825,Cloud Engineer,"['AWS', 'Azure', 'Cloud Computing', 'Docker', 'Linux']",5
JOB04826,Data Scientist,"['Machine Learning', 'Pandas', 'Python', 'SQL', 'Statistics']",5
JOB04827,DevOps Engineer,"['AWS', 'Docker', 'Jenkins', 'Kubernetes', 'Linux']",5
JOB04828,Data Scientist,"['Machine Learning', 'Pandas', 'Python', 'SQL', 'Statistics']",5
JOB04829,Web Developer,"['CSS', 'Git', 'HTML', 'Java', 'JavaScript', 'Machine Learning', 'React']",7
JOB04830,Full Stack Developer,"['CSS', 'HTML', 'Java', 'JavaScript', 'Machine Learning', 'Node', 'React']",7
JOB04831,DevOps Engineer,"['AWS', 'Docker', 'Jenkins', 'Kubernetes', 'Linux']",5
JOB04832,Product Analyst,"['Excel', 'Product Analytics', 'Python', 'SQL']",4
JOB04833,Business Analyst,"['Business Analysis', 'Excel', 'Power BI', 'Requirements Gathering', 'SQL']",5
JOB04834,SQL Developer,"['Database', 'ETL', 'MySQL', 'PostgreSQL', 'SQL']",5
JOB04835,QA Engineer,"['Automation Testing', 'Java', 'Python', 'SQL', 'Selenium']",5
JOB04836,Python Developer,"['Django', 'Flask', 'Git', 'Python', 'SQL']",5
JOB04837,HR Analyst,"['Data Analysis', 'Excel', 'HR Analytics', 'Power BI', 'SQL']",5
JOB04838,Power BI Developer,"['DAX', 'Excel', 'Power BI', 'Power Query', 'SQL']",5
JOB04839,Cloud Engineer,"['AWS', 'Azure', 'Cloud Computing', 'Docker', 'Linux']",5
JOB04840,BI Analyst,"['DAX', 'Data Visualization', 'Excel', 'Power BI', 'SQL']",5
JOB04841,Python Developer,"['Django', 'Flask', 'Git', 'Python', 'SQL']",5
JOB04842,Machine Learning Engineer,"['Docker', 'Machine Learning', 'Python', 'Scikit-learn', 'TensorFlow']",5
JOB04843,Financial Analyst,"['Excel', 'Financial Modeling', 'Power BI', 'SQL', 'Statistics']",5
JOB04844,SQL Developer,"['Database', 'ETL', 'MySQL', 'PostgreSQL', 'SQL']",5
JOB04845,QA Engineer,"['Automation Testing', 'Java', 'Python', 'SQL', 'Selenium']",5
JOB04846,Power BI Developer,"['DAX', 'Excel', 'Power BI', 'Power Query', 'SQL']",5
JOB04847,Python Developer,"['Django', 'Flask', 'Git', 'Python', 'SQL']",5
JOB04848,QA Engineer,"['Automation Testing', 'Java', 'Python', 'SQL', 'Selenium']",5
JOB04849,Machine Learning Engineer,"['Docker', 'Machine Learning', 'Python', 'Scikit-learn', 'TensorFlow']",5
JOB04850,HR Analyst,"['Data Analysis', 'Excel', 'HR Analytics', 'Power BI', 'SQL']",5
JOB04851,Power BI Developer,"['DAX', 'Excel', 'Power BI', 'Power Query', 'SQL']",5
JOB04852,Database Administrator,"['Database', 'Database Administration', 'MySQL', 'Oracle', 'PostgreSQL', 'SQL']",6
JOB04853,Python Developer,"['Cloud Computing', 'Django', 'Flask', 'Git', 'Python', 'SQL']",6
JOB04854,Data Engineer,"['AWS', 'ETL', 'Python', 'SQL', 'Spark']",5
JOB04855,Power BI Developer,"['DAX', 'Excel', 'Power BI', 'Power Query', 'SQL']",5
JOB04856,QA Engineer,"['Automation Testing', 'Java', 'Python', 'SQL', 'Selenium']",5
JOB04857,Data Scientist,"['Machine Learning', 'Oracle', 'Pandas', 'Python', 'SQL', 'Statistics']",6
JOB04858,Product Analyst,"['Excel', 'Product Analytics', 'Python', 'SQL']",4
JOB04859,SQL Developer,"['Database', 'ETL', 'MySQL', 'PostgreSQL', 'SQL']",5
JOB04860,BI Analyst,"['DAX', 'Data Visualization', 'Excel', 'Power BI', 'SQL']",5
JOB04861,Database Administrator,"['Database', 'Database Administration', 'MySQL', 'Oracle', 'PostgreSQL', 'SQL']",6
JOB04862,Data Engineer,"['AWS', 'ETL', 'Python', 'SQL', 'Spark']",5
JOB04863,Data Scientist,"['Machine Learning', 'Pandas', 'Python', 'SQL', 'Statistics']",5
JOB04864,HR Analyst,"['Data Analysis', 'Excel', 'HR Analytics', 'Power BI', 'SQL']",5
JOB04865,Web Developer,"['CSS', 'Git', 'HTML', 'Java', 'JavaScript', 'Machine Learning', 'React']",7
JOB04866,HR Analyst,"['Data Analysis', 'Excel', 'HR Analytics', 'Power BI', 'SQL']",5
JOB04867,Machine Learning Engineer,"['Docker', 'Machine Learning', 'Python', 'Scikit-learn', 'TensorFlow']",5
JOB04868,DevOps Engineer,"['AWS', 'Docker', 'Jenkins', 'Kubernetes', 'Linux']",5
JOB04869,QA Engineer,"['Automation Testing', 'Java', 'Python', 'SQL', 'Selenium']",5
JOB04870,Machine Learning Engineer,"['Docker', 'Machine Learning', 'Python', 'Scikit-learn', 'TensorFlow']",5
JOB04871,HR Analyst,"['Data Analysis', 'Excel', 'HR Analytics', 'Power BI', 'SQL']",5
JOB04872,HR Analyst,"['Data Analysis', 'Excel', 'HR Analytics', 'Oracle', 'Power BI', 'SQL']",6
JOB04873,Marketing Analyst,"['Excel', 'Marketing Analytics', 'Power BI', 'Python', 'SQL']",5
JOB04874,Marketing Analyst,"['Excel', 'Marketing Analytics', 'Power BI', 'Python', 'SQL']",5
JOB04875,Financial Analyst,"['Excel', 'Financial Modeling', 'Power BI', 'SQL', 'Statistics']",5
JOB04876,Cloud Engineer,"['AWS', 'Azure', 'Cloud Computing', 'Docker', 'Linux', 'Oracle']",6
JOB04877,Power BI Developer,"['DAX', 'Excel', 'Oracle', 'Power BI', 'Power Query', 'SQL']",6
JOB04878,Marketing Analyst,"['Excel', 'Marketing Analytics', 'Power BI', 'Python', 'SQL']",5
JOB04879,HR Analyst,"['Cloud Computing', 'Data Analysis', 'Excel', 'HR Analytics', 'Power BI', 'SQL']",6
JOB04880,Cloud Engineer,"['AWS', 'Azure', 'Cloud Computing', 'Docker', 'Linux']",5
JOB04881,BI Analyst,"['DAX', 'Data Visualization', 'Excel', 'Power BI', 'SQL']",5
JOB04882,Marketing Analyst,"['Excel', 'Marketing Analytics', 'Power BI', 'Python', 'SQL']",5
JOB04883,Web Developer,"['CSS', 'Git', 'HTML', 'Java', 'JavaScript', 'Machine Learning', 'React']",7
JOB04884,BI Analyst,"['DAX', 'Data Visualization', 'Excel', 'Power BI', 'SQL']",5
JOB04885,Python Developer,"['Django', 'Flask', 'Git', 'Python', 'SQL']",5
JOB04886,Cloud Engineer,"['AWS', 'Azure', 'Cloud Computing', 'Docker', 'Linux']",5
JOB04887,Data Scientist,"['Machine Learning', 'Pandas', 'Python', 'SQL', 'Statistics']",5
JOB04888,Data Analyst,"['Excel', 'Power BI', 'Python', 'SQL', 'Tableau']",5
JOB04889,Marketing Analyst,"['Excel', 'Marketing Analytics', 'Power BI', 'Python', 'SQL']",5
JOB04890,DevOps Engineer,"['AWS', 'Docker', 'Jenkins', 'Kubernetes', 'Linux']",5
JOB04891,Data Engineer,"['AWS', 'ETL', 'Python', 'SQL', 'Spark']",5
JOB04892,Cloud Engineer,"['AWS', 'Azure', 'Cloud Computing', 'Docker', 'Linux']",5
JOB04893,Data Scientist,"['Machine Learning', 'Pandas', 'Python', 'SQL', 'Statistics']",5
JOB04894,Data Engineer,"['AWS', 'ETL', 'Python', 'SQL', 'Spark']",5
JOB04895,DevOps Engineer,"['AWS', 'Docker', 'Jenkins', 'Kubernetes', 'Linux']",5
JOB04896,SQL Developer,"['Database', 'ETL', 'MySQL', 'PostgreSQL', 'SQL']",5
JOB04897,Cloud Engineer,"['AWS', 'Azure', 'Cloud Computing', 'Docker', 'Linux']",5
JOB04898,Marketing Analyst,"['Excel', 'Marketing Analytics', 'Power BI', 'Python', 'SQL']",5
JOB04899,Data Engineer,"['AWS', 'ETL', 'Python', 'SQL', 'Spark']",5
JOB04900,Database Administrator,"['Database', 'Database Administration', 'MySQL', 'Oracle', 'PostgreSQL', 'SQL']",6
JOB04901,Python Developer,"['Django', 'Flask', 'Git', 'Python', 'SQL']",5
JOB04902,QA Engineer,"['Automation Testing', 'Java', 'Python', 'SQL', 'Selenium']",5
JOB04903,Full Stack Developer,"['CSS', 'HTML', 'Java', 'JavaScript', 'Machine Learning', 'Node', 'React']",7
JOB04904,Web Developer,"['CSS', 'Git', 'HTML', 'Java', 'JavaScript', 'Machine Learning', 'Oracle', 'React']",8
JOB04905,Financial Analyst,"['Excel', 'Financial Modeling', 'Power BI', 'SQL', 'Statistics']",5
JOB04906,Machine Learning Engineer,"['Docker', 'Machine Learning', 'Python', 'Scikit-learn', 'TensorFlow']",5
JOB04907,HR Analyst,"['Data Analysis', 'Excel', 'HR Analytics', 'Power BI', 'SQL']",5
JOB04908,Marketing Analyst,"['Excel', 'Marketing Analytics', 'Power BI', 'Python', 'SQL']",5
JOB04909,HR Analyst,"['Data Analysis', 'Excel', 'HR Analytics', 'Power BI', 'SQL']",5
JOB04910,DevOps Engineer,"['AWS', 'Docker', 'Jenkins', 'Kubernetes', 'Linux']",5
JOB04911,Full Stack Developer,"['CSS', 'HTML', 'Java', 'JavaScript', 'Machine Learning', 'Node', 'React']",7
JOB04912,Cloud Engineer,"['AWS', 'Azure', 'Cloud Computing', 'Docker', 'Linux']",5
JOB04913,Full Stack Developer,"['CSS', 'HTML', 'Java', 'JavaScript', 'Machine Learning', 'Node', 'React']",7
JOB04914,QA Engineer,"['Automation Testing', 'Java', 'Python', 'SQL', 'Selenium']",5
JOB04915,Data Engineer,"['AWS', 'ETL', 'Python', 'SQL', 'Spark']",5
JOB04916,Machine Learning Engineer,"['Docker', 'Machine Learning', 'Python', 'Scikit-learn', 'TensorFlow']",5
JOB04917,Power BI Developer,"['DAX', 'Excel', 'Power BI', 'Power Query', 'SQL']",5
JOB04918,Power BI Developer,"['DAX', 'Excel', 'Power BI', 'Power Query', 'SQL']",5
JOB04919,BI Analyst,"['DAX', 'Data Visualization', 'Excel', 'Power BI', 'SQL']",5
JOB04920,Data Analyst,"['Excel', 'Power BI', 'Python', 'SQL', 'Tableau']",5
JOB04921,Data Analyst,"['Excel', 'Power BI', 'Python', 'SQL', 'Tableau']",5
JOB04922,Business Analyst,"['Business Analysis', 'Excel', 'Power BI', 'Requirements Gathering', 'SQL']",5
JOB04923,Business Analyst,"['Business Analysis', 'Excel', 'Power BI', 'Requirements Gathering', 'SQL']",5
JOB04924,HR Analyst,"['Data Analysis', 'Excel', 'HR Analytics', 'Power BI', 'SQL']",5
JOB04925,SQL Developer,"['Database', 'ETL', 'MySQL', 'PostgreSQL', 'SQL']",5
JOB04926,Database Administrator,"['Database', 'Database Administration', 'MySQL', 'Oracle', 'PostgreSQL', 'SQL']",6
JOB04927,Financial Analyst,"['Excel', 'Financial Modeling', 'Power BI', 'SQL', 'Statistics']",5
JOB04928,Software Engineer,"['Git', 'Java', 'Python', 'REST API', 'SQL']",5
JOB04929,BI Analyst,"['DAX', 'Data Visualization', 'Excel', 'Power BI', 'SQL']",5
JOB04930,QA Engineer,"['Automation Testing', 'Java', 'Python', 'SQL', 'Selenium']",5
JOB04931,Full Stack Developer,"['CSS', 'HTML', 'Java', 'JavaScript', 'Machine Learning', 'Node', 'React']",7
JOB04932,Database Administrator,"['Database', 'Database Administration', 'MySQL', 'Oracle', 'PostgreSQL', 'SQL']",6
JOB04933,Database Administrator,"['Database', 'Database Administration', 'MySQL', 'Oracle', 'PostgreSQL', 'SQL']",6
JOB04934,DevOps Engineer,"['AWS', 'Docker', 'Jenkins', 'Kubernetes', 'Linux']",5
JOB04935,BI Analyst,"['DAX', 'Data Visualization', 'Excel', 'Power BI', 'SQL']",5
JOB04936,Business Analyst,"['Business Analysis', 'Excel', 'Power BI', 'Requirements Gathering', 'SQL']",5
JOB04937,Database Administrator,"['Database', 'Database Administration', 'MySQL', 'Oracle', 'PostgreSQL', 'SQL']",6
JOB04938,BI Analyst,"['DAX', 'Data Visualization', 'Excel', 'Power BI', 'SQL']",5
JOB04939,Software Engineer,"['Git', 'Java', 'Python', 'REST API', 'SQL']",5
JOB04940,Financial Analyst,"['Excel', 'Financial Modeling', 'Power BI', 'SQL', 'Statistics']",5
JOB04941,DevOps Engineer,"['AWS', 'Docker', 'Jenkins', 'Kubernetes', 'Linux']",5
JOB04942,QA Engineer,"['Automation Testing', 'Java', 'Python', 'SQL', 'Selenium']",5
JOB04943,Software Engineer,"['Git', 'Java', 'Python', 'REST API', 'SQL']",5
JOB04944,Machine Learning Engineer,"['Docker', 'Machine Learning', 'Python', 'Scikit-learn', 'TensorFlow']",5
JOB04945,Python Developer,"['Django', 'Flask', 'Git', 'Python', 'SQL']",5
JOB04946,Machine Learning Engineer,"['Docker', 'Machine Learning', 'Python', 'Scikit-learn', 'TensorFlow']",5
JOB04947,Power BI Developer,"['DAX', 'Excel', 'Power BI', 'Power Query', 'SQL']",5
JOB04948,Cloud Engineer,"['AWS', 'Azure', 'Cloud Computing', 'Docker', 'Linux']",5
JOB04949,Database Administrator,"['Database', 'Database Administration', 'MySQL', 'Oracle', 'PostgreSQL', 'SQL']",6
JOB04950,BI Analyst,"['DAX', 'Data Visualization', 'Excel', 'Power BI', 'SQL']",5
JOB04951,SQL Developer,"['Database', 'ETL', 'MySQL', 'PostgreSQL', 'SQL']",5
JOB04952,Product Analyst,"['Excel', 'Product Analytics', 'Python', 'SQL']",4
JOB04953,Business Analyst,"['Business Analysis', 'Excel', 'Power BI', 'Requirements Gathering', 'SQL']",5
JOB04954,Financial Analyst,"['Excel', 'Financial Modeling', 'Power BI', 'SQL', 'Statistics']",5
JOB04955,Web Developer,"['CSS', 'Git', 'HTML', 'Java', 'JavaScript', 'Machine Learning', 'React']",7
JOB04956,Business Analyst,"['Business Analysis', 'Excel', 'Power BI', 'Requirements Gathering', 'SQL']",5
JOB04957,Data Scientist,"['Machine Learning', 'Pandas', 'Python', 'SQL', 'Statistics']",5
JOB04958,Data Scientist,"['Machine Learning', 'Pandas', 'Python', 'SQL', 'Statistics']",5
JOB04959,DevOps Engineer,"['AWS', 'Docker', 'Jenkins', 'Kubernetes', 'Linux']",5
JOB04960,SQL Developer,"['Database', 'ETL', 'MySQL', 'PostgreSQL', 'SQL']",5
JOB04961,Web Developer,"['CSS', 'Git', 'HTML', 'Java', 'JavaScript', 'Machine Learning', 'React']",7
JOB04962,Product Analyst,"['Excel', 'Product Analytics', 'Python', 'SQL']",4
JOB04963,Marketing Analyst,"['Excel', 'Marketing Analytics', 'Power BI', 'Python', 'SQL']",5
JOB04964,Cloud Engineer,"['AWS', 'Azure', 'Cloud Computing', 'Docker', 'Linux']",5
JOB04965,Python Developer,"['Django', 'Flask', 'Git', 'Python', 'SQL']",5
JOB04966,Software Engineer,"['Git', 'Java', 'Python', 'REST API', 'SQL']",5
JOB04967,Python Developer,"['Django', 'Flask', 'Git', 'Oracle', 'Python', 'SQL']",6
JOB04968,Marketing Analyst,"['Cloud Computing', 'Excel', 'Marketing Analytics', 'Power BI', 'Python', 'SQL']",6
JOB04969,Full Stack Developer,"['CSS', 'HTML', 'Java', 'JavaScript', 'Machine Learning', 'Node', 'React']",7
JOB04970,DevOps Engineer,"['AWS', 'Docker', 'Jenkins', 'Kubernetes', 'Linux']",5
JOB04971,Database Administrator,"['Database', 'Database Administration', 'MySQL', 'Oracle', 'PostgreSQL', 'SQL']",6
JOB04972,SQL Developer,"['Database', 'ETL', 'MySQL', 'PostgreSQL', 'SQL']",5
JOB04973,Product Analyst,"['Excel', 'Product Analytics', 'Python', 'SQL']",4
JOB04974,Marketing Analyst,"['Cloud Computing', 'Excel', 'Marketing Analytics', 'Power BI', 'Python', 'SQL']",6
JOB04975,Web Developer,"['CSS', 'Git', 'HTML', 'Java', 'JavaScript', 'Machine Learning', 'React']",7
JOB04976,Business Analyst,"['Business Analysis', 'Excel', 'Power BI', 'Requirements Gathering', 'SQL']",5
JOB04977,Business Analyst,"['Business Analysis', 'Excel', 'Power BI', 'Requirements Gathering', 'SQL']",5
JOB04978,Marketing Analyst,"['Excel', 'Marketing Analytics', 'Power BI', 'Python', 'SQL']",5
JOB04979,Database Administrator,"['Database', 'Database Administration', 'MySQL', 'Oracle', 'PostgreSQL', 'SQL']",6
JOB04980,BI Analyst,"['DAX', 'Data Visualization', 'Excel', 'Power BI', 'SQL']",5
JOB04981,Database Administrator,"['Cloud Computing', 'Database', 'Database Administration', 'MySQL', 'Oracle', 'PostgreSQL', 'SQL']",7
JOB04982,Cloud Engineer,"['AWS', 'Azure', 'Cloud Computing', 'Docker', 'Linux']",5
JOB04983,HR Analyst,"['Data Analysis', 'Excel', 'HR Analytics', 'Power BI', 'SQL']",5
JOB04984,SQL Developer,"['Database', 'ETL', 'MySQL', 'PostgreSQL', 'SQL']",5
JOB04985,Software Engineer,"['Cloud Computing', 'Git', 'Java', 'Python', 'REST API', 'SQL']",6
JOB04986,Machine Learning Engineer,"['Docker', 'Machine Learning', 'Python', 'Scikit-learn', 'TensorFlow']",5
JOB04987,QA Engineer,"['Automation Testing', 'Java', 'Python', 'SQL', 'Selenium']",5
JOB04988,Web Developer,"['CSS', 'Git', 'HTML', 'Java', 'JavaScript', 'Machine Learning', 'React']",7
JOB04989,Cloud Engineer,"['AWS', 'Azure', 'Cloud Computing', 'Docker', 'Linux']",5
JOB04990,SQL Developer,"['Database', 'ETL', 'MySQL', 'PostgreSQL', 'SQL']",5
JOB04991,SQL Developer,"['Database', 'ETL', 'MySQL', 'PostgreSQL', 'SQL']",5
JOB04992,Financial Analyst,"['Excel', 'Financial Modeling', 'Power BI', 'SQL', 'Statistics']",5
JOB04993,Marketing Analyst,"['Excel', 'Marketing Analytics', 'Power BI', 'Python', 'SQL']",5
JOB04994,BI Analyst,"['DAX', 'Data Visualization', 'Excel', 'Power BI', 'SQL']",5
JOB04995,Python Developer,"['Django', 'Flask', 'Git', 'Python', 'SQL']",5
JOB04996,SQL Developer,"['Database', 'ETL', 'MySQL', 'PostgreSQL', 'SQL']",5
JOB04997,Financial Analyst,"['Excel', 'Financial Modeling', 'Oracle', 'Power BI', 'SQL', 'Statistics']",6
JOB04998,Data Scientist,"['Machine Learning', 'Pandas', 'Python', 'SQL', 'Statistics']",5
JOB04999,DevOps Engineer,"['AWS', 'Docker', 'Jenkins', 'Kubernetes', 'Linux']",5
JOB05000,Web Developer,"['CSS', 'Git', 'HTML', 'Java', 'JavaScript', 'Machine Learning', 'React']",7
JOB05001,HR Analyst,"['Data Analysis', 'Excel', 'HR Analytics', 'Power BI', 'SQL']",5
JOB05002,BI Analyst,"['DAX', 'Data Visualization', 'Excel', 'Power BI', 'SQL']",5
JOB05003,Data Scientist,"['Machine Learning', 'Pandas', 'Python', 'SQL', 'Statistics']",5
JOB05004,Cloud Engineer,"['AWS', 'Azure', 'Cloud Computing', 'Docker', 'Linux']",5
JOB05005,Software Engineer,"['Git', 'Java', 'Python', 'REST API', 'SQL']",5
JOB05006,Software Engineer,"['Git', 'Java', 'Python', 'REST API', 'SQL']",5
JOB05007,Data Engineer,"['AWS', 'ETL', 'Python', 'SQL', 'Spark']",5
JOB05008,Data Scientist,"['Cloud Computing', 'Machine Learning', 'Pandas', 'Python', 'SQL', 'Statistics']",6
JOB05009,Full Stack Developer,"['CSS', 'HTML', 'Java', 'JavaScript', 'Machine Learning', 'Node', 'React']",7
JOB05010,Web Developer,"['CSS', 'Git', 'HTML', 'Java', 'JavaScript', 'Machine Learning', 'React']",7
JOB05011,Data Scientist,"['Machine Learning', 'Pandas', 'Python', 'SQL', 'Statistics']",5
JOB05012,SQL Developer,"['Database', 'ETL', 'MySQL', 'PostgreSQL', 'SQL']",5
JOB05013,Cloud Engineer,"['AWS', 'Azure', 'Cloud Computing', 'Docker', 'Linux']",5
JOB05014,Machine Learning Engineer,"['Docker', 'Machine Learning', 'Python', 'Scikit-learn', 'TensorFlow']",5
JOB05015,Data Scientist,"['Machine Learning', 'Pandas', 'Python', 'SQL', 'Statistics']",5
JOB05016,Business Analyst,"['Business Analysis', 'Excel', 'Power BI', 'Requirements Gathering', 'SQL']",5
JOB05017,Web Developer,"['CSS', 'Git', 'HTML', 'Java', 'JavaScript', 'Machine Learning', 'React']",7
JOB05018,DevOps Engineer,"['AWS', 'Docker', 'Jenkins', 'Kubernetes', 'Linux']",5
JOB05019,Cloud Engineer,"['AWS', 'Azure', 'Cloud Computing', 'Docker', 'Linux']",5
JOB05020,Data Analyst,"['Excel', 'Power BI', 'Python', 'SQL', 'Tableau']",5
JOB05021,Product Analyst,"['Excel', 'Product Analytics', 'Python', 'SQL']",4
JOB05022,Product Analyst,"['Excel', 'Product Analytics', 'Python', 'SQL']",4
JOB05023,BI Analyst,"['DAX', 'Data Visualization', 'Excel', 'Power BI', 'SQL']",5
JOB05024,QA Engineer,"['Automation Testing', 'Java', 'Python', 'SQL', 'Selenium']",5
JOB05025,QA Engineer,"['Automation Testing', 'Cloud Computing', 'Java', 'Python', 'SQL', 'Selenium']",6
JOB05026,Financial Analyst,"['Excel', 'Financial Modeling', 'Power BI', 'SQL', 'Statistics']",5
JOB05027,DevOps Engineer,"['AWS', 'Docker', 'Jenkins', 'Kubernetes', 'Linux']",5
JOB05028,Database Administrator,"['Database', 'Database Administration', 'MySQL', 'Oracle', 'PostgreSQL', 'SQL']",6
JOB05029,Power BI Developer,"['DAX', 'Excel', 'Power BI', 'Power Query', 'SQL']",5
JOB05030,Financial Analyst,"['Excel', 'Financial Modeling', 'Power BI', 'SQL', 'Statistics']",5
JOB05031,HR Analyst,"['Data Analysis', 'Excel', 'HR Analytics', 'Power BI', 'SQL']",5
JOB05032,Data Scientist,"['Machine Learning', 'Pandas', 'Python', 'SQL', 'Statistics']",5
JOB05033,Data Analyst,"['Excel', 'Power BI', 'Python', 'SQL', 'Tableau']",5
JOB05034,QA Engineer,"['Automation Testing', 'Java', 'Python', 'SQL', 'Selenium']",5
JOB05035,Business Analyst,"['Business Analysis', 'Excel', 'Power BI', 'Requirements Gathering', 'SQL']",5
JOB05036,Python Developer,"['Django', 'Flask', 'Git', 'Python', 'SQL']",5
JOB05037,Financial Analyst,"['Excel', 'Financial Modeling', 'Power BI', 'SQL', 'Statistics']",5
JOB05038,Marketing Analyst,"['Excel', 'Marketing Analytics', 'Power BI', 'Python', 'SQL']",5
JOB05039,DevOps Engineer,"['AWS', 'Docker', 'Jenkins', 'Kubernetes', 'Linux']",5
JOB05040,Full Stack Developer,"['CSS', 'HTML', 'Java', 'JavaScript', 'Machine Learning', 'Node', 'React']",7
JOB05041,Software Engineer,"['Git', 'Java', 'Python', 'REST API', 'SQL']",5
JOB05042,QA Engineer,"['Automation Testing', 'Java', 'Python', 'SQL', 'Selenium']",5
JOB05043,Business Analyst,"['Business Analysis', 'Excel', 'Oracle', 'Power BI', 'Requirements Gathering', 'SQL']",6
JOB05044,Marketing Analyst,"['Excel', 'Marketing Analytics', 'Power BI', 'Python', 'SQL']",5
JOB05045,Product Analyst,"['Excel', 'Product Analytics', 'Python', 'SQL']",4
JOB05046,DevOps Engineer,"['AWS', 'Docker', 'Jenkins', 'Kubernetes', 'Linux', 'Oracle']",6
JOB05047,Product Analyst,"['Excel', 'Product Analytics', 'Python', 'SQL']",4
JOB05048,Machine Learning Engineer,"['Docker', 'Machine Learning', 'Python', 'Scikit-learn', 'TensorFlow']",5
JOB05049,Business Analyst,"['Business Analysis', 'Excel', 'Power BI', 'Requirements Gathering', 'SQL']",5
JOB05050,Financial Analyst,"['Excel', 'Financial Modeling', 'Power BI', 'SQL', 'Statistics']",5
JOB05051,SQL Developer,"['Database', 'ETL', 'MySQL', 'PostgreSQL', 'SQL']",5
JOB05052,Product Analyst,"['Excel', 'Product Analytics', 'Python', 'SQL']",4
JOB05053,Marketing Analyst,"['Excel', 'Marketing Analytics', 'Oracle', 'Power BI', 'Python', 'SQL']",6
JOB05054,Data Engineer,"['AWS', 'ETL', 'Python', 'SQL', 'Spark']",5
JOB05055,Cloud Engineer,"['AWS', 'Azure', 'Cloud Computing', 'Docker', 'Linux', 'Oracle']",6
JOB05056,Power BI Developer,"['DAX', 'Excel', 'Power BI', 'Power Query', 'SQL']",5
JOB05057,Machine Learning Engineer,"['Docker', 'Machine Learning', 'Python', 'Scikit-learn', 'TensorFlow']",5
JOB05058,Data Scientist,"['Machine Learning', 'Pandas', 'Python', 'SQL', 'Statistics']",5
JOB05059,Web Developer,"['CSS', 'Git', 'HTML', 'Java', 'JavaScript', 'Machine Learning', 'React']",7
JOB05060,Database Administrator,"['Database', 'Database Administration', 'MySQL', 'Oracle', 'PostgreSQL', 'SQL']",6
JOB05061,HR Analyst,"['Data Analysis', 'Excel', 'HR Analytics', 'Power BI', 'SQL']",5
JOB05062,Database Administrator,"['Database', 'Database Administration', 'MySQL', 'Oracle', 'PostgreSQL', 'SQL']",6
JOB05063,Financial Analyst,"['Excel', 'Financial Modeling', 'Power BI', 'SQL', 'Statistics']",5
JOB05064,Full Stack Developer,"['CSS', 'HTML', 'Java', 'JavaScript', 'Machine Learning', 'Node', 'React']",7
JOB05065,HR Analyst,"['Data Analysis', 'Excel', 'HR Analytics', 'Power BI', 'SQL']",5
JOB05066,QA Engineer,"['Automation Testing', 'Java', 'Python', 'SQL', 'Selenium']",5
JOB05067,Database Administrator,"['Database', 'Database Administration', 'MySQL', 'Oracle', 'PostgreSQL', 'SQL']",6
JOB05068,Cloud Engineer,"['AWS', 'Azure', 'Cloud Computing', 'Docker', 'Linux']",5
JOB05069,QA Engineer,"['Automation Testing', 'Java', 'Oracle', 'Python', 'SQL', 'Selenium']",6
JOB05070,Machine Learning Engineer,"['Docker', 'Machine Learning', 'Python', 'Scikit-learn', 'TensorFlow']",5
JOB05071,SQL Developer,"['Database', 'ETL', 'MySQL', 'PostgreSQL', 'SQL']",5
JOB05072,SQL Developer,"['Database', 'ETL', 'MySQL', 'PostgreSQL', 'SQL']",5
JOB05073,Database Administrator,"['Database', 'Database Administration', 'MySQL', 'Oracle', 'PostgreSQL', 'SQL']",6
JOB05074,Business Analyst,"['Business Analysis', 'Cloud Computing', 'Excel', 'Power BI', 'Requirements Gathering', 'SQL']",6
JOB05075,DevOps Engineer,"['AWS', 'Docker', 'Jenkins', 'Kubernetes', 'Linux']",5
JOB05076,Python Developer,"['Django', 'Flask', 'Git', 'Python', 'SQL']",5
JOB05077,Software Engineer,"['Git', 'Java', 'Python', 'REST API', 'SQL']",5
JOB05078,Web Developer,"['CSS', 'Git', 'HTML', 'Java', 'JavaScript', 'Machine Learning', 'React']",7
JOB05079,Cloud Engineer,"['AWS', 'Azure', 'Cloud Computing', 'Docker', 'Linux', 'Oracle']",6
JOB05080,Web Developer,"['CSS', 'Git', 'HTML', 'Java', 'JavaScript', 'Machine Learning', 'React']",7
JOB05081,Machine Learning Engineer,"['Docker', 'Machine Learning', 'Python', 'Scikit-learn', 'TensorFlow']",5
JOB05082,Python Developer,"['Django', 'Flask', 'Git', 'Python', 'SQL']",5
JOB05083,Financial Analyst,"['Excel', 'Financial Modeling', 'Power BI', 'SQL', 'Statistics']",5
JOB05084,Data Engineer,"['AWS', 'ETL', 'Python', 'SQL', 'Spark']",5
JOB05085,SQL Developer,"['Database', 'ETL', 'MySQL', 'PostgreSQL', 'SQL']",5
JOB05086,Software Engineer,"['Git', 'Java', 'Python', 'REST API', 'SQL']",5
JOB05087,Product Analyst,"['Excel', 'Product Analytics', 'Python', 'SQL']",4
JOB05088,Product Analyst,"['Excel', 'Product Analytics', 'Python', 'SQL']",4
JOB05089,QA Engineer,"['Automation Testing', 'Java', 'Python', 'SQL', 'Selenium']",5
JOB05090,DevOps Engineer,"['AWS', 'Docker', 'Jenkins', 'Kubernetes', 'Linux']",5
JOB05091,DevOps Engineer,"['AWS', 'Docker', 'Jenkins', 'Kubernetes', 'Linux']",5
JOB05092,Power BI Developer,"['DAX', 'Excel', 'Power BI', 'Power Query', 'SQL']",5
JOB05093,Data Engineer,"['AWS', 'ETL', 'Python', 'SQL', 'Spark']",5
JOB05094,Machine Learning Engineer,"['Docker', 'Machine Learning', 'Python', 'Scikit-learn', 'TensorFlow']",5
JOB05095,DevOps Engineer,"['AWS', 'Docker', 'Jenkins', 'Kubernetes', 'Linux']",5
JOB05096,Full Stack Developer,"['CSS', 'HTML', 'Java', 'JavaScript', 'Machine Learning', 'Node', 'React']",7
JOB05097,Full Stack Developer,"['CSS', 'HTML', 'Java', 'JavaScript', 'Machine Learning', 'Node', 'React']",7
JOB05098,Data Engineer,"['AWS', 'ETL', 'Python', 'SQL', 'Spark']",5
JOB05099,Machine Learning Engineer,"['Docker', 'Machine Learning', 'Python', 'Scikit-learn', 'TensorFlow']",5
JOB05100,Marketing Analyst,"['Excel', 'Marketing Analytics', 'Power BI', 'Python', 'SQL']",5
JOB05101,Product Analyst,"['Excel', 'Product Analytics', 'Python', 'SQL']",4
JOB05102,Data Analyst,"['Excel', 'Power BI', 'Python', 'SQL', 'Tableau']",5
JOB05103,Data Scientist,"['Machine Learning', 'Pandas', 'Python', 'SQL', 'Statistics']",5
JOB05104,Cloud Engineer,"['AWS', 'Azure', 'Cloud Computing', 'Docker', 'Linux']",5
JOB05105,Financial Analyst,"['Excel', 'Financial Modeling', 'Power BI', 'SQL', 'Statistics']",5
JOB05106,Data Engineer,"['AWS', 'ETL', 'Python', 'SQL', 'Spark']",5
JOB05107,Financial Analyst,"['Excel', 'Financial Modeling', 'Power BI', 'SQL', 'Statistics']",5
JOB05108,Business Analyst,"['Business Analysis', 'Excel', 'Power BI', 'Requirements Gathering', 'SQL']",5
JOB05109,Data Analyst,"['Excel', 'Power BI', 'Python', 'SQL', 'Tableau']",5
JOB05110,BI Analyst,"['DAX', 'Data Visualization', 'Excel', 'Power BI', 'SQL']",5
JOB05111,Product Analyst,"['Excel', 'Product Analytics', 'Python', 'SQL']",4
JOB05112,Web Developer,"['CSS', 'Git', 'HTML', 'Java', 'JavaScript', 'Machine Learning', 'React']",7
JOB05113,Product Analyst,"['Excel', 'Product Analytics', 'Python', 'SQL']",4
JOB05114,Python Developer,"['Django', 'Flask', 'Git', 'Python', 'SQL']",5
JOB05115,Cloud Engineer,"['AWS', 'Azure', 'Cloud Computing', 'Docker', 'Linux']",5
JOB05116,Data Scientist,"['Machine Learning', 'Pandas', 'Python', 'SQL', 'Statistics']",5
JOB05117,Data Engineer,"['AWS', 'ETL', 'Python', 'SQL', 'Spark']",5
JOB05118,Database Administrator,"['Database', 'Database Administration', 'MySQL', 'Oracle', 'PostgreSQL', 'SQL']",6
JOB05119,Financial Analyst,"['Excel', 'Financial Modeling', 'Power BI', 'SQL', 'Statistics']",5
JOB05120,QA Engineer,"['Automation Testing', 'Java', 'Python', 'SQL', 'Selenium']",5
JOB05121,HR Analyst,"['Data Analysis', 'Excel', 'HR Analytics', 'Power BI', 'SQL']",5
JOB05122,Web Developer,"['CSS', 'Git', 'HTML', 'Java', 'JavaScript', 'Machine Learning', 'React']",7
JOB05123,Product Analyst,"['Excel', 'Product Analytics', 'Python', 'SQL']",4
JOB05124,QA Engineer,"['Automation Testing', 'Java', 'Python', 'SQL', 'Selenium']",5
JOB05125,Database Administrator,"['Database', 'Database Administration', 'MySQL', 'Oracle', 'PostgreSQL', 'SQL']",6
JOB05126,SQL Developer,"['Database', 'ETL', 'MySQL', 'PostgreSQL', 'SQL']",5
JOB05127,Database Administrator,"['Database', 'Database Administration', 'MySQL', 'Oracle', 'PostgreSQL', 'SQL']",6
JOB05128,Full Stack Developer,"['CSS', 'HTML', 'Java', 'JavaScript', 'Machine Learning', 'Node', 'React']",7
JOB05129,Financial Analyst,"['Excel', 'Financial Modeling', 'Power BI', 'SQL', 'Statistics']",5
JOB05130,Data Engineer,"['AWS', 'ETL', 'Oracle', 'Python', 'SQL', 'Spark']",6
JOB05131,Python Developer,"['Django', 'Flask', 'Git', 'Python', 'SQL']",5
JOB05132,HR Analyst,"['Cloud Computing', 'Data Analysis', 'Excel', 'HR Analytics', 'Power BI', 'SQL']",6
JOB05133,HR Analyst,"['Data Analysis', 'Excel', 'HR Analytics', 'Power BI', 'SQL']",5
JOB05134,Database Administrator,"['Database', 'Database Administration', 'MySQL', 'Oracle', 'PostgreSQL', 'SQL']",6
JOB05135,DevOps Engineer,"['AWS', 'Docker', 'Jenkins', 'Kubernetes', 'Linux']",5
JOB05136,Python Developer,"['Django', 'Flask', 'Git', 'Python', 'SQL']",5
JOB05137,Data Analyst,"['Excel', 'Power BI', 'Python', 'SQL', 'Tableau']",5
JOB05138,DevOps Engineer,"['AWS', 'Docker', 'Jenkins', 'Kubernetes', 'Linux']",5
JOB05139,Data Scientist,"['Machine Learning', 'Pandas', 'Python', 'SQL', 'Statistics']",5
JOB05140,HR Analyst,"['Data Analysis', 'Excel', 'HR Analytics', 'Power BI', 'SQL']",5
JOB05141,Product Analyst,"['Excel', 'Oracle', 'Product Analytics', 'Python', 'SQL']",5
JOB05142,DevOps Engineer,"['AWS', 'Docker', 'Jenkins', 'Kubernetes', 'Linux']",5
JOB05143,Data Analyst,"['Excel', 'Power BI', 'Python', 'SQL', 'Tableau']",5
JOB05144,SQL Developer,"['Database', 'ETL', 'MySQL', 'PostgreSQL', 'SQL']",5
JOB05145,Data Scientist,"['Machine Learning', 'Pandas', 'Python', 'SQL', 'Statistics']",5
JOB05146,Data Analyst,"['Excel', 'Power BI', 'Python', 'SQL', 'Tableau']",5
JOB05147,Database Administrator,"['Database', 'Database Administration', 'MySQL', 'Oracle', 'PostgreSQL', 'SQL']",6
JOB05148,Software Engineer,"['Git', 'Java', 'Python', 'REST API', 'SQL']",5
JOB05149,Software Engineer,"['Cloud Computing', 'Git', 'Java', 'Python', 'REST API', 'SQL']",6
JOB05150,Financial Analyst,"['Excel', 'Financial Modeling', 'Power BI', 'SQL', 'Statistics']",5
JOB05151,HR Analyst,"['Cloud Computing', 'Data Analysis', 'Excel', 'HR Analytics', 'Power BI', 'SQL']",6
JOB05152,Full Stack Developer,"['CSS', 'HTML', 'Java', 'JavaScript', 'Machine Learning', 'Node', 'React']",7
JOB05153,Web Developer,"['CSS', 'Git', 'HTML', 'Java', 'JavaScript', 'Machine Learning', 'React']",7
JOB05154,Marketing Analyst,"['Excel', 'Marketing Analytics', 'Power BI', 'Python', 'SQL']",5
JOB05155,Cloud Engineer,"['AWS', 'Azure', 'Cloud Computing', 'Docker', 'Linux']",5
JOB05156,DevOps Engineer,"['AWS', 'Docker', 'Jenkins', 'Kubernetes', 'Linux']",5
JOB05157,Full Stack Developer,"['CSS', 'HTML', 'Java', 'JavaScript', 'Machine Learning', 'Node', 'React']",7
JOB05158,Software Engineer,"['Git', 'Java', 'Python', 'REST API', 'SQL']",5
JOB05159,HR Analyst,"['Cloud Computing', 'Data Analysis', 'Excel', 'HR Analytics', 'Power BI', 'SQL']",6
JOB05160,Web Developer,"['CSS', 'Git', 'HTML', 'Java', 'JavaScript', 'Machine Learning', 'React']",7
JOB05161,HR Analyst,"['Cloud Computing', 'Data Analysis', 'Excel', 'HR Analytics', 'Power BI', 'SQL']",6
JOB05162,Python Developer,"['Django', 'Flask', 'Git', 'Python', 'SQL']",5
JOB05163,Web Developer,"['CSS', 'Git', 'HTML', 'Java', 'JavaScript', 'Machine Learning', 'React']",7
JOB05164,HR Analyst,"['Data Analysis', 'Excel', 'HR Analytics', 'Power BI', 'SQL']",5
JOB05165,Machine Learning Engineer,"['Docker', 'Machine Learning', 'Python', 'Scikit-learn', 'TensorFlow']",5
JOB05166,Cloud Engineer,"['AWS', 'Azure', 'Cloud Computing', 'Docker', 'Linux']",5
JOB05167,Python Developer,"['Django', 'Flask', 'Git', 'Python', 'SQL']",5
JOB05168,Product Analyst,"['Excel', 'Product Analytics', 'Python', 'SQL']",4
JOB05169,Product Analyst,"['Excel', 'Product Analytics', 'Python', 'SQL']",4
JOB05170,Software Engineer,"['Git', 'Java', 'Python', 'REST API', 'SQL']",5
JOB05171,QA Engineer,"['Automation Testing', 'Java', 'Python', 'SQL', 'Selenium']",5
JOB05172,Marketing Analyst,"['Excel', 'Marketing Analytics', 'Power BI', 'Python', 'SQL']",5
JOB05173,HR Analyst,"['Data Analysis', 'Excel', 'HR Analytics', 'Power BI', 'SQL']",5
JOB05174,HR Analyst,"['Data Analysis', 'Excel', 'HR Analytics', 'Power BI', 'SQL']",5
JOB05175,Cloud Engineer,"['AWS', 'Azure', 'Cloud Computing', 'Docker', 'Linux']",5
JOB05176,Marketing Analyst,"['Excel', 'Marketing Analytics', 'Power BI', 'Python', 'SQL']",5
JOB05177,QA Engineer,"['Automation Testing', 'Java', 'Python', 'SQL', 'Selenium']",5
JOB05178,Machine Learning Engineer,"['Docker', 'Machine Learning', 'Python', 'Scikit-learn', 'TensorFlow']",5
JOB05179,Software Engineer,"['Git', 'Java', 'Python', 'REST API', 'SQL']",5
JOB05180,Marketing Analyst,"['Excel', 'Marketing Analytics', 'Power BI', 'Python', 'SQL']",5
JOB05181,Data Analyst,"['Excel', 'Power BI', 'Python', 'SQL', 'Tableau']",5
JOB05182,BI Analyst,"['DAX', 'Data Visualization', 'Excel', 'Power BI', 'SQL']",5
JOB05183,SQL Developer,"['Database', 'ETL', 'MySQL', 'PostgreSQL', 'SQL']",5
JOB05184,Data Scientist,"['Machine Learning', 'Pandas', 'Python', 'SQL', 'Statistics']",5
JOB05185,Software Engineer,"['Git', 'Java', 'Python', 'REST API', 'SQL']",5
JOB05186,QA Engineer,"['Automation Testing', 'Java', 'Python', 'SQL', 'Selenium']",5
JOB05187,DevOps Engineer,"['AWS', 'Docker', 'Jenkins', 'Kubernetes', 'Linux']",5
JOB05188,SQL Developer,"['Database', 'ETL', 'MySQL', 'PostgreSQL', 'SQL']",5
JOB05189,Data Engineer,"['AWS', 'ETL', 'Python', 'SQL', 'Spark']",5
JOB05190,Data Engineer,"['AWS', 'Cloud Computing', 'ETL', 'Python', 'SQL', 'Spark']",6
JOB05191,Database Administrator,"['Database', 'Database Administration', 'MySQL', 'Oracle', 'PostgreSQL', 'SQL']",6
JOB05192,Business Analyst,"['Business Analysis', 'Excel', 'Power BI', 'Requirements Gathering', 'SQL']",5
JOB05193,SQL Developer,"['Database', 'ETL', 'MySQL', 'PostgreSQL', 'SQL']",5
JOB05194,BI Analyst,"['DAX', 'Data Visualization', 'Excel', 'Power BI', 'SQL']",5
JOB05195,Marketing Analyst,"['Excel', 'Marketing Analytics', 'Power BI', 'Python', 'SQL']",5
JOB05196,Financial Analyst,"['Excel', 'Financial Modeling', 'Power BI', 'SQL', 'Statistics']",5
JOB05197,Cloud Engineer,"['AWS', 'Azure', 'Cloud Computing', 'Docker', 'Linux']",5
JOB05198,Financial Analyst,"['Excel', 'Financial Modeling', 'Oracle', 'Power BI', 'SQL', 'Statistics']",6
JOB05199,Cloud Engineer,"['AWS', 'Azure', 'Cloud Computing', 'Docker', 'Linux']",5
JOB05200,Business Analyst,"['Business Analysis', 'Excel', 'Power BI', 'Requirements Gathering', 'SQL']",5
JOB05201,Product Analyst,"['Excel', 'Product Analytics', 'Python', 'SQL']",4
JOB05202,HR Analyst,"['Data Analysis', 'Excel', 'HR Analytics', 'Power BI', 'SQL']",5
JOB05203,Data Analyst,"['Excel', 'Power BI', 'Python', 'SQL', 'Tableau']",5
JOB05204,HR Analyst,"['Data Analysis', 'Excel', 'HR Analytics', 'Power BI', 'SQL']",5
JOB05205,Full Stack Developer,"['CSS', 'HTML', 'Java', 'JavaScript', 'Machine Learning', 'Node', 'React']",7
JOB05206,Software Engineer,"['Git', 'Java', 'Python', 'REST API', 'SQL']",5
JOB05207,BI Analyst,"['DAX', 'Data Visualization', 'Excel', 'Power BI', 'SQL']",5
JOB05208,Business Analyst,"['Business Analysis', 'Excel', 'Power BI', 'Requirements Gathering', 'SQL']",5
JOB05209,Web Developer,"['CSS', 'Git', 'HTML', 'Java', 'JavaScript', 'Machine Learning', 'React']",7
JOB05210,Product Analyst,"['Excel', 'Product Analytics', 'Python', 'SQL']",4
JOB05211,Financial Analyst,"['Excel', 'Financial Modeling', 'Power BI', 'SQL', 'Statistics']",5
JOB05212,Database Administrator,"['Database', 'Database Administration', 'MySQL', 'Oracle', 'PostgreSQL', 'SQL']",6
JOB05213,Python Developer,"['Django', 'Flask', 'Git', 'Python', 'SQL']",5
JOB05214,Software Engineer,"['Git', 'Java', 'Python', 'REST API', 'SQL']",5
JOB05215,Cloud Engineer,"['AWS', 'Azure', 'Cloud Computing', 'Docker', 'Linux']",5
JOB05216,Financial Analyst,"['Excel', 'Financial Modeling', 'Power BI', 'SQL', 'Statistics']",5
JOB05217,Cloud Engineer,"['AWS', 'Azure', 'Cloud Computing', 'Docker', 'Linux']",5
JOB05218,Python Developer,"['Django', 'Flask', 'Git', 'Python', 'SQL']",5
JOB05219,BI Analyst,"['DAX', 'Data Visualization', 'Excel', 'Power BI', 'SQL']",5
JOB05220,DevOps Engineer,"['AWS', 'Docker', 'Jenkins', 'Kubernetes', 'Linux']",5
JOB05221,Financial Analyst,"['Excel', 'Financial Modeling', 'Oracle', 'Power BI', 'SQL', 'Statistics']",6
JOB05222,Database Administrator,"['Database', 'Database Administration', 'MySQL', 'Oracle', 'PostgreSQL', 'SQL']",6
JOB05223,HR Analyst,"['Data Analysis', 'Excel', 'HR Analytics', 'Power BI', 'SQL']",5
JOB05224,Machine Learning Engineer,"['Docker', 'Machine Learning', 'Python', 'Scikit-learn', 'TensorFlow']",5
JOB05225,Python Developer,"['Cloud Computing', 'Django', 'Flask', 'Git', 'Python', 'SQL']",6
JOB05226,QA Engineer,"['Automation Testing', 'Java', 'Python', 'SQL', 'Selenium']",5
JOB05227,BI Analyst,"['DAX', 'Data Visualization', 'Excel', 'Oracle', 'Power BI', 'SQL']",6
JOB05228,Product Analyst,"['Excel', 'Product Analytics', 'Python', 'SQL']",4
JOB05229,QA Engineer,"['Automation Testing', 'Java', 'Python', 'SQL', 'Selenium']",5
JOB05230,HR Analyst,"['Data Analysis', 'Excel', 'HR Analytics', 'Power BI', 'SQL']",5
JOB05231,Data Scientist,"['Machine Learning', 'Pandas', 'Python', 'SQL', 'Statistics']",5
JOB05232,BI Analyst,"['DAX', 'Data Visualization', 'Excel', 'Power BI', 'SQL']",5
JOB05233,Data Analyst,"['Excel', 'Power BI', 'Python', 'SQL', 'Tableau']",5
JOB05234,Data Scientist,"['Machine Learning', 'Pandas', 'Python', 'SQL', 'Statistics']",5
JOB05235,Web Developer,"['CSS', 'Git', 'HTML', 'Java', 'JavaScript', 'Machine Learning', 'React']",7
JOB05236,Web Developer,"['CSS', 'Git', 'HTML', 'Java', 'JavaScript', 'Machine Learning', 'React']",7
JOB05237,HR Analyst,"['Data Analysis', 'Excel', 'HR Analytics', 'Power BI', 'SQL']",5
JOB05238,Data Analyst,"['Excel', 'Power BI', 'Python', 'SQL', 'Tableau']",5
JOB05239,Data Scientist,"['Machine Learning', 'Pandas', 'Python', 'SQL', 'Statistics']",5
JOB05240,Data Analyst,"['Excel', 'Power BI', 'Python', 'SQL', 'Tableau']",5
JOB05241,Marketing Analyst,"['Excel', 'Marketing Analytics', 'Oracle', 'Power BI', 'Python', 'SQL']",6
JOB05242,QA Engineer,"['Automation Testing', 'Java', 'Python', 'SQL', 'Selenium']",5
JOB05243,Python Developer,"['Django', 'Flask', 'Git', 'Python', 'SQL']",5
JOB05244,Software Engineer,"['Git', 'Java', 'Python', 'REST API', 'SQL']",5
JOB05245,DevOps Engineer,"['AWS', 'Docker', 'Jenkins', 'Kubernetes', 'Linux']",5
JOB05246,Business Analyst,"['Business Analysis', 'Excel', 'Power BI', 'Requirements Gathering', 'SQL']",5
JOB05247,Cloud Engineer,"['AWS', 'Azure', 'Cloud Computing', 'Docker', 'Linux']",5
JOB05248,Machine Learning Engineer,"['Docker', 'Machine Learning', 'Python', 'Scikit-learn', 'TensorFlow']",5
JOB05249,Product Analyst,"['Excel', 'Product Analytics', 'Python', 'SQL']",4
JOB05250,HR Analyst,"['Data Analysis', 'Excel', 'HR Analytics', 'Power BI', 'SQL']",5
JOB05251,HR Analyst,"['Data Analysis', 'Excel', 'HR Analytics', 'Power BI', 'SQL']",5
JOB05252,QA Engineer,"['Automation Testing', 'Java', 'Python', 'SQL', 'Selenium']",5
JOB05253,Business Analyst,"['Business Analysis', 'Cloud Computing', 'Excel', 'Power BI', 'Requirements Gathering', 'SQL']",6
JOB05254,Cloud Engineer,"['AWS', 'Azure', 'Cloud Computing', 'Docker', 'Linux']",5
JOB05255,HR Analyst,"['Data Analysis', 'Excel', 'HR Analytics', 'Power BI', 'SQL']",5
JOB05256,Financial Analyst,"['Excel', 'Financial Modeling', 'Power BI', 'SQL', 'Statistics']",5
JOB05257,BI Analyst,"['DAX', 'Data Visualization', 'Excel', 'Power BI', 'SQL']",5
JOB05258,Business Analyst,"['Business Analysis', 'Excel', 'Power BI', 'Requirements Gathering', 'SQL']",5
JOB05259,Machine Learning Engineer,"['Docker', 'Machine Learning', 'Python', 'Scikit-learn', 'TensorFlow']",5
JOB05260,Web Developer,"['CSS', 'Git', 'HTML', 'Java', 'JavaScript', 'Machine Learning', 'React']",7
JOB05261,QA Engineer,"['Automation Testing', 'Java', 'Python', 'SQL', 'Selenium']",5
JOB05262,Power BI Developer,"['DAX', 'Excel', 'Power BI', 'Power Query', 'SQL']",5
JOB05263,Product Analyst,"['Excel', 'Product Analytics', 'Python', 'SQL']",4
JOB05264,Cloud Engineer,"['AWS', 'Azure', 'Cloud Computing', 'Docker', 'Linux']",5
JOB05265,Software Engineer,"['Git', 'Java', 'Python', 'REST API', 'SQL']",5
JOB05266,HR Analyst,"['Data Analysis', 'Excel', 'HR Analytics', 'Power BI', 'SQL']",5
JOB05267,Financial Analyst,"['Excel', 'Financial Modeling', 'Power BI', 'SQL', 'Statistics']",5
JOB05268,Business Analyst,"['Business Analysis', 'Excel', 'Power BI', 'Requirements Gathering', 'SQL']",5
JOB05269,DevOps Engineer,"['AWS', 'Docker', 'Jenkins', 'Kubernetes', 'Linux']",5
JOB05270,Web Developer,"['CSS', 'Git', 'HTML', 'Java', 'JavaScript', 'Machine Learning', 'React']",7
JOB05271,Financial Analyst,"['Excel', 'Financial Modeling', 'Oracle', 'Power BI', 'SQL', 'Statistics']",6
JOB05272,Marketing Analyst,"['Excel', 'Marketing Analytics', 'Power BI', 'Python', 'SQL']",5
JOB05273,DevOps Engineer,"['AWS', 'Cloud Computing', 'Docker', 'Jenkins', 'Kubernetes', 'Linux']",6
JOB05274,Cloud Engineer,"['AWS', 'Azure', 'Cloud Computing', 'Docker', 'Linux']",5
JOB05275,SQL Developer,"['Database', 'ETL', 'MySQL', 'PostgreSQL', 'SQL']",5
JOB05276,Software Engineer,"['Git', 'Java', 'Python', 'REST API', 'SQL']",5
JOB05277,QA Engineer,"['Automation Testing', 'Java', 'Python', 'SQL', 'Selenium']",5
JOB05278,Data Analyst,"['Excel', 'Power BI', 'Python', 'SQL', 'Tableau']",5
JOB05279,HR Analyst,"['Data Analysis', 'Excel', 'HR Analytics', 'Oracle', 'Power BI', 'SQL']",6
JOB05280,Power BI Developer,"['DAX', 'Excel', 'Power BI', 'Power Query', 'SQL']",5
JOB05281,QA Engineer,"['Automation Testing', 'Cloud Computing', 'Java', 'Python', 'SQL', 'Selenium']",6
JOB05282,Power BI Developer,"['DAX', 'Excel', 'Oracle', 'Power BI', 'Power Query', 'SQL']",6
JOB05283,Power BI Developer,"['DAX', 'Excel', 'Power BI', 'Power Query', 'SQL']",5
JOB05284,Software Engineer,"['Git', 'Java', 'Python', 'REST API', 'SQL']",5
JOB05285,DevOps Engineer,"['AWS', 'Docker', 'Jenkins', 'Kubernetes', 'Linux']",5
JOB05286,Business Analyst,"['Business Analysis', 'Excel', 'Power BI', 'Requirements Gathering', 'SQL']",5
JOB05287,QA Engineer,"['Automation Testing', 'Java', 'Python', 'SQL', 'Selenium']",5
JOB05288,Cloud Engineer,"['AWS', 'Azure', 'Cloud Computing', 'Docker', 'Linux']",5
JOB05289,Business Analyst,"['Business Analysis', 'Excel', 'Power BI', 'Requirements Gathering', 'SQL']",5
JOB05290,Marketing Analyst,"['Excel', 'Marketing Analytics', 'Power BI', 'Python', 'SQL']",5
JOB05291,Software Engineer,"['Git', 'Java', 'Python', 'REST API', 'SQL']",5
JOB05292,Data Scientist,"['Machine Learning', 'Pandas', 'Python', 'SQL', 'Statistics']",5
JOB05293,QA Engineer,"['Automation Testing', 'Java', 'Python', 'SQL', 'Selenium']",5
JOB05294,Data Analyst,"['Excel', 'Power BI', 'Python', 'SQL', 'Tableau']",5
JOB05295,Database Administrator,"['Database', 'Database Administration', 'MySQL', 'Oracle', 'PostgreSQL', 'SQL']",6
JOB05296,Machine Learning Engineer,"['Docker', 'Machine Learning', 'Python', 'Scikit-learn', 'TensorFlow']",5
JOB05297,Cloud Engineer,"['AWS', 'Azure', 'Cloud Computing', 'Docker', 'Linux']",5
JOB05298,QA Engineer,"['Automation Testing', 'Java', 'Python', 'SQL', 'Selenium']",5
JOB05299,Database Administrator,"['Database', 'Database Administration', 'MySQL', 'Oracle', 'PostgreSQL', 'SQL']",6
JOB05300,Product Analyst,"['Excel', 'Product Analytics', 'Python', 'SQL']",4
JOB05301,Product Analyst,"['Excel', 'Product Analytics', 'Python', 'SQL']",4
JOB05302,Data Engineer,"['AWS', 'ETL', 'Python', 'SQL', 'Spark']",5
JOB05303,Data Engineer,"['AWS', 'ETL', 'Python', 'SQL', 'Spark']",5
JOB05304,Marketing Analyst,"['Excel', 'Marketing Analytics', 'Power BI', 'Python', 'SQL']",5
JOB05305,Financial Analyst,"['Excel', 'Financial Modeling', 'Power BI', 'SQL', 'Statistics']",5
JOB05306,Financial Analyst,"['Cloud Computing', 'Excel', 'Financial Modeling', 'Power BI', 'SQL', 'Statistics']",6
JOB05307,Data Analyst,"['Excel', 'Power BI', 'Python', 'SQL', 'Tableau']",5
JOB05308,BI Analyst,"['Cloud Computing', 'DAX', 'Data Visualization', 'Excel', 'Power BI', 'SQL']",6
JOB05309,Python Developer,"['Django', 'Flask', 'Git', 'Python', 'SQL']",5
JOB05310,Machine Learning Engineer,"['Docker', 'Machine Learning', 'Python', 'Scikit-learn', 'TensorFlow']",5
JOB05311,Full Stack Developer,"['CSS', 'HTML', 'Java', 'JavaScript', 'Machine Learning', 'Node', 'React']",7
JOB05312,Software Engineer,"['Git', 'Java', 'Python', 'REST API', 'SQL']",5
JOB05313,Web Developer,"['CSS', 'Git', 'HTML', 'Java', 'JavaScript', 'Machine Learning', 'React']",7
JOB05314,Data Scientist,"['Machine Learning', 'Pandas', 'Python', 'SQL', 'Statistics']",5
JOB05315,SQL Developer,"['Database', 'ETL', 'MySQL', 'PostgreSQL', 'SQL']",5
JOB05316,Web Developer,"['CSS', 'Git', 'HTML', 'Java', 'JavaScript', 'Machine Learning', 'React']",7
JOB05317,Cloud Engineer,"['AWS', 'Azure', 'Cloud Computing', 'Docker', 'Linux']",5
JOB05318,HR Analyst,"['Data Analysis', 'Excel', 'HR Analytics', 'Oracle', 'Power BI', 'SQL']",6
JOB05319,Web Developer,"['CSS', 'Git', 'HTML', 'Java', 'JavaScript', 'Machine Learning', 'React']",7
JOB05320,BI Analyst,"['DAX', 'Data Visualization', 'Excel', 'Power BI', 'SQL']",5
JOB05321,HR Analyst,"['Data Analysis', 'Excel', 'HR Analytics', 'Power BI', 'SQL']",5
JOB05322,DevOps Engineer,"['AWS', 'Docker', 'Jenkins', 'Kubernetes', 'Linux']",5
JOB05323,Database Administrator,"['Database', 'Database Administration', 'MySQL', 'Oracle', 'PostgreSQL', 'SQL']",6
JOB05324,Python Developer,"['Django', 'Flask', 'Git', 'Python', 'SQL']",5
JOB05325,Machine Learning Engineer,"['Docker', 'Machine Learning', 'Python', 'Scikit-learn', 'TensorFlow']",5
JOB05326,Data Engineer,"['AWS', 'ETL', 'Python', 'SQL', 'Spark']",5
JOB05327,DevOps Engineer,"['AWS', 'Docker', 'Jenkins', 'Kubernetes', 'Linux']",5
JOB05328,Web Developer,"['CSS', 'Git', 'HTML', 'Java', 'JavaScript', 'Machine Learning', 'React']",7
JOB05329,BI Analyst,"['DAX', 'Data Visualization', 'Excel', 'Power BI', 'SQL']",5
JOB05330,Data Scientist,"['Machine Learning', 'Pandas', 'Python', 'SQL', 'Statistics']",5
JOB05331,Python Developer,"['Django', 'Flask', 'Git', 'Python', 'SQL']",5
JOB05332,Business Analyst,"['Business Analysis', 'Excel', 'Power BI', 'Requirements Gathering', 'SQL']",5
JOB05333,SQL Developer,"['Database', 'ETL', 'MySQL', 'PostgreSQL', 'SQL']",5
JOB05334,QA Engineer,"['Automation Testing', 'Cloud Computing', 'Java', 'Python', 'SQL', 'Selenium']",6
JOB05335,HR Analyst,"['Data Analysis', 'Excel', 'HR Analytics', 'Power BI', 'SQL']",5
JOB05336,HR Analyst,"['Data Analysis', 'Excel', 'HR Analytics', 'Power BI', 'SQL']",5
JOB05337,Machine Learning Engineer,"['Docker', 'Machine Learning', 'Python', 'Scikit-learn', 'TensorFlow']",5
JOB05338,Data Analyst,"['Excel', 'Power BI', 'Python', 'SQL', 'Tableau']",5
JOB05339,Database Administrator,"['Database', 'Database Administration', 'MySQL', 'Oracle', 'PostgreSQL', 'SQL']",6
JOB05340,DevOps Engineer,"['AWS', 'Docker', 'Jenkins', 'Kubernetes', 'Linux']",5
JOB05341,Product Analyst,"['Excel', 'Product Analytics', 'Python', 'SQL']",4
JOB05342,SQL Developer,"['Database', 'ETL', 'MySQL', 'PostgreSQL', 'SQL']",5
JOB05343,Marketing Analyst,"['Excel', 'Marketing Analytics', 'Power BI', 'Python', 'SQL']",5
JOB05344,SQL Developer,"['Database', 'ETL', 'MySQL', 'PostgreSQL', 'SQL']",5
JOB05345,Data Scientist,"['Machine Learning', 'Pandas', 'Python', 'SQL', 'Statistics']",5
JOB05346,BI Analyst,"['DAX', 'Data Visualization', 'Excel', 'Power BI', 'SQL']",5
JOB05347,Business Analyst,"['Business Analysis', 'Excel', 'Power BI', 'Requirements Gathering', 'SQL']",5
JOB05348,QA Engineer,"['Automation Testing', 'Java', 'Python', 'SQL', 'Selenium']",5
JOB05349,Data Scientist,"['Machine Learning', 'Pandas', 'Python', 'SQL', 'Statistics']",5
JOB05350,Cloud Engineer,"['AWS', 'Azure', 'Cloud Computing', 'Docker', 'Linux']",5
JOB05351,HR Analyst,"['Data Analysis', 'Excel', 'HR Analytics', 'Power BI', 'SQL']",5
JOB05352,Data Scientist,"['Machine Learning', 'Pandas', 'Python', 'SQL', 'Statistics']",5
JOB05353,Full Stack Developer,"['CSS', 'HTML', 'Java', 'JavaScript', 'Machine Learning', 'Node', 'Oracle', 'React']",8
JOB05354,Python Developer,"['Django', 'Flask', 'Git', 'Python', 'SQL']",5
JOB05355,BI Analyst,"['DAX', 'Data Visualization', 'Excel', 'Power BI', 'SQL']",5
JOB05356,Business Analyst,"['Business Analysis', 'Cloud Computing', 'Excel', 'Power BI', 'Requirements Gathering', 'SQL']",6
JOB05357,Data Analyst,"['Excel', 'Power BI', 'Python', 'SQL', 'Tableau']",5
JOB05358,Product Analyst,"['Excel', 'Product Analytics', 'Python', 'SQL']",4
JOB05359,HR Analyst,"['Data Analysis', 'Excel', 'HR Analytics', 'Power BI', 'SQL']",5
JOB05360,Power BI Developer,"['DAX', 'Excel', 'Power BI', 'Power Query', 'SQL']",5
JOB05361,Data Engineer,"['AWS', 'ETL', 'Python', 'SQL', 'Spark']",5
JOB05362,Marketing Analyst,"['Excel', 'Marketing Analytics', 'Power BI', 'Python', 'SQL']",5
JOB05363,Database Administrator,"['Database', 'Database Administration', 'MySQL', 'Oracle', 'PostgreSQL', 'SQL']",6
JOB05364,Python Developer,"['Django', 'Flask', 'Git', 'Python', 'SQL']",5
JOB05365,HR Analyst,"['Data Analysis', 'Excel', 'HR Analytics', 'Power BI', 'SQL']",5
JOB05366,Product Analyst,"['Excel', 'Product Analytics', 'Python', 'SQL']",4
JOB05367,HR Analyst,"['Data Analysis', 'Excel', 'HR Analytics', 'Power BI', 'SQL']",5
JOB05368,Power BI Developer,"['DAX', 'Excel', 'Power BI', 'Power Query', 'SQL']",5
JOB05369,Data Scientist,"['Machine Learning', 'Pandas', 'Python', 'SQL', 'Statistics']",5
JOB05370,Marketing Analyst,"['Excel', 'Marketing Analytics', 'Power BI', 'Python', 'SQL']",5
JOB05371,Data Analyst,"['Excel', 'Power BI', 'Python', 'SQL', 'Tableau']",5
JOB05372,Full Stack Developer,"['CSS', 'HTML', 'Java', 'JavaScript', 'Machine Learning', 'Node', 'React']",7
JOB05373,Product Analyst,"['Excel', 'Product Analytics', 'Python', 'SQL']",4
JOB05374,Machine Learning Engineer,"['Docker', 'Machine Learning', 'Python', 'Scikit-learn', 'TensorFlow']",5
JOB05375,Software Engineer,"['Git', 'Java', 'Python', 'REST API', 'SQL']",5
JOB05376,Data Scientist,"['Machine Learning', 'Pandas', 'Python', 'SQL', 'Statistics']",5
JOB05377,Marketing Analyst,"['Excel', 'Marketing Analytics', 'Power BI', 'Python', 'SQL']",5
JOB05378,BI Analyst,"['DAX', 'Data Visualization', 'Excel', 'Power BI', 'SQL']",5
JOB05379,Data Scientist,"['Machine Learning', 'Pandas', 'Python', 'SQL', 'Statistics']",5
JOB05380,Financial Analyst,"['Excel', 'Financial Modeling', 'Power BI', 'SQL', 'Statistics']",5
JOB05381,Business Analyst,"['Business Analysis', 'Excel', 'Power BI', 'Requirements Gathering', 'SQL']",5
JOB05382,HR Analyst,"['Data Analysis', 'Excel', 'HR Analytics', 'Oracle', 'Power BI', 'SQL']",6
JOB05383,Machine Learning Engineer,"['Docker', 'Machine Learning', 'Python', 'Scikit-learn', 'TensorFlow']",5
JOB05384,Python Developer,"['Django', 'Flask', 'Git', 'Python', 'SQL']",5
JOB05385,Marketing Analyst,"['Excel', 'Marketing Analytics', 'Oracle', 'Power BI', 'Python', 'SQL']",6
JOB05386,DevOps Engineer,"['AWS', 'Docker', 'Jenkins', 'Kubernetes', 'Linux']",5
JOB05387,Product Analyst,"['Excel', 'Product Analytics', 'Python', 'SQL']",4
JOB05388,Business Analyst,"['Business Analysis', 'Excel', 'Power BI', 'Requirements Gathering', 'SQL']",5
JOB05389,Product Analyst,"['Excel', 'Product Analytics', 'Python', 'SQL']",4
JOB05390,Python Developer,"['Django', 'Flask', 'Git', 'Python', 'SQL']",5
JOB05391,Python Developer,"['Django', 'Flask', 'Git', 'Python', 'SQL']",5
JOB05392,Python Developer,"['Django', 'Flask', 'Git', 'Python', 'SQL']",5
JOB05393,Python Developer,"['Cloud Computing', 'Django', 'Flask', 'Git', 'Python', 'SQL']",6
JOB05394,DevOps Engineer,"['AWS', 'Docker', 'Jenkins', 'Kubernetes', 'Linux']",5
JOB05395,Machine Learning Engineer,"['Cloud Computing', 'Docker', 'Machine Learning', 'Python', 'Scikit-learn', 'TensorFlow']",6
JOB05396,HR Analyst,"['Data Analysis', 'Excel', 'HR Analytics', 'Power BI', 'SQL']",5
JOB05397,Machine Learning Engineer,"['Docker', 'Machine Learning', 'Python', 'Scikit-learn', 'TensorFlow']",5
JOB05398,HR Analyst,"['Data Analysis', 'Excel', 'HR Analytics', 'Power BI', 'SQL']",5
JOB05399,Data Scientist,"['Machine Learning', 'Oracle', 'Pandas', 'Python', 'SQL', 'Statistics']",6
JOB05400,BI Analyst,"['DAX', 'Data Visualization', 'Excel', 'Power BI', 'SQL']",5
JOB05401,Database Administrator,"['Database', 'Database Administration', 'MySQL', 'Oracle', 'PostgreSQL', 'SQL']",6
JOB05402,Marketing Analyst,"['Excel', 'Marketing Analytics', 'Power BI', 'Python', 'SQL']",5
JOB05403,Business Analyst,"['Business Analysis', 'Excel', 'Power BI', 'Requirements Gathering', 'SQL']",5
JOB05404,Full Stack Developer,"['CSS', 'HTML', 'Java', 'JavaScript', 'Machine Learning', 'Node', 'Oracle', 'React']",8
JOB05405,Power BI Developer,"['DAX', 'Excel', 'Power BI', 'Power Query', 'SQL']",5
JOB05406,Database Administrator,"['Database', 'Database Administration', 'MySQL', 'Oracle', 'PostgreSQL', 'SQL']",6
JOB05407,Python Developer,"['Django', 'Flask', 'Git', 'Python', 'SQL']",5
JOB05408,Product Analyst,"['Excel', 'Product Analytics', 'Python', 'SQL']",4
JOB05409,BI Analyst,"['DAX', 'Data Visualization', 'Excel', 'Power BI', 'SQL']",5
JOB05410,Data Engineer,"['AWS', 'ETL', 'Python', 'SQL', 'Spark']",5
JOB05411,BI Analyst,"['DAX', 'Data Visualization', 'Excel', 'Power BI', 'SQL']",5
JOB05412,Data Scientist,"['Machine Learning', 'Oracle', 'Pandas', 'Python', 'SQL', 'Statistics']",6
JOB05413,HR Analyst,"['Data Analysis', 'Excel', 'HR Analytics', 'Power BI', 'SQL']",5
JOB05414,Marketing Analyst,"['Excel', 'Marketing Analytics', 'Power BI', 'Python', 'SQL']",5
JOB05415,Business Analyst,"['Business Analysis', 'Excel', 'Power BI', 'Requirements Gathering', 'SQL']",5
JOB05416,Product Analyst,"['Cloud Computing', 'Excel', 'Product Analytics', 'Python', 'SQL']",5
JOB05417,Machine Learning Engineer,"['Docker', 'Machine Learning', 'Python', 'Scikit-learn', 'TensorFlow']",5
JOB05418,HR Analyst,"['Data Analysis', 'Excel', 'HR Analytics', 'Power BI', 'SQL']",5
JOB05419,QA Engineer,"['Automation Testing', 'Java', 'Python', 'SQL', 'Selenium']",5
JOB05420,Machine Learning Engineer,"['Docker', 'Machine Learning', 'Python', 'Scikit-learn', 'TensorFlow']",5
JOB05421,Business Analyst,"['Business Analysis', 'Excel', 'Power BI', 'Requirements Gathering', 'SQL']",5
JOB05422,Cloud Engineer,"['AWS', 'Azure', 'Cloud Computing', 'Docker', 'Linux']",5
JOB05423,Software Engineer,"['Git', 'Java', 'Python', 'REST API', 'SQL']",5
JOB05424,QA Engineer,"['Automation Testing', 'Java', 'Python', 'SQL', 'Selenium']",5
JOB05425,Marketing Analyst,"['Excel', 'Marketing Analytics', 'Oracle', 'Power BI', 'Python', 'SQL']",6
JOB05426,Financial Analyst,"['Excel', 'Financial Modeling', 'Power BI', 'SQL', 'Statistics']",5
JOB05427,Data Engineer,"['AWS', 'ETL', 'Python', 'SQL', 'Spark']",5
JOB05428,Product Analyst,"['Excel', 'Product Analytics', 'Python', 'SQL']",4
JOB05429,Database Administrator,"['Database', 'Database Administration', 'MySQL', 'Oracle', 'PostgreSQL', 'SQL']",6
JOB05430,Product Analyst,"['Excel', 'Product Analytics', 'Python', 'SQL']",4
JOB05431,Web Developer,"['CSS', 'Git', 'HTML', 'Java', 'JavaScript', 'Machine Learning', 'React']",7
JOB05432,Python Developer,"['Django', 'Flask', 'Git', 'Python', 'SQL']",5
JOB05433,Cloud Engineer,"['AWS', 'Azure', 'Cloud Computing', 'Docker', 'Linux']",5
JOB05434,Power BI Developer,"['DAX', 'Excel', 'Power BI', 'Power Query', 'SQL']",5
JOB05435,Python Developer,"['Django', 'Flask', 'Git', 'Python', 'SQL']",5
JOB05436,HR Analyst,"['Data Analysis', 'Excel', 'HR Analytics', 'Power BI', 'SQL']",5
JOB05437,DevOps Engineer,"['AWS', 'Docker', 'Jenkins', 'Kubernetes', 'Linux']",5
JOB05438,HR Analyst,"['Data Analysis', 'Excel', 'HR Analytics', 'Power BI', 'SQL']",5
JOB05439,Financial Analyst,"['Excel', 'Financial Modeling', 'Power BI', 'SQL', 'Statistics']",5
JOB05440,Power BI Developer,"['DAX', 'Excel', 'Power BI', 'Power Query', 'SQL']",5
JOB05441,Machine Learning Engineer,"['Docker', 'Machine Learning', 'Python', 'Scikit-learn', 'TensorFlow']",5
JOB05442,DevOps Engineer,"['AWS', 'Docker', 'Jenkins', 'Kubernetes', 'Linux']",5
JOB05443,HR Analyst,"['Data Analysis', 'Excel', 'HR Analytics', 'Power BI', 'SQL']",5
JOB05444,BI Analyst,"['DAX', 'Data Visualization', 'Excel', 'Power BI', 'SQL']",5
JOB05445,Cloud Engineer,"['AWS', 'Azure', 'Cloud Computing', 'Docker', 'Linux']",5
JOB05446,QA Engineer,"['Automation Testing', 'Java', 'Python', 'SQL', 'Selenium']",5
JOB05447,Cloud Engineer,"['AWS', 'Azure', 'Cloud Computing', 'Docker', 'Linux']",5
JOB05448,Software Engineer,"['Git', 'Java', 'Python', 'REST API', 'SQL']",5
JOB05449,Python Developer,"['Django', 'Flask', 'Git', 'Python', 'SQL']",5
JOB05450,Data Analyst,"['Excel', 'Power BI', 'Python', 'SQL', 'Tableau']",5
JOB05451,Power BI Developer,"['DAX', 'Excel', 'Power BI', 'Power Query', 'SQL']",5
JOB05452,Software Engineer,"['Cloud Computing', 'Git', 'Java', 'Python', 'REST API', 'SQL']",6
JOB05453,Data Analyst,"['Excel', 'Power BI', 'Python', 'SQL', 'Tableau']",5
JOB05454,Machine Learning Engineer,"['Docker', 'Machine Learning', 'Python', 'Scikit-learn', 'TensorFlow']",5
JOB05455,Data Scientist,"['Machine Learning', 'Pandas', 'Python', 'SQL', 'Statistics']",5
JOB05456,Python Developer,"['Django', 'Flask', 'Git', 'Python', 'SQL']",5
JOB05457,Software Engineer,"['Git', 'Java', 'Python', 'REST API', 'SQL']",5
JOB05458,Full Stack Developer,"['CSS', 'HTML', 'Java', 'JavaScript', 'Machine Learning', 'Node', 'React']",7
JOB05459,Power BI Developer,"['DAX', 'Excel', 'Power BI', 'Power Query', 'SQL']",5
JOB05460,Business Analyst,"['Business Analysis', 'Cloud Computing', 'Excel', 'Power BI', 'Requirements Gathering', 'SQL']",6
JOB05461,Power BI Developer,"['DAX', 'Excel', 'Power BI', 'Power Query', 'SQL']",5
JOB05462,Product Analyst,"['Excel', 'Product Analytics', 'Python', 'SQL']",4
JOB05463,Full Stack Developer,"['CSS', 'HTML', 'Java', 'JavaScript', 'Machine Learning', 'Node', 'React']",7
JOB05464,SQL Developer,"['Database', 'ETL', 'MySQL', 'Oracle', 'PostgreSQL', 'SQL']",6
JOB05465,Data Analyst,"['Excel', 'Power BI', 'Python', 'SQL', 'Tableau']",5
JOB05466,Power BI Developer,"['DAX', 'Excel', 'Power BI', 'Power Query', 'SQL']",5
JOB05467,Business Analyst,"['Business Analysis', 'Excel', 'Power BI', 'Requirements Gathering', 'SQL']",5
JOB05468,Database Administrator,"['Database', 'Database Administration', 'MySQL', 'Oracle', 'PostgreSQL', 'SQL']",6
JOB05469,Data Engineer,"['AWS', 'ETL', 'Python', 'SQL', 'Spark']",5
JOB05470,Full Stack Developer,"['CSS', 'HTML', 'Java', 'JavaScript', 'Machine Learning', 'Node', 'React']",7
JOB05471,DevOps Engineer,"['AWS', 'Docker', 'Jenkins', 'Kubernetes', 'Linux']",5
JOB05472,Python Developer,"['Cloud Computing', 'Django', 'Flask', 'Git', 'Python', 'SQL']",6
JOB05473,Python Developer,"['Django', 'Flask', 'Git', 'Python', 'SQL']",5
JOB05474,Software Engineer,"['Git', 'Java', 'Python', 'REST API', 'SQL']",5
JOB05475,Full Stack Developer,"['CSS', 'HTML', 'Java', 'JavaScript', 'Machine Learning', 'Node', 'React']",7
JOB05476,Cloud Engineer,"['AWS', 'Azure', 'Cloud Computing', 'Docker', 'Linux']",5
JOB05477,Data Engineer,"['AWS', 'ETL', 'Python', 'SQL', 'Spark']",5
JOB05478,Product Analyst,"['Excel', 'Product Analytics', 'Python', 'SQL']",4
JOB05479,Database Administrator,"['Database', 'Database Administration', 'MySQL', 'Oracle', 'PostgreSQL', 'SQL']",6
JOB05480,Data Scientist,"['Machine Learning', 'Oracle', 'Pandas', 'Python', 'SQL', 'Statistics']",6
JOB05481,Full Stack Developer,"['CSS', 'HTML', 'Java', 'JavaScript', 'Machine Learning', 'Node', 'React']",7
JOB05482,Financial Analyst,"['Excel', 'Financial Modeling', 'Power BI', 'SQL', 'Statistics']",5
JOB05483,Web Developer,"['CSS', 'Git', 'HTML', 'Java', 'JavaScript', 'Machine Learning', 'React']",7
JOB05484,Product Analyst,"['Excel', 'Product Analytics', 'Python', 'SQL']",4
JOB05485,Software Engineer,"['Git', 'Java', 'Python', 'REST API', 'SQL']",5
JOB05486,Data Scientist,"['Machine Learning', 'Pandas', 'Python', 'SQL', 'Statistics']",5
JOB05487,Database Administrator,"['Database', 'Database Administration', 'MySQL', 'Oracle', 'PostgreSQL', 'SQL']",6
JOB05488,Data Engineer,"['AWS', 'ETL', 'Python', 'SQL', 'Spark']",5
JOB05489,Power BI Developer,"['DAX', 'Excel', 'Power BI', 'Power Query', 'SQL']",5
JOB05490,Marketing Analyst,"['Excel', 'Marketing Analytics', 'Oracle', 'Power BI', 'Python', 'SQL']",6
JOB05491,BI Analyst,"['DAX', 'Data Visualization', 'Excel', 'Power BI', 'SQL']",5
JOB05492,DevOps Engineer,"['AWS', 'Docker', 'Jenkins', 'Kubernetes', 'Linux']",5
JOB05493,Business Analyst,"['Business Analysis', 'Excel', 'Power BI', 'Requirements Gathering', 'SQL']",5
JOB05494,Data Scientist,"['Machine Learning', 'Pandas', 'Python', 'SQL', 'Statistics']",5
JOB05495,Business Analyst,"['Business Analysis', 'Excel', 'Power BI', 'Requirements Gathering', 'SQL']",5
JOB05496,Financial Analyst,"['Excel', 'Financial Modeling', 'Power BI', 'SQL', 'Statistics']",5
JOB05497,Business Analyst,"['Business Analysis', 'Excel', 'Power BI', 'Requirements Gathering', 'SQL']",5
JOB05498,HR Analyst,"['Data Analysis', 'Excel', 'HR Analytics', 'Power BI', 'SQL']",5
JOB05499,BI Analyst,"['DAX', 'Data Visualization', 'Excel', 'Power BI', 'SQL']",5
JOB05500,Marketing Analyst,"['Excel', 'Marketing Analytics', 'Power BI', 'Python', 'SQL']",5
JOB05501,Machine Learning Engineer,"['Docker', 'Machine Learning', 'Python', 'Scikit-learn', 'TensorFlow']",5
JOB05502,QA Engineer,"['Automation Testing', 'Java', 'Python', 'SQL', 'Selenium']",5
JOB05503,SQL Developer,"['Database', 'ETL', 'MySQL', 'PostgreSQL', 'SQL']",5
JOB05504,DevOps Engineer,"['AWS', 'Docker', 'Jenkins', 'Kubernetes', 'Linux']",5
JOB05505,Software Engineer,"['Git', 'Java', 'Python', 'REST API', 'SQL']",5
JOB05506,Power BI Developer,"['DAX', 'Excel', 'Power BI', 'Power Query', 'SQL']",5
JOB05507,DevOps Engineer,"['AWS', 'Docker', 'Jenkins', 'Kubernetes', 'Linux']",5
JOB05508,Product Analyst,"['Excel', 'Product Analytics', 'Python', 'SQL']",4
JOB05509,Web Developer,"['CSS', 'Git', 'HTML', 'Java', 'JavaScript', 'Machine Learning', 'React']",7
JOB05510,Financial Analyst,"['Excel', 'Financial Modeling', 'Power BI', 'SQL', 'Statistics']",5
JOB05511,BI Analyst,"['DAX', 'Data Visualization', 'Excel', 'Power BI', 'SQL']",5
JOB05512,BI Analyst,"['DAX', 'Data Visualization', 'Excel', 'Power BI', 'SQL']",5
JOB05513,Full Stack Developer,"['CSS', 'HTML', 'Java', 'JavaScript', 'Machine Learning', 'Node', 'React']",7
JOB05514,QA Engineer,"['Automation Testing', 'Java', 'Python', 'SQL', 'Selenium']",5
JOB05515,Cloud Engineer,"['AWS', 'Azure', 'Cloud Computing', 'Docker', 'Linux']",5
JOB05516,Data Scientist,"['Machine Learning', 'Pandas', 'Python', 'SQL', 'Statistics']",5
JOB05517,Database Administrator,"['Database', 'Database Administration', 'MySQL', 'Oracle', 'PostgreSQL', 'SQL']",6
JOB05518,Business Analyst,"['Business Analysis', 'Excel', 'Power BI', 'Requirements Gathering', 'SQL']",5
JOB05519,Data Engineer,"['AWS', 'ETL', 'Oracle', 'Python', 'SQL', 'Spark']",6
JOB05520,Business Analyst,"['Business Analysis', 'Excel', 'Power BI', 'Requirements Gathering', 'SQL']",5
JOB05521,Financial Analyst,"['Excel', 'Financial Modeling', 'Power BI', 'SQL', 'Statistics']",5
JOB05522,Machine Learning Engineer,"['Docker', 'Machine Learning', 'Python', 'Scikit-learn', 'TensorFlow']",5
JOB05523,Data Scientist,"['Machine Learning', 'Pandas', 'Python', 'SQL', 'Statistics']",5
JOB05524,Financial Analyst,"['Excel', 'Financial Modeling', 'Power BI', 'SQL', 'Statistics']",5
JOB05525,Financial Analyst,"['Excel', 'Financial Modeling', 'Power BI', 'SQL', 'Statistics']",5
JOB05526,Marketing Analyst,"['Excel', 'Marketing Analytics', 'Power BI', 'Python', 'SQL']",5
JOB05527,BI Analyst,"['DAX', 'Data Visualization', 'Excel', 'Power BI', 'SQL']",5
JOB05528,Business Analyst,"['Business Analysis', 'Excel', 'Power BI', 'Requirements Gathering', 'SQL']",5
JOB05529,Data Engineer,"['AWS', 'ETL', 'Python', 'SQL', 'Spark']",5
JOB05530,Machine Learning Engineer,"['Cloud Computing', 'Docker', 'Machine Learning', 'Python', 'Scikit-learn', 'TensorFlow']",6
JOB05531,Python Developer,"['Django', 'Flask', 'Git', 'Python', 'SQL']",5
JOB05532,Full Stack Developer,"['CSS', 'HTML', 'Java', 'JavaScript', 'Machine Learning', 'Node', 'React']",7
JOB05533,QA Engineer,"['Automation Testing', 'Java', 'Python', 'SQL', 'Selenium']",5
JOB05534,Product Analyst,"['Excel', 'Product Analytics', 'Python', 'SQL']",4
JOB05535,Data Scientist,"['Machine Learning', 'Pandas', 'Python', 'SQL', 'Statistics']",5
JOB05536,Business Analyst,"['Business Analysis', 'Excel', 'Power BI', 'Requirements Gathering', 'SQL']",5
JOB05537,QA Engineer,"['Automation Testing', 'Cloud Computing', 'Java', 'Python', 'SQL', 'Selenium']",6
JOB05538,Software Engineer,"['Git', 'Java', 'Oracle', 'Python', 'REST API', 'SQL']",6
JOB05539,Power BI Developer,"['DAX', 'Excel', 'Power BI', 'Power Query', 'SQL']",5
JOB05540,Data Analyst,"['Excel', 'Power BI', 'Python', 'SQL', 'Tableau']",5
JOB05541,Software Engineer,"['Git', 'Java', 'Python', 'REST API', 'SQL']",5
JOB05542,Financial Analyst,"['Excel', 'Financial Modeling', 'Power BI', 'SQL', 'Statistics']",5
JOB05543,Full Stack Developer,"['CSS', 'HTML', 'Java', 'JavaScript', 'Machine Learning', 'Node', 'React']",7
JOB05544,DevOps Engineer,"['AWS', 'Docker', 'Jenkins', 'Kubernetes', 'Linux']",5
JOB05545,Data Analyst,"['Excel', 'Power BI', 'Python', 'SQL', 'Tableau']",5
JOB05546,DevOps Engineer,"['AWS', 'Docker', 'Jenkins', 'Kubernetes', 'Linux']",5
JOB05547,Data Scientist,"['Machine Learning', 'Pandas', 'Python', 'SQL', 'Statistics']",5
JOB05548,Product Analyst,"['Excel', 'Product Analytics', 'Python', 'SQL']",4
JOB05549,Software Engineer,"['Cloud Computing', 'Git', 'Java', 'Python', 'REST API', 'SQL']",6
JOB05550,Machine Learning Engineer,"['Docker', 'Machine Learning', 'Python', 'Scikit-learn', 'TensorFlow']",5
JOB05551,SQL Developer,"['Database', 'ETL', 'MySQL', 'PostgreSQL', 'SQL']",5
JOB05552,Financial Analyst,"['Excel', 'Financial Modeling', 'Power BI', 'SQL', 'Statistics']",5
JOB05553,Database Administrator,"['Database', 'Database Administration', 'MySQL', 'Oracle', 'PostgreSQL', 'SQL']",6
JOB05554,Financial Analyst,"['Excel', 'Financial Modeling', 'Power BI', 'SQL', 'Statistics']",5
JOB05555,Financial Analyst,"['Excel', 'Financial Modeling', 'Power BI', 'SQL', 'Statistics']",5
JOB05556,SQL Developer,"['Database', 'ETL', 'MySQL', 'PostgreSQL', 'SQL']",5
JOB05557,Database Administrator,"['Database', 'Database Administration', 'MySQL', 'Oracle', 'PostgreSQL', 'SQL']",6
JOB05558,Business Analyst,"['Business Analysis', 'Excel', 'Power BI', 'Requirements Gathering', 'SQL']",5
JOB05559,Software Engineer,"['Git', 'Java', 'Python', 'REST API', 'SQL']",5
JOB05560,Marketing Analyst,"['Excel', 'Marketing Analytics', 'Power BI', 'Python', 'SQL']",5
JOB05561,Data Analyst,"['Cloud Computing', 'Excel', 'Power BI', 'Python', 'SQL', 'Tableau']",6
JOB05562,Data Engineer,"['AWS', 'ETL', 'Python', 'SQL', 'Spark']",5
JOB05563,Data Engineer,"['AWS', 'ETL', 'Python', 'SQL', 'Spark']",5
JOB05564,Software Engineer,"['Git', 'Java', 'Python', 'REST API', 'SQL']",5
JOB05565,QA Engineer,"['Automation Testing', 'Java', 'Python', 'SQL', 'Selenium']",5
JOB05566,QA Engineer,"['Automation Testing', 'Java', 'Python', 'SQL', 'Selenium']",5
JOB05567,Data Engineer,"['AWS', 'ETL', 'Python', 'SQL', 'Spark']",5
JOB05568,Data Analyst,"['Excel', 'Power BI', 'Python', 'SQL', 'Tableau']",5
JOB05569,Power BI Developer,"['DAX', 'Excel', 'Power BI', 'Power Query', 'SQL']",5
JOB05570,QA Engineer,"['Automation Testing', 'Java', 'Python', 'SQL', 'Selenium']",5
JOB05571,HR Analyst,"['Data Analysis', 'Excel', 'HR Analytics', 'Power BI', 'SQL']",5
JOB05572,Data Engineer,"['AWS', 'ETL', 'Python', 'SQL', 'Spark']",5
JOB05573,Data Analyst,"['Excel', 'Power BI', 'Python', 'SQL', 'Tableau']",5
JOB05574,Data Scientist,"['Machine Learning', 'Pandas', 'Python', 'SQL', 'Statistics']",5
JOB05575,Data Engineer,"['AWS', 'ETL', 'Python', 'SQL', 'Spark']",5
JOB05576,Web Developer,"['CSS', 'Git', 'HTML', 'Java', 'JavaScript', 'Machine Learning', 'React']",7
JOB05577,Data Engineer,"['AWS', 'ETL', 'Oracle', 'Python', 'SQL', 'Spark']",6
JOB05578,BI Analyst,"['DAX', 'Data Visualization', 'Excel', 'Power BI', 'SQL']",5
JOB05579,Financial Analyst,"['Excel', 'Financial Modeling', 'Oracle', 'Power BI', 'SQL', 'Statistics']",6
JOB05580,Full Stack Developer,"['CSS', 'HTML', 'Java', 'JavaScript', 'Machine Learning', 'Node', 'React']",7
JOB05581,Cloud Engineer,"['AWS', 'Azure', 'Cloud Computing', 'Docker', 'Linux']",5
JOB05582,Business Analyst,"['Business Analysis', 'Excel', 'Power BI', 'Requirements Gathering', 'SQL']",5
JOB05583,Database Administrator,"['Database', 'Database Administration', 'MySQL', 'Oracle', 'PostgreSQL', 'SQL']",6
JOB05584,Software Engineer,"['Git', 'Java', 'Python', 'REST API', 'SQL']",5
JOB05585,QA Engineer,"['Automation Testing', 'Java', 'Python', 'SQL', 'Selenium']",5
JOB05586,Power BI Developer,"['DAX', 'Excel', 'Power BI', 'Power Query', 'SQL']",5
JOB05587,Business Analyst,"['Business Analysis', 'Excel', 'Power BI', 'Requirements Gathering', 'SQL']",5
JOB05588,SQL Developer,"['Database', 'ETL', 'MySQL', 'PostgreSQL', 'SQL']",5
JOB05589,DevOps Engineer,"['AWS', 'Docker', 'Jenkins', 'Kubernetes', 'Linux', 'Oracle']",6
JOB05590,Product Analyst,"['Excel', 'Product Analytics', 'Python', 'SQL']",4
JOB05591,QA Engineer,"['Automation Testing', 'Java', 'Python', 'SQL', 'Selenium']",5
JOB05592,SQL Developer,"['Database', 'ETL', 'MySQL', 'PostgreSQL', 'SQL']",5
JOB05593,BI Analyst,"['Cloud Computing', 'DAX', 'Data Visualization', 'Excel', 'Power BI', 'SQL']",6
JOB05594,Full Stack Developer,"['CSS', 'HTML', 'Java', 'JavaScript', 'Machine Learning', 'Node', 'React']",7
JOB05595,Data Scientist,"['Machine Learning', 'Pandas', 'Python', 'SQL', 'Statistics']",5
JOB05596,Software Engineer,"['Git', 'Java', 'Python', 'REST API', 'SQL']",5
JOB05597,HR Analyst,"['Data Analysis', 'Excel', 'HR Analytics', 'Power BI', 'SQL']",5
JOB05598,Data Scientist,"['Machine Learning', 'Pandas', 'Python', 'SQL', 'Statistics']",5
JOB05599,Product Analyst,"['Excel', 'Product Analytics', 'Python', 'SQL']",4
JOB05600,Data Analyst,"['Excel', 'Power BI', 'Python', 'SQL', 'Tableau']",5
JOB05601,QA Engineer,"['Automation Testing', 'Java', 'Python', 'SQL', 'Selenium']",5
JOB05602,Python Developer,"['Django', 'Flask', 'Git', 'Python', 'SQL']",5
JOB05603,Machine Learning Engineer,"['Docker', 'Machine Learning', 'Python', 'Scikit-learn', 'TensorFlow']",5
JOB05604,Machine Learning Engineer,"['Docker', 'Machine Learning', 'Python', 'Scikit-learn', 'TensorFlow']",5
JOB05605,Business Analyst,"['Business Analysis', 'Excel', 'Power BI', 'Requirements Gathering', 'SQL']",5
JOB05606,QA Engineer,"['Automation Testing', 'Java', 'Python', 'SQL', 'Selenium']",5
JOB05607,Business Analyst,"['Business Analysis', 'Excel', 'Power BI', 'Requirements Gathering', 'SQL']",5
JOB05608,BI Analyst,"['DAX', 'Data Visualization', 'Excel', 'Power BI', 'SQL']",5
JOB05609,Data Analyst,"['Excel', 'Power BI', 'Python', 'SQL', 'Tableau']",5
JOB05610,Cloud Engineer,"['AWS', 'Azure', 'Cloud Computing', 'Docker', 'Linux']",5
JOB05611,Data Scientist,"['Machine Learning', 'Pandas', 'Python', 'SQL', 'Statistics']",5
JOB05612,BI Analyst,"['DAX', 'Data Visualization', 'Excel', 'Power BI', 'SQL']",5
JOB05613,Python Developer,"['Django', 'Flask', 'Git', 'Python', 'SQL']",5
JOB05614,Data Engineer,"['AWS', 'ETL', 'Python', 'SQL', 'Spark']",5
JOB05615,Machine Learning Engineer,"['Docker', 'Machine Learning', 'Python', 'Scikit-learn', 'TensorFlow']",5
JOB05616,Web Developer,"['CSS', 'Git', 'HTML', 'Java', 'JavaScript', 'Machine Learning', 'React']",7
JOB05617,DevOps Engineer,"['AWS', 'Docker', 'Jenkins', 'Kubernetes', 'Linux']",5
JOB05618,Product Analyst,"['Excel', 'Product Analytics', 'Python', 'SQL']",4
JOB05619,Cloud Engineer,"['AWS', 'Azure', 'Cloud Computing', 'Docker', 'Linux']",5
JOB05620,Business Analyst,"['Business Analysis', 'Excel', 'Power BI', 'Requirements Gathering', 'SQL']",5
JOB05621,Web Developer,"['CSS', 'Git', 'HTML', 'Java', 'JavaScript', 'Machine Learning', 'React']",7
JOB05622,Full Stack Developer,"['CSS', 'HTML', 'Java', 'JavaScript', 'Machine Learning', 'Node', 'React']",7
JOB05623,Data Scientist,"['Machine Learning', 'Pandas', 'Python', 'SQL', 'Statistics']",5
JOB05624,Power BI Developer,"['DAX', 'Excel', 'Power BI', 'Power Query', 'SQL']",5
JOB05625,Software Engineer,"['Git', 'Java', 'Python', 'REST API', 'SQL']",5
JOB05626,QA Engineer,"['Automation Testing', 'Java', 'Python', 'SQL', 'Selenium']",5
JOB05627,SQL Developer,"['Database', 'ETL', 'MySQL', 'Oracle', 'PostgreSQL', 'SQL']",6
JOB05628,Financial Analyst,"['Excel', 'Financial Modeling', 'Power BI', 'SQL', 'Statistics']",5
JOB05629,QA Engineer,"['Automation Testing', 'Java', 'Python', 'SQL', 'Selenium']",5
JOB05630,Data Scientist,"['Machine Learning', 'Pandas', 'Python', 'SQL', 'Statistics']",5
JOB05631,BI Analyst,"['DAX', 'Data Visualization', 'Excel', 'Power BI', 'SQL']",5
JOB05632,Cloud Engineer,"['AWS', 'Azure', 'Cloud Computing', 'Docker', 'Linux']",5
JOB05633,Data Scientist,"['Machine Learning', 'Pandas', 'Python', 'SQL', 'Statistics']",5
JOB05634,Web Developer,"['CSS', 'Git', 'HTML', 'Java', 'JavaScript', 'Machine Learning', 'React']",7
JOB05635,SQL Developer,"['Database', 'ETL', 'MySQL', 'PostgreSQL', 'SQL']",5
JOB05636,QA Engineer,"['Automation Testing', 'Java', 'Python', 'SQL', 'Selenium']",5
JOB05637,Software Engineer,"['Cloud Computing', 'Git', 'Java', 'Python', 'REST API', 'SQL']",6
JOB05638,Python Developer,"['Django', 'Flask', 'Git', 'Python', 'SQL']",5
JOB05639,DevOps Engineer,"['AWS', 'Docker', 'Jenkins', 'Kubernetes', 'Linux']",5
JOB05640,QA Engineer,"['Automation Testing', 'Java', 'Python', 'SQL', 'Selenium']",5
JOB05641,Power BI Developer,"['DAX', 'Excel', 'Power BI', 'Power Query', 'SQL']",5
JOB05642,SQL Developer,"['Database', 'ETL', 'MySQL', 'PostgreSQL', 'SQL']",5
JOB05643,Financial Analyst,"['Excel', 'Financial Modeling', 'Power BI', 'SQL', 'Statistics']",5
JOB05644,Power BI Developer,"['DAX', 'Excel', 'Power BI', 'Power Query', 'SQL']",5
JOB05645,DevOps Engineer,"['AWS', 'Docker', 'Jenkins', 'Kubernetes', 'Linux']",5
JOB05646,Business Analyst,"['Business Analysis', 'Excel', 'Power BI', 'Requirements Gathering', 'SQL']",5
JOB05647,Web Developer,"['CSS', 'Git', 'HTML', 'Java', 'JavaScript', 'Machine Learning', 'React']",7
JOB05648,DevOps Engineer,"['AWS', 'Cloud Computing', 'Docker', 'Jenkins', 'Kubernetes', 'Linux']",6
JOB05649,Software Engineer,"['Git', 'Java', 'Python', 'REST API', 'SQL']",5
JOB05650,Marketing Analyst,"['Excel', 'Marketing Analytics', 'Power BI', 'Python', 'SQL']",5
JOB05651,Business Analyst,"['Business Analysis', 'Excel', 'Power BI', 'Requirements Gathering', 'SQL']",5
JOB05652,Machine Learning Engineer,"['Docker', 'Machine Learning', 'Python', 'Scikit-learn', 'TensorFlow']",5
JOB05653,Power BI Developer,"['DAX', 'Excel', 'Power BI', 'Power Query', 'SQL']",5
JOB05654,Power BI Developer,"['DAX', 'Excel', 'Oracle', 'Power BI', 'Power Query', 'SQL']",6
JOB05655,Software Engineer,"['Cloud Computing', 'Git', 'Java', 'Python', 'REST API', 'SQL']",6
JOB05656,Software Engineer,"['Git', 'Java', 'Python', 'REST API', 'SQL']",5
JOB05657,Cloud Engineer,"['AWS', 'Azure', 'Cloud Computing', 'Docker', 'Linux']",5
JOB05658,Python Developer,"['Django', 'Flask', 'Git', 'Python', 'SQL']",5
JOB05659,BI Analyst,"['DAX', 'Data Visualization', 'Excel', 'Power BI', 'SQL']",5
JOB05660,Product Analyst,"['Excel', 'Product Analytics', 'Python', 'SQL']",4
JOB05661,Data Scientist,"['Machine Learning', 'Pandas', 'Python', 'SQL', 'Statistics']",5
JOB05662,Python Developer,"['Django', 'Flask', 'Git', 'Python', 'SQL']",5
JOB05663,Python Developer,"['Django', 'Flask', 'Git', 'Python', 'SQL']",5
JOB05664,Business Analyst,"['Business Analysis', 'Excel', 'Power BI', 'Requirements Gathering', 'SQL']",5
JOB05665,Product Analyst,"['Excel', 'Product Analytics', 'Python', 'SQL']",4
JOB05666,Business Analyst,"['Business Analysis', 'Excel', 'Power BI', 'Requirements Gathering', 'SQL']",5
JOB05667,Cloud Engineer,"['AWS', 'Azure', 'Cloud Computing', 'Docker', 'Linux']",5
JOB05668,Web Developer,"['CSS', 'Git', 'HTML', 'Java', 'JavaScript', 'Machine Learning', 'React']",7
JOB05669,Full Stack Developer,"['CSS', 'HTML', 'Java', 'JavaScript', 'Machine Learning', 'Node', 'React']",7
JOB05670,DevOps Engineer,"['AWS', 'Docker', 'Jenkins', 'Kubernetes', 'Linux']",5
JOB05671,SQL Developer,"['Database', 'ETL', 'MySQL', 'PostgreSQL', 'SQL']",5
JOB05672,Marketing Analyst,"['Excel', 'Marketing Analytics', 'Power BI', 'Python', 'SQL']",5
JOB05673,Machine Learning Engineer,"['Docker', 'Machine Learning', 'Python', 'Scikit-learn', 'TensorFlow']",5
JOB05674,Marketing Analyst,"['Excel', 'Marketing Analytics', 'Power BI', 'Python', 'SQL']",5
JOB05675,Machine Learning Engineer,"['Docker', 'Machine Learning', 'Python', 'Scikit-learn', 'TensorFlow']",5
JOB05676,SQL Developer,"['Database', 'ETL', 'MySQL', 'PostgreSQL', 'SQL']",5
JOB05677,Financial Analyst,"['Excel', 'Financial Modeling', 'Power BI', 'SQL', 'Statistics']",5
JOB05678,Data Scientist,"['Machine Learning', 'Oracle', 'Pandas', 'Python', 'SQL', 'Statistics']",6
JOB05679,Cloud Engineer,"['AWS', 'Azure', 'Cloud Computing', 'Docker', 'Linux']",5
JOB05680,Database Administrator,"['Database', 'Database Administration', 'MySQL', 'Oracle', 'PostgreSQL', 'SQL']",6
JOB05681,Power BI Developer,"['DAX', 'Excel', 'Power BI', 'Power Query', 'SQL']",5
JOB05682,Business Analyst,"['Business Analysis', 'Excel', 'Power BI', 'Requirements Gathering', 'SQL']",5
JOB05683,Product Analyst,"['Excel', 'Product Analytics', 'Python', 'SQL']",4
JOB05684,Marketing Analyst,"['Excel', 'Marketing Analytics', 'Power BI', 'Python', 'SQL']",5
JOB05685,SQL Developer,"['Database', 'ETL', 'MySQL', 'PostgreSQL', 'SQL']",5
JOB05686,Power BI Developer,"['DAX', 'Excel', 'Power BI', 'Power Query', 'SQL']",5
JOB05687,Data Engineer,"['AWS', 'ETL', 'Python', 'SQL', 'Spark']",5
JOB05688,Data Engineer,"['AWS', 'ETL', 'Python', 'SQL', 'Spark']",5
JOB05689,Software Engineer,"['Git', 'Java', 'Python', 'REST API', 'SQL']",5
JOB05690,Financial Analyst,"['Excel', 'Financial Modeling', 'Power BI', 'SQL', 'Statistics']",5
JOB05691,Data Analyst,"['Excel', 'Power BI', 'Python', 'SQL', 'Tableau']",5
JOB05692,Business Analyst,"['Business Analysis', 'Excel', 'Power BI', 'Requirements Gathering', 'SQL']",5
JOB05693,Web Developer,"['CSS', 'Git', 'HTML', 'Java', 'JavaScript', 'Machine Learning', 'React']",7
JOB05694,DevOps Engineer,"['AWS', 'Docker', 'Jenkins', 'Kubernetes', 'Linux']",5
JOB05695,HR Analyst,"['Data Analysis', 'Excel', 'HR Analytics', 'Power BI', 'SQL']",5
JOB05696,HR Analyst,"['Data Analysis', 'Excel', 'HR Analytics', 'Power BI', 'SQL']",5
JOB05697,QA Engineer,"['Automation Testing', 'Java', 'Oracle', 'Python', 'SQL', 'Selenium']",6
JOB05698,SQL Developer,"['Database', 'ETL', 'MySQL', 'PostgreSQL', 'SQL']",5
JOB05699,Business Analyst,"['Business Analysis', 'Excel', 'Power BI', 'Requirements Gathering', 'SQL']",5
JOB05700,Database Administrator,"['Database', 'Database Administration', 'MySQL', 'Oracle', 'PostgreSQL', 'SQL']",6
JOB05701,Machine Learning Engineer,"['Docker', 'Machine Learning', 'Python', 'Scikit-learn', 'TensorFlow']",5
JOB05702,QA Engineer,"['Automation Testing', 'Java', 'Python', 'SQL', 'Selenium']",5
JOB05703,Data Engineer,"['AWS', 'ETL', 'Python', 'SQL', 'Spark']",5
JOB05704,HR Analyst,"['Data Analysis', 'Excel', 'HR Analytics', 'Power BI', 'SQL']",5
JOB05705,Database Administrator,"['Database', 'Database Administration', 'MySQL', 'Oracle', 'PostgreSQL', 'SQL']",6
JOB05706,QA Engineer,"['Automation Testing', 'Java', 'Python', 'SQL', 'Selenium']",5
JOB05707,Cloud Engineer,"['AWS', 'Azure', 'Cloud Computing', 'Docker', 'Linux']",5
JOB05708,Machine Learning Engineer,"['Docker', 'Machine Learning', 'Python', 'Scikit-learn', 'TensorFlow']",5
JOB05709,Web Developer,"['CSS', 'Git', 'HTML', 'Java', 'JavaScript', 'Machine Learning', 'React']",7
JOB05710,Machine Learning Engineer,"['Docker', 'Machine Learning', 'Python', 'Scikit-learn', 'TensorFlow']",5
JOB05711,Financial Analyst,"['Excel', 'Financial Modeling', 'Power BI', 'SQL', 'Statistics']",5
JOB05712,Cloud Engineer,"['AWS', 'Azure', 'Cloud Computing', 'Docker', 'Linux']",5
JOB05713,BI Analyst,"['DAX', 'Data Visualization', 'Excel', 'Power BI', 'SQL']",5
JOB05714,DevOps Engineer,"['AWS', 'Docker', 'Jenkins', 'Kubernetes', 'Linux']",5
JOB05715,Marketing Analyst,"['Excel', 'Marketing Analytics', 'Power BI', 'Python', 'SQL']",5
JOB05716,Software Engineer,"['Git', 'Java', 'Python', 'REST API', 'SQL']",5
JOB05717,QA Engineer,"['Automation Testing', 'Java', 'Python', 'SQL', 'Selenium']",5
JOB05718,Data Engineer,"['AWS', 'ETL', 'Python', 'SQL', 'Spark']",5
JOB05719,Marketing Analyst,"['Excel', 'Marketing Analytics', 'Power BI', 'Python', 'SQL']",5
JOB05720,Data Scientist,"['Machine Learning', 'Pandas', 'Python', 'SQL', 'Statistics']",5
JOB05721,Data Engineer,"['AWS', 'ETL', 'Oracle', 'Python', 'SQL', 'Spark']",6
JOB05722,Data Analyst,"['Excel', 'Power BI', 'Python', 'SQL', 'Tableau']",5
JOB05723,Python Developer,"['Django', 'Flask', 'Git', 'Python', 'SQL']",5
JOB05724,Machine Learning Engineer,"['Docker', 'Machine Learning', 'Python', 'Scikit-learn', 'TensorFlow']",5
JOB05725,Financial Analyst,"['Excel', 'Financial Modeling', 'Power BI', 'SQL', 'Statistics']",5
JOB05726,Machine Learning Engineer,"['Docker', 'Machine Learning', 'Python', 'Scikit-learn', 'TensorFlow']",5
JOB05727,DevOps Engineer,"['AWS', 'Docker', 'Jenkins', 'Kubernetes', 'Linux']",5
JOB05728,SQL Developer,"['Database', 'ETL', 'MySQL', 'PostgreSQL', 'SQL']",5
JOB05729,Software Engineer,"['Git', 'Java', 'Python', 'REST API', 'SQL']",5
JOB05730,DevOps Engineer,"['AWS', 'Docker', 'Jenkins', 'Kubernetes', 'Linux']",5
JOB05731,Database Administrator,"['Database', 'Database Administration', 'MySQL', 'Oracle', 'PostgreSQL', 'SQL']",6
JOB05732,Data Engineer,"['AWS', 'ETL', 'Python', 'SQL', 'Spark']",5
JOB05733,Business Analyst,"['Business Analysis', 'Excel', 'Power BI', 'Requirements Gathering', 'SQL']",5
JOB05734,Database Administrator,"['Database', 'Database Administration', 'MySQL', 'Oracle', 'PostgreSQL', 'SQL']",6
JOB05735,Data Analyst,"['Excel', 'Power BI', 'Python', 'SQL', 'Tableau']",5
JOB05736,Business Analyst,"['Business Analysis', 'Excel', 'Power BI', 'Requirements Gathering', 'SQL']",5
JOB05737,Data Analyst,"['Excel', 'Power BI', 'Python', 'SQL', 'Tableau']",5
JOB05738,Data Engineer,"['AWS', 'ETL', 'Python', 'SQL', 'Spark']",5
JOB05739,Marketing Analyst,"['Excel', 'Marketing Analytics', 'Power BI', 'Python', 'SQL']",5
JOB05740,Web Developer,"['CSS', 'Git', 'HTML', 'Java', 'JavaScript', 'Machine Learning', 'React']",7
JOB05741,Web Developer,"['CSS', 'Git', 'HTML', 'Java', 'JavaScript', 'Machine Learning', 'React']",7
JOB05742,Database Administrator,"['Database', 'Database Administration', 'MySQL', 'Oracle', 'PostgreSQL', 'SQL']",6
JOB05743,HR Analyst,"['Data Analysis', 'Excel', 'HR Analytics', 'Power BI', 'SQL']",5
JOB05744,BI Analyst,"['DAX', 'Data Visualization', 'Excel', 'Power BI', 'SQL']",5
JOB05745,Cloud Engineer,"['AWS', 'Azure', 'Cloud Computing', 'Docker', 'Linux']",5
JOB05746,Python Developer,"['Django', 'Flask', 'Git', 'Python', 'SQL']",5
JOB05747,Database Administrator,"['Database', 'Database Administration', 'MySQL', 'Oracle', 'PostgreSQL', 'SQL']",6
JOB05748,Data Scientist,"['Machine Learning', 'Pandas', 'Python', 'SQL', 'Statistics']",5
JOB05749,Data Scientist,"['Machine Learning', 'Pandas', 'Python', 'SQL', 'Statistics']",5
JOB05750,SQL Developer,"['Cloud Computing', 'Database', 'ETL', 'MySQL', 'PostgreSQL', 'SQL']",6
JOB05751,Database Administrator,"['Database', 'Database Administration', 'MySQL', 'Oracle', 'PostgreSQL', 'SQL']",6
JOB05752,Data Engineer,"['AWS', 'ETL', 'Python', 'SQL', 'Spark']",5
JOB05753,Cloud Engineer,"['AWS', 'Azure', 'Cloud Computing', 'Docker', 'Linux']",5
JOB05754,Software Engineer,"['Git', 'Java', 'Python', 'REST API', 'SQL']",5
JOB05755,Data Analyst,"['Excel', 'Power BI', 'Python', 'SQL', 'Tableau']",5
JOB05756,Data Scientist,"['Machine Learning', 'Pandas', 'Python', 'SQL', 'Statistics']",5
JOB05757,Web Developer,"['CSS', 'Git', 'HTML', 'Java', 'JavaScript', 'Machine Learning', 'React']",7
JOB05758,Marketing Analyst,"['Excel', 'Marketing Analytics', 'Power BI', 'Python', 'SQL']",5
JOB05759,Marketing Analyst,"['Excel', 'Marketing Analytics', 'Power BI', 'Python', 'SQL']",5
JOB05760,Product Analyst,"['Excel', 'Product Analytics', 'Python', 'SQL']",4
JOB05761,Database Administrator,"['Database', 'Database Administration', 'MySQL', 'Oracle', 'PostgreSQL', 'SQL']",6
JOB05762,Web Developer,"['CSS', 'Git', 'HTML', 'Java', 'JavaScript', 'Machine Learning', 'React']",7
JOB05763,Python Developer,"['Django', 'Flask', 'Git', 'Python', 'SQL']",5
JOB05764,QA Engineer,"['Automation Testing', 'Java', 'Python', 'SQL', 'Selenium']",5
JOB05765,Data Engineer,"['AWS', 'ETL', 'Python', 'SQL', 'Spark']",5
JOB05766,Software Engineer,"['Git', 'Java', 'Python', 'REST API', 'SQL']",5
JOB05767,HR Analyst,"['Data Analysis', 'Excel', 'HR Analytics', 'Power BI', 'SQL']",5
JOB05768,Full Stack Developer,"['CSS', 'Cloud Computing', 'HTML', 'Java', 'JavaScript', 'Machine Learning', 'Node', 'React']",8
JOB05769,Data Analyst,"['Excel', 'Power BI', 'Python', 'SQL', 'Tableau']",5
JOB05770,BI Analyst,"['DAX', 'Data Visualization', 'Excel', 'Power BI', 'SQL']",5
JOB05771,BI Analyst,"['DAX', 'Data Visualization', 'Excel', 'Oracle', 'Power BI', 'SQL']",6
JOB05772,DevOps Engineer,"['AWS', 'Docker', 'Jenkins', 'Kubernetes', 'Linux']",5
JOB05773,DevOps Engineer,"['AWS', 'Docker', 'Jenkins', 'Kubernetes', 'Linux']",5
JOB05774,Software Engineer,"['Git', 'Java', 'Python', 'REST API', 'SQL']",5
JOB05775,Data Analyst,"['Excel', 'Oracle', 'Power BI', 'Python', 'SQL', 'Tableau']",6
JOB05776,Machine Learning Engineer,"['Docker', 'Machine Learning', 'Python', 'Scikit-learn', 'TensorFlow']",5
JOB05777,Cloud Engineer,"['AWS', 'Azure', 'Cloud Computing', 'Docker', 'Linux']",5
JOB05778,Marketing Analyst,"['Excel', 'Marketing Analytics', 'Power BI', 'Python', 'SQL']",5
JOB05779,BI Analyst,"['DAX', 'Data Visualization', 'Excel', 'Power BI', 'SQL']",5
JOB05780,QA Engineer,"['Automation Testing', 'Java', 'Python', 'SQL', 'Selenium']",5
JOB05781,Full Stack Developer,"['CSS', 'HTML', 'Java', 'JavaScript', 'Machine Learning', 'Node', 'React']",7
JOB05782,Full Stack Developer,"['CSS', 'HTML', 'Java', 'JavaScript', 'Machine Learning', 'Node', 'React']",7
JOB05783,Software Engineer,"['Git', 'Java', 'Python', 'REST API', 'SQL']",5
JOB05784,Database Administrator,"['Database', 'Database Administration', 'MySQL', 'Oracle', 'PostgreSQL', 'SQL']",6
JOB05785,Database Administrator,"['Database', 'Database Administration', 'MySQL', 'Oracle', 'PostgreSQL', 'SQL']",6
JOB05786,Marketing Analyst,"['Excel', 'Marketing Analytics', 'Power BI', 'Python', 'SQL']",5
JOB05787,Data Engineer,"['AWS', 'ETL', 'Python', 'SQL', 'Spark']",5
JOB05788,QA Engineer,"['Automation Testing', 'Java', 'Python', 'SQL', 'Selenium']",5
JOB05789,Cloud Engineer,"['AWS', 'Azure', 'Cloud Computing', 'Docker', 'Linux']",5
JOB05790,Data Analyst,"['Excel', 'Power BI', 'Python', 'SQL', 'Tableau']",5
JOB05791,Data Engineer,"['AWS', 'ETL', 'Python', 'SQL', 'Spark']",5
JOB05792,Financial Analyst,"['Excel', 'Financial Modeling', 'Power BI', 'SQL', 'Statistics']",5
JOB05793,Data Scientist,"['Machine Learning', 'Pandas', 'Python', 'SQL', 'Statistics']",5
JOB05794,Web Developer,"['CSS', 'Git', 'HTML', 'Java', 'JavaScript', 'Machine Learning', 'React']",7
JOB05795,Product Analyst,"['Excel', 'Product Analytics', 'Python', 'SQL']",4
JOB05796,SQL Developer,"['Database', 'ETL', 'MySQL', 'PostgreSQL', 'SQL']",5
JOB05797,Full Stack Developer,"['CSS', 'HTML', 'Java', 'JavaScript', 'Machine Learning', 'Node', 'React']",7
JOB05798,HR Analyst,"['Data Analysis', 'Excel', 'HR Analytics', 'Power BI', 'SQL']",5
JOB05799,Business Analyst,"['Business Analysis', 'Excel', 'Power BI', 'Requirements Gathering', 'SQL']",5
JOB05800,Machine Learning Engineer,"['Docker', 'Machine Learning', 'Python', 'Scikit-learn', 'TensorFlow']",5
JOB05801,SQL Developer,"['Database', 'ETL', 'MySQL', 'PostgreSQL', 'SQL']",5
JOB05802,Python Developer,"['Django', 'Flask', 'Git', 'Python', 'SQL']",5
JOB05803,BI Analyst,"['DAX', 'Data Visualization', 'Excel', 'Power BI', 'SQL']",5
JOB05804,Power BI Developer,"['DAX', 'Excel', 'Power BI', 'Power Query', 'SQL']",5
JOB05805,Web Developer,"['CSS', 'Git', 'HTML', 'Java', 'JavaScript', 'Machine Learning', 'React']",7
JOB05806,Data Scientist,"['Machine Learning', 'Pandas', 'Python', 'SQL', 'Statistics']",5
JOB05807,HR Analyst,"['Data Analysis', 'Excel', 'HR Analytics', 'Power BI', 'SQL']",5
JOB05808,Data Scientist,"['Machine Learning', 'Pandas', 'Python', 'SQL', 'Statistics']",5
JOB05809,QA Engineer,"['Automation Testing', 'Java', 'Python', 'SQL', 'Selenium']",5
JOB05810,Python Developer,"['Django', 'Flask', 'Git', 'Python', 'SQL']",5
JOB05811,HR Analyst,"['Data Analysis', 'Excel', 'HR Analytics', 'Power BI', 'SQL']",5
JOB05812,SQL Developer,"['Database', 'ETL', 'MySQL', 'PostgreSQL', 'SQL']",5
JOB05813,HR Analyst,"['Data Analysis', 'Excel', 'HR Analytics', 'Power BI', 'SQL']",5
JOB05814,Business Analyst,"['Business Analysis', 'Excel', 'Power BI', 'Requirements Gathering', 'SQL']",5
JOB05815,Python Developer,"['Django', 'Flask', 'Git', 'Python', 'SQL']",5
JOB05816,Power BI Developer,"['DAX', 'Excel', 'Power BI', 'Power Query', 'SQL']",5
JOB05817,Machine Learning Engineer,"['Docker', 'Machine Learning', 'Python', 'Scikit-learn', 'TensorFlow']",5
JOB05818,Data Analyst,"['Excel', 'Power BI', 'Python', 'SQL', 'Tableau']",5
JOB05819,Marketing Analyst,"['Excel', 'Marketing Analytics', 'Oracle', 'Power BI', 'Python', 'SQL']",6
JOB05820,Financial Analyst,"['Excel', 'Financial Modeling', 'Power BI', 'SQL', 'Statistics']",5
JOB05821,Full Stack Developer,"['CSS', 'HTML', 'Java', 'JavaScript', 'Machine Learning', 'Node', 'React']",7
JOB05822,HR Analyst,"['Data Analysis', 'Excel', 'HR Analytics', 'Power BI', 'SQL']",5
JOB05823,SQL Developer,"['Database', 'ETL', 'MySQL', 'PostgreSQL', 'SQL']",5
JOB05824,BI Analyst,"['DAX', 'Data Visualization', 'Excel', 'Power BI', 'SQL']",5
JOB05825,Software Engineer,"['Git', 'Java', 'Python', 'REST API', 'SQL']",5
JOB05826,SQL Developer,"['Cloud Computing', 'Database', 'ETL', 'MySQL', 'PostgreSQL', 'SQL']",6
JOB05827,Cloud Engineer,"['AWS', 'Azure', 'Cloud Computing', 'Docker', 'Linux']",5
JOB05828,Data Engineer,"['AWS', 'Cloud Computing', 'ETL', 'Python', 'SQL', 'Spark']",6
JOB05829,Power BI Developer,"['DAX', 'Excel', 'Power BI', 'Power Query', 'SQL']",5
JOB05830,Financial Analyst,"['Excel', 'Financial Modeling', 'Power BI', 'SQL', 'Statistics']",5
JOB05831,Web Developer,"['CSS', 'Git', 'HTML', 'Java', 'JavaScript', 'Machine Learning', 'React']",7
JOB05832,SQL Developer,"['Database', 'ETL', 'MySQL', 'PostgreSQL', 'SQL']",5
JOB05833,BI Analyst,"['DAX', 'Data Visualization', 'Excel', 'Power BI', 'SQL']",5
JOB05834,Database Administrator,"['Database', 'Database Administration', 'MySQL', 'Oracle', 'PostgreSQL', 'SQL']",6
JOB05835,Python Developer,"['Django', 'Flask', 'Git', 'Python', 'SQL']",5
JOB05836,Cloud Engineer,"['AWS', 'Azure', 'Cloud Computing', 'Docker', 'Linux']",5
JOB05837,Full Stack Developer,"['CSS', 'HTML', 'Java', 'JavaScript', 'Machine Learning', 'Node', 'React']",7
JOB05838,Python Developer,"['Django', 'Flask', 'Git', 'Python', 'SQL']",5
JOB05839,QA Engineer,"['Automation Testing', 'Java', 'Python', 'SQL', 'Selenium']",5
JOB05840,SQL Developer,"['Database', 'ETL', 'MySQL', 'PostgreSQL', 'SQL']",5
JOB05841,Business Analyst,"['Business Analysis', 'Excel', 'Power BI', 'Requirements Gathering', 'SQL']",5
JOB05842,Marketing Analyst,"['Excel', 'Marketing Analytics', 'Power BI', 'Python', 'SQL']",5
JOB05843,BI Analyst,"['DAX', 'Data Visualization', 'Excel', 'Power BI', 'SQL']",5
JOB05844,BI Analyst,"['DAX', 'Data Visualization', 'Excel', 'Power BI', 'SQL']",5
JOB05845,HR Analyst,"['Data Analysis', 'Excel', 'HR Analytics', 'Power BI', 'SQL']",5
JOB05846,Financial Analyst,"['Cloud Computing', 'Excel', 'Financial Modeling', 'Power BI', 'SQL', 'Statistics']",6
JOB05847,Database Administrator,"['Database', 'Database Administration', 'MySQL', 'Oracle', 'PostgreSQL', 'SQL']",6
JOB05848,Software Engineer,"['Git', 'Java', 'Python', 'REST API', 'SQL']",5
JOB05849,Power BI Developer,"['DAX', 'Excel', 'Power BI', 'Power Query', 'SQL']",5
JOB05850,Python Developer,"['Cloud Computing', 'Django', 'Flask', 'Git', 'Python', 'SQL']",6
JOB05851,Financial Analyst,"['Excel', 'Financial Modeling', 'Oracle', 'Power BI', 'SQL', 'Statistics']",6
JOB05852,Python Developer,"['Django', 'Flask', 'Git', 'Python', 'SQL']",5
JOB05853,Data Engineer,"['AWS', 'ETL', 'Python', 'SQL', 'Spark']",5
JOB05854,BI Analyst,"['DAX', 'Data Visualization', 'Excel', 'Power BI', 'SQL']",5
JOB05855,Data Analyst,"['Excel', 'Power BI', 'Python', 'SQL', 'Tableau']",5
JOB05856,Full Stack Developer,"['CSS', 'HTML', 'Java', 'JavaScript', 'Machine Learning', 'Node', 'React']",7
JOB05857,Marketing Analyst,"['Excel', 'Marketing Analytics', 'Power BI', 'Python', 'SQL']",5
JOB05858,DevOps Engineer,"['AWS', 'Docker', 'Jenkins', 'Kubernetes', 'Linux', 'Oracle']",6
JOB05859,Cloud Engineer,"['AWS', 'Azure', 'Cloud Computing', 'Docker', 'Linux']",5
JOB05860,Marketing Analyst,"['Excel', 'Marketing Analytics', 'Power BI', 'Python', 'SQL']",5
JOB05861,Marketing Analyst,"['Excel', 'Marketing Analytics', 'Power BI', 'Python', 'SQL']",5
JOB05862,BI Analyst,"['DAX', 'Data Visualization', 'Excel', 'Power BI', 'SQL']",5
JOB05863,Database Administrator,"['Database', 'Database Administration', 'MySQL', 'Oracle', 'PostgreSQL', 'SQL']",6
JOB05864,Cloud Engineer,"['AWS', 'Azure', 'Cloud Computing', 'Docker', 'Linux']",5
JOB05865,Power BI Developer,"['DAX', 'Excel', 'Power BI', 'Power Query', 'SQL']",5
JOB05866,Web Developer,"['CSS', 'Git', 'HTML', 'Java', 'JavaScript', 'Machine Learning', 'React']",7
JOB05867,Web Developer,"['CSS', 'Git', 'HTML', 'Java', 'JavaScript', 'Machine Learning', 'React']",7
JOB05868,Python Developer,"['Django', 'Flask', 'Git', 'Python', 'SQL']",5
JOB05869,SQL Developer,"['Database', 'ETL', 'MySQL', 'Oracle', 'PostgreSQL', 'SQL']",6
JOB05870,Database Administrator,"['Database', 'Database Administration', 'MySQL', 'Oracle', 'PostgreSQL', 'SQL']",6
JOB05871,Data Analyst,"['Excel', 'Power BI', 'Python', 'SQL', 'Tableau']",5
JOB05872,QA Engineer,"['Automation Testing', 'Java', 'Python', 'SQL', 'Selenium']",5
JOB05873,HR Analyst,"['Data Analysis', 'Excel', 'HR Analytics', 'Power BI', 'SQL']",5
JOB05874,Full Stack Developer,"['CSS', 'HTML', 'Java', 'JavaScript', 'Machine Learning', 'Node', 'React']",7
JOB05875,Power BI Developer,"['DAX', 'Excel', 'Power BI', 'Power Query', 'SQL']",5
JOB05876,Marketing Analyst,"['Excel', 'Marketing Analytics', 'Power BI', 'Python', 'SQL']",5
JOB05877,HR Analyst,"['Data Analysis', 'Excel', 'HR Analytics', 'Power BI', 'SQL']",5
JOB05878,Full Stack Developer,"['CSS', 'HTML', 'Java', 'JavaScript', 'Machine Learning', 'Node', 'React']",7
JOB05879,Financial Analyst,"['Excel', 'Financial Modeling', 'Power BI', 'SQL', 'Statistics']",5
JOB05880,Python Developer,"['Cloud Computing', 'Django', 'Flask', 'Git', 'Python', 'SQL']",6
JOB05881,HR Analyst,"['Data Analysis', 'Excel', 'HR Analytics', 'Power BI', 'SQL']",5
JOB05882,Database Administrator,"['Database', 'Database Administration', 'MySQL', 'Oracle', 'PostgreSQL', 'SQL']",6
JOB05883,Full Stack Developer,"['CSS', 'HTML', 'Java', 'JavaScript', 'Machine Learning', 'Node', 'React']",7
JOB05884,Database Administrator,"['Database', 'Database Administration', 'MySQL', 'Oracle', 'PostgreSQL', 'SQL']",6
JOB05885,Product Analyst,"['Excel', 'Product Analytics', 'Python', 'SQL']",4
JOB05886,Cloud Engineer,"['AWS', 'Azure', 'Cloud Computing', 'Docker', 'Linux']",5
JOB05887,Machine Learning Engineer,"['Docker', 'Machine Learning', 'Python', 'Scikit-learn', 'TensorFlow']",5
JOB05888,Database Administrator,"['Database', 'Database Administration', 'MySQL', 'Oracle', 'PostgreSQL', 'SQL']",6
JOB05889,Database Administrator,"['Database', 'Database Administration', 'MySQL', 'Oracle', 'PostgreSQL', 'SQL']",6
JOB05890,Machine Learning Engineer,"['Docker', 'Machine Learning', 'Python', 'Scikit-learn', 'TensorFlow']",5
JOB05891,Database Administrator,"['Database', 'Database Administration', 'MySQL', 'Oracle', 'PostgreSQL', 'SQL']",6
JOB05892,Data Engineer,"['AWS', 'ETL', 'Python', 'SQL', 'Spark']",5
JOB05893,Data Engineer,"['AWS', 'ETL', 'Python', 'SQL', 'Spark']",5
JOB05894,Marketing Analyst,"['Excel', 'Marketing Analytics', 'Power BI', 'Python', 'SQL']",5
JOB05895,Cloud Engineer,"['AWS', 'Azure', 'Cloud Computing', 'Docker', 'Linux']",5
JOB05896,Python Developer,"['Django', 'Flask', 'Git', 'Python', 'SQL']",5
JOB05897,Full Stack Developer,"['CSS', 'HTML', 'Java', 'JavaScript', 'Machine Learning', 'Node', 'React']",7
JOB05898,Software Engineer,"['Git', 'Java', 'Python', 'REST API', 'SQL']",5
JOB05899,Data Analyst,"['Excel', 'Power BI', 'Python', 'SQL', 'Tableau']",5
JOB05900,Data Engineer,"['AWS', 'ETL', 'Oracle', 'Python', 'SQL', 'Spark']",6
JOB05901,QA Engineer,"['Automation Testing', 'Java', 'Python', 'SQL', 'Selenium']",5
JOB05902,Product Analyst,"['Cloud Computing', 'Excel', 'Product Analytics', 'Python', 'SQL']",5
JOB05903,Marketing Analyst,"['Excel', 'Marketing Analytics', 'Power BI', 'Python', 'SQL']",5
JOB05904,SQL Developer,"['Database', 'ETL', 'MySQL', 'PostgreSQL', 'SQL']",5
JOB05905,Database Administrator,"['Database', 'Database Administration', 'MySQL', 'Oracle', 'PostgreSQL', 'SQL']",6
JOB05906,Full Stack Developer,"['CSS', 'HTML', 'Java', 'JavaScript', 'Machine Learning', 'Node', 'React']",7
JOB05907,SQL Developer,"['Database', 'ETL', 'MySQL', 'PostgreSQL', 'SQL']",5
JOB05908,Software Engineer,"['Git', 'Java', 'Python', 'REST API', 'SQL']",5
JOB05909,Data Analyst,"['Excel', 'Power BI', 'Python', 'SQL', 'Tableau']",5
JOB05910,Machine Learning Engineer,"['Docker', 'Machine Learning', 'Python', 'Scikit-learn', 'TensorFlow']",5
JOB05911,Financial Analyst,"['Excel', 'Financial Modeling', 'Power BI', 'SQL', 'Statistics']",5
JOB05912,QA Engineer,"['Automation Testing', 'Java', 'Python', 'SQL', 'Selenium']",5
JOB05913,Product Analyst,"['Excel', 'Product Analytics', 'Python', 'SQL']",4
JOB05914,Data Engineer,"['AWS', 'ETL', 'Python', 'SQL', 'Spark']",5
JOB05915,Data Engineer,"['AWS', 'ETL', 'Python', 'SQL', 'Spark']",5
JOB05916,QA Engineer,"['Automation Testing', 'Java', 'Python', 'SQL', 'Selenium']",5
JOB05917,Data Analyst,"['Excel', 'Power BI', 'Python', 'SQL', 'Tableau']",5
JOB05918,DevOps Engineer,"['AWS', 'Docker', 'Jenkins', 'Kubernetes', 'Linux']",5
JOB05919,Database Administrator,"['Database', 'Database Administration', 'MySQL', 'Oracle', 'PostgreSQL', 'SQL']",6
JOB05920,BI Analyst,"['DAX', 'Data Visualization', 'Excel', 'Oracle', 'Power BI', 'SQL']",6
JOB05921,Machine Learning Engineer,"['Docker', 'Machine Learning', 'Python', 'Scikit-learn', 'TensorFlow']",5
JOB05922,DevOps Engineer,"['AWS', 'Docker', 'Jenkins', 'Kubernetes', 'Linux']",5
JOB05923,Data Engineer,"['AWS', 'ETL', 'Python', 'SQL', 'Spark']",5
JOB05924,Data Engineer,"['AWS', 'Cloud Computing', 'ETL', 'Python', 'SQL', 'Spark']",6
JOB05925,Business Analyst,"['Business Analysis', 'Excel', 'Power BI', 'Requirements Gathering', 'SQL']",5
JOB05926,Software Engineer,"['Git', 'Java', 'Oracle', 'Python', 'REST API', 'SQL']",6
JOB05927,DevOps Engineer,"['AWS', 'Docker', 'Jenkins', 'Kubernetes', 'Linux']",5
JOB05928,BI Analyst,"['DAX', 'Data Visualization', 'Excel', 'Power BI', 'SQL']",5
JOB05929,Power BI Developer,"['DAX', 'Excel', 'Power BI', 'Power Query', 'SQL']",5
JOB05930,Marketing Analyst,"['Excel', 'Marketing Analytics', 'Power BI', 'Python', 'SQL']",5
JOB05931,Data Scientist,"['Machine Learning', 'Pandas', 'Python', 'SQL', 'Statistics']",5
JOB05932,Power BI Developer,"['DAX', 'Excel', 'Power BI', 'Power Query', 'SQL']",5
JOB05933,Cloud Engineer,"['AWS', 'Azure', 'Cloud Computing', 'Docker', 'Linux']",5
JOB05934,Financial Analyst,"['Excel', 'Financial Modeling', 'Power BI', 'SQL', 'Statistics']",5
JOB05935,Machine Learning Engineer,"['Docker', 'Machine Learning', 'Python', 'Scikit-learn', 'TensorFlow']",5
JOB05936,Financial Analyst,"['Excel', 'Financial Modeling', 'Power BI', 'SQL', 'Statistics']",5
JOB05937,Web Developer,"['CSS', 'Git', 'HTML', 'Java', 'JavaScript', 'Machine Learning', 'React']",7
JOB05938,Python Developer,"['Django', 'Flask', 'Git', 'Python', 'SQL']",5
JOB05939,Database Administrator,"['Database', 'Database Administration', 'MySQL', 'Oracle', 'PostgreSQL', 'SQL']",6
JOB05940,Web Developer,"['CSS', 'Git', 'HTML', 'Java', 'JavaScript', 'Machine Learning', 'React']",7
JOB05941,HR Analyst,"['Data Analysis', 'Excel', 'HR Analytics', 'Power BI', 'SQL']",5
JOB05942,QA Engineer,"['Automation Testing', 'Java', 'Python', 'SQL', 'Selenium']",5
JOB05943,BI Analyst,"['DAX', 'Data Visualization', 'Excel', 'Power BI', 'SQL']",5
JOB05944,Web Developer,"['CSS', 'Git', 'HTML', 'Java', 'JavaScript', 'Machine Learning', 'React']",7
JOB05945,Cloud Engineer,"['AWS', 'Azure', 'Cloud Computing', 'Docker', 'Linux']",5
JOB05946,Data Engineer,"['AWS', 'ETL', 'Python', 'SQL', 'Spark']",5
JOB05947,Data Engineer,"['AWS', 'ETL', 'Python', 'SQL', 'Spark']",5
JOB05948,Full Stack Developer,"['CSS', 'HTML', 'Java', 'JavaScript', 'Machine Learning', 'Node', 'React']",7
JOB05949,Web Developer,"['CSS', 'Git', 'HTML', 'Java', 'JavaScript', 'Machine Learning', 'React']",7
JOB05950,Data Analyst,"['Excel', 'Power BI', 'Python', 'SQL', 'Tableau']",5
JOB05951,Database Administrator,"['Database', 'Database Administration', 'MySQL', 'Oracle', 'PostgreSQL', 'SQL']",6
JOB05952,DevOps Engineer,"['AWS', 'Docker', 'Jenkins', 'Kubernetes', 'Linux']",5
JOB05953,Data Engineer,"['AWS', 'ETL', 'Python', 'SQL', 'Spark']",5
JOB05954,BI Analyst,"['DAX', 'Data Visualization', 'Excel', 'Power BI', 'SQL']",5
JOB05955,Software Engineer,"['Cloud Computing', 'Git', 'Java', 'Python', 'REST API', 'SQL']",6
JOB05956,BI Analyst,"['Cloud Computing', 'DAX', 'Data Visualization', 'Excel', 'Power BI', 'SQL']",6
JOB05957,BI Analyst,"['DAX', 'Data Visualization', 'Excel', 'Power BI', 'SQL']",5
JOB05958,Product Analyst,"['Excel', 'Product Analytics', 'Python', 'SQL']",4
JOB05959,Data Analyst,"['Excel', 'Power BI', 'Python', 'SQL', 'Tableau']",5
JOB05960,SQL Developer,"['Database', 'ETL', 'MySQL', 'PostgreSQL', 'SQL']",5
JOB05961,Web Developer,"['CSS', 'Git', 'HTML', 'Java', 'JavaScript', 'Machine Learning', 'React']",7
JOB05962,Software Engineer,"['Git', 'Java', 'Python', 'REST API', 'SQL']",5
JOB05963,Data Engineer,"['AWS', 'ETL', 'Python', 'SQL', 'Spark']",5
JOB05964,Power BI Developer,"['DAX', 'Excel', 'Power BI', 'Power Query', 'SQL']",5
JOB05965,Cloud Engineer,"['AWS', 'Azure', 'Cloud Computing', 'Docker', 'Linux']",5
JOB05966,BI Analyst,"['DAX', 'Data Visualization', 'Excel', 'Oracle', 'Power BI', 'SQL']",6
JOB05967,Database Administrator,"['Database', 'Database Administration', 'MySQL', 'Oracle', 'PostgreSQL', 'SQL']",6
JOB05968,SQL Developer,"['Cloud Computing', 'Database', 'ETL', 'MySQL', 'PostgreSQL', 'SQL']",6
JOB05969,HR Analyst,"['Data Analysis', 'Excel', 'HR Analytics', 'Power BI', 'SQL']",5
JOB05970,Product Analyst,"['Excel', 'Product Analytics', 'Python', 'SQL']",4
JOB05971,Machine Learning Engineer,"['Docker', 'Machine Learning', 'Python', 'Scikit-learn', 'TensorFlow']",5
JOB05972,Python Developer,"['Django', 'Flask', 'Git', 'Python', 'SQL']",5
JOB05973,Marketing Analyst,"['Excel', 'Marketing Analytics', 'Power BI', 'Python', 'SQL']",5
JOB05974,Machine Learning Engineer,"['Docker', 'Machine Learning', 'Python', 'Scikit-learn', 'TensorFlow']",5
JOB05975,BI Analyst,"['DAX', 'Data Visualization', 'Excel', 'Oracle', 'Power BI', 'SQL']",6
JOB05976,Data Analyst,"['Excel', 'Power BI', 'Python', 'SQL', 'Tableau']",5
JOB05977,Power BI Developer,"['DAX', 'Excel', 'Power BI', 'Power Query', 'SQL']",5
JOB05978,Python Developer,"['Django', 'Flask', 'Git', 'Python', 'SQL']",5
JOB05979,Machine Learning Engineer,"['Docker', 'Machine Learning', 'Python', 'Scikit-learn', 'TensorFlow']",5
JOB05980,Business Analyst,"['Business Analysis', 'Excel', 'Power BI', 'Requirements Gathering', 'SQL']",5
JOB05981,Database Administrator,"['Database', 'Database Administration', 'MySQL', 'Oracle', 'PostgreSQL', 'SQL']",6
JOB05982,Power BI Developer,"['DAX', 'Excel', 'Power BI', 'Power Query', 'SQL']",5
JOB05983,BI Analyst,"['DAX', 'Data Visualization', 'Excel', 'Power BI', 'SQL']",5
JOB05984,Business Analyst,"['Business Analysis', 'Excel', 'Power BI', 'Requirements Gathering', 'SQL']",5
JOB05985,Machine Learning Engineer,"['Docker', 'Machine Learning', 'Python', 'Scikit-learn', 'TensorFlow']",5
JOB05986,Marketing Analyst,"['Excel', 'Marketing Analytics', 'Power BI', 'Python', 'SQL']",5
JOB05987,Full Stack Developer,"['CSS', 'HTML', 'Java', 'JavaScript', 'Machine Learning', 'Node', 'React']",7
JOB05988,Business Analyst,"['Business Analysis', 'Excel', 'Oracle', 'Power BI', 'Requirements Gathering', 'SQL']",6
JOB05989,Marketing Analyst,"['Excel', 'Marketing Analytics', 'Power BI', 'Python', 'SQL']",5
JOB05990,Python Developer,"['Django', 'Flask', 'Git', 'Python', 'SQL']",5
JOB05991,Full Stack Developer,"['CSS', 'HTML', 'Java', 'JavaScript', 'Machine Learning', 'Node', 'React']",7
JOB05992,Database Administrator,"['Database', 'Database Administration', 'MySQL', 'Oracle', 'PostgreSQL', 'SQL']",6
JOB05993,Financial Analyst,"['Excel', 'Financial Modeling', 'Power BI', 'SQL', 'Statistics']",5
JOB05994,DevOps Engineer,"['AWS', 'Docker', 'Jenkins', 'Kubernetes', 'Linux']",5
JOB05995,QA Engineer,"['Automation Testing', 'Java', 'Python', 'SQL', 'Selenium']",5
JOB05996,Full Stack Developer,"['CSS', 'HTML', 'Java', 'JavaScript', 'Machine Learning', 'Node', 'React']",7
JOB05997,Data Analyst,"['Excel', 'Power BI', 'Python', 'SQL', 'Tableau']",5
JOB05998,BI Analyst,"['DAX', 'Data Visualization', 'Excel', 'Power BI', 'SQL']",5
JOB05999,SQL Developer,"['Database', 'ETL', 'MySQL', 'PostgreSQL', 'SQL']",5
JOB06000,QA Engineer,"['Automation Testing', 'Java', 'Python', 'SQL', 'Selenium']",5
JOB06001,BI Analyst,"['DAX', 'Data Visualization', 'Excel', 'Power BI', 'SQL']",5
JOB06002,Data Scientist,"['Machine Learning', 'Pandas', 'Python', 'SQL', 'Statistics']",5
JOB06003,Python Developer,"['Django', 'Flask', 'Git', 'Python', 'SQL']",5
JOB06004,QA Engineer,"['Automation Testing', 'Java', 'Python', 'SQL', 'Selenium']",5
JOB06005,Power BI Developer,"['DAX', 'Excel', 'Power BI', 'Power Query', 'SQL']",5
JOB06006,Product Analyst,"['Excel', 'Product Analytics', 'Python', 'SQL']",4
JOB06007,HR Analyst,"['Data Analysis', 'Excel', 'HR Analytics', 'Power BI', 'SQL']",5
JOB06008,Business Analyst,"['Business Analysis', 'Excel', 'Power BI', 'Requirements Gathering', 'SQL']",5
JOB06009,Full Stack Developer,"['CSS', 'HTML', 'Java', 'JavaScript', 'Machine Learning', 'Node', 'React']",7
JOB06010,Python Developer,"['Django', 'Flask', 'Git', 'Python', 'SQL']",5
JOB06011,Data Engineer,"['AWS', 'ETL', 'Python', 'SQL', 'Spark']",5
JOB06012,Software Engineer,"['Git', 'Java', 'Python', 'REST API', 'SQL']",5
JOB06013,Power BI Developer,"['DAX', 'Excel', 'Power BI', 'Power Query', 'SQL']",5
JOB06014,SQL Developer,"['Database', 'ETL', 'MySQL', 'PostgreSQL', 'SQL']",5
JOB06015,DevOps Engineer,"['AWS', 'Docker', 'Jenkins', 'Kubernetes', 'Linux']",5
JOB06016,SQL Developer,"['Database', 'ETL', 'MySQL', 'PostgreSQL', 'SQL']",5
JOB06017,Python Developer,"['Django', 'Flask', 'Git', 'Python', 'SQL']",5
JOB06018,Power BI Developer,"['DAX', 'Excel', 'Power BI', 'Power Query', 'SQL']",5
JOB06019,Machine Learning Engineer,"['Cloud Computing', 'Docker', 'Machine Learning', 'Python', 'Scikit-learn', 'TensorFlow']",6
JOB06020,DevOps Engineer,"['AWS', 'Docker', 'Jenkins', 'Kubernetes', 'Linux']",5
JOB06021,Data Scientist,"['Machine Learning', 'Pandas', 'Python', 'SQL', 'Statistics']",5
JOB06022,Data Scientist,"['Machine Learning', 'Pandas', 'Python', 'SQL', 'Statistics']",5
JOB06023,DevOps Engineer,"['AWS', 'Docker', 'Jenkins', 'Kubernetes', 'Linux']",5
JOB06024,SQL Developer,"['Database', 'ETL', 'MySQL', 'PostgreSQL', 'SQL']",5
JOB06025,Data Scientist,"['Machine Learning', 'Pandas', 'Python', 'SQL', 'Statistics']",5
JOB06026,Machine Learning Engineer,"['Docker', 'Machine Learning', 'Python', 'Scikit-learn', 'TensorFlow']",5
JOB06027,Data Scientist,"['Machine Learning', 'Pandas', 'Python', 'SQL', 'Statistics']",5
JOB06028,Database Administrator,"['Database', 'Database Administration', 'MySQL', 'Oracle', 'PostgreSQL', 'SQL']",6
JOB06029,Data Analyst,"['Cloud Computing', 'Excel', 'Power BI', 'Python', 'SQL', 'Tableau']",6
JOB06030,Power BI Developer,"['DAX', 'Excel', 'Power BI', 'Power Query', 'SQL']",5
JOB06031,Machine Learning Engineer,"['Docker', 'Machine Learning', 'Python', 'Scikit-learn', 'TensorFlow']",5
JOB06032,DevOps Engineer,"['AWS', 'Cloud Computing', 'Docker', 'Jenkins', 'Kubernetes', 'Linux']",6
JOB06033,Power BI Developer,"['DAX', 'Excel', 'Power BI', 'Power Query', 'SQL']",5
JOB06034,Business Analyst,"['Business Analysis', 'Excel', 'Power BI', 'Requirements Gathering', 'SQL']",5
JOB06035,Marketing Analyst,"['Excel', 'Marketing Analytics', 'Power BI', 'Python', 'SQL']",5
JOB06036,Full Stack Developer,"['CSS', 'HTML', 'Java', 'JavaScript', 'Machine Learning', 'Node', 'React']",7
JOB06037,Software Engineer,"['Cloud Computing', 'Git', 'Java', 'Python', 'REST API', 'SQL']",6
JOB06038,SQL Developer,"['Database', 'ETL', 'MySQL', 'PostgreSQL', 'SQL']",5
JOB06039,Business Analyst,"['Business Analysis', 'Excel', 'Power BI', 'Requirements Gathering', 'SQL']",5
JOB06040,Financial Analyst,"['Excel', 'Financial Modeling', 'Power BI', 'SQL', 'Statistics']",5
JOB06041,Web Developer,"['CSS', 'Git', 'HTML', 'Java', 'JavaScript', 'Machine Learning', 'React']",7
JOB06042,Product Analyst,"['Excel', 'Product Analytics', 'Python', 'SQL']",4
JOB06043,Product Analyst,"['Excel', 'Product Analytics', 'Python', 'SQL']",4
JOB06044,Cloud Engineer,"['AWS', 'Azure', 'Cloud Computing', 'Docker', 'Linux']",5
JOB06045,Web Developer,"['CSS', 'Git', 'HTML', 'Java', 'JavaScript', 'Machine Learning', 'React']",7
JOB06046,Business Analyst,"['Business Analysis', 'Excel', 'Power BI', 'Requirements Gathering', 'SQL']",5
JOB06047,Web Developer,"['CSS', 'Cloud Computing', 'Git', 'HTML', 'Java', 'JavaScript', 'Machine Learning', 'React']",8
JOB06048,QA Engineer,"['Automation Testing', 'Java', 'Python', 'SQL', 'Selenium']",5
JOB06049,Full Stack Developer,"['CSS', 'HTML', 'Java', 'JavaScript', 'Machine Learning', 'Node', 'React']",7
JOB06050,Full Stack Developer,"['CSS', 'HTML', 'Java', 'JavaScript', 'Machine Learning', 'Node', 'React']",7
JOB06051,Business Analyst,"['Business Analysis', 'Excel', 'Power BI', 'Requirements Gathering', 'SQL']",5
JOB06052,Marketing Analyst,"['Excel', 'Marketing Analytics', 'Power BI', 'Python', 'SQL']",5
JOB06053,Power BI Developer,"['DAX', 'Excel', 'Power BI', 'Power Query', 'SQL']",5
JOB06054,Data Engineer,"['AWS', 'ETL', 'Python', 'SQL', 'Spark']",5
JOB06055,Python Developer,"['Django', 'Flask', 'Git', 'Oracle', 'Python', 'SQL']",6
JOB06056,Data Scientist,"['Machine Learning', 'Pandas', 'Python', 'SQL', 'Statistics']",5
JOB06057,Product Analyst,"['Excel', 'Product Analytics', 'Python', 'SQL']",4
JOB06058,Database Administrator,"['Database', 'Database Administration', 'MySQL', 'Oracle', 'PostgreSQL', 'SQL']",6
JOB06059,Marketing Analyst,"['Excel', 'Marketing Analytics', 'Power BI', 'Python', 'SQL']",5
JOB06060,Machine Learning Engineer,"['Docker', 'Machine Learning', 'Python', 'Scikit-learn', 'TensorFlow']",5
JOB06061,SQL Developer,"['Database', 'ETL', 'MySQL', 'PostgreSQL', 'SQL']",5
JOB06062,Cloud Engineer,"['AWS', 'Azure', 'Cloud Computing', 'Docker', 'Linux']",5
JOB06063,Data Analyst,"['Excel', 'Power BI', 'Python', 'SQL', 'Tableau']",5
JOB06064,Financial Analyst,"['Excel', 'Financial Modeling', 'Power BI', 'SQL', 'Statistics']",5
JOB06065,Software Engineer,"['Git', 'Java', 'Python', 'REST API', 'SQL']",5
JOB06066,Web Developer,"['CSS', 'Git', 'HTML', 'Java', 'JavaScript', 'Machine Learning', 'React']",7
JOB06067,Financial Analyst,"['Excel', 'Financial Modeling', 'Power BI', 'SQL', 'Statistics']",5
JOB06068,Financial Analyst,"['Excel', 'Financial Modeling', 'Power BI', 'SQL', 'Statistics']",5
JOB06069,Marketing Analyst,"['Excel', 'Marketing Analytics', 'Power BI', 'Python', 'SQL']",5
JOB06070,Database Administrator,"['Database', 'Database Administration', 'MySQL', 'Oracle', 'PostgreSQL', 'SQL']",6
JOB06071,Data Analyst,"['Excel', 'Oracle', 'Power BI', 'Python', 'SQL', 'Tableau']",6
JOB06072,Power BI Developer,"['DAX', 'Excel', 'Power BI', 'Power Query', 'SQL']",5
JOB06073,Software Engineer,"['Git', 'Java', 'Python', 'REST API', 'SQL']",5
JOB06074,Web Developer,"['CSS', 'Git', 'HTML', 'Java', 'JavaScript', 'Machine Learning', 'React']",7
JOB06075,SQL Developer,"['Database', 'ETL', 'MySQL', 'PostgreSQL', 'SQL']",5
JOB06076,Product Analyst,"['Excel', 'Product Analytics', 'Python', 'SQL']",4
JOB06077,Machine Learning Engineer,"['Docker', 'Machine Learning', 'Python', 'Scikit-learn', 'TensorFlow']",5
JOB06078,Marketing Analyst,"['Excel', 'Marketing Analytics', 'Power BI', 'Python', 'SQL']",5
JOB06079,Machine Learning Engineer,"['Docker', 'Machine Learning', 'Python', 'Scikit-learn', 'TensorFlow']",5
JOB06080,Product Analyst,"['Excel', 'Product Analytics', 'Python', 'SQL']",4
JOB06081,Web Developer,"['CSS', 'Git', 'HTML', 'Java', 'JavaScript', 'Machine Learning', 'React']",7
JOB06082,Cloud Engineer,"['AWS', 'Azure', 'Cloud Computing', 'Docker', 'Linux']",5
JOB06083,DevOps Engineer,"['AWS', 'Docker', 'Jenkins', 'Kubernetes', 'Linux']",5
JOB06084,BI Analyst,"['DAX', 'Data Visualization', 'Excel', 'Power BI', 'SQL']",5
JOB06085,Product Analyst,"['Excel', 'Product Analytics', 'Python', 'SQL']",4
JOB06086,QA Engineer,"['Automation Testing', 'Java', 'Python', 'SQL', 'Selenium']",5
JOB06087,Financial Analyst,"['Excel', 'Financial Modeling', 'Oracle', 'Power BI', 'SQL', 'Statistics']",6
JOB06088,BI Analyst,"['DAX', 'Data Visualization', 'Excel', 'Power BI', 'SQL']",5
JOB06089,Database Administrator,"['Database', 'Database Administration', 'MySQL', 'Oracle', 'PostgreSQL', 'SQL']",6
JOB06090,Data Engineer,"['AWS', 'ETL', 'Oracle', 'Python', 'SQL', 'Spark']",6
JOB06091,QA Engineer,"['Automation Testing', 'Cloud Computing', 'Java', 'Python', 'SQL', 'Selenium']",6
JOB06092,Database Administrator,"['Database', 'Database Administration', 'MySQL', 'Oracle', 'PostgreSQL', 'SQL']",6
JOB06093,SQL Developer,"['Database', 'ETL', 'MySQL', 'PostgreSQL', 'SQL']",5
JOB06094,HR Analyst,"['Data Analysis', 'Excel', 'HR Analytics', 'Power BI', 'SQL']",5
JOB06095,Machine Learning Engineer,"['Docker', 'Machine Learning', 'Python', 'Scikit-learn', 'TensorFlow']",5
JOB06096,Marketing Analyst,"['Excel', 'Marketing Analytics', 'Power BI', 'Python', 'SQL']",5
JOB06097,Cloud Engineer,"['AWS', 'Azure', 'Cloud Computing', 'Docker', 'Linux']",5
JOB06098,Financial Analyst,"['Excel', 'Financial Modeling', 'Power BI', 'SQL', 'Statistics']",5
JOB06099,Software Engineer,"['Git', 'Java', 'Python', 'REST API', 'SQL']",5
JOB06100,Power BI Developer,"['DAX', 'Excel', 'Power BI', 'Power Query', 'SQL']",5
JOB06101,Business Analyst,"['Business Analysis', 'Excel', 'Power BI', 'Requirements Gathering', 'SQL']",5
JOB06102,Database Administrator,"['Database', 'Database Administration', 'MySQL', 'Oracle', 'PostgreSQL', 'SQL']",6
JOB06103,Cloud Engineer,"['AWS', 'Azure', 'Cloud Computing', 'Docker', 'Linux']",5
JOB06104,HR Analyst,"['Data Analysis', 'Excel', 'HR Analytics', 'Power BI', 'SQL']",5
JOB06105,BI Analyst,"['Cloud Computing', 'DAX', 'Data Visualization', 'Excel', 'Power BI', 'SQL']",6
JOB06106,Cloud Engineer,"['AWS', 'Azure', 'Cloud Computing', 'Docker', 'Linux']",5
JOB06107,Financial Analyst,"['Excel', 'Financial Modeling', 'Power BI', 'SQL', 'Statistics']",5
JOB06108,Data Scientist,"['Machine Learning', 'Pandas', 'Python', 'SQL', 'Statistics']",5
JOB06109,BI Analyst,"['DAX', 'Data Visualization', 'Excel', 'Power BI', 'SQL']",5
JOB06110,Cloud Engineer,"['AWS', 'Azure', 'Cloud Computing', 'Docker', 'Linux']",5
JOB06111,Data Analyst,"['Excel', 'Power BI', 'Python', 'SQL', 'Tableau']",5
JOB06112,Cloud Engineer,"['AWS', 'Azure', 'Cloud Computing', 'Docker', 'Linux']",5
JOB06113,DevOps Engineer,"['AWS', 'Docker', 'Jenkins', 'Kubernetes', 'Linux']",5
JOB06114,Data Analyst,"['Excel', 'Power BI', 'Python', 'SQL', 'Tableau']",5
JOB06115,Data Engineer,"['AWS', 'ETL', 'Python', 'SQL', 'Spark']",5
JOB06116,Marketing Analyst,"['Excel', 'Marketing Analytics', 'Power BI', 'Python', 'SQL']",5
JOB06117,Data Scientist,"['Machine Learning', 'Pandas', 'Python', 'SQL', 'Statistics']",5
JOB06118,Python Developer,"['Django', 'Flask', 'Git', 'Python', 'SQL']",5
JOB06119,Full Stack Developer,"['CSS', 'HTML', 'Java', 'JavaScript', 'Machine Learning', 'Node', 'React']",7
JOB06120,Data Scientist,"['Machine Learning', 'Oracle', 'Pandas', 'Python', 'SQL', 'Statistics']",6
JOB06121,Financial Analyst,"['Excel', 'Financial Modeling', 'Oracle', 'Power BI', 'SQL', 'Statistics']",6
JOB06122,Web Developer,"['CSS', 'Git', 'HTML', 'Java', 'JavaScript', 'Machine Learning', 'React']",7
JOB06123,Business Analyst,"['Business Analysis', 'Excel', 'Power BI', 'Requirements Gathering', 'SQL']",5
JOB06124,DevOps Engineer,"['AWS', 'Docker', 'Jenkins', 'Kubernetes', 'Linux']",5
JOB06125,Cloud Engineer,"['AWS', 'Azure', 'Cloud Computing', 'Docker', 'Linux']",5
JOB06126,Data Scientist,"['Machine Learning', 'Pandas', 'Python', 'SQL', 'Statistics']",5
JOB06127,Financial Analyst,"['Excel', 'Financial Modeling', 'Power BI', 'SQL', 'Statistics']",5
JOB06128,QA Engineer,"['Automation Testing', 'Cloud Computing', 'Java', 'Python', 'SQL', 'Selenium']",6
JOB06129,QA Engineer,"['Automation Testing', 'Java', 'Python', 'SQL', 'Selenium']",5
JOB06130,QA Engineer,"['Automation Testing', 'Java', 'Python', 'SQL', 'Selenium']",5
JOB06131,Financial Analyst,"['Excel', 'Financial Modeling', 'Power BI', 'SQL', 'Statistics']",5
JOB06132,QA Engineer,"['Automation Testing', 'Java', 'Oracle', 'Python', 'SQL', 'Selenium']",6
JOB06133,Cloud Engineer,"['AWS', 'Azure', 'Cloud Computing', 'Docker', 'Linux']",5
JOB06134,Machine Learning Engineer,"['Docker', 'Machine Learning', 'Python', 'Scikit-learn', 'TensorFlow']",5
JOB06135,Data Engineer,"['AWS', 'ETL', 'Python', 'SQL', 'Spark']",5
JOB06136,QA Engineer,"['Automation Testing', 'Java', 'Python', 'SQL', 'Selenium']",5
JOB06137,Software Engineer,"['Git', 'Java', 'Python', 'REST API', 'SQL']",5
JOB06138,QA Engineer,"['Automation Testing', 'Java', 'Oracle', 'Python', 'SQL', 'Selenium']",6
JOB06139,Database Administrator,"['Database', 'Database Administration', 'MySQL', 'Oracle', 'PostgreSQL', 'SQL']",6
JOB06140,SQL Developer,"['Database', 'ETL', 'MySQL', 'PostgreSQL', 'SQL']",5
JOB06141,Cloud Engineer,"['AWS', 'Azure', 'Cloud Computing', 'Docker', 'Linux']",5
JOB06142,HR Analyst,"['Data Analysis', 'Excel', 'HR Analytics', 'Power BI', 'SQL']",5
JOB06143,Data Scientist,"['Machine Learning', 'Pandas', 'Python', 'SQL', 'Statistics']",5
JOB06144,HR Analyst,"['Data Analysis', 'Excel', 'HR Analytics', 'Power BI', 'SQL']",5
JOB06145,Cloud Engineer,"['AWS', 'Azure', 'Cloud Computing', 'Docker', 'Linux']",5
JOB06146,Power BI Developer,"['DAX', 'Excel', 'Power BI', 'Power Query', 'SQL']",5
JOB06147,Database Administrator,"['Database', 'Database Administration', 'MySQL', 'Oracle', 'PostgreSQL', 'SQL']",6
JOB06148,Python Developer,"['Django', 'Flask', 'Git', 'Oracle', 'Python', 'SQL']",6
JOB06149,QA Engineer,"['Automation Testing', 'Java', 'Python', 'SQL', 'Selenium']",5
JOB06150,Python Developer,"['Django', 'Flask', 'Git', 'Python', 'SQL']",5
JOB06151,Full Stack Developer,"['CSS', 'HTML', 'Java', 'JavaScript', 'Machine Learning', 'Node', 'React']",7
JOB06152,Cloud Engineer,"['AWS', 'Azure', 'Cloud Computing', 'Docker', 'Linux']",5
JOB06153,Business Analyst,"['Business Analysis', 'Excel', 'Power BI', 'Requirements Gathering', 'SQL']",5
JOB06154,Web Developer,"['CSS', 'Git', 'HTML', 'Java', 'JavaScript', 'Machine Learning', 'Oracle', 'React']",8
JOB06155,Financial Analyst,"['Excel', 'Financial Modeling', 'Power BI', 'SQL', 'Statistics']",5
JOB06156,Power BI Developer,"['DAX', 'Excel', 'Power BI', 'Power Query', 'SQL']",5
JOB06157,Python Developer,"['Django', 'Flask', 'Git', 'Python', 'SQL']",5
JOB06158,Full Stack Developer,"['CSS', 'Cloud Computing', 'HTML', 'Java', 'JavaScript', 'Machine Learning', 'Node', 'React']",8
JOB06159,Financial Analyst,"['Excel', 'Financial Modeling', 'Power BI', 'SQL', 'Statistics']",5
JOB06160,Data Analyst,"['Excel', 'Power BI', 'Python', 'SQL', 'Tableau']",5
JOB06161,Software Engineer,"['Git', 'Java', 'Python', 'REST API', 'SQL']",5
JOB06162,QA Engineer,"['Automation Testing', 'Java', 'Python', 'SQL', 'Selenium']",5
JOB06163,Data Scientist,"['Machine Learning', 'Pandas', 'Python', 'SQL', 'Statistics']",5
JOB06164,Machine Learning Engineer,"['Docker', 'Machine Learning', 'Python', 'Scikit-learn', 'TensorFlow']",5
JOB06165,Data Scientist,"['Machine Learning', 'Pandas', 'Python', 'SQL', 'Statistics']",5
JOB06166,Cloud Engineer,"['AWS', 'Azure', 'Cloud Computing', 'Docker', 'Linux']",5
JOB06167,Software Engineer,"['Git', 'Java', 'Python', 'REST API', 'SQL']",5
JOB06168,Data Engineer,"['AWS', 'ETL', 'Python', 'SQL', 'Spark']",5
JOB06169,SQL Developer,"['Database', 'ETL', 'MySQL', 'PostgreSQL', 'SQL']",5
JOB06170,Python Developer,"['Django', 'Flask', 'Git', 'Python', 'SQL']",5
JOB06171,Web Developer,"['CSS', 'Git', 'HTML', 'Java', 'JavaScript', 'Machine Learning', 'React']",7
JOB06172,Data Analyst,"['Excel', 'Power BI', 'Python', 'SQL', 'Tableau']",5
JOB06173,HR Analyst,"['Data Analysis', 'Excel', 'HR Analytics', 'Power BI', 'SQL']",5
JOB06174,Database Administrator,"['Database', 'Database Administration', 'MySQL', 'Oracle', 'PostgreSQL', 'SQL']",6
JOB06175,Cloud Engineer,"['AWS', 'Azure', 'Cloud Computing', 'Docker', 'Linux']",5
JOB06176,Product Analyst,"['Excel', 'Product Analytics', 'Python', 'SQL']",4
JOB06177,Full Stack Developer,"['CSS', 'Cloud Computing', 'HTML', 'Java', 'JavaScript', 'Machine Learning', 'Node', 'React']",8
JOB06178,Marketing Analyst,"['Excel', 'Marketing Analytics', 'Oracle', 'Power BI', 'Python', 'SQL']",6
JOB06179,Business Analyst,"['Business Analysis', 'Excel', 'Power BI', 'Requirements Gathering', 'SQL']",5
JOB06180,Full Stack Developer,"['CSS', 'HTML', 'Java', 'JavaScript', 'Machine Learning', 'Node', 'React']",7
JOB06181,Financial Analyst,"['Excel', 'Financial Modeling', 'Power BI', 'SQL', 'Statistics']",5
JOB06182,Data Analyst,"['Excel', 'Power BI', 'Python', 'SQL', 'Tableau']",5
JOB06183,Software Engineer,"['Git', 'Java', 'Python', 'REST API', 'SQL']",5
JOB06184,Python Developer,"['Django', 'Flask', 'Git', 'Python', 'SQL']",5
JOB06185,Web Developer,"['CSS', 'Git', 'HTML', 'Java', 'JavaScript', 'Machine Learning', 'React']",7
JOB06186,Data Scientist,"['Cloud Computing', 'Machine Learning', 'Pandas', 'Python', 'SQL', 'Statistics']",6
JOB06187,BI Analyst,"['DAX', 'Data Visualization', 'Excel', 'Power BI', 'SQL']",5
JOB06188,Business Analyst,"['Business Analysis', 'Cloud Computing', 'Excel', 'Power BI', 'Requirements Gathering', 'SQL']",6
JOB06189,BI Analyst,"['DAX', 'Data Visualization', 'Excel', 'Power BI', 'SQL']",5
JOB06190,HR Analyst,"['Data Analysis', 'Excel', 'HR Analytics', 'Power BI', 'SQL']",5
JOB06191,Data Scientist,"['Machine Learning', 'Pandas', 'Python', 'SQL', 'Statistics']",5
JOB06192,Data Scientist,"['Machine Learning', 'Pandas', 'Python', 'SQL', 'Statistics']",5
JOB06193,Data Engineer,"['AWS', 'Cloud Computing', 'ETL', 'Python', 'SQL', 'Spark']",6
JOB06194,Power BI Developer,"['DAX', 'Excel', 'Power BI', 'Power Query', 'SQL']",5
JOB06195,Product Analyst,"['Excel', 'Product Analytics', 'Python', 'SQL']",4
JOB06196,Business Analyst,"['Business Analysis', 'Excel', 'Power BI', 'Requirements Gathering', 'SQL']",5
JOB06197,Data Scientist,"['Machine Learning', 'Pandas', 'Python', 'SQL', 'Statistics']",5
JOB06198,Financial Analyst,"['Excel', 'Financial Modeling', 'Power BI', 'SQL', 'Statistics']",5
JOB06199,Full Stack Developer,"['CSS', 'HTML', 'Java', 'JavaScript', 'Machine Learning', 'Node', 'React']",7
JOB06200,Power BI Developer,"['DAX', 'Excel', 'Power BI', 'Power Query', 'SQL']",5
JOB06201,Python Developer,"['Django', 'Flask', 'Git', 'Python', 'SQL']",5
JOB06202,Marketing Analyst,"['Excel', 'Marketing Analytics', 'Power BI', 'Python', 'SQL']",5
JOB06203,Machine Learning Engineer,"['Docker', 'Machine Learning', 'Python', 'Scikit-learn', 'TensorFlow']",5
JOB06204,Product Analyst,"['Excel', 'Product Analytics', 'Python', 'SQL']",4
JOB06205,Data Scientist,"['Machine Learning', 'Pandas', 'Python', 'SQL', 'Statistics']",5
JOB06206,Power BI Developer,"['DAX', 'Excel', 'Oracle', 'Power BI', 'Power Query', 'SQL']",6
JOB06207,Cloud Engineer,"['AWS', 'Azure', 'Cloud Computing', 'Docker', 'Linux']",5
JOB06208,Software Engineer,"['Git', 'Java', 'Python', 'REST API', 'SQL']",5
JOB06209,Business Analyst,"['Business Analysis', 'Cloud Computing', 'Excel', 'Power BI', 'Requirements Gathering', 'SQL']",6
JOB06210,Python Developer,"['Django', 'Flask', 'Git', 'Python', 'SQL']",5
JOB06211,Software Engineer,"['Git', 'Java', 'Python', 'REST API', 'SQL']",5
JOB06212,Data Analyst,"['Excel', 'Power BI', 'Python', 'SQL', 'Tableau']",5
JOB06213,Business Analyst,"['Business Analysis', 'Excel', 'Power BI', 'Requirements Gathering', 'SQL']",5
JOB06214,QA Engineer,"['Automation Testing', 'Java', 'Oracle', 'Python', 'SQL', 'Selenium']",6
JOB06215,Machine Learning Engineer,"['Docker', 'Machine Learning', 'Python', 'Scikit-learn', 'TensorFlow']",5
JOB06216,Business Analyst,"['Business Analysis', 'Excel', 'Power BI', 'Requirements Gathering', 'SQL']",5
JOB06217,BI Analyst,"['DAX', 'Data Visualization', 'Excel', 'Power BI', 'SQL']",5
JOB06218,Product Analyst,"['Excel', 'Product Analytics', 'Python', 'SQL']",4
JOB06219,Data Engineer,"['AWS', 'ETL', 'Python', 'SQL', 'Spark']",5
JOB06220,Data Engineer,"['AWS', 'ETL', 'Oracle', 'Python', 'SQL', 'Spark']",6
JOB06221,DevOps Engineer,"['AWS', 'Docker', 'Jenkins', 'Kubernetes', 'Linux']",5
JOB06222,Machine Learning Engineer,"['Docker', 'Machine Learning', 'Python', 'Scikit-learn', 'TensorFlow']",5
JOB06223,Product Analyst,"['Excel', 'Product Analytics', 'Python', 'SQL']",4
JOB06224,Marketing Analyst,"['Excel', 'Marketing Analytics', 'Power BI', 'Python', 'SQL']",5
JOB06225,DevOps Engineer,"['AWS', 'Docker', 'Jenkins', 'Kubernetes', 'Linux']",5
JOB06226,Python Developer,"['Django', 'Flask', 'Git', 'Python', 'SQL']",5
JOB06227,Data Engineer,"['AWS', 'ETL', 'Python', 'SQL', 'Spark']",5
JOB06228,Financial Analyst,"['Excel', 'Financial Modeling', 'Power BI', 'SQL', 'Statistics']",5
JOB06229,Power BI Developer,"['DAX', 'Excel', 'Power BI', 'Power Query', 'SQL']",5
JOB06230,Full Stack Developer,"['CSS', 'HTML', 'Java', 'JavaScript', 'Machine Learning', 'Node', 'React']",7
JOB06231,Data Engineer,"['AWS', 'ETL', 'Python', 'SQL', 'Spark']",5
JOB06232,SQL Developer,"['Database', 'ETL', 'MySQL', 'PostgreSQL', 'SQL']",5
JOB06233,Marketing Analyst,"['Excel', 'Marketing Analytics', 'Oracle', 'Power BI', 'Python', 'SQL']",6
JOB06234,Cloud Engineer,"['AWS', 'Azure', 'Cloud Computing', 'Docker', 'Linux']",5
JOB06235,Data Analyst,"['Excel', 'Power BI', 'Python', 'SQL', 'Tableau']",5
JOB06236,Machine Learning Engineer,"['Docker', 'Machine Learning', 'Python', 'Scikit-learn', 'TensorFlow']",5
JOB06237,Business Analyst,"['Business Analysis', 'Excel', 'Power BI', 'Requirements Gathering', 'SQL']",5
JOB06238,Web Developer,"['CSS', 'Git', 'HTML', 'Java', 'JavaScript', 'Machine Learning', 'React']",7
JOB06239,Web Developer,"['CSS', 'Git', 'HTML', 'Java', 'JavaScript', 'Machine Learning', 'React']",7
JOB06240,Cloud Engineer,"['AWS', 'Azure', 'Cloud Computing', 'Docker', 'Linux']",5
JOB06241,DevOps Engineer,"['AWS', 'Docker', 'Jenkins', 'Kubernetes', 'Linux']",5
JOB06242,Business Analyst,"['Business Analysis', 'Excel', 'Power BI', 'Requirements Gathering', 'SQL']",5
JOB06243,Python Developer,"['Django', 'Flask', 'Git', 'Python', 'SQL']",5
JOB06244,Business Analyst,"['Business Analysis', 'Excel', 'Power BI', 'Requirements Gathering', 'SQL']",5
JOB06245,DevOps Engineer,"['AWS', 'Docker', 'Jenkins', 'Kubernetes', 'Linux', 'Oracle']",6
JOB06246,Python Developer,"['Django', 'Flask', 'Git', 'Oracle', 'Python', 'SQL']",6
JOB06247,Marketing Analyst,"['Excel', 'Marketing Analytics', 'Power BI', 'Python', 'SQL']",5
JOB06248,Web Developer,"['CSS', 'Git', 'HTML', 'Java', 'JavaScript', 'Machine Learning', 'React']",7
JOB06249,Data Scientist,"['Machine Learning', 'Pandas', 'Python', 'SQL', 'Statistics']",5
JOB06250,Python Developer,"['Django', 'Flask', 'Git', 'Python', 'SQL']",5
JOB06251,BI Analyst,"['DAX', 'Data Visualization', 'Excel', 'Power BI', 'SQL']",5
JOB06252,Marketing Analyst,"['Excel', 'Marketing Analytics', 'Power BI', 'Python', 'SQL']",5
JOB06253,DevOps Engineer,"['AWS', 'Docker', 'Jenkins', 'Kubernetes', 'Linux']",5
JOB06254,Business Analyst,"['Business Analysis', 'Excel', 'Power BI', 'Requirements Gathering', 'SQL']",5
JOB06255,SQL Developer,"['Database', 'ETL', 'MySQL', 'PostgreSQL', 'SQL']",5
JOB06256,HR Analyst,"['Data Analysis', 'Excel', 'HR Analytics', 'Power BI', 'SQL']",5
JOB06257,BI Analyst,"['DAX', 'Data Visualization', 'Excel', 'Power BI', 'SQL']",5
JOB06258,BI Analyst,"['DAX', 'Data Visualization', 'Excel', 'Power BI', 'SQL']",5
JOB06259,DevOps Engineer,"['AWS', 'Docker', 'Jenkins', 'Kubernetes', 'Linux']",5
JOB06260,Software Engineer,"['Git', 'Java', 'Python', 'REST API', 'SQL']",5
JOB06261,QA Engineer,"['Automation Testing', 'Java', 'Python', 'SQL', 'Selenium']",5
JOB06262,BI Analyst,"['DAX', 'Data Visualization', 'Excel', 'Power BI', 'SQL']",5
JOB06263,BI Analyst,"['DAX', 'Data Visualization', 'Excel', 'Power BI', 'SQL']",5
JOB06264,Machine Learning Engineer,"['Docker', 'Machine Learning', 'Python', 'Scikit-learn', 'TensorFlow']",5
JOB06265,Full Stack Developer,"['CSS', 'HTML', 'Java', 'JavaScript', 'Machine Learning', 'Node', 'React']",7
JOB06266,Software Engineer,"['Git', 'Java', 'Python', 'REST API', 'SQL']",5
JOB06267,Marketing Analyst,"['Excel', 'Marketing Analytics', 'Power BI', 'Python', 'SQL']",5
JOB06268,Database Administrator,"['Database', 'Database Administration', 'MySQL', 'Oracle', 'PostgreSQL', 'SQL']",6
JOB06269,Data Analyst,"['Excel', 'Power BI', 'Python', 'SQL', 'Tableau']",5
JOB06270,HR Analyst,"['Data Analysis', 'Excel', 'HR Analytics', 'Power BI', 'SQL']",5
JOB06271,Python Developer,"['Django', 'Flask', 'Git', 'Python', 'SQL']",5
JOB06272,Data Engineer,"['AWS', 'ETL', 'Python', 'SQL', 'Spark']",5
JOB06273,Product Analyst,"['Excel', 'Product Analytics', 'Python', 'SQL']",4
JOB06274,Data Analyst,"['Cloud Computing', 'Excel', 'Power BI', 'Python', 'SQL', 'Tableau']",6
JOB06275,Financial Analyst,"['Excel', 'Financial Modeling', 'Power BI', 'SQL', 'Statistics']",5
JOB06276,Software Engineer,"['Git', 'Java', 'Python', 'REST API', 'SQL']",5
JOB06277,HR Analyst,"['Data Analysis', 'Excel', 'HR Analytics', 'Power BI', 'SQL']",5
JOB06278,Data Analyst,"['Excel', 'Power BI', 'Python', 'SQL', 'Tableau']",5
JOB06279,QA Engineer,"['Automation Testing', 'Java', 'Python', 'SQL', 'Selenium']",5
JOB06280,Power BI Developer,"['DAX', 'Excel', 'Power BI', 'Power Query', 'SQL']",5
JOB06281,Full Stack Developer,"['CSS', 'HTML', 'Java', 'JavaScript', 'Machine Learning', 'Node', 'React']",7
JOB06282,Data Analyst,"['Excel', 'Power BI', 'Python', 'SQL', 'Tableau']",5
JOB06283,Cloud Engineer,"['AWS', 'Azure', 'Cloud Computing', 'Docker', 'Linux']",5
JOB06284,Cloud Engineer,"['AWS', 'Azure', 'Cloud Computing', 'Docker', 'Linux']",5
JOB06285,SQL Developer,"['Database', 'ETL', 'MySQL', 'PostgreSQL', 'SQL']",5
JOB06286,Software Engineer,"['Git', 'Java', 'Python', 'REST API', 'SQL']",5
JOB06287,Data Engineer,"['AWS', 'ETL', 'Python', 'SQL', 'Spark']",5
JOB06288,DevOps Engineer,"['AWS', 'Docker', 'Jenkins', 'Kubernetes', 'Linux']",5
JOB06289,SQL Developer,"['Database', 'ETL', 'MySQL', 'PostgreSQL', 'SQL']",5
JOB06290,HR Analyst,"['Data Analysis', 'Excel', 'HR Analytics', 'Power BI', 'SQL']",5
JOB06291,Data Scientist,"['Machine Learning', 'Pandas', 'Python', 'SQL', 'Statistics']",5
JOB06292,SQL Developer,"['Cloud Computing', 'Database', 'ETL', 'MySQL', 'PostgreSQL', 'SQL']",6
JOB06293,Power BI Developer,"['DAX', 'Excel', 'Power BI', 'Power Query', 'SQL']",5
JOB06294,Web Developer,"['CSS', 'Git', 'HTML', 'Java', 'JavaScript', 'Machine Learning', 'React']",7
JOB06295,Business Analyst,"['Business Analysis', 'Excel', 'Power BI', 'Requirements Gathering', 'SQL']",5
JOB06296,Business Analyst,"['Business Analysis', 'Excel', 'Power BI', 'Requirements Gathering', 'SQL']",5
JOB06297,Cloud Engineer,"['AWS', 'Azure', 'Cloud Computing', 'Docker', 'Linux']",5
JOB06298,Data Engineer,"['AWS', 'ETL', 'Python', 'SQL', 'Spark']",5
JOB06299,Data Engineer,"['AWS', 'ETL', 'Python', 'SQL', 'Spark']",5
JOB06300,Software Engineer,"['Git', 'Java', 'Python', 'REST API', 'SQL']",5
JOB06301,Full Stack Developer,"['CSS', 'HTML', 'Java', 'JavaScript', 'Machine Learning', 'Node', 'React']",7
JOB06302,Data Engineer,"['AWS', 'ETL', 'Oracle', 'Python', 'SQL', 'Spark']",6
JOB06303,Machine Learning Engineer,"['Docker', 'Machine Learning', 'Python', 'Scikit-learn', 'TensorFlow']",5
JOB06304,HR Analyst,"['Data Analysis', 'Excel', 'HR Analytics', 'Power BI', 'SQL']",5
JOB06305,SQL Developer,"['Database', 'ETL', 'MySQL', 'PostgreSQL', 'SQL']",5
JOB06306,BI Analyst,"['DAX', 'Data Visualization', 'Excel', 'Power BI', 'SQL']",5
JOB06307,Data Engineer,"['AWS', 'Cloud Computing', 'ETL', 'Python', 'SQL', 'Spark']",6
JOB06308,Cloud Engineer,"['AWS', 'Azure', 'Cloud Computing', 'Docker', 'Linux']",5
JOB06309,DevOps Engineer,"['AWS', 'Docker', 'Jenkins', 'Kubernetes', 'Linux']",5
JOB06310,Data Analyst,"['Excel', 'Power BI', 'Python', 'SQL', 'Tableau']",5
JOB06311,Data Engineer,"['AWS', 'ETL', 'Python', 'SQL', 'Spark']",5
JOB06312,Data Scientist,"['Machine Learning', 'Pandas', 'Python', 'SQL', 'Statistics']",5
JOB06313,Full Stack Developer,"['CSS', 'HTML', 'Java', 'JavaScript', 'Machine Learning', 'Node', 'React']",7
JOB06314,DevOps Engineer,"['AWS', 'Docker', 'Jenkins', 'Kubernetes', 'Linux']",5
JOB06315,Power BI Developer,"['DAX', 'Excel', 'Power BI', 'Power Query', 'SQL']",5
JOB06316,Data Analyst,"['Excel', 'Power BI', 'Python', 'SQL', 'Tableau']",5
JOB06317,Business Analyst,"['Business Analysis', 'Excel', 'Oracle', 'Power BI', 'Requirements Gathering', 'SQL']",6
JOB06318,BI Analyst,"['DAX', 'Data Visualization', 'Excel', 'Power BI', 'SQL']",5
JOB06319,Data Scientist,"['Machine Learning', 'Pandas', 'Python', 'SQL', 'Statistics']",5
JOB06320,Data Analyst,"['Excel', 'Power BI', 'Python', 'SQL', 'Tableau']",5
JOB06321,Software Engineer,"['Git', 'Java', 'Python', 'REST API', 'SQL']",5
JOB06322,Data Engineer,"['AWS', 'ETL', 'Python', 'SQL', 'Spark']",5
JOB06323,SQL Developer,"['Database', 'ETL', 'MySQL', 'PostgreSQL', 'SQL']",5
JOB06324,Data Engineer,"['AWS', 'ETL', 'Python', 'SQL', 'Spark']",5
JOB06325,Database Administrator,"['Database', 'Database Administration', 'MySQL', 'Oracle', 'PostgreSQL', 'SQL']",6
JOB06326,Business Analyst,"['Business Analysis', 'Excel', 'Power BI', 'Requirements Gathering', 'SQL']",5
JOB06327,Marketing Analyst,"['Excel', 'Marketing Analytics', 'Power BI', 'Python', 'SQL']",5
JOB06328,Web Developer,"['CSS', 'Git', 'HTML', 'Java', 'JavaScript', 'Machine Learning', 'React']",7
JOB06329,HR Analyst,"['Data Analysis', 'Excel', 'HR Analytics', 'Power BI', 'SQL']",5
JOB06330,QA Engineer,"['Automation Testing', 'Java', 'Python', 'SQL', 'Selenium']",5
JOB06331,Business Analyst,"['Business Analysis', 'Excel', 'Power BI', 'Requirements Gathering', 'SQL']",5
JOB06332,Cloud Engineer,"['AWS', 'Azure', 'Cloud Computing', 'Docker', 'Linux']",5
JOB06333,Machine Learning Engineer,"['Docker', 'Machine Learning', 'Python', 'Scikit-learn', 'TensorFlow']",5
JOB06334,Data Analyst,"['Excel', 'Power BI', 'Python', 'SQL', 'Tableau']",5
JOB06335,Full Stack Developer,"['CSS', 'HTML', 'Java', 'JavaScript', 'Machine Learning', 'Node', 'React']",7
JOB06336,Cloud Engineer,"['AWS', 'Azure', 'Cloud Computing', 'Docker', 'Linux']",5
JOB06337,Marketing Analyst,"['Excel', 'Marketing Analytics', 'Power BI', 'Python', 'SQL']",5
JOB06338,Data Analyst,"['Excel', 'Power BI', 'Python', 'SQL', 'Tableau']",5
JOB06339,Web Developer,"['CSS', 'Git', 'HTML', 'Java', 'JavaScript', 'Machine Learning', 'React']",7
JOB06340,Web Developer,"['CSS', 'Git', 'HTML', 'Java', 'JavaScript', 'Machine Learning', 'React']",7
JOB06341,Data Analyst,"['Excel', 'Power BI', 'Python', 'SQL', 'Tableau']",5
JOB06342,QA Engineer,"['Automation Testing', 'Java', 'Python', 'SQL', 'Selenium']",5
JOB06343,Database Administrator,"['Database', 'Database Administration', 'MySQL', 'Oracle', 'PostgreSQL', 'SQL']",6
JOB06344,Data Scientist,"['Machine Learning', 'Pandas', 'Python', 'SQL', 'Statistics']",5
JOB06345,Machine Learning Engineer,"['Docker', 'Machine Learning', 'Python', 'Scikit-learn', 'TensorFlow']",5
JOB06346,HR Analyst,"['Data Analysis', 'Excel', 'HR Analytics', 'Power BI', 'SQL']",5
JOB06347,Data Analyst,"['Excel', 'Power BI', 'Python', 'SQL', 'Tableau']",5
JOB06348,SQL Developer,"['Database', 'ETL', 'MySQL', 'PostgreSQL', 'SQL']",5
JOB06349,Software Engineer,"['Git', 'Java', 'Python', 'REST API', 'SQL']",5
JOB06350,Cloud Engineer,"['AWS', 'Azure', 'Cloud Computing', 'Docker', 'Linux', 'Oracle']",6
JOB06351,Financial Analyst,"['Excel', 'Financial Modeling', 'Power BI', 'SQL', 'Statistics']",5
JOB06352,QA Engineer,"['Automation Testing', 'Java', 'Python', 'SQL', 'Selenium']",5
JOB06353,Machine Learning Engineer,"['Docker', 'Machine Learning', 'Python', 'Scikit-learn', 'TensorFlow']",5
JOB06354,Marketing Analyst,"['Excel', 'Marketing Analytics', 'Power BI', 'Python', 'SQL']",5
JOB06355,BI Analyst,"['DAX', 'Data Visualization', 'Excel', 'Power BI', 'SQL']",5
JOB06356,DevOps Engineer,"['AWS', 'Docker', 'Jenkins', 'Kubernetes', 'Linux']",5
JOB06357,Database Administrator,"['Database', 'Database Administration', 'MySQL', 'Oracle', 'PostgreSQL', 'SQL']",6
JOB06358,Data Scientist,"['Machine Learning', 'Pandas', 'Python', 'SQL', 'Statistics']",5
JOB06359,Full Stack Developer,"['CSS', 'HTML', 'Java', 'JavaScript', 'Machine Learning', 'Node', 'React']",7
JOB06360,Software Engineer,"['Git', 'Java', 'Python', 'REST API', 'SQL']",5
JOB06361,Marketing Analyst,"['Excel', 'Marketing Analytics', 'Power BI', 'Python', 'SQL']",5
JOB06362,Business Analyst,"['Business Analysis', 'Excel', 'Power BI', 'Requirements Gathering', 'SQL']",5
JOB06363,Marketing Analyst,"['Excel', 'Marketing Analytics', 'Power BI', 'Python', 'SQL']",5
JOB06364,Database Administrator,"['Database', 'Database Administration', 'MySQL', 'Oracle', 'PostgreSQL', 'SQL']",6
JOB06365,QA Engineer,"['Automation Testing', 'Java', 'Python', 'SQL', 'Selenium']",5
JOB06366,Power BI Developer,"['DAX', 'Excel', 'Power BI', 'Power Query', 'SQL']",5
JOB06367,Data Scientist,"['Machine Learning', 'Pandas', 'Python', 'SQL', 'Statistics']",5
JOB06368,HR Analyst,"['Data Analysis', 'Excel', 'HR Analytics', 'Power BI', 'SQL']",5
JOB06369,Cloud Engineer,"['AWS', 'Azure', 'Cloud Computing', 'Docker', 'Linux']",5
JOB06370,Database Administrator,"['Database', 'Database Administration', 'MySQL', 'Oracle', 'PostgreSQL', 'SQL']",6
JOB06371,Product Analyst,"['Excel', 'Product Analytics', 'Python', 'SQL']",4
JOB06372,Data Scientist,"['Machine Learning', 'Pandas', 'Python', 'SQL', 'Statistics']",5
JOB06373,Data Analyst,"['Excel', 'Power BI', 'Python', 'SQL', 'Tableau']",5
JOB06374,BI Analyst,"['Cloud Computing', 'DAX', 'Data Visualization', 'Excel', 'Power BI', 'SQL']",6
JOB06375,HR Analyst,"['Data Analysis', 'Excel', 'HR Analytics', 'Power BI', 'SQL']",5
JOB06376,BI Analyst,"['DAX', 'Data Visualization', 'Excel', 'Power BI', 'SQL']",5
JOB06377,Power BI Developer,"['DAX', 'Excel', 'Power BI', 'Power Query', 'SQL']",5
JOB06378,Data Analyst,"['Cloud Computing', 'Excel', 'Power BI', 'Python', 'SQL', 'Tableau']",6
JOB06379,Power BI Developer,"['DAX', 'Excel', 'Power BI', 'Power Query', 'SQL']",5
JOB06380,SQL Developer,"['Database', 'ETL', 'MySQL', 'PostgreSQL', 'SQL']",5
JOB06381,Database Administrator,"['Database', 'Database Administration', 'MySQL', 'Oracle', 'PostgreSQL', 'SQL']",6
JOB06382,Web Developer,"['CSS', 'Git', 'HTML', 'Java', 'JavaScript', 'Machine Learning', 'React']",7
JOB06383,Machine Learning Engineer,"['Docker', 'Machine Learning', 'Python', 'Scikit-learn', 'TensorFlow']",5
JOB06384,Power BI Developer,"['DAX', 'Excel', 'Power BI', 'Power Query', 'SQL']",5
JOB06385,DevOps Engineer,"['AWS', 'Docker', 'Jenkins', 'Kubernetes', 'Linux']",5
JOB06386,Data Engineer,"['AWS', 'ETL', 'Python', 'SQL', 'Spark']",5
JOB06387,Business Analyst,"['Business Analysis', 'Excel', 'Oracle', 'Power BI', 'Requirements Gathering', 'SQL']",6
JOB06388,Full Stack Developer,"['CSS', 'HTML', 'Java', 'JavaScript', 'Machine Learning', 'Node', 'React']",7
JOB06389,Cloud Engineer,"['AWS', 'Azure', 'Cloud Computing', 'Docker', 'Linux']",5
JOB06390,SQL Developer,"['Database', 'ETL', 'MySQL', 'PostgreSQL', 'SQL']",5
JOB06391,QA Engineer,"['Automation Testing', 'Java', 'Python', 'SQL', 'Selenium']",5
JOB06392,Data Scientist,"['Machine Learning', 'Pandas', 'Python', 'SQL', 'Statistics']",5
JOB06393,Product Analyst,"['Excel', 'Product Analytics', 'Python', 'SQL']",4
JOB06394,HR Analyst,"['Data Analysis', 'Excel', 'HR Analytics', 'Power BI', 'SQL']",5
JOB06395,Python Developer,"['Django', 'Flask', 'Git', 'Python', 'SQL']",5
JOB06396,QA Engineer,"['Automation Testing', 'Java', 'Python', 'SQL', 'Selenium']",5
JOB06397,Data Analyst,"['Excel', 'Power BI', 'Python', 'SQL', 'Tableau']",5
JOB06398,Data Scientist,"['Cloud Computing', 'Machine Learning', 'Pandas', 'Python', 'SQL', 'Statistics']",6
JOB06399,Cloud Engineer,"['AWS', 'Azure', 'Cloud Computing', 'Docker', 'Linux']",5
JOB06400,DevOps Engineer,"['AWS', 'Docker', 'Jenkins', 'Kubernetes', 'Linux']",5
JOB06401,Data Engineer,"['AWS', 'ETL', 'Python', 'SQL', 'Spark']",5
JOB06402,Machine Learning Engineer,"['Docker', 'Machine Learning', 'Python', 'Scikit-learn', 'TensorFlow']",5
JOB06403,Web Developer,"['CSS', 'Git', 'HTML', 'Java', 'JavaScript', 'Machine Learning', 'React']",7
JOB06404,Web Developer,"['CSS', 'Git', 'HTML', 'Java', 'JavaScript', 'Machine Learning', 'React']",7
JOB06405,Full Stack Developer,"['CSS', 'HTML', 'Java', 'JavaScript', 'Machine Learning', 'Node', 'React']",7
JOB06406,Business Analyst,"['Business Analysis', 'Excel', 'Power BI', 'Requirements Gathering', 'SQL']",5
JOB06407,Full Stack Developer,"['CSS', 'HTML', 'Java', 'JavaScript', 'Machine Learning', 'Node', 'React']",7
JOB06408,Full Stack Developer,"['CSS', 'HTML', 'Java', 'JavaScript', 'Machine Learning', 'Node', 'React']",7
JOB06409,Business Analyst,"['Business Analysis', 'Excel', 'Power BI', 'Requirements Gathering', 'SQL']",5
JOB06410,Data Engineer,"['AWS', 'ETL', 'Python', 'SQL', 'Spark']",5
JOB06411,Software Engineer,"['Git', 'Java', 'Python', 'REST API', 'SQL']",5
JOB06412,Product Analyst,"['Excel', 'Product Analytics', 'Python', 'SQL']",4
JOB06413,Cloud Engineer,"['AWS', 'Azure', 'Cloud Computing', 'Docker', 'Linux']",5
JOB06414,Financial Analyst,"['Excel', 'Financial Modeling', 'Power BI', 'SQL', 'Statistics']",5
JOB06415,Data Scientist,"['Machine Learning', 'Pandas', 'Python', 'SQL', 'Statistics']",5
JOB06416,QA Engineer,"['Automation Testing', 'Java', 'Python', 'SQL', 'Selenium']",5
JOB06417,Full Stack Developer,"['CSS', 'HTML', 'Java', 'JavaScript', 'Machine Learning', 'Node', 'React']",7
JOB06418,Full Stack Developer,"['CSS', 'HTML', 'Java', 'JavaScript', 'Machine Learning', 'Node', 'React']",7
JOB06419,Data Scientist,"['Machine Learning', 'Pandas', 'Python', 'SQL', 'Statistics']",5
JOB06420,Web Developer,"['CSS', 'Git', 'HTML', 'Java', 'JavaScript', 'Machine Learning', 'React']",7
JOB06421,Financial Analyst,"['Excel', 'Financial Modeling', 'Power BI', 'SQL', 'Statistics']",5
JOB06422,Data Engineer,"['AWS', 'ETL', 'Python', 'SQL', 'Spark']",5
JOB06423,Cloud Engineer,"['AWS', 'Azure', 'Cloud Computing', 'Docker', 'Linux']",5
JOB06424,Marketing Analyst,"['Excel', 'Marketing Analytics', 'Power BI', 'Python', 'SQL']",5
JOB06425,Full Stack Developer,"['CSS', 'HTML', 'Java', 'JavaScript', 'Machine Learning', 'Node', 'React']",7
JOB06426,Full Stack Developer,"['CSS', 'HTML', 'Java', 'JavaScript', 'Machine Learning', 'Node', 'React']",7
JOB06427,Financial Analyst,"['Excel', 'Financial Modeling', 'Power BI', 'SQL', 'Statistics']",5
JOB06428,HR Analyst,"['Data Analysis', 'Excel', 'HR Analytics', 'Power BI', 'SQL']",5
JOB06429,Software Engineer,"['Git', 'Java', 'Python', 'REST API', 'SQL']",5
JOB06430,QA Engineer,"['Automation Testing', 'Java', 'Python', 'SQL', 'Selenium']",5
JOB06431,Python Developer,"['Django', 'Flask', 'Git', 'Python', 'SQL']",5
JOB06432,Data Analyst,"['Excel', 'Power BI', 'Python', 'SQL', 'Tableau']",5
JOB06433,DevOps Engineer,"['AWS', 'Docker', 'Jenkins', 'Kubernetes', 'Linux']",5
JOB06434,Marketing Analyst,"['Excel', 'Marketing Analytics', 'Power BI', 'Python', 'SQL']",5
JOB06435,Python Developer,"['Django', 'Flask', 'Git', 'Python', 'SQL']",5
JOB06436,Marketing Analyst,"['Excel', 'Marketing Analytics', 'Power BI', 'Python', 'SQL']",5
JOB06437,BI Analyst,"['DAX', 'Data Visualization', 'Excel', 'Power BI', 'SQL']",5
JOB06438,SQL Developer,"['Cloud Computing', 'Database', 'ETL', 'MySQL', 'PostgreSQL', 'SQL']",6
JOB06439,BI Analyst,"['DAX', 'Data Visualization', 'Excel', 'Power BI', 'SQL']",5
JOB06440,SQL Developer,"['Database', 'ETL', 'MySQL', 'PostgreSQL', 'SQL']",5
JOB06441,Power BI Developer,"['DAX', 'Excel', 'Power BI', 'Power Query', 'SQL']",5
JOB06442,HR Analyst,"['Data Analysis', 'Excel', 'HR Analytics', 'Power BI', 'SQL']",5
JOB06443,Database Administrator,"['Database', 'Database Administration', 'MySQL', 'Oracle', 'PostgreSQL', 'SQL']",6
JOB06444,Web Developer,"['CSS', 'Git', 'HTML', 'Java', 'JavaScript', 'Machine Learning', 'React']",7
JOB06445,Power BI Developer,"['DAX', 'Excel', 'Power BI', 'Power Query', 'SQL']",5
JOB06446,Power BI Developer,"['DAX', 'Excel', 'Power BI', 'Power Query', 'SQL']",5
JOB06447,Cloud Engineer,"['AWS', 'Azure', 'Cloud Computing', 'Docker', 'Linux']",5
JOB06448,Marketing Analyst,"['Excel', 'Marketing Analytics', 'Power BI', 'Python', 'SQL']",5
JOB06449,QA Engineer,"['Automation Testing', 'Java', 'Python', 'SQL', 'Selenium']",5
JOB06450,Business Analyst,"['Business Analysis', 'Excel', 'Power BI', 'Requirements Gathering', 'SQL']",5
JOB06451,Data Scientist,"['Machine Learning', 'Pandas', 'Python', 'SQL', 'Statistics']",5
JOB06452,Python Developer,"['Django', 'Flask', 'Git', 'Oracle', 'Python', 'SQL']",6
JOB06453,Web Developer,"['CSS', 'Git', 'HTML', 'Java', 'JavaScript', 'Machine Learning', 'React']",7
JOB06454,Full Stack Developer,"['CSS', 'HTML', 'Java', 'JavaScript', 'Machine Learning', 'Node', 'React']",7
JOB06455,QA Engineer,"['Automation Testing', 'Java', 'Python', 'SQL', 'Selenium']",5
JOB06456,Python Developer,"['Django', 'Flask', 'Git', 'Python', 'SQL']",5
JOB06457,Data Analyst,"['Excel', 'Power BI', 'Python', 'SQL', 'Tableau']",5
JOB06458,Full Stack Developer,"['CSS', 'HTML', 'Java', 'JavaScript', 'Machine Learning', 'Node', 'React']",7
JOB06459,Data Engineer,"['AWS', 'ETL', 'Python', 'SQL', 'Spark']",5
JOB06460,Cloud Engineer,"['AWS', 'Azure', 'Cloud Computing', 'Docker', 'Linux']",5
JOB06461,Data Engineer,"['AWS', 'ETL', 'Oracle', 'Python', 'SQL', 'Spark']",6
JOB06462,Marketing Analyst,"['Excel', 'Marketing Analytics', 'Power BI', 'Python', 'SQL']",5
JOB06463,Business Analyst,"['Business Analysis', 'Excel', 'Power BI', 'Requirements Gathering', 'SQL']",5
JOB06464,Python Developer,"['Django', 'Flask', 'Git', 'Python', 'SQL']",5
JOB06465,Cloud Engineer,"['AWS', 'Azure', 'Cloud Computing', 'Docker', 'Linux']",5
JOB06466,Python Developer,"['Django', 'Flask', 'Git', 'Python', 'SQL']",5
JOB06467,Data Analyst,"['Excel', 'Power BI', 'Python', 'SQL', 'Tableau']",5
JOB06468,Data Scientist,"['Machine Learning', 'Oracle', 'Pandas', 'Python', 'SQL', 'Statistics']",6
JOB06469,Web Developer,"['CSS', 'Git', 'HTML', 'Java', 'JavaScript', 'Machine Learning', 'React']",7
JOB06470,Full Stack Developer,"['CSS', 'HTML', 'Java', 'JavaScript', 'Machine Learning', 'Node', 'React']",7
JOB06471,Power BI Developer,"['DAX', 'Excel', 'Power BI', 'Power Query', 'SQL']",5
JOB06472,Data Analyst,"['Excel', 'Power BI', 'Python', 'SQL', 'Tableau']",5
JOB06473,HR Analyst,"['Data Analysis', 'Excel', 'HR Analytics', 'Power BI', 'SQL']",5
JOB06474,Python Developer,"['Django', 'Flask', 'Git', 'Python', 'SQL']",5
JOB06475,HR Analyst,"['Data Analysis', 'Excel', 'HR Analytics', 'Power BI', 'SQL']",5
JOB06476,Data Analyst,"['Cloud Computing', 'Excel', 'Power BI', 'Python', 'SQL', 'Tableau']",6
JOB06477,Power BI Developer,"['DAX', 'Excel', 'Power BI', 'Power Query', 'SQL']",5
JOB06478,Business Analyst,"['Business Analysis', 'Excel', 'Power BI', 'Requirements Gathering', 'SQL']",5
JOB06479,BI Analyst,"['DAX', 'Data Visualization', 'Excel', 'Power BI', 'SQL']",5
JOB06480,Python Developer,"['Django', 'Flask', 'Git', 'Python', 'SQL']",5
JOB06481,Power BI Developer,"['DAX', 'Excel', 'Power BI', 'Power Query', 'SQL']",5
JOB06482,Database Administrator,"['Database', 'Database Administration', 'MySQL', 'Oracle', 'PostgreSQL', 'SQL']",6
JOB06483,HR Analyst,"['Data Analysis', 'Excel', 'HR Analytics', 'Power BI', 'SQL']",5
JOB06484,DevOps Engineer,"['AWS', 'Cloud Computing', 'Docker', 'Jenkins', 'Kubernetes', 'Linux']",6
JOB06485,Web Developer,"['CSS', 'Git', 'HTML', 'Java', 'JavaScript', 'Machine Learning', 'React']",7
JOB06486,Financial Analyst,"['Excel', 'Financial Modeling', 'Power BI', 'SQL', 'Statistics']",5
JOB06487,Marketing Analyst,"['Excel', 'Marketing Analytics', 'Power BI', 'Python', 'SQL']",5
JOB06488,Software Engineer,"['Git', 'Java', 'Python', 'REST API', 'SQL']",5
JOB06489,Data Engineer,"['AWS', 'ETL', 'Python', 'SQL', 'Spark']",5
JOB06490,Data Analyst,"['Excel', 'Power BI', 'Python', 'SQL', 'Tableau']",5
JOB06491,Power BI Developer,"['DAX', 'Excel', 'Power BI', 'Power Query', 'SQL']",5
JOB06492,Full Stack Developer,"['CSS', 'HTML', 'Java', 'JavaScript', 'Machine Learning', 'Node', 'React']",7
JOB06493,BI Analyst,"['DAX', 'Data Visualization', 'Excel', 'Power BI', 'SQL']",5
JOB06494,Full Stack Developer,"['CSS', 'HTML', 'Java', 'JavaScript', 'Machine Learning', 'Node', 'React']",7
JOB06495,Machine Learning Engineer,"['Docker', 'Machine Learning', 'Python', 'Scikit-learn', 'TensorFlow']",5
JOB06496,Data Analyst,"['Excel', 'Power BI', 'Python', 'SQL', 'Tableau']",5
JOB06497,Marketing Analyst,"['Excel', 'Marketing Analytics', 'Power BI', 'Python', 'SQL']",5
JOB06498,Product Analyst,"['Excel', 'Product Analytics', 'Python', 'SQL']",4
JOB06499,Cloud Engineer,"['AWS', 'Azure', 'Cloud Computing', 'Docker', 'Linux']",5
JOB06500,Web Developer,"['CSS', 'Git', 'HTML', 'Java', 'JavaScript', 'Machine Learning', 'React']",7
JOB06501,Software Engineer,"['Git', 'Java', 'Oracle', 'Python', 'REST API', 'SQL']",6
JOB06502,Data Scientist,"['Machine Learning', 'Pandas', 'Python', 'SQL', 'Statistics']",5
JOB06503,Business Analyst,"['Business Analysis', 'Excel', 'Power BI', 'Requirements Gathering', 'SQL']",5
JOB06504,DevOps Engineer,"['AWS', 'Docker', 'Jenkins', 'Kubernetes', 'Linux', 'Oracle']",6
JOB06505,Software Engineer,"['Git', 'Java', 'Python', 'REST API', 'SQL']",5
JOB06506,QA Engineer,"['Automation Testing', 'Java', 'Python', 'SQL', 'Selenium']",5
JOB06507,Cloud Engineer,"['AWS', 'Azure', 'Cloud Computing', 'Docker', 'Linux']",5
JOB06508,Data Engineer,"['AWS', 'ETL', 'Python', 'SQL', 'Spark']",5
JOB06509,Data Analyst,"['Excel', 'Power BI', 'Python', 'SQL', 'Tableau']",5
JOB06510,Data Scientist,"['Machine Learning', 'Pandas', 'Python', 'SQL', 'Statistics']",5
JOB06511,Product Analyst,"['Excel', 'Product Analytics', 'Python', 'SQL']",4
JOB06512,BI Analyst,"['DAX', 'Data Visualization', 'Excel', 'Power BI', 'SQL']",5
JOB06513,Full Stack Developer,"['CSS', 'HTML', 'Java', 'JavaScript', 'Machine Learning', 'Node', 'React']",7
JOB06514,HR Analyst,"['Data Analysis', 'Excel', 'HR Analytics', 'Power BI', 'SQL']",5
JOB06515,Data Analyst,"['Excel', 'Power BI', 'Python', 'SQL', 'Tableau']",5
JOB06516,Software Engineer,"['Git', 'Java', 'Python', 'REST API', 'SQL']",5
JOB06517,Financial Analyst,"['Excel', 'Financial Modeling', 'Power BI', 'SQL', 'Statistics']",5
JOB06518,Database Administrator,"['Database', 'Database Administration', 'MySQL', 'Oracle', 'PostgreSQL', 'SQL']",6
JOB06519,DevOps Engineer,"['AWS', 'Docker', 'Jenkins', 'Kubernetes', 'Linux']",5
JOB06520,Data Analyst,"['Excel', 'Power BI', 'Python', 'SQL', 'Tableau']",5
JOB06521,Software Engineer,"['Git', 'Java', 'Python', 'REST API', 'SQL']",5
JOB06522,Database Administrator,"['Database', 'Database Administration', 'MySQL', 'Oracle', 'PostgreSQL', 'SQL']",6
JOB06523,Database Administrator,"['Database', 'Database Administration', 'MySQL', 'Oracle', 'PostgreSQL', 'SQL']",6
JOB06524,Marketing Analyst,"['Excel', 'Marketing Analytics', 'Power BI', 'Python', 'SQL']",5
JOB06525,Data Engineer,"['AWS', 'ETL', 'Oracle', 'Python', 'SQL', 'Spark']",6
JOB06526,Product Analyst,"['Excel', 'Product Analytics', 'Python', 'SQL']",4
JOB06527,HR Analyst,"['Data Analysis', 'Excel', 'HR Analytics', 'Power BI', 'SQL']",5
JOB06528,Data Analyst,"['Excel', 'Power BI', 'Python', 'SQL', 'Tableau']",5
JOB06529,Financial Analyst,"['Excel', 'Financial Modeling', 'Power BI', 'SQL', 'Statistics']",5
JOB06530,QA Engineer,"['Automation Testing', 'Java', 'Python', 'SQL', 'Selenium']",5
JOB06531,SQL Developer,"['Database', 'ETL', 'MySQL', 'PostgreSQL', 'SQL']",5
JOB06532,BI Analyst,"['DAX', 'Data Visualization', 'Excel', 'Power BI', 'SQL']",5
JOB06533,Full Stack Developer,"['CSS', 'HTML', 'Java', 'JavaScript', 'Machine Learning', 'Node', 'React']",7
JOB06534,Financial Analyst,"['Excel', 'Financial Modeling', 'Power BI', 'SQL', 'Statistics']",5
JOB06535,Full Stack Developer,"['CSS', 'Cloud Computing', 'HTML', 'Java', 'JavaScript', 'Machine Learning', 'Node', 'React']",8
JOB06536,Machine Learning Engineer,"['Docker', 'Machine Learning', 'Python', 'Scikit-learn', 'TensorFlow']",5
JOB06537,Power BI Developer,"['DAX', 'Excel', 'Power BI', 'Power Query', 'SQL']",5
JOB06538,Data Engineer,"['AWS', 'ETL', 'Python', 'SQL', 'Spark']",5
JOB06539,Financial Analyst,"['Excel', 'Financial Modeling', 'Power BI', 'SQL', 'Statistics']",5
JOB06540,HR Analyst,"['Data Analysis', 'Excel', 'HR Analytics', 'Power BI', 'SQL']",5
JOB06541,Data Scientist,"['Machine Learning', 'Pandas', 'Python', 'SQL', 'Statistics']",5
JOB06542,SQL Developer,"['Database', 'ETL', 'MySQL', 'PostgreSQL', 'SQL']",5
JOB06543,Data Engineer,"['AWS', 'ETL', 'Python', 'SQL', 'Spark']",5
JOB06544,Python Developer,"['Django', 'Flask', 'Git', 'Python', 'SQL']",5
JOB06545,Web Developer,"['CSS', 'Git', 'HTML', 'Java', 'JavaScript', 'Machine Learning', 'React']",7
JOB06546,DevOps Engineer,"['AWS', 'Docker', 'Jenkins', 'Kubernetes', 'Linux']",5
JOB06547,QA Engineer,"['Automation Testing', 'Java', 'Python', 'SQL', 'Selenium']",5
JOB06548,Data Analyst,"['Excel', 'Power BI', 'Python', 'SQL', 'Tableau']",5
JOB06549,Business Analyst,"['Business Analysis', 'Excel', 'Power BI', 'Requirements Gathering', 'SQL']",5
JOB06550,Power BI Developer,"['DAX', 'Excel', 'Power BI', 'Power Query', 'SQL']",5
JOB06551,Data Scientist,"['Machine Learning', 'Pandas', 'Python', 'SQL', 'Statistics']",5
JOB06552,Power BI Developer,"['DAX', 'Excel', 'Power BI', 'Power Query', 'SQL']",5
JOB06553,SQL Developer,"['Database', 'ETL', 'MySQL', 'PostgreSQL', 'SQL']",5
JOB06554,SQL Developer,"['Cloud Computing', 'Database', 'ETL', 'MySQL', 'PostgreSQL', 'SQL']",6
JOB06555,SQL Developer,"['Database', 'ETL', 'MySQL', 'PostgreSQL', 'SQL']",5
JOB06556,DevOps Engineer,"['AWS', 'Docker', 'Jenkins', 'Kubernetes', 'Linux']",5
JOB06557,Data Scientist,"['Machine Learning', 'Pandas', 'Python', 'SQL', 'Statistics']",5
JOB06558,Financial Analyst,"['Excel', 'Financial Modeling', 'Power BI', 'SQL', 'Statistics']",5
JOB06559,Financial Analyst,"['Excel', 'Financial Modeling', 'Power BI', 'SQL', 'Statistics']",5
JOB06560,Product Analyst,"['Cloud Computing', 'Excel', 'Product Analytics', 'Python', 'SQL']",5
JOB06561,Business Analyst,"['Business Analysis', 'Excel', 'Power BI', 'Requirements Gathering', 'SQL']",5
JOB06562,Business Analyst,"['Business Analysis', 'Excel', 'Power BI', 'Requirements Gathering', 'SQL']",5
JOB06563,Marketing Analyst,"['Excel', 'Marketing Analytics', 'Power BI', 'Python', 'SQL']",5
JOB06564,Financial Analyst,"['Excel', 'Financial Modeling', 'Power BI', 'SQL', 'Statistics']",5
JOB06565,Data Analyst,"['Excel', 'Power BI', 'Python', 'SQL', 'Tableau']",5
JOB06566,Python Developer,"['Django', 'Flask', 'Git', 'Python', 'SQL']",5
JOB06567,QA Engineer,"['Automation Testing', 'Java', 'Python', 'SQL', 'Selenium']",5
JOB06568,Marketing Analyst,"['Excel', 'Marketing Analytics', 'Power BI', 'Python', 'SQL']",5
JOB06569,Web Developer,"['CSS', 'Git', 'HTML', 'Java', 'JavaScript', 'Machine Learning', 'React']",7
JOB06570,Business Analyst,"['Business Analysis', 'Excel', 'Power BI', 'Requirements Gathering', 'SQL']",5
JOB06571,Database Administrator,"['Database', 'Database Administration', 'MySQL', 'Oracle', 'PostgreSQL', 'SQL']",6
JOB06572,Financial Analyst,"['Excel', 'Financial Modeling', 'Power BI', 'SQL', 'Statistics']",5
JOB06573,Business Analyst,"['Business Analysis', 'Cloud Computing', 'Excel', 'Power BI', 'Requirements Gathering', 'SQL']",6
JOB06574,HR Analyst,"['Data Analysis', 'Excel', 'HR Analytics', 'Power BI', 'SQL']",5
JOB06575,DevOps Engineer,"['AWS', 'Docker', 'Jenkins', 'Kubernetes', 'Linux']",5
JOB06576,SQL Developer,"['Database', 'ETL', 'MySQL', 'PostgreSQL', 'SQL']",5
JOB06577,Software Engineer,"['Git', 'Java', 'Python', 'REST API', 'SQL']",5
JOB06578,Data Scientist,"['Machine Learning', 'Pandas', 'Python', 'SQL', 'Statistics']",5
JOB06579,Financial Analyst,"['Excel', 'Financial Modeling', 'Power BI', 'SQL', 'Statistics']",5
JOB06580,Data Engineer,"['AWS', 'ETL', 'Python', 'SQL', 'Spark']",5
JOB06581,Data Engineer,"['AWS', 'Cloud Computing', 'ETL', 'Python', 'SQL', 'Spark']",6
JOB06582,Financial Analyst,"['Excel', 'Financial Modeling', 'Power BI', 'SQL', 'Statistics']",5
JOB06583,Full Stack Developer,"['CSS', 'HTML', 'Java', 'JavaScript', 'Machine Learning', 'Node', 'React']",7
JOB06584,HR Analyst,"['Data Analysis', 'Excel', 'HR Analytics', 'Power BI', 'SQL']",5
JOB06585,Business Analyst,"['Business Analysis', 'Excel', 'Power BI', 'Requirements Gathering', 'SQL']",5
JOB06586,BI Analyst,"['DAX', 'Data Visualization', 'Excel', 'Power BI', 'SQL']",5
JOB06587,Full Stack Developer,"['CSS', 'HTML', 'Java', 'JavaScript', 'Machine Learning', 'Node', 'React']",7
JOB06588,Data Analyst,"['Excel', 'Power BI', 'Python', 'SQL', 'Tableau']",5
JOB06589,Data Analyst,"['Excel', 'Power BI', 'Python', 'SQL', 'Tableau']",5
JOB06590,Financial Analyst,"['Excel', 'Financial Modeling', 'Power BI', 'SQL', 'Statistics']",5
JOB06591,Database Administrator,"['Database', 'Database Administration', 'MySQL', 'Oracle', 'PostgreSQL', 'SQL']",6
JOB06592,Data Analyst,"['Excel', 'Oracle', 'Power BI', 'Python', 'SQL', 'Tableau']",6
JOB06593,Web Developer,"['CSS', 'Git', 'HTML', 'Java', 'JavaScript', 'Machine Learning', 'React']",7
JOB06594,BI Analyst,"['DAX', 'Data Visualization', 'Excel', 'Power BI', 'SQL']",5
JOB06595,BI Analyst,"['DAX', 'Data Visualization', 'Excel', 'Power BI', 'SQL']",5
JOB06596,SQL Developer,"['Database', 'ETL', 'MySQL', 'PostgreSQL', 'SQL']",5
JOB06597,Database Administrator,"['Database', 'Database Administration', 'MySQL', 'Oracle', 'PostgreSQL', 'SQL']",6
JOB06598,Machine Learning Engineer,"['Docker', 'Machine Learning', 'Python', 'Scikit-learn', 'TensorFlow']",5
JOB06599,Power BI Developer,"['DAX', 'Excel', 'Power BI', 'Power Query', 'SQL']",5
JOB06600,HR Analyst,"['Data Analysis', 'Excel', 'HR Analytics', 'Power BI', 'SQL']",5
JOB06601,BI Analyst,"['DAX', 'Data Visualization', 'Excel', 'Power BI', 'SQL']",5
JOB06602,DevOps Engineer,"['AWS', 'Docker', 'Jenkins', 'Kubernetes', 'Linux']",5
JOB06603,Database Administrator,"['Database', 'Database Administration', 'MySQL', 'Oracle', 'PostgreSQL', 'SQL']",6
JOB06604,Cloud Engineer,"['AWS', 'Azure', 'Cloud Computing', 'Docker', 'Linux']",5
JOB06605,DevOps Engineer,"['AWS', 'Docker', 'Jenkins', 'Kubernetes', 'Linux']",5
JOB06606,Product Analyst,"['Excel', 'Product Analytics', 'Python', 'SQL']",4
JOB06607,DevOps Engineer,"['AWS', 'Docker', 'Jenkins', 'Kubernetes', 'Linux']",5
JOB06608,Cloud Engineer,"['AWS', 'Azure', 'Cloud Computing', 'Docker', 'Linux']",5
JOB06609,HR Analyst,"['Data Analysis', 'Excel', 'HR Analytics', 'Power BI', 'SQL']",5
JOB06610,DevOps Engineer,"['AWS', 'Docker', 'Jenkins', 'Kubernetes', 'Linux']",5
JOB06611,Database Administrator,"['Database', 'Database Administration', 'MySQL', 'Oracle', 'PostgreSQL', 'SQL']",6
JOB06612,Python Developer,"['Django', 'Flask', 'Git', 'Python', 'SQL']",5
JOB06613,Business Analyst,"['Business Analysis', 'Excel', 'Power BI', 'Requirements Gathering', 'SQL']",5
JOB06614,HR Analyst,"['Cloud Computing', 'Data Analysis', 'Excel', 'HR Analytics', 'Power BI', 'SQL']",6
JOB06615,Web Developer,"['CSS', 'Git', 'HTML', 'Java', 'JavaScript', 'Machine Learning', 'React']",7
JOB06616,QA Engineer,"['Automation Testing', 'Java', 'Python', 'SQL', 'Selenium']",5
JOB06617,Financial Analyst,"['Excel', 'Financial Modeling', 'Power BI', 'SQL', 'Statistics']",5
JOB06618,Database Administrator,"['Database', 'Database Administration', 'MySQL', 'Oracle', 'PostgreSQL', 'SQL']",6
JOB06619,Database Administrator,"['Database', 'Database Administration', 'MySQL', 'Oracle', 'PostgreSQL', 'SQL']",6
JOB06620,Product Analyst,"['Excel', 'Product Analytics', 'Python', 'SQL']",4
JOB06621,Machine Learning Engineer,"['Docker', 'Machine Learning', 'Python', 'Scikit-learn', 'TensorFlow']",5
JOB06622,Marketing Analyst,"['Excel', 'Marketing Analytics', 'Power BI', 'Python', 'SQL']",5
JOB06623,Marketing Analyst,"['Excel', 'Marketing Analytics', 'Power BI', 'Python', 'SQL']",5
JOB06624,Database Administrator,"['Database', 'Database Administration', 'MySQL', 'Oracle', 'PostgreSQL', 'SQL']",6
JOB06625,DevOps Engineer,"['AWS', 'Docker', 'Jenkins', 'Kubernetes', 'Linux']",5
JOB06626,Software Engineer,"['Git', 'Java', 'Python', 'REST API', 'SQL']",5
JOB06627,Data Scientist,"['Machine Learning', 'Pandas', 'Python', 'SQL', 'Statistics']",5
JOB06628,Product Analyst,"['Excel', 'Oracle', 'Product Analytics', 'Python', 'SQL']",5
JOB06629,Full Stack Developer,"['CSS', 'HTML', 'Java', 'JavaScript', 'Machine Learning', 'Node', 'React']",7
JOB06630,Product Analyst,"['Excel', 'Product Analytics', 'Python', 'SQL']",4
JOB06631,Data Analyst,"['Excel', 'Power BI', 'Python', 'SQL', 'Tableau']",5
JOB06632,Data Analyst,"['Excel', 'Oracle', 'Power BI', 'Python', 'SQL', 'Tableau']",6
JOB06633,Full Stack Developer,"['CSS', 'HTML', 'Java', 'JavaScript', 'Machine Learning', 'Node', 'React']",7
JOB06634,Power BI Developer,"['DAX', 'Excel', 'Power BI', 'Power Query', 'SQL']",5
JOB06635,Python Developer,"['Django', 'Flask', 'Git', 'Python', 'SQL']",5
JOB06636,Web Developer,"['CSS', 'Git', 'HTML', 'Java', 'JavaScript', 'Machine Learning', 'React']",7
JOB06637,Web Developer,"['CSS', 'Git', 'HTML', 'Java', 'JavaScript', 'Machine Learning', 'React']",7
JOB06638,Full Stack Developer,"['CSS', 'HTML', 'Java', 'JavaScript', 'Machine Learning', 'Node', 'React']",7
JOB06639,BI Analyst,"['DAX', 'Data Visualization', 'Excel', 'Power BI', 'SQL']",5
JOB06640,Power BI Developer,"['DAX', 'Excel', 'Power BI', 'Power Query', 'SQL']",5
JOB06641,Software Engineer,"['Git', 'Java', 'Python', 'REST API', 'SQL']",5
JOB06642,Data Scientist,"['Machine Learning', 'Pandas', 'Python', 'SQL', 'Statistics']",5
JOB06643,Product Analyst,"['Excel', 'Product Analytics', 'Python', 'SQL']",4
JOB06644,Web Developer,"['CSS', 'Git', 'HTML', 'Java', 'JavaScript', 'Machine Learning', 'React']",7
JOB06645,Full Stack Developer,"['CSS', 'HTML', 'Java', 'JavaScript', 'Machine Learning', 'Node', 'React']",7
JOB06646,SQL Developer,"['Database', 'ETL', 'MySQL', 'PostgreSQL', 'SQL']",5
JOB06647,Machine Learning Engineer,"['Docker', 'Machine Learning', 'Python', 'Scikit-learn', 'TensorFlow']",5
JOB06648,HR Analyst,"['Data Analysis', 'Excel', 'HR Analytics', 'Power BI', 'SQL']",5
JOB06649,QA Engineer,"['Automation Testing', 'Java', 'Python', 'SQL', 'Selenium']",5
JOB06650,Full Stack Developer,"['CSS', 'HTML', 'Java', 'JavaScript', 'Machine Learning', 'Node', 'React']",7
JOB06651,Cloud Engineer,"['AWS', 'Azure', 'Cloud Computing', 'Docker', 'Linux']",5
JOB06652,QA Engineer,"['Automation Testing', 'Java', 'Python', 'SQL', 'Selenium']",5
JOB06653,Data Scientist,"['Machine Learning', 'Pandas', 'Python', 'SQL', 'Statistics']",5
JOB06654,Data Engineer,"['AWS', 'ETL', 'Python', 'SQL', 'Spark']",5
JOB06655,BI Analyst,"['DAX', 'Data Visualization', 'Excel', 'Power BI', 'SQL']",5
JOB06656,Web Developer,"['CSS', 'Git', 'HTML', 'Java', 'JavaScript', 'Machine Learning', 'React']",7
JOB06657,DevOps Engineer,"['AWS', 'Docker', 'Jenkins', 'Kubernetes', 'Linux']",5
JOB06658,DevOps Engineer,"['AWS', 'Docker', 'Jenkins', 'Kubernetes', 'Linux']",5
JOB06659,Python Developer,"['Django', 'Flask', 'Git', 'Python', 'SQL']",5
JOB06660,Financial Analyst,"['Excel', 'Financial Modeling', 'Power BI', 'SQL', 'Statistics']",5
JOB06661,Database Administrator,"['Cloud Computing', 'Database', 'Database Administration', 'MySQL', 'Oracle', 'PostgreSQL', 'SQL']",7
JOB06662,Full Stack Developer,"['CSS', 'Cloud Computing', 'HTML', 'Java', 'JavaScript', 'Machine Learning', 'Node', 'React']",8
JOB06663,Cloud Engineer,"['AWS', 'Azure', 'Cloud Computing', 'Docker', 'Linux']",5
JOB06664,BI Analyst,"['Cloud Computing', 'DAX', 'Data Visualization', 'Excel', 'Power BI', 'SQL']",6
JOB06665,Machine Learning Engineer,"['Docker', 'Machine Learning', 'Python', 'Scikit-learn', 'TensorFlow']",5
JOB06666,Software Engineer,"['Git', 'Java', 'Python', 'REST API', 'SQL']",5
JOB06667,Power BI Developer,"['DAX', 'Excel', 'Power BI', 'Power Query', 'SQL']",5
JOB06668,Database Administrator,"['Database', 'Database Administration', 'MySQL', 'Oracle', 'PostgreSQL', 'SQL']",6
JOB06669,Machine Learning Engineer,"['Docker', 'Machine Learning', 'Python', 'Scikit-learn', 'TensorFlow']",5
JOB06670,Database Administrator,"['Database', 'Database Administration', 'MySQL', 'Oracle', 'PostgreSQL', 'SQL']",6
JOB06671,Python Developer,"['Django', 'Flask', 'Git', 'Python', 'SQL']",5
JOB06672,BI Analyst,"['DAX', 'Data Visualization', 'Excel', 'Power BI', 'SQL']",5
JOB06673,BI Analyst,"['DAX', 'Data Visualization', 'Excel', 'Power BI', 'SQL']",5
JOB06674,Web Developer,"['CSS', 'Git', 'HTML', 'Java', 'JavaScript', 'Machine Learning', 'React']",7
JOB06675,Data Analyst,"['Excel', 'Power BI', 'Python', 'SQL', 'Tableau']",5
JOB06676,Marketing Analyst,"['Excel', 'Marketing Analytics', 'Power BI', 'Python', 'SQL']",5
JOB06677,Marketing Analyst,"['Excel', 'Marketing Analytics', 'Power BI', 'Python', 'SQL']",5
JOB06678,Product Analyst,"['Excel', 'Product Analytics', 'Python', 'SQL']",4
JOB06679,HR Analyst,"['Data Analysis', 'Excel', 'HR Analytics', 'Power BI', 'SQL']",5
JOB06680,HR Analyst,"['Data Analysis', 'Excel', 'HR Analytics', 'Power BI', 'SQL']",5
JOB06681,BI Analyst,"['DAX', 'Data Visualization', 'Excel', 'Power BI', 'SQL']",5
JOB06682,Business Analyst,"['Business Analysis', 'Excel', 'Oracle', 'Power BI', 'Requirements Gathering', 'SQL']",6
JOB06683,HR Analyst,"['Data Analysis', 'Excel', 'HR Analytics', 'Power BI', 'SQL']",5
JOB06684,Financial Analyst,"['Excel', 'Financial Modeling', 'Oracle', 'Power BI', 'SQL', 'Statistics']",6
JOB06685,Cloud Engineer,"['AWS', 'Azure', 'Cloud Computing', 'Docker', 'Linux']",5
JOB06686,Data Scientist,"['Machine Learning', 'Pandas', 'Python', 'SQL', 'Statistics']",5
JOB06687,Python Developer,"['Django', 'Flask', 'Git', 'Python', 'SQL']",5
JOB06688,Power BI Developer,"['DAX', 'Excel', 'Power BI', 'Power Query', 'SQL']",5
JOB06689,Data Engineer,"['AWS', 'ETL', 'Python', 'SQL', 'Spark']",5
JOB06690,BI Analyst,"['DAX', 'Data Visualization', 'Excel', 'Power BI', 'SQL']",5
JOB06691,Product Analyst,"['Excel', 'Product Analytics', 'Python', 'SQL']",4
JOB06692,Data Scientist,"['Machine Learning', 'Pandas', 'Python', 'SQL', 'Statistics']",5
JOB06693,Business Analyst,"['Business Analysis', 'Excel', 'Oracle', 'Power BI', 'Requirements Gathering', 'SQL']",6
JOB06694,SQL Developer,"['Database', 'ETL', 'MySQL', 'PostgreSQL', 'SQL']",5
JOB06695,Machine Learning Engineer,"['Docker', 'Machine Learning', 'Python', 'Scikit-learn', 'TensorFlow']",5
JOB06696,Cloud Engineer,"['AWS', 'Azure', 'Cloud Computing', 'Docker', 'Linux']",5
JOB06697,Business Analyst,"['Business Analysis', 'Excel', 'Power BI', 'Requirements Gathering', 'SQL']",5
JOB06698,Data Scientist,"['Machine Learning', 'Pandas', 'Python', 'SQL', 'Statistics']",5
JOB06699,Python Developer,"['Django', 'Flask', 'Git', 'Python', 'SQL']",5
JOB06700,Machine Learning Engineer,"['Docker', 'Machine Learning', 'Python', 'Scikit-learn', 'TensorFlow']",5
JOB06701,HR Analyst,"['Data Analysis', 'Excel', 'HR Analytics', 'Power BI', 'SQL']",5
JOB06702,HR Analyst,"['Data Analysis', 'Excel', 'HR Analytics', 'Power BI', 'SQL']",5
JOB06703,Database Administrator,"['Database', 'Database Administration', 'MySQL', 'Oracle', 'PostgreSQL', 'SQL']",6
JOB06704,Financial Analyst,"['Excel', 'Financial Modeling', 'Power BI', 'SQL', 'Statistics']",5
JOB06705,SQL Developer,"['Database', 'ETL', 'MySQL', 'PostgreSQL', 'SQL']",5
JOB06706,Cloud Engineer,"['AWS', 'Azure', 'Cloud Computing', 'Docker', 'Linux']",5
JOB06707,Business Analyst,"['Business Analysis', 'Excel', 'Power BI', 'Requirements Gathering', 'SQL']",5
JOB06708,Cloud Engineer,"['AWS', 'Azure', 'Cloud Computing', 'Docker', 'Linux']",5
JOB06709,Data Engineer,"['AWS', 'ETL', 'Python', 'SQL', 'Spark']",5
JOB06710,Software Engineer,"['Git', 'Java', 'Python', 'REST API', 'SQL']",5
JOB06711,Python Developer,"['Django', 'Flask', 'Git', 'Python', 'SQL']",5
JOB06712,Product Analyst,"['Excel', 'Product Analytics', 'Python', 'SQL']",4
JOB06713,Machine Learning Engineer,"['Docker', 'Machine Learning', 'Python', 'Scikit-learn', 'TensorFlow']",5
JOB06714,Web Developer,"['CSS', 'Git', 'HTML', 'Java', 'JavaScript', 'Machine Learning', 'React']",7
JOB06715,Data Scientist,"['Machine Learning', 'Pandas', 'Python', 'SQL', 'Statistics']",5
JOB06716,Data Analyst,"['Excel', 'Power BI', 'Python', 'SQL', 'Tableau']",5
JOB06717,Web Developer,"['CSS', 'Git', 'HTML', 'Java', 'JavaScript', 'Machine Learning', 'React']",7
JOB06718,SQL Developer,"['Database', 'ETL', 'MySQL', 'PostgreSQL', 'SQL']",5
JOB06719,Product Analyst,"['Excel', 'Product Analytics', 'Python', 'SQL']",4
JOB06720,Machine Learning Engineer,"['Docker', 'Machine Learning', 'Python', 'Scikit-learn', 'TensorFlow']",5
JOB06721,SQL Developer,"['Database', 'ETL', 'MySQL', 'PostgreSQL', 'SQL']",5
JOB06722,HR Analyst,"['Data Analysis', 'Excel', 'HR Analytics', 'Power BI', 'SQL']",5
JOB06723,Web Developer,"['CSS', 'Git', 'HTML', 'Java', 'JavaScript', 'Machine Learning', 'React']",7
JOB06724,Python Developer,"['Django', 'Flask', 'Git', 'Python', 'SQL']",5
JOB06725,Data Analyst,"['Excel', 'Power BI', 'Python', 'SQL', 'Tableau']",5
JOB06726,BI Analyst,"['DAX', 'Data Visualization', 'Excel', 'Power BI', 'SQL']",5
JOB06727,Business Analyst,"['Business Analysis', 'Excel', 'Power BI', 'Requirements Gathering', 'SQL']",5
JOB06728,Data Scientist,"['Cloud Computing', 'Machine Learning', 'Pandas', 'Python', 'SQL', 'Statistics']",6
JOB06729,Web Developer,"['CSS', 'Git', 'HTML', 'Java', 'JavaScript', 'Machine Learning', 'React']",7
JOB06730,Data Engineer,"['AWS', 'ETL', 'Python', 'SQL', 'Spark']",5
JOB06731,Power BI Developer,"['DAX', 'Excel', 'Power BI', 'Power Query', 'SQL']",5
JOB06732,Marketing Analyst,"['Excel', 'Marketing Analytics', 'Power BI', 'Python', 'SQL']",5
JOB06733,Database Administrator,"['Database', 'Database Administration', 'MySQL', 'Oracle', 'PostgreSQL', 'SQL']",6
JOB06734,DevOps Engineer,"['AWS', 'Docker', 'Jenkins', 'Kubernetes', 'Linux', 'Oracle']",6
JOB06735,HR Analyst,"['Data Analysis', 'Excel', 'HR Analytics', 'Power BI', 'SQL']",5
JOB06736,Web Developer,"['CSS', 'Git', 'HTML', 'Java', 'JavaScript', 'Machine Learning', 'React']",7
JOB06737,Full Stack Developer,"['CSS', 'HTML', 'Java', 'JavaScript', 'Machine Learning', 'Node', 'React']",7
JOB06738,Marketing Analyst,"['Excel', 'Marketing Analytics', 'Oracle', 'Power BI', 'Python', 'SQL']",6
JOB06739,Machine Learning Engineer,"['Docker', 'Machine Learning', 'Python', 'Scikit-learn', 'TensorFlow']",5
JOB06740,BI Analyst,"['DAX', 'Data Visualization', 'Excel', 'Power BI', 'SQL']",5
JOB06741,SQL Developer,"['Database', 'ETL', 'MySQL', 'PostgreSQL', 'SQL']",5
JOB06742,Power BI Developer,"['DAX', 'Excel', 'Power BI', 'Power Query', 'SQL']",5
JOB06743,Cloud Engineer,"['AWS', 'Azure', 'Cloud Computing', 'Docker', 'Linux']",5
JOB06744,Software Engineer,"['Git', 'Java', 'Python', 'REST API', 'SQL']",5
JOB06745,QA Engineer,"['Automation Testing', 'Java', 'Python', 'SQL', 'Selenium']",5
JOB06746,Web Developer,"['CSS', 'Git', 'HTML', 'Java', 'JavaScript', 'Machine Learning', 'React']",7
JOB06747,HR Analyst,"['Data Analysis', 'Excel', 'HR Analytics', 'Power BI', 'SQL']",5
JOB06748,Cloud Engineer,"['AWS', 'Azure', 'Cloud Computing', 'Docker', 'Linux']",5
JOB06749,DevOps Engineer,"['AWS', 'Docker', 'Jenkins', 'Kubernetes', 'Linux']",5
JOB06750,Machine Learning Engineer,"['Docker', 'Machine Learning', 'Python', 'Scikit-learn', 'TensorFlow']",5
JOB06751,SQL Developer,"['Database', 'ETL', 'MySQL', 'PostgreSQL', 'SQL']",5
JOB06752,Cloud Engineer,"['AWS', 'Azure', 'Cloud Computing', 'Docker', 'Linux']",5
JOB06753,SQL Developer,"['Database', 'ETL', 'MySQL', 'PostgreSQL', 'SQL']",5
JOB06754,BI Analyst,"['DAX', 'Data Visualization', 'Excel', 'Power BI', 'SQL']",5
JOB06755,Business Analyst,"['Business Analysis', 'Excel', 'Power BI', 'Requirements Gathering', 'SQL']",5
JOB06756,QA Engineer,"['Automation Testing', 'Java', 'Python', 'SQL', 'Selenium']",5
JOB06757,Machine Learning Engineer,"['Docker', 'Machine Learning', 'Python', 'Scikit-learn', 'TensorFlow']",5
JOB06758,Machine Learning Engineer,"['Docker', 'Machine Learning', 'Python', 'Scikit-learn', 'TensorFlow']",5
JOB06759,QA Engineer,"['Automation Testing', 'Java', 'Python', 'SQL', 'Selenium']",5
JOB06760,Data Analyst,"['Excel', 'Power BI', 'Python', 'SQL', 'Tableau']",5
JOB06761,Power BI Developer,"['DAX', 'Excel', 'Power BI', 'Power Query', 'SQL']",5
JOB06762,Business Analyst,"['Business Analysis', 'Excel', 'Power BI', 'Requirements Gathering', 'SQL']",5
JOB06763,Database Administrator,"['Database', 'Database Administration', 'MySQL', 'Oracle', 'PostgreSQL', 'SQL']",6
JOB06764,Software Engineer,"['Git', 'Java', 'Python', 'REST API', 'SQL']",5
JOB06765,Python Developer,"['Django', 'Flask', 'Git', 'Python', 'SQL']",5
JOB06766,Machine Learning Engineer,"['Docker', 'Machine Learning', 'Python', 'Scikit-learn', 'TensorFlow']",5
JOB06767,Data Analyst,"['Excel', 'Power BI', 'Python', 'SQL', 'Tableau']",5
JOB06768,Marketing Analyst,"['Excel', 'Marketing Analytics', 'Oracle', 'Power BI', 'Python', 'SQL']",6
JOB06769,Data Analyst,"['Excel', 'Power BI', 'Python', 'SQL', 'Tableau']",5
JOB06770,Python Developer,"['Django', 'Flask', 'Git', 'Python', 'SQL']",5
JOB06771,Python Developer,"['Django', 'Flask', 'Git', 'Python', 'SQL']",5
JOB06772,QA Engineer,"['Automation Testing', 'Java', 'Python', 'SQL', 'Selenium']",5
JOB06773,Full Stack Developer,"['CSS', 'HTML', 'Java', 'JavaScript', 'Machine Learning', 'Node', 'React']",7
JOB06774,SQL Developer,"['Database', 'ETL', 'MySQL', 'PostgreSQL', 'SQL']",5
JOB06775,SQL Developer,"['Database', 'ETL', 'MySQL', 'PostgreSQL', 'SQL']",5
JOB06776,BI Analyst,"['DAX', 'Data Visualization', 'Excel', 'Power BI', 'SQL']",5
JOB06777,Web Developer,"['CSS', 'Git', 'HTML', 'Java', 'JavaScript', 'Machine Learning', 'React']",7
JOB06778,Marketing Analyst,"['Excel', 'Marketing Analytics', 'Power BI', 'Python', 'SQL']",5
JOB06779,Data Engineer,"['AWS', 'Cloud Computing', 'ETL', 'Python', 'SQL', 'Spark']",6
JOB06780,BI Analyst,"['DAX', 'Data Visualization', 'Excel', 'Power BI', 'SQL']",5
JOB06781,QA Engineer,"['Automation Testing', 'Java', 'Python', 'SQL', 'Selenium']",5
JOB06782,HR Analyst,"['Data Analysis', 'Excel', 'HR Analytics', 'Power BI', 'SQL']",5
JOB06783,Full Stack Developer,"['CSS', 'HTML', 'Java', 'JavaScript', 'Machine Learning', 'Node', 'React']",7
JOB06784,Data Scientist,"['Machine Learning', 'Pandas', 'Python', 'SQL', 'Statistics']",5
JOB06785,Database Administrator,"['Database', 'Database Administration', 'MySQL', 'Oracle', 'PostgreSQL', 'SQL']",6
JOB06786,Business Analyst,"['Business Analysis', 'Excel', 'Power BI', 'Requirements Gathering', 'SQL']",5
JOB06787,BI Analyst,"['DAX', 'Data Visualization', 'Excel', 'Power BI', 'SQL']",5
JOB06788,Product Analyst,"['Excel', 'Product Analytics', 'Python', 'SQL']",4
JOB06789,DevOps Engineer,"['AWS', 'Docker', 'Jenkins', 'Kubernetes', 'Linux']",5
JOB06790,Full Stack Developer,"['CSS', 'HTML', 'Java', 'JavaScript', 'Machine Learning', 'Node', 'React']",7
JOB06791,Marketing Analyst,"['Excel', 'Marketing Analytics', 'Power BI', 'Python', 'SQL']",5
JOB06792,Data Analyst,"['Excel', 'Power BI', 'Python', 'SQL', 'Tableau']",5
JOB06793,Software Engineer,"['Git', 'Java', 'Python', 'REST API', 'SQL']",5
JOB06794,Data Analyst,"['Excel', 'Power BI', 'Python', 'SQL', 'Tableau']",5
JOB06795,Software Engineer,"['Git', 'Java', 'Python', 'REST API', 'SQL']",5
JOB06796,Financial Analyst,"['Excel', 'Financial Modeling', 'Oracle', 'Power BI', 'SQL', 'Statistics']",6
JOB06797,HR Analyst,"['Data Analysis', 'Excel', 'HR Analytics', 'Power BI', 'SQL']",5
JOB06798,Software Engineer,"['Git', 'Java', 'Python', 'REST API', 'SQL']",5
JOB06799,Business Analyst,"['Business Analysis', 'Excel', 'Power BI', 'Requirements Gathering', 'SQL']",5
JOB06800,Marketing Analyst,"['Excel', 'Marketing Analytics', 'Power BI', 'Python', 'SQL']",5
JOB06801,Python Developer,"['Django', 'Flask', 'Git', 'Python', 'SQL']",5
JOB06802,Web Developer,"['CSS', 'Git', 'HTML', 'Java', 'JavaScript', 'Machine Learning', 'React']",7
JOB06803,Power BI Developer,"['DAX', 'Excel', 'Power BI', 'Power Query', 'SQL']",5
JOB06804,Database Administrator,"['Database', 'Database Administration', 'MySQL', 'Oracle', 'PostgreSQL', 'SQL']",6
JOB06805,Data Analyst,"['Excel', 'Power BI', 'Python', 'SQL', 'Tableau']",5
JOB06806,Power BI Developer,"['DAX', 'Excel', 'Power BI', 'Power Query', 'SQL']",5
JOB06807,Business Analyst,"['Business Analysis', 'Excel', 'Power BI', 'Requirements Gathering', 'SQL']",5
JOB06808,Database Administrator,"['Database', 'Database Administration', 'MySQL', 'Oracle', 'PostgreSQL', 'SQL']",6
JOB06809,Marketing Analyst,"['Excel', 'Marketing Analytics', 'Power BI', 'Python', 'SQL']",5
JOB06810,BI Analyst,"['DAX', 'Data Visualization', 'Excel', 'Power BI', 'SQL']",5
JOB06811,Data Engineer,"['AWS', 'ETL', 'Python', 'SQL', 'Spark']",5
JOB06812,QA Engineer,"['Automation Testing', 'Java', 'Python', 'SQL', 'Selenium']",5
JOB06813,Database Administrator,"['Database', 'Database Administration', 'MySQL', 'Oracle', 'PostgreSQL', 'SQL']",6
JOB06814,Web Developer,"['CSS', 'Git', 'HTML', 'Java', 'JavaScript', 'Machine Learning', 'React']",7
JOB06815,Data Scientist,"['Machine Learning', 'Pandas', 'Python', 'SQL', 'Statistics']",5
JOB06816,DevOps Engineer,"['AWS', 'Docker', 'Jenkins', 'Kubernetes', 'Linux']",5
JOB06817,Full Stack Developer,"['CSS', 'HTML', 'Java', 'JavaScript', 'Machine Learning', 'Node', 'React']",7
JOB06818,QA Engineer,"['Automation Testing', 'Java', 'Python', 'SQL', 'Selenium']",5
JOB06819,Financial Analyst,"['Excel', 'Financial Modeling', 'Power BI', 'SQL', 'Statistics']",5
JOB06820,Data Scientist,"['Machine Learning', 'Pandas', 'Python', 'SQL', 'Statistics']",5
JOB06821,DevOps Engineer,"['AWS', 'Docker', 'Jenkins', 'Kubernetes', 'Linux']",5
JOB06822,Full Stack Developer,"['CSS', 'HTML', 'Java', 'JavaScript', 'Machine Learning', 'Node', 'React']",7
JOB06823,QA Engineer,"['Automation Testing', 'Java', 'Python', 'SQL', 'Selenium']",5
JOB06824,Software Engineer,"['Git', 'Java', 'Python', 'REST API', 'SQL']",5
JOB06825,Software Engineer,"['Git', 'Java', 'Python', 'REST API', 'SQL']",5
JOB06826,Data Engineer,"['AWS', 'ETL', 'Python', 'SQL', 'Spark']",5
JOB06827,Data Engineer,"['AWS', 'ETL', 'Python', 'SQL', 'Spark']",5
JOB06828,HR Analyst,"['Data Analysis', 'Excel', 'HR Analytics', 'Power BI', 'SQL']",5
JOB06829,Machine Learning Engineer,"['Docker', 'Machine Learning', 'Python', 'Scikit-learn', 'TensorFlow']",5
JOB06830,SQL Developer,"['Database', 'ETL', 'MySQL', 'PostgreSQL', 'SQL']",5
JOB06831,DevOps Engineer,"['AWS', 'Docker', 'Jenkins', 'Kubernetes', 'Linux']",5
JOB06832,HR Analyst,"['Data Analysis', 'Excel', 'HR Analytics', 'Power BI', 'SQL']",5
JOB06833,Marketing Analyst,"['Excel', 'Marketing Analytics', 'Power BI', 'Python', 'SQL']",5
JOB06834,Machine Learning Engineer,"['Docker', 'Machine Learning', 'Python', 'Scikit-learn', 'TensorFlow']",5
JOB06835,Data Analyst,"['Excel', 'Oracle', 'Power BI', 'Python', 'SQL', 'Tableau']",6
JOB06836,Cloud Engineer,"['AWS', 'Azure', 'Cloud Computing', 'Docker', 'Linux']",5
JOB06837,BI Analyst,"['DAX', 'Data Visualization', 'Excel', 'Power BI', 'SQL']",5
JOB06838,QA Engineer,"['Automation Testing', 'Java', 'Python', 'SQL', 'Selenium']",5
JOB06839,Machine Learning Engineer,"['Docker', 'Machine Learning', 'Python', 'Scikit-learn', 'TensorFlow']",5
JOB06840,Financial Analyst,"['Excel', 'Financial Modeling', 'Power BI', 'SQL', 'Statistics']",5
JOB06841,Business Analyst,"['Business Analysis', 'Excel', 'Power BI', 'Requirements Gathering', 'SQL']",5
JOB06842,Business Analyst,"['Business Analysis', 'Excel', 'Power BI', 'Requirements Gathering', 'SQL']",5
JOB06843,Software Engineer,"['Git', 'Java', 'Python', 'REST API', 'SQL']",5
JOB06844,Power BI Developer,"['Cloud Computing', 'DAX', 'Excel', 'Power BI', 'Power Query', 'SQL']",6
JOB06845,BI Analyst,"['DAX', 'Data Visualization', 'Excel', 'Power BI', 'SQL']",5
JOB06846,SQL Developer,"['Database', 'ETL', 'MySQL', 'PostgreSQL', 'SQL']",5
JOB06847,Product Analyst,"['Excel', 'Product Analytics', 'Python', 'SQL']",4
JOB06848,Marketing Analyst,"['Excel', 'Marketing Analytics', 'Power BI', 'Python', 'SQL']",5
JOB06849,SQL Developer,"['Database', 'ETL', 'MySQL', 'PostgreSQL', 'SQL']",5
JOB06850,Business Analyst,"['Business Analysis', 'Excel', 'Power BI', 'Requirements Gathering', 'SQL']",5
JOB06851,HR Analyst,"['Data Analysis', 'Excel', 'HR Analytics', 'Power BI', 'SQL']",5
JOB06852,Data Analyst,"['Excel', 'Power BI', 'Python', 'SQL', 'Tableau']",5
JOB06853,Database Administrator,"['Database', 'Database Administration', 'MySQL', 'Oracle', 'PostgreSQL', 'SQL']",6
JOB06854,Marketing Analyst,"['Excel', 'Marketing Analytics', 'Power BI', 'Python', 'SQL']",5
JOB06855,Database Administrator,"['Database', 'Database Administration', 'MySQL', 'Oracle', 'PostgreSQL', 'SQL']",6
JOB06856,Python Developer,"['Django', 'Flask', 'Git', 'Python', 'SQL']",5
JOB06857,Data Analyst,"['Excel', 'Power BI', 'Python', 'SQL', 'Tableau']",5
JOB06858,Business Analyst,"['Business Analysis', 'Excel', 'Power BI', 'Requirements Gathering', 'SQL']",5
JOB06859,Power BI Developer,"['DAX', 'Excel', 'Power BI', 'Power Query', 'SQL']",5
JOB06860,Business Analyst,"['Business Analysis', 'Excel', 'Power BI', 'Requirements Gathering', 'SQL']",5
JOB06861,Python Developer,"['Django', 'Flask', 'Git', 'Python', 'SQL']",5
JOB06862,DevOps Engineer,"['AWS', 'Docker', 'Jenkins', 'Kubernetes', 'Linux']",5
JOB06863,Python Developer,"['Django', 'Flask', 'Git', 'Python', 'SQL']",5
JOB06864,Business Analyst,"['Business Analysis', 'Excel', 'Power BI', 'Requirements Gathering', 'SQL']",5
JOB06865,Product Analyst,"['Excel', 'Product Analytics', 'Python', 'SQL']",4
JOB06866,QA Engineer,"['Automation Testing', 'Java', 'Python', 'SQL', 'Selenium']",5
JOB06867,Power BI Developer,"['DAX', 'Excel', 'Power BI', 'Power Query', 'SQL']",5
JOB06868,Marketing Analyst,"['Excel', 'Marketing Analytics', 'Power BI', 'Python', 'SQL']",5
JOB06869,HR Analyst,"['Data Analysis', 'Excel', 'HR Analytics', 'Power BI', 'SQL']",5
JOB06870,Data Analyst,"['Excel', 'Power BI', 'Python', 'SQL', 'Tableau']",5
JOB06871,Power BI Developer,"['DAX', 'Excel', 'Power BI', 'Power Query', 'SQL']",5
JOB06872,SQL Developer,"['Database', 'ETL', 'MySQL', 'PostgreSQL', 'SQL']",5
JOB06873,Data Engineer,"['AWS', 'Cloud Computing', 'ETL', 'Python', 'SQL', 'Spark']",6
JOB06874,DevOps Engineer,"['AWS', 'Docker', 'Jenkins', 'Kubernetes', 'Linux']",5
JOB06875,HR Analyst,"['Data Analysis', 'Excel', 'HR Analytics', 'Power BI', 'SQL']",5
JOB06876,Data Scientist,"['Machine Learning', 'Pandas', 'Python', 'SQL', 'Statistics']",5
JOB06877,Python Developer,"['Django', 'Flask', 'Git', 'Python', 'SQL']",5
JOB06878,Python Developer,"['Django', 'Flask', 'Git', 'Python', 'SQL']",5
JOB06879,Financial Analyst,"['Excel', 'Financial Modeling', 'Power BI', 'SQL', 'Statistics']",5
JOB06880,Cloud Engineer,"['AWS', 'Azure', 'Cloud Computing', 'Docker', 'Linux']",5
JOB06881,QA Engineer,"['Automation Testing', 'Java', 'Python', 'SQL', 'Selenium']",5
JOB06882,Marketing Analyst,"['Excel', 'Marketing Analytics', 'Power BI', 'Python', 'SQL']",5
JOB06883,Business Analyst,"['Business Analysis', 'Excel', 'Power BI', 'Requirements Gathering', 'SQL']",5
JOB06884,Cloud Engineer,"['AWS', 'Azure', 'Cloud Computing', 'Docker', 'Linux']",5
JOB06885,Marketing Analyst,"['Excel', 'Marketing Analytics', 'Power BI', 'Python', 'SQL']",5
JOB06886,Business Analyst,"['Business Analysis', 'Excel', 'Power BI', 'Requirements Gathering', 'SQL']",5
JOB06887,Business Analyst,"['Business Analysis', 'Excel', 'Power BI', 'Requirements Gathering', 'SQL']",5
JOB06888,Python Developer,"['Django', 'Flask', 'Git', 'Python', 'SQL']",5
JOB06889,Data Scientist,"['Machine Learning', 'Pandas', 'Python', 'SQL', 'Statistics']",5
JOB06890,DevOps Engineer,"['AWS', 'Docker', 'Jenkins', 'Kubernetes', 'Linux']",5
JOB06891,BI Analyst,"['DAX', 'Data Visualization', 'Excel', 'Power BI', 'SQL']",5
JOB06892,Software Engineer,"['Git', 'Java', 'Python', 'REST API', 'SQL']",5
JOB06893,BI Analyst,"['DAX', 'Data Visualization', 'Excel', 'Power BI', 'SQL']",5
JOB06894,Data Engineer,"['AWS', 'ETL', 'Python', 'SQL', 'Spark']",5
JOB06895,HR Analyst,"['Data Analysis', 'Excel', 'HR Analytics', 'Power BI', 'SQL']",5
JOB06896,QA Engineer,"['Automation Testing', 'Java', 'Python', 'SQL', 'Selenium']",5
JOB06897,Cloud Engineer,"['AWS', 'Azure', 'Cloud Computing', 'Docker', 'Linux']",5
JOB06898,Data Analyst,"['Excel', 'Power BI', 'Python', 'SQL', 'Tableau']",5
JOB06899,Data Scientist,"['Machine Learning', 'Pandas', 'Python', 'SQL', 'Statistics']",5
JOB06900,BI Analyst,"['DAX', 'Data Visualization', 'Excel', 'Power BI', 'SQL']",5
JOB06901,Database Administrator,"['Database', 'Database Administration', 'MySQL', 'Oracle', 'PostgreSQL', 'SQL']",6
JOB06902,Web Developer,"['CSS', 'Cloud Computing', 'Git', 'HTML', 'Java', 'JavaScript', 'Machine Learning', 'React']",8
JOB06903,Cloud Engineer,"['AWS', 'Azure', 'Cloud Computing', 'Docker', 'Linux']",5
JOB06904,HR Analyst,"['Data Analysis', 'Excel', 'HR Analytics', 'Power BI', 'SQL']",5
JOB06905,Business Analyst,"['Business Analysis', 'Excel', 'Power BI', 'Requirements Gathering', 'SQL']",5
JOB06906,Data Scientist,"['Machine Learning', 'Pandas', 'Python', 'SQL', 'Statistics']",5
JOB06907,BI Analyst,"['DAX', 'Data Visualization', 'Excel', 'Power BI', 'SQL']",5
JOB06908,DevOps Engineer,"['AWS', 'Docker', 'Jenkins', 'Kubernetes', 'Linux']",5
JOB06909,Business Analyst,"['Business Analysis', 'Excel', 'Power BI', 'Requirements Gathering', 'SQL']",5
JOB06910,DevOps Engineer,"['AWS', 'Docker', 'Jenkins', 'Kubernetes', 'Linux']",5
JOB06911,DevOps Engineer,"['AWS', 'Docker', 'Jenkins', 'Kubernetes', 'Linux']",5
JOB06912,HR Analyst,"['Data Analysis', 'Excel', 'HR Analytics', 'Power BI', 'SQL']",5
JOB06913,BI Analyst,"['DAX', 'Data Visualization', 'Excel', 'Power BI', 'SQL']",5
JOB06914,Product Analyst,"['Excel', 'Product Analytics', 'Python', 'SQL']",4
JOB06915,BI Analyst,"['DAX', 'Data Visualization', 'Excel', 'Power BI', 'SQL']",5
JOB06916,Database Administrator,"['Database', 'Database Administration', 'MySQL', 'Oracle', 'PostgreSQL', 'SQL']",6
JOB06917,HR Analyst,"['Data Analysis', 'Excel', 'HR Analytics', 'Oracle', 'Power BI', 'SQL']",6
JOB06918,Machine Learning Engineer,"['Docker', 'Machine Learning', 'Python', 'Scikit-learn', 'TensorFlow']",5
JOB06919,Python Developer,"['Django', 'Flask', 'Git', 'Oracle', 'Python', 'SQL']",6
JOB06920,Cloud Engineer,"['AWS', 'Azure', 'Cloud Computing', 'Docker', 'Linux']",5
JOB06921,Cloud Engineer,"['AWS', 'Azure', 'Cloud Computing', 'Docker', 'Linux', 'Oracle']",6
JOB06922,Financial Analyst,"['Excel', 'Financial Modeling', 'Power BI', 'SQL', 'Statistics']",5
JOB06923,Software Engineer,"['Git', 'Java', 'Python', 'REST API', 'SQL']",5
JOB06924,DevOps Engineer,"['AWS', 'Docker', 'Jenkins', 'Kubernetes', 'Linux']",5
JOB06925,QA Engineer,"['Automation Testing', 'Java', 'Python', 'SQL', 'Selenium']",5
JOB06926,Data Analyst,"['Excel', 'Power BI', 'Python', 'SQL', 'Tableau']",5
JOB06927,Cloud Engineer,"['AWS', 'Azure', 'Cloud Computing', 'Docker', 'Linux']",5
JOB06928,Machine Learning Engineer,"['Docker', 'Machine Learning', 'Python', 'Scikit-learn', 'TensorFlow']",5
JOB06929,Database Administrator,"['Database', 'Database Administration', 'MySQL', 'Oracle', 'PostgreSQL', 'SQL']",6
JOB06930,SQL Developer,"['Database', 'ETL', 'MySQL', 'PostgreSQL', 'SQL']",5
JOB06931,Cloud Engineer,"['AWS', 'Azure', 'Cloud Computing', 'Docker', 'Linux']",5
JOB06932,Data Engineer,"['AWS', 'ETL', 'Python', 'SQL', 'Spark']",5
JOB06933,Python Developer,"['Django', 'Flask', 'Git', 'Python', 'SQL']",5
JOB06934,SQL Developer,"['Database', 'ETL', 'MySQL', 'PostgreSQL', 'SQL']",5
JOB06935,Power BI Developer,"['DAX', 'Excel', 'Power BI', 'Power Query', 'SQL']",5
JOB06936,Marketing Analyst,"['Excel', 'Marketing Analytics', 'Power BI', 'Python', 'SQL']",5
JOB06937,Data Scientist,"['Machine Learning', 'Pandas', 'Python', 'SQL', 'Statistics']",5
JOB06938,Business Analyst,"['Business Analysis', 'Excel', 'Power BI', 'Requirements Gathering', 'SQL']",5
JOB06939,Python Developer,"['Django', 'Flask', 'Git', 'Python', 'SQL']",5
JOB06940,Software Engineer,"['Git', 'Java', 'Python', 'REST API', 'SQL']",5
JOB06941,Machine Learning Engineer,"['Cloud Computing', 'Docker', 'Machine Learning', 'Python', 'Scikit-learn', 'TensorFlow']",6
JOB06942,Full Stack Developer,"['CSS', 'HTML', 'Java', 'JavaScript', 'Machine Learning', 'Node', 'React']",7
JOB06943,SQL Developer,"['Database', 'ETL', 'MySQL', 'PostgreSQL', 'SQL']",5
JOB06944,QA Engineer,"['Automation Testing', 'Java', 'Python', 'SQL', 'Selenium']",5
JOB06945,Financial Analyst,"['Excel', 'Financial Modeling', 'Power BI', 'SQL', 'Statistics']",5
JOB06946,Business Analyst,"['Business Analysis', 'Excel', 'Power BI', 'Requirements Gathering', 'SQL']",5
JOB06947,Business Analyst,"['Business Analysis', 'Excel', 'Power BI', 'Requirements Gathering', 'SQL']",5
JOB06948,BI Analyst,"['DAX', 'Data Visualization', 'Excel', 'Power BI', 'SQL']",5
JOB06949,Data Scientist,"['Machine Learning', 'Pandas', 'Python', 'SQL', 'Statistics']",5
JOB06950,BI Analyst,"['DAX', 'Data Visualization', 'Excel', 'Power BI', 'SQL']",5
JOB06951,Data Scientist,"['Machine Learning', 'Pandas', 'Python', 'SQL', 'Statistics']",5
JOB06952,Data Engineer,"['AWS', 'ETL', 'Oracle', 'Python', 'SQL', 'Spark']",6
JOB06953,Data Scientist,"['Machine Learning', 'Pandas', 'Python', 'SQL', 'Statistics']",5
JOB06954,Data Engineer,"['AWS', 'ETL', 'Python', 'SQL', 'Spark']",5
JOB06955,Financial Analyst,"['Excel', 'Financial Modeling', 'Power BI', 'SQL', 'Statistics']",5
JOB06956,BI Analyst,"['DAX', 'Data Visualization', 'Excel', 'Power BI', 'SQL']",5
JOB06957,Product Analyst,"['Excel', 'Product Analytics', 'Python', 'SQL']",4
JOB06958,Financial Analyst,"['Excel', 'Financial Modeling', 'Power BI', 'SQL', 'Statistics']",5
JOB06959,BI Analyst,"['DAX', 'Data Visualization', 'Excel', 'Power BI', 'SQL']",5
JOB06960,Financial Analyst,"['Excel', 'Financial Modeling', 'Power BI', 'SQL', 'Statistics']",5
JOB06961,Python Developer,"['Django', 'Flask', 'Git', 'Python', 'SQL']",5
JOB06962,Product Analyst,"['Cloud Computing', 'Excel', 'Product Analytics', 'Python', 'SQL']",5
JOB06963,Data Analyst,"['Excel', 'Power BI', 'Python', 'SQL', 'Tableau']",5
JOB06964,Full Stack Developer,"['CSS', 'HTML', 'Java', 'JavaScript', 'Machine Learning', 'Node', 'React']",7
JOB06965,Machine Learning Engineer,"['Docker', 'Machine Learning', 'Python', 'Scikit-learn', 'TensorFlow']",5
JOB06966,Cloud Engineer,"['AWS', 'Azure', 'Cloud Computing', 'Docker', 'Linux']",5
JOB06967,Power BI Developer,"['Cloud Computing', 'DAX', 'Excel', 'Power BI', 'Power Query', 'SQL']",6
JOB06968,Software Engineer,"['Git', 'Java', 'Python', 'REST API', 'SQL']",5
JOB06969,Python Developer,"['Django', 'Flask', 'Git', 'Python', 'SQL']",5
JOB06970,Database Administrator,"['Database', 'Database Administration', 'MySQL', 'Oracle', 'PostgreSQL', 'SQL']",6
JOB06971,Cloud Engineer,"['AWS', 'Azure', 'Cloud Computing', 'Docker', 'Linux']",5
JOB06972,SQL Developer,"['Database', 'ETL', 'MySQL', 'PostgreSQL', 'SQL']",5
JOB06973,Product Analyst,"['Excel', 'Product Analytics', 'Python', 'SQL']",4
JOB06974,Web Developer,"['CSS', 'Git', 'HTML', 'Java', 'JavaScript', 'Machine Learning', 'React']",7
JOB06975,Full Stack Developer,"['CSS', 'HTML', 'Java', 'JavaScript', 'Machine Learning', 'Node', 'React']",7
JOB06976,Full Stack Developer,"['CSS', 'HTML', 'Java', 'JavaScript', 'Machine Learning', 'Node', 'React']",7
JOB06977,Cloud Engineer,"['AWS', 'Azure', 'Cloud Computing', 'Docker', 'Linux']",5
JOB06978,QA Engineer,"['Automation Testing', 'Java', 'Python', 'SQL', 'Selenium']",5
JOB06979,DevOps Engineer,"['AWS', 'Docker', 'Jenkins', 'Kubernetes', 'Linux']",5
JOB06980,Data Engineer,"['AWS', 'ETL', 'Oracle', 'Python', 'SQL', 'Spark']",6
JOB06981,Data Analyst,"['Excel', 'Power BI', 'Python', 'SQL', 'Tableau']",5
JOB06982,DevOps Engineer,"['AWS', 'Docker', 'Jenkins', 'Kubernetes', 'Linux']",5
JOB06983,QA Engineer,"['Automation Testing', 'Java', 'Python', 'SQL', 'Selenium']",5
JOB06984,DevOps Engineer,"['AWS', 'Docker', 'Jenkins', 'Kubernetes', 'Linux']",5
JOB06985,Cloud Engineer,"['AWS', 'Azure', 'Cloud Computing', 'Docker', 'Linux']",5
JOB06986,Full Stack Developer,"['CSS', 'HTML', 'Java', 'JavaScript', 'Machine Learning', 'Node', 'React']",7
JOB06987,Python Developer,"['Django', 'Flask', 'Git', 'Python', 'SQL']",5
JOB06988,Data Analyst,"['Excel', 'Oracle', 'Power BI', 'Python', 'SQL', 'Tableau']",6
JOB06989,DevOps Engineer,"['AWS', 'Docker', 'Jenkins', 'Kubernetes', 'Linux']",5
JOB06990,BI Analyst,"['DAX', 'Data Visualization', 'Excel', 'Power BI', 'SQL']",5
JOB06991,Python Developer,"['Django', 'Flask', 'Git', 'Python', 'SQL']",5
JOB06992,Data Scientist,"['Machine Learning', 'Pandas', 'Python', 'SQL', 'Statistics']",5
JOB06993,DevOps Engineer,"['AWS', 'Docker', 'Jenkins', 'Kubernetes', 'Linux']",5
JOB06994,Marketing Analyst,"['Excel', 'Marketing Analytics', 'Power BI', 'Python', 'SQL']",5
JOB06995,Business Analyst,"['Business Analysis', 'Excel', 'Power BI', 'Requirements Gathering', 'SQL']",5
JOB06996,Data Analyst,"['Excel', 'Power BI', 'Python', 'SQL', 'Tableau']",5
JOB06997,Business Analyst,"['Business Analysis', 'Excel', 'Power BI', 'Requirements Gathering', 'SQL']",5
JOB06998,Cloud Engineer,"['AWS', 'Azure', 'Cloud Computing', 'Docker', 'Linux']",5
JOB06999,Data Engineer,"['AWS', 'ETL', 'Python', 'SQL', 'Spark']",5
JOB07000,Cloud Engineer,"['AWS', 'Azure', 'Cloud Computing', 'Docker', 'Linux']",5
JOB07001,Data Engineer,"['AWS', 'ETL', 'Python', 'SQL', 'Spark']",5
JOB07002,HR Analyst,"['Data Analysis', 'Excel', 'HR Analytics', 'Power BI', 'SQL']",5
JOB07003,Data Scientist,"['Machine Learning', 'Pandas', 'Python', 'SQL', 'Statistics']",5
JOB07004,Data Scientist,"['Machine Learning', 'Pandas', 'Python', 'SQL', 'Statistics']",5
JOB07005,Database Administrator,"['Database', 'Database Administration', 'MySQL', 'Oracle', 'PostgreSQL', 'SQL']",6
JOB07006,Software Engineer,"['Git', 'Java', 'Python', 'REST API', 'SQL']",5
JOB07007,Power BI Developer,"['DAX', 'Excel', 'Power BI', 'Power Query', 'SQL']",5
JOB07008,Machine Learning Engineer,"['Docker', 'Machine Learning', 'Python', 'Scikit-learn', 'TensorFlow']",5
JOB07009,Software Engineer,"['Git', 'Java', 'Python', 'REST API', 'SQL']",5
JOB07010,Database Administrator,"['Database', 'Database Administration', 'MySQL', 'Oracle', 'PostgreSQL', 'SQL']",6
JOB07011,Power BI Developer,"['DAX', 'Excel', 'Power BI', 'Power Query', 'SQL']",5
JOB07012,Data Analyst,"['Excel', 'Power BI', 'Python', 'SQL', 'Tableau']",5
JOB07013,BI Analyst,"['DAX', 'Data Visualization', 'Excel', 'Power BI', 'SQL']",5
JOB07014,Python Developer,"['Django', 'Flask', 'Git', 'Python', 'SQL']",5
JOB07015,Database Administrator,"['Database', 'Database Administration', 'MySQL', 'Oracle', 'PostgreSQL', 'SQL']",6
JOB07016,Full Stack Developer,"['CSS', 'HTML', 'Java', 'JavaScript', 'Machine Learning', 'Node', 'React']",7
JOB07017,HR Analyst,"['Data Analysis', 'Excel', 'HR Analytics', 'Power BI', 'SQL']",5
JOB07018,Marketing Analyst,"['Excel', 'Marketing Analytics', 'Power BI', 'Python', 'SQL']",5
JOB07019,Web Developer,"['CSS', 'Git', 'HTML', 'Java', 'JavaScript', 'Machine Learning', 'React']",7
JOB07020,Product Analyst,"['Excel', 'Product Analytics', 'Python', 'SQL']",4
JOB07021,Full Stack Developer,"['CSS', 'HTML', 'Java', 'JavaScript', 'Machine Learning', 'Node', 'React']",7
JOB07022,Marketing Analyst,"['Excel', 'Marketing Analytics', 'Power BI', 'Python', 'SQL']",5
JOB07023,Power BI Developer,"['DAX', 'Excel', 'Power BI', 'Power Query', 'SQL']",5
JOB07024,DevOps Engineer,"['AWS', 'Docker', 'Jenkins', 'Kubernetes', 'Linux']",5
JOB07025,Product Analyst,"['Excel', 'Product Analytics', 'Python', 'SQL']",4
JOB07026,Machine Learning Engineer,"['Docker', 'Machine Learning', 'Python', 'Scikit-learn', 'TensorFlow']",5
JOB07027,Financial Analyst,"['Cloud Computing', 'Excel', 'Financial Modeling', 'Power BI', 'SQL', 'Statistics']",6
JOB07028,DevOps Engineer,"['AWS', 'Docker', 'Jenkins', 'Kubernetes', 'Linux']",5
JOB07029,Data Engineer,"['AWS', 'ETL', 'Python', 'SQL', 'Spark']",5
JOB07030,Financial Analyst,"['Excel', 'Financial Modeling', 'Power BI', 'SQL', 'Statistics']",5
JOB07031,HR Analyst,"['Data Analysis', 'Excel', 'HR Analytics', 'Power BI', 'SQL']",5
JOB07032,Product Analyst,"['Excel', 'Product Analytics', 'Python', 'SQL']",4
JOB07033,HR Analyst,"['Cloud Computing', 'Data Analysis', 'Excel', 'HR Analytics', 'Power BI', 'SQL']",6
JOB07034,Database Administrator,"['Database', 'Database Administration', 'MySQL', 'Oracle', 'PostgreSQL', 'SQL']",6
JOB07035,Software Engineer,"['Git', 'Java', 'Python', 'REST API', 'SQL']",5
JOB07036,Web Developer,"['CSS', 'Git', 'HTML', 'Java', 'JavaScript', 'Machine Learning', 'React']",7
JOB07037,Financial Analyst,"['Excel', 'Financial Modeling', 'Power BI', 'SQL', 'Statistics']",5
JOB07038,Product Analyst,"['Excel', 'Product Analytics', 'Python', 'SQL']",4
JOB07039,Full Stack Developer,"['CSS', 'HTML', 'Java', 'JavaScript', 'Machine Learning', 'Node', 'React']",7
JOB07040,Full Stack Developer,"['CSS', 'HTML', 'Java', 'JavaScript', 'Machine Learning', 'Node', 'React']",7
JOB07041,Database Administrator,"['Database', 'Database Administration', 'MySQL', 'Oracle', 'PostgreSQL', 'SQL']",6
JOB07042,BI Analyst,"['DAX', 'Data Visualization', 'Excel', 'Power BI', 'SQL']",5
JOB07043,Data Scientist,"['Machine Learning', 'Pandas', 'Python', 'SQL', 'Statistics']",5
JOB07044,HR Analyst,"['Data Analysis', 'Excel', 'HR Analytics', 'Power BI', 'SQL']",5
JOB07045,QA Engineer,"['Automation Testing', 'Java', 'Python', 'SQL', 'Selenium']",5
JOB07046,Data Analyst,"['Excel', 'Power BI', 'Python', 'SQL', 'Tableau']",5
JOB07047,Python Developer,"['Django', 'Flask', 'Git', 'Python', 'SQL']",5
JOB07048,Power BI Developer,"['DAX', 'Excel', 'Power BI', 'Power Query', 'SQL']",5
JOB07049,Web Developer,"['CSS', 'Git', 'HTML', 'Java', 'JavaScript', 'Machine Learning', 'React']",7
JOB07050,QA Engineer,"['Automation Testing', 'Java', 'Python', 'SQL', 'Selenium']",5
JOB07051,Data Engineer,"['AWS', 'ETL', 'Python', 'SQL', 'Spark']",5
JOB07052,Power BI Developer,"['DAX', 'Excel', 'Power BI', 'Power Query', 'SQL']",5
JOB07053,Data Scientist,"['Cloud Computing', 'Machine Learning', 'Pandas', 'Python', 'SQL', 'Statistics']",6
JOB07054,Database Administrator,"['Database', 'Database Administration', 'MySQL', 'Oracle', 'PostgreSQL', 'SQL']",6
JOB07055,Business Analyst,"['Business Analysis', 'Excel', 'Power BI', 'Requirements Gathering', 'SQL']",5
JOB07056,Machine Learning Engineer,"['Docker', 'Machine Learning', 'Python', 'Scikit-learn', 'TensorFlow']",5
JOB07057,QA Engineer,"['Automation Testing', 'Java', 'Python', 'SQL', 'Selenium']",5
JOB07058,Full Stack Developer,"['CSS', 'HTML', 'Java', 'JavaScript', 'Machine Learning', 'Node', 'React']",7
JOB07059,Power BI Developer,"['DAX', 'Excel', 'Power BI', 'Power Query', 'SQL']",5
JOB07060,Data Analyst,"['Excel', 'Power BI', 'Python', 'SQL', 'Tableau']",5
JOB07061,Machine Learning Engineer,"['Docker', 'Machine Learning', 'Python', 'Scikit-learn', 'TensorFlow']",5
JOB07062,Cloud Engineer,"['AWS', 'Azure', 'Cloud Computing', 'Docker', 'Linux']",5
JOB07063,Cloud Engineer,"['AWS', 'Azure', 'Cloud Computing', 'Docker', 'Linux']",5
JOB07064,Financial Analyst,"['Excel', 'Financial Modeling', 'Power BI', 'SQL', 'Statistics']",5
JOB07065,Full Stack Developer,"['CSS', 'Cloud Computing', 'HTML', 'Java', 'JavaScript', 'Machine Learning', 'Node', 'React']",8
JOB07066,Database Administrator,"['Database', 'Database Administration', 'MySQL', 'Oracle', 'PostgreSQL', 'SQL']",6
JOB07067,Power BI Developer,"['DAX', 'Excel', 'Power BI', 'Power Query', 'SQL']",5
JOB07068,Machine Learning Engineer,"['Cloud Computing', 'Docker', 'Machine Learning', 'Python', 'Scikit-learn', 'TensorFlow']",6
JOB07069,DevOps Engineer,"['AWS', 'Docker', 'Jenkins', 'Kubernetes', 'Linux']",5
JOB07070,Full Stack Developer,"['CSS', 'HTML', 'Java', 'JavaScript', 'Machine Learning', 'Node', 'Oracle', 'React']",8
JOB07071,Business Analyst,"['Business Analysis', 'Excel', 'Power BI', 'Requirements Gathering', 'SQL']",5
JOB07072,BI Analyst,"['DAX', 'Data Visualization', 'Excel', 'Power BI', 'SQL']",5
JOB07073,DevOps Engineer,"['AWS', 'Docker', 'Jenkins', 'Kubernetes', 'Linux']",5
JOB07074,Database Administrator,"['Database', 'Database Administration', 'MySQL', 'Oracle', 'PostgreSQL', 'SQL']",6
JOB07075,Business Analyst,"['Business Analysis', 'Excel', 'Power BI', 'Requirements Gathering', 'SQL']",5
JOB07076,QA Engineer,"['Automation Testing', 'Java', 'Python', 'SQL', 'Selenium']",5
JOB07077,Web Developer,"['CSS', 'Git', 'HTML', 'Java', 'JavaScript', 'Machine Learning', 'React']",7
JOB07078,HR Analyst,"['Data Analysis', 'Excel', 'HR Analytics', 'Power BI', 'SQL']",5
JOB07079,Marketing Analyst,"['Excel', 'Marketing Analytics', 'Power BI', 'Python', 'SQL']",5
JOB07080,Software Engineer,"['Git', 'Java', 'Python', 'REST API', 'SQL']",5
JOB07081,Financial Analyst,"['Excel', 'Financial Modeling', 'Power BI', 'SQL', 'Statistics']",5
JOB07082,Data Analyst,"['Excel', 'Power BI', 'Python', 'SQL', 'Tableau']",5
JOB07083,BI Analyst,"['DAX', 'Data Visualization', 'Excel', 'Power BI', 'SQL']",5
JOB07084,SQL Developer,"['Database', 'ETL', 'MySQL', 'PostgreSQL', 'SQL']",5
JOB07085,SQL Developer,"['Database', 'ETL', 'MySQL', 'PostgreSQL', 'SQL']",5
JOB07086,Database Administrator,"['Database', 'Database Administration', 'MySQL', 'Oracle', 'PostgreSQL', 'SQL']",6
JOB07087,Data Scientist,"['Machine Learning', 'Oracle', 'Pandas', 'Python', 'SQL', 'Statistics']",6
JOB07088,DevOps Engineer,"['AWS', 'Docker', 'Jenkins', 'Kubernetes', 'Linux']",5
JOB07089,Marketing Analyst,"['Excel', 'Marketing Analytics', 'Power BI', 'Python', 'SQL']",5
JOB07090,Database Administrator,"['Database', 'Database Administration', 'MySQL', 'Oracle', 'PostgreSQL', 'SQL']",6
JOB07091,Data Engineer,"['AWS', 'Cloud Computing', 'ETL', 'Python', 'SQL', 'Spark']",6
JOB07092,Business Analyst,"['Business Analysis', 'Cloud Computing', 'Excel', 'Power BI', 'Requirements Gathering', 'SQL']",6
JOB07093,Machine Learning Engineer,"['Docker', 'Machine Learning', 'Python', 'Scikit-learn', 'TensorFlow']",5
JOB07094,Machine Learning Engineer,"['Docker', 'Machine Learning', 'Python', 'Scikit-learn', 'TensorFlow']",5
JOB07095,Business Analyst,"['Business Analysis', 'Excel', 'Power BI', 'Requirements Gathering', 'SQL']",5
JOB07096,Machine Learning Engineer,"['Docker', 'Machine Learning', 'Python', 'Scikit-learn', 'TensorFlow']",5
JOB07097,Business Analyst,"['Business Analysis', 'Excel', 'Power BI', 'Requirements Gathering', 'SQL']",5
JOB07098,Machine Learning Engineer,"['Docker', 'Machine Learning', 'Python', 'Scikit-learn', 'TensorFlow']",5
JOB07099,HR Analyst,"['Data Analysis', 'Excel', 'HR Analytics', 'Power BI', 'SQL']",5
JOB07100,Machine Learning Engineer,"['Docker', 'Machine Learning', 'Python', 'Scikit-learn', 'TensorFlow']",5
JOB07101,Marketing Analyst,"['Excel', 'Marketing Analytics', 'Power BI', 'Python', 'SQL']",5
JOB07102,Marketing Analyst,"['Excel', 'Marketing Analytics', 'Power BI', 'Python', 'SQL']",5
JOB07103,Python Developer,"['Django', 'Flask', 'Git', 'Python', 'SQL']",5
JOB07104,Database Administrator,"['Database', 'Database Administration', 'MySQL', 'Oracle', 'PostgreSQL', 'SQL']",6
JOB07105,Python Developer,"['Django', 'Flask', 'Git', 'Python', 'SQL']",5
JOB07106,BI Analyst,"['DAX', 'Data Visualization', 'Excel', 'Power BI', 'SQL']",5
JOB07107,Database Administrator,"['Cloud Computing', 'Database', 'Database Administration', 'MySQL', 'Oracle', 'PostgreSQL', 'SQL']",7
JOB07108,Python Developer,"['Django', 'Flask', 'Git', 'Python', 'SQL']",5
JOB07109,Machine Learning Engineer,"['Docker', 'Machine Learning', 'Oracle', 'Python', 'Scikit-learn', 'TensorFlow']",6
JOB07110,Marketing Analyst,"['Excel', 'Marketing Analytics', 'Oracle', 'Power BI', 'Python', 'SQL']",6
JOB07111,Data Analyst,"['Excel', 'Power BI', 'Python', 'SQL', 'Tableau']",5
JOB07112,Database Administrator,"['Database', 'Database Administration', 'MySQL', 'Oracle', 'PostgreSQL', 'SQL']",6
JOB07113,DevOps Engineer,"['AWS', 'Docker', 'Jenkins', 'Kubernetes', 'Linux']",5
JOB07114,DevOps Engineer,"['AWS', 'Docker', 'Jenkins', 'Kubernetes', 'Linux']",5
JOB07115,SQL Developer,"['Database', 'ETL', 'MySQL', 'PostgreSQL', 'SQL']",5
JOB07116,Data Analyst,"['Excel', 'Power BI', 'Python', 'SQL', 'Tableau']",5
JOB07117,DevOps Engineer,"['AWS', 'Docker', 'Jenkins', 'Kubernetes', 'Linux']",5
JOB07118,Marketing Analyst,"['Excel', 'Marketing Analytics', 'Power BI', 'Python', 'SQL']",5
JOB07119,Financial Analyst,"['Excel', 'Financial Modeling', 'Oracle', 'Power BI', 'SQL', 'Statistics']",6
JOB07120,QA Engineer,"['Automation Testing', 'Java', 'Python', 'SQL', 'Selenium']",5
JOB07121,Python Developer,"['Django', 'Flask', 'Git', 'Python', 'SQL']",5
JOB07122,SQL Developer,"['Database', 'ETL', 'MySQL', 'PostgreSQL', 'SQL']",5
JOB07123,HR Analyst,"['Data Analysis', 'Excel', 'HR Analytics', 'Power BI', 'SQL']",5
JOB07124,QA Engineer,"['Automation Testing', 'Java', 'Python', 'SQL', 'Selenium']",5
JOB07125,Full Stack Developer,"['CSS', 'HTML', 'Java', 'JavaScript', 'Machine Learning', 'Node', 'React']",7
JOB07126,Software Engineer,"['Git', 'Java', 'Python', 'REST API', 'SQL']",5
JOB07127,Software Engineer,"['Git', 'Java', 'Python', 'REST API', 'SQL']",5
JOB07128,SQL Developer,"['Database', 'ETL', 'MySQL', 'PostgreSQL', 'SQL']",5
JOB07129,Data Scientist,"['Machine Learning', 'Pandas', 'Python', 'SQL', 'Statistics']",5
JOB07130,Data Engineer,"['AWS', 'ETL', 'Python', 'SQL', 'Spark']",5
JOB07131,Data Scientist,"['Machine Learning', 'Pandas', 'Python', 'SQL', 'Statistics']",5
JOB07132,QA Engineer,"['Automation Testing', 'Java', 'Python', 'SQL', 'Selenium']",5
JOB07133,Marketing Analyst,"['Excel', 'Marketing Analytics', 'Power BI', 'Python', 'SQL']",5
JOB07134,Power BI Developer,"['DAX', 'Excel', 'Power BI', 'Power Query', 'SQL']",5
JOB07135,QA Engineer,"['Automation Testing', 'Java', 'Python', 'SQL', 'Selenium']",5
JOB07136,BI Analyst,"['DAX', 'Data Visualization', 'Excel', 'Power BI', 'SQL']",5
JOB07137,Data Scientist,"['Machine Learning', 'Oracle', 'Pandas', 'Python', 'SQL', 'Statistics']",6
JOB07138,Business Analyst,"['Business Analysis', 'Excel', 'Power BI', 'Requirements Gathering', 'SQL']",5
JOB07139,DevOps Engineer,"['AWS', 'Docker', 'Jenkins', 'Kubernetes', 'Linux']",5
JOB07140,Business Analyst,"['Business Analysis', 'Excel', 'Power BI', 'Requirements Gathering', 'SQL']",5
JOB07141,Product Analyst,"['Excel', 'Product Analytics', 'Python', 'SQL']",4
JOB07142,HR Analyst,"['Data Analysis', 'Excel', 'HR Analytics', 'Power BI', 'SQL']",5
JOB07143,HR Analyst,"['Data Analysis', 'Excel', 'HR Analytics', 'Power BI', 'SQL']",5
JOB07144,Web Developer,"['CSS', 'Git', 'HTML', 'Java', 'JavaScript', 'Machine Learning', 'React']",7
JOB07145,Financial Analyst,"['Excel', 'Financial Modeling', 'Power BI', 'SQL', 'Statistics']",5
JOB07146,BI Analyst,"['DAX', 'Data Visualization', 'Excel', 'Power BI', 'SQL']",5
JOB07147,HR Analyst,"['Data Analysis', 'Excel', 'HR Analytics', 'Power BI', 'SQL']",5
JOB07148,DevOps Engineer,"['AWS', 'Docker', 'Jenkins', 'Kubernetes', 'Linux']",5
JOB07149,SQL Developer,"['Database', 'ETL', 'MySQL', 'PostgreSQL', 'SQL']",5
JOB07150,BI Analyst,"['DAX', 'Data Visualization', 'Excel', 'Power BI', 'SQL']",5
JOB07151,Power BI Developer,"['DAX', 'Excel', 'Power BI', 'Power Query', 'SQL']",5
JOB07152,Database Administrator,"['Database', 'Database Administration', 'MySQL', 'Oracle', 'PostgreSQL', 'SQL']",6
JOB07153,Data Engineer,"['AWS', 'ETL', 'Python', 'SQL', 'Spark']",5
JOB07154,SQL Developer,"['Database', 'ETL', 'MySQL', 'PostgreSQL', 'SQL']",5
JOB07155,Python Developer,"['Django', 'Flask', 'Git', 'Python', 'SQL']",5
JOB07156,QA Engineer,"['Automation Testing', 'Java', 'Python', 'SQL', 'Selenium']",5
JOB07157,Business Analyst,"['Business Analysis', 'Excel', 'Power BI', 'Requirements Gathering', 'SQL']",5
JOB07158,Full Stack Developer,"['CSS', 'HTML', 'Java', 'JavaScript', 'Machine Learning', 'Node', 'React']",7
JOB07159,Business Analyst,"['Business Analysis', 'Excel', 'Power BI', 'Requirements Gathering', 'SQL']",5
JOB07160,Python Developer,"['Django', 'Flask', 'Git', 'Python', 'SQL']",5
JOB07161,QA Engineer,"['Automation Testing', 'Java', 'Python', 'SQL', 'Selenium']",5
JOB07162,Cloud Engineer,"['AWS', 'Azure', 'Cloud Computing', 'Docker', 'Linux']",5
JOB07163,Data Scientist,"['Machine Learning', 'Pandas', 'Python', 'SQL', 'Statistics']",5
JOB07164,Financial Analyst,"['Excel', 'Financial Modeling', 'Power BI', 'SQL', 'Statistics']",5
JOB07165,Web Developer,"['CSS', 'Git', 'HTML', 'Java', 'JavaScript', 'Machine Learning', 'React']",7
JOB07166,Full Stack Developer,"['CSS', 'HTML', 'Java', 'JavaScript', 'Machine Learning', 'Node', 'React']",7
JOB07167,Marketing Analyst,"['Excel', 'Marketing Analytics', 'Power BI', 'Python', 'SQL']",5
JOB07168,Cloud Engineer,"['AWS', 'Azure', 'Cloud Computing', 'Docker', 'Linux']",5
JOB07169,Data Scientist,"['Machine Learning', 'Pandas', 'Python', 'SQL', 'Statistics']",5
JOB07170,Product Analyst,"['Excel', 'Product Analytics', 'Python', 'SQL']",4
JOB07171,Power BI Developer,"['DAX', 'Excel', 'Oracle', 'Power BI', 'Power Query', 'SQL']",6
JOB07172,Financial Analyst,"['Excel', 'Financial Modeling', 'Power BI', 'SQL', 'Statistics']",5
JOB07173,Machine Learning Engineer,"['Docker', 'Machine Learning', 'Python', 'Scikit-learn', 'TensorFlow']",5
JOB07174,SQL Developer,"['Database', 'ETL', 'MySQL', 'PostgreSQL', 'SQL']",5
JOB07175,Financial Analyst,"['Excel', 'Financial Modeling', 'Power BI', 'SQL', 'Statistics']",5
JOB07176,Python Developer,"['Django', 'Flask', 'Git', 'Python', 'SQL']",5
JOB07177,Data Engineer,"['AWS', 'ETL', 'Python', 'SQL', 'Spark']",5
JOB07178,Power BI Developer,"['DAX', 'Excel', 'Power BI', 'Power Query', 'SQL']",5
JOB07179,SQL Developer,"['Database', 'ETL', 'MySQL', 'PostgreSQL', 'SQL']",5
JOB07180,Power BI Developer,"['Cloud Computing', 'DAX', 'Excel', 'Power BI', 'Power Query', 'SQL']",6
JOB07181,Power BI Developer,"['Cloud Computing', 'DAX', 'Excel', 'Power BI', 'Power Query', 'SQL']",6
JOB07182,Cloud Engineer,"['AWS', 'Azure', 'Cloud Computing', 'Docker', 'Linux']",5
JOB07183,Financial Analyst,"['Excel', 'Financial Modeling', 'Power BI', 'SQL', 'Statistics']",5
JOB07184,Database Administrator,"['Database', 'Database Administration', 'MySQL', 'Oracle', 'PostgreSQL', 'SQL']",6
JOB07185,Python Developer,"['Django', 'Flask', 'Git', 'Python', 'SQL']",5
JOB07186,Product Analyst,"['Excel', 'Product Analytics', 'Python', 'SQL']",4
JOB07187,Power BI Developer,"['DAX', 'Excel', 'Power BI', 'Power Query', 'SQL']",5
JOB07188,Machine Learning Engineer,"['Cloud Computing', 'Docker', 'Machine Learning', 'Python', 'Scikit-learn', 'TensorFlow']",6
JOB07189,BI Analyst,"['DAX', 'Data Visualization', 'Excel', 'Power BI', 'SQL']",5
JOB07190,Power BI Developer,"['DAX', 'Excel', 'Power BI', 'Power Query', 'SQL']",5
JOB07191,BI Analyst,"['DAX', 'Data Visualization', 'Excel', 'Power BI', 'SQL']",5
JOB07192,Power BI Developer,"['Cloud Computing', 'DAX', 'Excel', 'Power BI', 'Power Query', 'SQL']",6
JOB07193,Cloud Engineer,"['AWS', 'Azure', 'Cloud Computing', 'Docker', 'Linux']",5
JOB07194,Data Analyst,"['Excel', 'Oracle', 'Power BI', 'Python', 'SQL', 'Tableau']",6
JOB07195,Business Analyst,"['Business Analysis', 'Excel', 'Power BI', 'Requirements Gathering', 'SQL']",5
JOB07196,BI Analyst,"['DAX', 'Data Visualization', 'Excel', 'Power BI', 'SQL']",5
JOB07197,Product Analyst,"['Excel', 'Product Analytics', 'Python', 'SQL']",4
JOB07198,Business Analyst,"['Business Analysis', 'Excel', 'Power BI', 'Requirements Gathering', 'SQL']",5
JOB07199,Full Stack Developer,"['CSS', 'HTML', 'Java', 'JavaScript', 'Machine Learning', 'Node', 'React']",7
JOB07200,Data Analyst,"['Excel', 'Power BI', 'Python', 'SQL', 'Tableau']",5
JOB07201,Data Scientist,"['Machine Learning', 'Pandas', 'Python', 'SQL', 'Statistics']",5
JOB07202,Python Developer,"['Django', 'Flask', 'Git', 'Oracle', 'Python', 'SQL']",6
JOB07203,Data Engineer,"['AWS', 'ETL', 'Python', 'SQL', 'Spark']",5
JOB07204,Financial Analyst,"['Excel', 'Financial Modeling', 'Power BI', 'SQL', 'Statistics']",5
JOB07205,Power BI Developer,"['DAX', 'Excel', 'Power BI', 'Power Query', 'SQL']",5
JOB07206,Financial Analyst,"['Excel', 'Financial Modeling', 'Power BI', 'SQL', 'Statistics']",5
JOB07207,Data Engineer,"['AWS', 'Cloud Computing', 'ETL', 'Python', 'SQL', 'Spark']",6
JOB07208,Cloud Engineer,"['AWS', 'Azure', 'Cloud Computing', 'Docker', 'Linux']",5
JOB07209,HR Analyst,"['Data Analysis', 'Excel', 'HR Analytics', 'Power BI', 'SQL']",5
JOB07210,BI Analyst,"['DAX', 'Data Visualization', 'Excel', 'Power BI', 'SQL']",5
JOB07211,Financial Analyst,"['Excel', 'Financial Modeling', 'Power BI', 'SQL', 'Statistics']",5
JOB07212,Software Engineer,"['Git', 'Java', 'Python', 'REST API', 'SQL']",5
JOB07213,Cloud Engineer,"['AWS', 'Azure', 'Cloud Computing', 'Docker', 'Linux']",5
JOB07214,Data Engineer,"['AWS', 'ETL', 'Python', 'SQL', 'Spark']",5
JOB07215,Machine Learning Engineer,"['Docker', 'Machine Learning', 'Python', 'Scikit-learn', 'TensorFlow']",5
JOB07216,Database Administrator,"['Database', 'Database Administration', 'MySQL', 'Oracle', 'PostgreSQL', 'SQL']",6
JOB07217,Financial Analyst,"['Cloud Computing', 'Excel', 'Financial Modeling', 'Power BI', 'SQL', 'Statistics']",6
JOB07218,Data Analyst,"['Excel', 'Power BI', 'Python', 'SQL', 'Tableau']",5
JOB07219,Product Analyst,"['Excel', 'Product Analytics', 'Python', 'SQL']",4
JOB07220,Data Engineer,"['AWS', 'ETL', 'Python', 'SQL', 'Spark']",5
JOB07221,Data Engineer,"['AWS', 'ETL', 'Python', 'SQL', 'Spark']",5
JOB07222,Data Engineer,"['AWS', 'ETL', 'Python', 'SQL', 'Spark']",5
JOB07223,Power BI Developer,"['DAX', 'Excel', 'Power BI', 'Power Query', 'SQL']",5
JOB07224,DevOps Engineer,"['AWS', 'Docker', 'Jenkins', 'Kubernetes', 'Linux']",5
JOB07225,Software Engineer,"['Git', 'Java', 'Python', 'REST API', 'SQL']",5
JOB07226,Machine Learning Engineer,"['Docker', 'Machine Learning', 'Oracle', 'Python', 'Scikit-learn', 'TensorFlow']",6
JOB07227,Software Engineer,"['Git', 'Java', 'Python', 'REST API', 'SQL']",5
JOB07228,QA Engineer,"['Automation Testing', 'Java', 'Oracle', 'Python', 'SQL', 'Selenium']",6
JOB07229,HR Analyst,"['Data Analysis', 'Excel', 'HR Analytics', 'Power BI', 'SQL']",5
JOB07230,QA Engineer,"['Automation Testing', 'Java', 'Python', 'SQL', 'Selenium']",5
JOB07231,Web Developer,"['CSS', 'Git', 'HTML', 'Java', 'JavaScript', 'Machine Learning', 'React']",7
JOB07232,Database Administrator,"['Cloud Computing', 'Database', 'Database Administration', 'MySQL', 'Oracle', 'PostgreSQL', 'SQL']",7
JOB07233,DevOps Engineer,"['AWS', 'Docker', 'Jenkins', 'Kubernetes', 'Linux']",5
JOB07234,SQL Developer,"['Database', 'ETL', 'MySQL', 'PostgreSQL', 'SQL']",5
JOB07235,Cloud Engineer,"['AWS', 'Azure', 'Cloud Computing', 'Docker', 'Linux']",5
JOB07236,Financial Analyst,"['Excel', 'Financial Modeling', 'Power BI', 'SQL', 'Statistics']",5
JOB07237,Product Analyst,"['Excel', 'Product Analytics', 'Python', 'SQL']",4
JOB07238,Python Developer,"['Django', 'Flask', 'Git', 'Python', 'SQL']",5
JOB07239,QA Engineer,"['Automation Testing', 'Java', 'Python', 'SQL', 'Selenium']",5
JOB07240,BI Analyst,"['DAX', 'Data Visualization', 'Excel', 'Power BI', 'SQL']",5
JOB07241,Web Developer,"['CSS', 'Git', 'HTML', 'Java', 'JavaScript', 'Machine Learning', 'React']",7
JOB07242,Machine Learning Engineer,"['Docker', 'Machine Learning', 'Python', 'Scikit-learn', 'TensorFlow']",5
JOB07243,Data Engineer,"['AWS', 'ETL', 'Python', 'SQL', 'Spark']",5
JOB07244,HR Analyst,"['Data Analysis', 'Excel', 'HR Analytics', 'Power BI', 'SQL']",5
JOB07245,Financial Analyst,"['Excel', 'Financial Modeling', 'Power BI', 'SQL', 'Statistics']",5
JOB07246,Python Developer,"['Django', 'Flask', 'Git', 'Python', 'SQL']",5
JOB07247,Full Stack Developer,"['CSS', 'HTML', 'Java', 'JavaScript', 'Machine Learning', 'Node', 'React']",7
JOB07248,Cloud Engineer,"['AWS', 'Azure', 'Cloud Computing', 'Docker', 'Linux']",5
JOB07249,Power BI Developer,"['DAX', 'Excel', 'Power BI', 'Power Query', 'SQL']",5
JOB07250,Financial Analyst,"['Excel', 'Financial Modeling', 'Power BI', 'SQL', 'Statistics']",5
JOB07251,BI Analyst,"['DAX', 'Data Visualization', 'Excel', 'Power BI', 'SQL']",5
JOB07252,Cloud Engineer,"['AWS', 'Azure', 'Cloud Computing', 'Docker', 'Linux']",5
JOB07253,Product Analyst,"['Excel', 'Product Analytics', 'Python', 'SQL']",4
JOB07254,Financial Analyst,"['Excel', 'Financial Modeling', 'Power BI', 'SQL', 'Statistics']",5
JOB07255,QA Engineer,"['Automation Testing', 'Java', 'Python', 'SQL', 'Selenium']",5
JOB07256,Full Stack Developer,"['CSS', 'HTML', 'Java', 'JavaScript', 'Machine Learning', 'Node', 'React']",7
JOB07257,Database Administrator,"['Database', 'Database Administration', 'MySQL', 'Oracle', 'PostgreSQL', 'SQL']",6
JOB07258,Software Engineer,"['Git', 'Java', 'Python', 'REST API', 'SQL']",5
JOB07259,BI Analyst,"['DAX', 'Data Visualization', 'Excel', 'Power BI', 'SQL']",5
JOB07260,HR Analyst,"['Data Analysis', 'Excel', 'HR Analytics', 'Power BI', 'SQL']",5
JOB07261,Software Engineer,"['Git', 'Java', 'Python', 'REST API', 'SQL']",5
JOB07262,SQL Developer,"['Database', 'ETL', 'MySQL', 'PostgreSQL', 'SQL']",5
JOB07263,HR Analyst,"['Data Analysis', 'Excel', 'HR Analytics', 'Power BI', 'SQL']",5
JOB07264,Full Stack Developer,"['CSS', 'HTML', 'Java', 'JavaScript', 'Machine Learning', 'Node', 'React']",7
JOB07265,Data Engineer,"['AWS', 'ETL', 'Python', 'SQL', 'Spark']",5
JOB07266,Product Analyst,"['Excel', 'Product Analytics', 'Python', 'SQL']",4
JOB07267,Marketing Analyst,"['Excel', 'Marketing Analytics', 'Power BI', 'Python', 'SQL']",5
JOB07268,Full Stack Developer,"['CSS', 'HTML', 'Java', 'JavaScript', 'Machine Learning', 'Node', 'React']",7
JOB07269,Cloud Engineer,"['AWS', 'Azure', 'Cloud Computing', 'Docker', 'Linux']",5
JOB07270,QA Engineer,"['Automation Testing', 'Java', 'Python', 'SQL', 'Selenium']",5
JOB07271,Financial Analyst,"['Excel', 'Financial Modeling', 'Power BI', 'SQL', 'Statistics']",5
JOB07272,HR Analyst,"['Data Analysis', 'Excel', 'HR Analytics', 'Power BI', 'SQL']",5
JOB07273,Web Developer,"['CSS', 'Git', 'HTML', 'Java', 'JavaScript', 'Machine Learning', 'React']",7
JOB07274,Data Analyst,"['Excel', 'Power BI', 'Python', 'SQL', 'Tableau']",5
JOB07275,Data Analyst,"['Excel', 'Oracle', 'Power BI', 'Python', 'SQL', 'Tableau']",6
JOB07276,Business Analyst,"['Business Analysis', 'Excel', 'Power BI', 'Requirements Gathering', 'SQL']",5
JOB07277,QA Engineer,"['Automation Testing', 'Java', 'Python', 'SQL', 'Selenium']",5
JOB07278,SQL Developer,"['Database', 'ETL', 'MySQL', 'PostgreSQL', 'SQL']",5
JOB07279,Data Scientist,"['Machine Learning', 'Pandas', 'Python', 'SQL', 'Statistics']",5
JOB07280,BI Analyst,"['DAX', 'Data Visualization', 'Excel', 'Power BI', 'SQL']",5
JOB07281,Full Stack Developer,"['CSS', 'HTML', 'Java', 'JavaScript', 'Machine Learning', 'Node', 'React']",7
JOB07282,Database Administrator,"['Database', 'Database Administration', 'MySQL', 'Oracle', 'PostgreSQL', 'SQL']",6
JOB07283,Web Developer,"['CSS', 'Git', 'HTML', 'Java', 'JavaScript', 'Machine Learning', 'React']",7
JOB07284,Database Administrator,"['Cloud Computing', 'Database', 'Database Administration', 'MySQL', 'Oracle', 'PostgreSQL', 'SQL']",7
JOB07285,Business Analyst,"['Business Analysis', 'Excel', 'Power BI', 'Requirements Gathering', 'SQL']",5
JOB07286,Data Engineer,"['AWS', 'ETL', 'Python', 'SQL', 'Spark']",5
JOB07287,SQL Developer,"['Database', 'ETL', 'MySQL', 'PostgreSQL', 'SQL']",5
JOB07288,Financial Analyst,"['Excel', 'Financial Modeling', 'Power BI', 'SQL', 'Statistics']",5
JOB07289,HR Analyst,"['Data Analysis', 'Excel', 'HR Analytics', 'Power BI', 'SQL']",5
JOB07290,Data Analyst,"['Excel', 'Power BI', 'Python', 'SQL', 'Tableau']",5
JOB07291,Marketing Analyst,"['Excel', 'Marketing Analytics', 'Power BI', 'Python', 'SQL']",5
JOB07292,Product Analyst,"['Excel', 'Product Analytics', 'Python', 'SQL']",4
JOB07293,Data Analyst,"['Excel', 'Power BI', 'Python', 'SQL', 'Tableau']",5
JOB07294,Data Engineer,"['AWS', 'ETL', 'Python', 'SQL', 'Spark']",5
JOB07295,HR Analyst,"['Data Analysis', 'Excel', 'HR Analytics', 'Power BI', 'SQL']",5
JOB07296,Data Analyst,"['Excel', 'Power BI', 'Python', 'SQL', 'Tableau']",5
JOB07297,Business Analyst,"['Business Analysis', 'Excel', 'Power BI', 'Requirements Gathering', 'SQL']",5
JOB07298,Cloud Engineer,"['AWS', 'Azure', 'Cloud Computing', 'Docker', 'Linux']",5
JOB07299,Full Stack Developer,"['CSS', 'HTML', 'Java', 'JavaScript', 'Machine Learning', 'Node', 'React']",7
JOB07300,Full Stack Developer,"['CSS', 'HTML', 'Java', 'JavaScript', 'Machine Learning', 'Node', 'React']",7
JOB07301,Financial Analyst,"['Excel', 'Financial Modeling', 'Power BI', 'SQL', 'Statistics']",5
JOB07302,Database Administrator,"['Database', 'Database Administration', 'MySQL', 'Oracle', 'PostgreSQL', 'SQL']",6
JOB07303,QA Engineer,"['Automation Testing', 'Java', 'Python', 'SQL', 'Selenium']",5
JOB07304,Product Analyst,"['Excel', 'Product Analytics', 'Python', 'SQL']",4
JOB07305,Data Analyst,"['Excel', 'Power BI', 'Python', 'SQL', 'Tableau']",5
JOB07306,Product Analyst,"['Excel', 'Product Analytics', 'Python', 'SQL']",4
JOB07307,Business Analyst,"['Business Analysis', 'Excel', 'Power BI', 'Requirements Gathering', 'SQL']",5
JOB07308,Python Developer,"['Django', 'Flask', 'Git', 'Python', 'SQL']",5
JOB07309,Software Engineer,"['Git', 'Java', 'Python', 'REST API', 'SQL']",5
JOB07310,Data Analyst,"['Excel', 'Power BI', 'Python', 'SQL', 'Tableau']",5
JOB07311,Web Developer,"['CSS', 'Git', 'HTML', 'Java', 'JavaScript', 'Machine Learning', 'Oracle', 'React']",8
JOB07312,Python Developer,"['Django', 'Flask', 'Git', 'Python', 'SQL']",5
JOB07313,Data Engineer,"['AWS', 'ETL', 'Python', 'SQL', 'Spark']",5
JOB07314,SQL Developer,"['Database', 'ETL', 'MySQL', 'PostgreSQL', 'SQL']",5
JOB07315,HR Analyst,"['Data Analysis', 'Excel', 'HR Analytics', 'Power BI', 'SQL']",5
JOB07316,Financial Analyst,"['Excel', 'Financial Modeling', 'Power BI', 'SQL', 'Statistics']",5
JOB07317,BI Analyst,"['DAX', 'Data Visualization', 'Excel', 'Power BI', 'SQL']",5
JOB07318,Power BI Developer,"['DAX', 'Excel', 'Power BI', 'Power Query', 'SQL']",5
JOB07319,Full Stack Developer,"['CSS', 'HTML', 'Java', 'JavaScript', 'Machine Learning', 'Node', 'React']",7
JOB07320,Financial Analyst,"['Excel', 'Financial Modeling', 'Power BI', 'SQL', 'Statistics']",5
JOB07321,Product Analyst,"['Excel', 'Product Analytics', 'Python', 'SQL']",4
JOB07322,DevOps Engineer,"['AWS', 'Docker', 'Jenkins', 'Kubernetes', 'Linux', 'Oracle']",6
JOB07323,Financial Analyst,"['Excel', 'Financial Modeling', 'Oracle', 'Power BI', 'SQL', 'Statistics']",6
JOB07324,BI Analyst,"['DAX', 'Data Visualization', 'Excel', 'Power BI', 'SQL']",5
JOB07325,Data Scientist,"['Machine Learning', 'Pandas', 'Python', 'SQL', 'Statistics']",5
JOB07326,Database Administrator,"['Database', 'Database Administration', 'MySQL', 'Oracle', 'PostgreSQL', 'SQL']",6
JOB07327,Cloud Engineer,"['AWS', 'Azure', 'Cloud Computing', 'Docker', 'Linux']",5
JOB07328,DevOps Engineer,"['AWS', 'Docker', 'Jenkins', 'Kubernetes', 'Linux']",5
JOB07329,Marketing Analyst,"['Excel', 'Marketing Analytics', 'Power BI', 'Python', 'SQL']",5
JOB07330,Database Administrator,"['Database', 'Database Administration', 'MySQL', 'Oracle', 'PostgreSQL', 'SQL']",6
JOB07331,Python Developer,"['Django', 'Flask', 'Git', 'Python', 'SQL']",5
JOB07332,Cloud Engineer,"['AWS', 'Azure', 'Cloud Computing', 'Docker', 'Linux']",5
JOB07333,Machine Learning Engineer,"['Docker', 'Machine Learning', 'Python', 'Scikit-learn', 'TensorFlow']",5
JOB07334,Database Administrator,"['Database', 'Database Administration', 'MySQL', 'Oracle', 'PostgreSQL', 'SQL']",6
JOB07335,Product Analyst,"['Excel', 'Product Analytics', 'Python', 'SQL']",4
JOB07336,Data Engineer,"['AWS', 'ETL', 'Python', 'SQL', 'Spark']",5
JOB07337,Product Analyst,"['Excel', 'Oracle', 'Product Analytics', 'Python', 'SQL']",5
JOB07338,Data Scientist,"['Machine Learning', 'Pandas', 'Python', 'SQL', 'Statistics']",5
JOB07339,Web Developer,"['CSS', 'Cloud Computing', 'Git', 'HTML', 'Java', 'JavaScript', 'Machine Learning', 'React']",8
JOB07340,Data Engineer,"['AWS', 'ETL', 'Python', 'SQL', 'Spark']",5
JOB07341,Data Analyst,"['Excel', 'Power BI', 'Python', 'SQL', 'Tableau']",5
JOB07342,Full Stack Developer,"['CSS', 'HTML', 'Java', 'JavaScript', 'Machine Learning', 'Node', 'React']",7
JOB07343,Full Stack Developer,"['CSS', 'HTML', 'Java', 'JavaScript', 'Machine Learning', 'Node', 'Oracle', 'React']",8
JOB07344,BI Analyst,"['DAX', 'Data Visualization', 'Excel', 'Power BI', 'SQL']",5
JOB07345,Python Developer,"['Django', 'Flask', 'Git', 'Python', 'SQL']",5
JOB07346,Product Analyst,"['Excel', 'Product Analytics', 'Python', 'SQL']",4
JOB07347,Python Developer,"['Django', 'Flask', 'Git', 'Python', 'SQL']",5
JOB07348,Database Administrator,"['Database', 'Database Administration', 'MySQL', 'Oracle', 'PostgreSQL', 'SQL']",6
JOB07349,HR Analyst,"['Data Analysis', 'Excel', 'HR Analytics', 'Power BI', 'SQL']",5
JOB07350,Power BI Developer,"['Cloud Computing', 'DAX', 'Excel', 'Power BI', 'Power Query', 'SQL']",6
JOB07351,BI Analyst,"['DAX', 'Data Visualization', 'Excel', 'Power BI', 'SQL']",5
JOB07352,BI Analyst,"['DAX', 'Data Visualization', 'Excel', 'Power BI', 'SQL']",5
JOB07353,Business Analyst,"['Business Analysis', 'Excel', 'Power BI', 'Requirements Gathering', 'SQL']",5
JOB07354,BI Analyst,"['DAX', 'Data Visualization', 'Excel', 'Power BI', 'SQL']",5
JOB07355,Marketing Analyst,"['Excel', 'Marketing Analytics', 'Power BI', 'Python', 'SQL']",5
JOB07356,Web Developer,"['CSS', 'Git', 'HTML', 'Java', 'JavaScript', 'Machine Learning', 'React']",7
JOB07357,BI Analyst,"['DAX', 'Data Visualization', 'Excel', 'Power BI', 'SQL']",5
JOB07358,SQL Developer,"['Database', 'ETL', 'MySQL', 'PostgreSQL', 'SQL']",5
JOB07359,SQL Developer,"['Database', 'ETL', 'MySQL', 'PostgreSQL', 'SQL']",5
JOB07360,Web Developer,"['CSS', 'Git', 'HTML', 'Java', 'JavaScript', 'Machine Learning', 'React']",7
JOB07361,Product Analyst,"['Excel', 'Product Analytics', 'Python', 'SQL']",4
JOB07362,Full Stack Developer,"['CSS', 'HTML', 'Java', 'JavaScript', 'Machine Learning', 'Node', 'React']",7
JOB07363,Web Developer,"['CSS', 'Git', 'HTML', 'Java', 'JavaScript', 'Machine Learning', 'React']",7
JOB07364,Machine Learning Engineer,"['Docker', 'Machine Learning', 'Python', 'Scikit-learn', 'TensorFlow']",5
JOB07365,Marketing Analyst,"['Excel', 'Marketing Analytics', 'Oracle', 'Power BI', 'Python', 'SQL']",6
JOB07366,SQL Developer,"['Database', 'ETL', 'MySQL', 'PostgreSQL', 'SQL']",5
JOB07367,DevOps Engineer,"['AWS', 'Docker', 'Jenkins', 'Kubernetes', 'Linux']",5
JOB07368,Full Stack Developer,"['CSS', 'HTML', 'Java', 'JavaScript', 'Machine Learning', 'Node', 'Oracle', 'React']",8
JOB07369,Financial Analyst,"['Excel', 'Financial Modeling', 'Power BI', 'SQL', 'Statistics']",5
JOB07370,Full Stack Developer,"['CSS', 'HTML', 'Java', 'JavaScript', 'Machine Learning', 'Node', 'React']",7
JOB07371,Python Developer,"['Django', 'Flask', 'Git', 'Python', 'SQL']",5
JOB07372,Product Analyst,"['Excel', 'Product Analytics', 'Python', 'SQL']",4
JOB07373,SQL Developer,"['Database', 'ETL', 'MySQL', 'PostgreSQL', 'SQL']",5
JOB07374,QA Engineer,"['Automation Testing', 'Java', 'Python', 'SQL', 'Selenium']",5
JOB07375,BI Analyst,"['DAX', 'Data Visualization', 'Excel', 'Power BI', 'SQL']",5
JOB07376,Data Scientist,"['Machine Learning', 'Pandas', 'Python', 'SQL', 'Statistics']",5
JOB07377,Product Analyst,"['Excel', 'Product Analytics', 'Python', 'SQL']",4
JOB07378,HR Analyst,"['Data Analysis', 'Excel', 'HR Analytics', 'Power BI', 'SQL']",5
JOB07379,Machine Learning Engineer,"['Docker', 'Machine Learning', 'Python', 'Scikit-learn', 'TensorFlow']",5
JOB07380,Database Administrator,"['Database', 'Database Administration', 'MySQL', 'Oracle', 'PostgreSQL', 'SQL']",6
JOB07381,Database Administrator,"['Database', 'Database Administration', 'MySQL', 'Oracle', 'PostgreSQL', 'SQL']",6
JOB07382,Full Stack Developer,"['CSS', 'HTML', 'Java', 'JavaScript', 'Machine Learning', 'Node', 'React']",7
JOB07383,QA Engineer,"['Automation Testing', 'Cloud Computing', 'Java', 'Python', 'SQL', 'Selenium']",6
JOB07384,QA Engineer,"['Automation Testing', 'Java', 'Python', 'SQL', 'Selenium']",5
JOB07385,HR Analyst,"['Data Analysis', 'Excel', 'HR Analytics', 'Power BI', 'SQL']",5
JOB07386,Software Engineer,"['Git', 'Java', 'Python', 'REST API', 'SQL']",5
JOB07387,QA Engineer,"['Automation Testing', 'Java', 'Python', 'SQL', 'Selenium']",5
JOB07388,Cloud Engineer,"['AWS', 'Azure', 'Cloud Computing', 'Docker', 'Linux']",5
JOB07389,DevOps Engineer,"['AWS', 'Docker', 'Jenkins', 'Kubernetes', 'Linux']",5
JOB07390,Database Administrator,"['Database', 'Database Administration', 'MySQL', 'Oracle', 'PostgreSQL', 'SQL']",6
JOB07391,Web Developer,"['CSS', 'Cloud Computing', 'Git', 'HTML', 'Java', 'JavaScript', 'Machine Learning', 'React']",8
JOB07392,Full Stack Developer,"['CSS', 'HTML', 'Java', 'JavaScript', 'Machine Learning', 'Node', 'React']",7
JOB07393,Marketing Analyst,"['Excel', 'Marketing Analytics', 'Power BI', 'Python', 'SQL']",5
JOB07394,HR Analyst,"['Data Analysis', 'Excel', 'HR Analytics', 'Power BI', 'SQL']",5
JOB07395,Python Developer,"['Django', 'Flask', 'Git', 'Python', 'SQL']",5
JOB07396,Cloud Engineer,"['AWS', 'Azure', 'Cloud Computing', 'Docker', 'Linux']",5
JOB07397,HR Analyst,"['Data Analysis', 'Excel', 'HR Analytics', 'Power BI', 'SQL']",5
JOB07398,BI Analyst,"['DAX', 'Data Visualization', 'Excel', 'Power BI', 'SQL']",5
JOB07399,Python Developer,"['Django', 'Flask', 'Git', 'Python', 'SQL']",5
JOB07400,Web Developer,"['CSS', 'Git', 'HTML', 'Java', 'JavaScript', 'Machine Learning', 'React']",7
JOB07401,HR Analyst,"['Data Analysis', 'Excel', 'HR Analytics', 'Power BI', 'SQL']",5
JOB07402,Data Scientist,"['Machine Learning', 'Pandas', 'Python', 'SQL', 'Statistics']",5
JOB07403,Product Analyst,"['Excel', 'Product Analytics', 'Python', 'SQL']",4
JOB07404,Machine Learning Engineer,"['Docker', 'Machine Learning', 'Python', 'Scikit-learn', 'TensorFlow']",5
JOB07405,DevOps Engineer,"['AWS', 'Docker', 'Jenkins', 'Kubernetes', 'Linux']",5
JOB07406,QA Engineer,"['Automation Testing', 'Java', 'Python', 'SQL', 'Selenium']",5
JOB07407,QA Engineer,"['Automation Testing', 'Java', 'Python', 'SQL', 'Selenium']",5
JOB07408,Cloud Engineer,"['AWS', 'Azure', 'Cloud Computing', 'Docker', 'Linux']",5
JOB07409,Software Engineer,"['Git', 'Java', 'Python', 'REST API', 'SQL']",5
JOB07410,HR Analyst,"['Data Analysis', 'Excel', 'HR Analytics', 'Power BI', 'SQL']",5
JOB07411,Web Developer,"['CSS', 'Git', 'HTML', 'Java', 'JavaScript', 'Machine Learning', 'React']",7
JOB07412,Cloud Engineer,"['AWS', 'Azure', 'Cloud Computing', 'Docker', 'Linux', 'Oracle']",6
JOB07413,Software Engineer,"['Cloud Computing', 'Git', 'Java', 'Python', 'REST API', 'SQL']",6
JOB07414,Full Stack Developer,"['CSS', 'Cloud Computing', 'HTML', 'Java', 'JavaScript', 'Machine Learning', 'Node', 'React']",8
JOB07415,Financial Analyst,"['Excel', 'Financial Modeling', 'Power BI', 'SQL', 'Statistics']",5
JOB07416,HR Analyst,"['Data Analysis', 'Excel', 'HR Analytics', 'Power BI', 'SQL']",5
JOB07417,Product Analyst,"['Excel', 'Product Analytics', 'Python', 'SQL']",4
JOB07418,Machine Learning Engineer,"['Docker', 'Machine Learning', 'Python', 'Scikit-learn', 'TensorFlow']",5
JOB07419,Business Analyst,"['Business Analysis', 'Excel', 'Power BI', 'Requirements Gathering', 'SQL']",5
JOB07420,Power BI Developer,"['DAX', 'Excel', 'Power BI', 'Power Query', 'SQL']",5
JOB07421,Database Administrator,"['Database', 'Database Administration', 'MySQL', 'Oracle', 'PostgreSQL', 'SQL']",6
JOB07422,Power BI Developer,"['DAX', 'Excel', 'Power BI', 'Power Query', 'SQL']",5
JOB07423,QA Engineer,"['Automation Testing', 'Java', 'Oracle', 'Python', 'SQL', 'Selenium']",6
JOB07424,Product Analyst,"['Excel', 'Product Analytics', 'Python', 'SQL']",4
JOB07425,Business Analyst,"['Business Analysis', 'Excel', 'Power BI', 'Requirements Gathering', 'SQL']",5
JOB07426,SQL Developer,"['Database', 'ETL', 'MySQL', 'PostgreSQL', 'SQL']",5
JOB07427,Software Engineer,"['Git', 'Java', 'Python', 'REST API', 'SQL']",5
JOB07428,Business Analyst,"['Business Analysis', 'Excel', 'Power BI', 'Requirements Gathering', 'SQL']",5
JOB07429,Business Analyst,"['Business Analysis', 'Excel', 'Power BI', 'Requirements Gathering', 'SQL']",5
JOB07430,BI Analyst,"['DAX', 'Data Visualization', 'Excel', 'Power BI', 'SQL']",5
JOB07431,Power BI Developer,"['DAX', 'Excel', 'Power BI', 'Power Query', 'SQL']",5
JOB07432,Data Engineer,"['AWS', 'ETL', 'Python', 'SQL', 'Spark']",5
JOB07433,SQL Developer,"['Database', 'ETL', 'MySQL', 'PostgreSQL', 'SQL']",5
JOB07434,HR Analyst,"['Data Analysis', 'Excel', 'HR Analytics', 'Power BI', 'SQL']",5
JOB07435,Python Developer,"['Django', 'Flask', 'Git', 'Python', 'SQL']",5
JOB07436,HR Analyst,"['Data Analysis', 'Excel', 'HR Analytics', 'Power BI', 'SQL']",5
JOB07437,DevOps Engineer,"['AWS', 'Docker', 'Jenkins', 'Kubernetes', 'Linux']",5
JOB07438,BI Analyst,"['DAX', 'Data Visualization', 'Excel', 'Power BI', 'SQL']",5
JOB07439,Web Developer,"['CSS', 'Git', 'HTML', 'Java', 'JavaScript', 'Machine Learning', 'Oracle', 'React']",8
JOB07440,DevOps Engineer,"['AWS', 'Docker', 'Jenkins', 'Kubernetes', 'Linux']",5
JOB07441,Business Analyst,"['Business Analysis', 'Excel', 'Power BI', 'Requirements Gathering', 'SQL']",5
JOB07442,Python Developer,"['Cloud Computing', 'Django', 'Flask', 'Git', 'Python', 'SQL']",6
JOB07443,Data Scientist,"['Machine Learning', 'Pandas', 'Python', 'SQL', 'Statistics']",5
JOB07444,Marketing Analyst,"['Excel', 'Marketing Analytics', 'Power BI', 'Python', 'SQL']",5
JOB07445,BI Analyst,"['DAX', 'Data Visualization', 'Excel', 'Power BI', 'SQL']",5
JOB07446,Product Analyst,"['Excel', 'Product Analytics', 'Python', 'SQL']",4
JOB07447,BI Analyst,"['DAX', 'Data Visualization', 'Excel', 'Power BI', 'SQL']",5
JOB07448,SQL Developer,"['Database', 'ETL', 'MySQL', 'PostgreSQL', 'SQL']",5
JOB07449,QA Engineer,"['Automation Testing', 'Java', 'Oracle', 'Python', 'SQL', 'Selenium']",6
JOB07450,Marketing Analyst,"['Excel', 'Marketing Analytics', 'Power BI', 'Python', 'SQL']",5
JOB07451,Marketing Analyst,"['Excel', 'Marketing Analytics', 'Power BI', 'Python', 'SQL']",5
JOB07452,BI Analyst,"['DAX', 'Data Visualization', 'Excel', 'Power BI', 'SQL']",5
JOB07453,Financial Analyst,"['Cloud Computing', 'Excel', 'Financial Modeling', 'Power BI', 'SQL', 'Statistics']",6
JOB07454,Python Developer,"['Django', 'Flask', 'Git', 'Python', 'SQL']",5
JOB07455,Full Stack Developer,"['CSS', 'HTML', 'Java', 'JavaScript', 'Machine Learning', 'Node', 'React']",7
JOB07456,Data Scientist,"['Machine Learning', 'Pandas', 'Python', 'SQL', 'Statistics']",5
JOB07457,SQL Developer,"['Database', 'ETL', 'MySQL', 'PostgreSQL', 'SQL']",5
JOB07458,Web Developer,"['CSS', 'Git', 'HTML', 'Java', 'JavaScript', 'Machine Learning', 'React']",7
JOB07459,Full Stack Developer,"['CSS', 'HTML', 'Java', 'JavaScript', 'Machine Learning', 'Node', 'Oracle', 'React']",8
JOB07460,SQL Developer,"['Database', 'ETL', 'MySQL', 'PostgreSQL', 'SQL']",5
JOB07461,Software Engineer,"['Git', 'Java', 'Python', 'REST API', 'SQL']",5
JOB07462,HR Analyst,"['Cloud Computing', 'Data Analysis', 'Excel', 'HR Analytics', 'Power BI', 'SQL']",6
JOB07463,Data Analyst,"['Excel', 'Power BI', 'Python', 'SQL', 'Tableau']",5
JOB07464,QA Engineer,"['Automation Testing', 'Java', 'Python', 'SQL', 'Selenium']",5
JOB07465,Machine Learning Engineer,"['Docker', 'Machine Learning', 'Python', 'Scikit-learn', 'TensorFlow']",5
JOB07466,Financial Analyst,"['Excel', 'Financial Modeling', 'Power BI', 'SQL', 'Statistics']",5
JOB07467,Full Stack Developer,"['CSS', 'HTML', 'Java', 'JavaScript', 'Machine Learning', 'Node', 'React']",7
JOB07468,Business Analyst,"['Business Analysis', 'Cloud Computing', 'Excel', 'Power BI', 'Requirements Gathering', 'SQL']",6
JOB07469,Power BI Developer,"['Cloud Computing', 'DAX', 'Excel', 'Power BI', 'Power Query', 'SQL']",6
JOB07470,Web Developer,"['CSS', 'Git', 'HTML', 'Java', 'JavaScript', 'Machine Learning', 'React']",7
JOB07471,Data Analyst,"['Excel', 'Power BI', 'Python', 'SQL', 'Tableau']",5
JOB07472,Product Analyst,"['Excel', 'Product Analytics', 'Python', 'SQL']",4
JOB07473,Machine Learning Engineer,"['Cloud Computing', 'Docker', 'Machine Learning', 'Python', 'Scikit-learn', 'TensorFlow']",6
JOB07474,Cloud Engineer,"['AWS', 'Azure', 'Cloud Computing', 'Docker', 'Linux']",5
JOB07475,Data Scientist,"['Machine Learning', 'Pandas', 'Python', 'SQL', 'Statistics']",5
JOB07476,Data Engineer,"['AWS', 'ETL', 'Python', 'SQL', 'Spark']",5
JOB07477,BI Analyst,"['DAX', 'Data Visualization', 'Excel', 'Power BI', 'SQL']",5
JOB07478,Marketing Analyst,"['Excel', 'Marketing Analytics', 'Power BI', 'Python', 'SQL']",5
JOB07479,Financial Analyst,"['Excel', 'Financial Modeling', 'Power BI', 'SQL', 'Statistics']",5
JOB07480,Database Administrator,"['Database', 'Database Administration', 'MySQL', 'Oracle', 'PostgreSQL', 'SQL']",6
JOB07481,Data Scientist,"['Machine Learning', 'Pandas', 'Python', 'SQL', 'Statistics']",5
JOB07482,Database Administrator,"['Database', 'Database Administration', 'MySQL', 'Oracle', 'PostgreSQL', 'SQL']",6
JOB07483,Software Engineer,"['Git', 'Java', 'Python', 'REST API', 'SQL']",5
JOB07484,Python Developer,"['Django', 'Flask', 'Git', 'Python', 'SQL']",5
JOB07485,Financial Analyst,"['Excel', 'Financial Modeling', 'Power BI', 'SQL', 'Statistics']",5
JOB07486,Power BI Developer,"['Cloud Computing', 'DAX', 'Excel', 'Power BI', 'Power Query', 'SQL']",6
JOB07487,Machine Learning Engineer,"['Docker', 'Machine Learning', 'Python', 'Scikit-learn', 'TensorFlow']",5
JOB07488,Marketing Analyst,"['Excel', 'Marketing Analytics', 'Power BI', 'Python', 'SQL']",5
JOB07489,Financial Analyst,"['Excel', 'Financial Modeling', 'Power BI', 'SQL', 'Statistics']",5
JOB07490,Web Developer,"['CSS', 'Git', 'HTML', 'Java', 'JavaScript', 'Machine Learning', 'React']",7
JOB07491,Data Engineer,"['AWS', 'ETL', 'Python', 'SQL', 'Spark']",5
JOB07492,DevOps Engineer,"['AWS', 'Docker', 'Jenkins', 'Kubernetes', 'Linux']",5
JOB07493,Machine Learning Engineer,"['Docker', 'Machine Learning', 'Python', 'Scikit-learn', 'TensorFlow']",5
JOB07494,DevOps Engineer,"['AWS', 'Docker', 'Jenkins', 'Kubernetes', 'Linux']",5
JOB07495,Machine Learning Engineer,"['Docker', 'Machine Learning', 'Python', 'Scikit-learn', 'TensorFlow']",5
JOB07496,Python Developer,"['Django', 'Flask', 'Git', 'Python', 'SQL']",5
JOB07497,Power BI Developer,"['DAX', 'Excel', 'Power BI', 'Power Query', 'SQL']",5
JOB07498,DevOps Engineer,"['AWS', 'Docker', 'Jenkins', 'Kubernetes', 'Linux']",5
JOB07499,Business Analyst,"['Business Analysis', 'Excel', 'Power BI', 'Requirements Gathering', 'SQL']",5
JOB07500,DevOps Engineer,"['AWS', 'Docker', 'Jenkins', 'Kubernetes', 'Linux']",5
JOB07501,Product Analyst,"['Excel', 'Product Analytics', 'Python', 'SQL']",4
JOB07502,Web Developer,"['CSS', 'Git', 'HTML', 'Java', 'JavaScript', 'Machine Learning', 'React']",7
JOB07503,BI Analyst,"['DAX', 'Data Visualization', 'Excel', 'Oracle', 'Power BI', 'SQL']",6
JOB07504,Web Developer,"['CSS', 'Git', 'HTML', 'Java', 'JavaScript', 'Machine Learning', 'React']",7
JOB07505,Power BI Developer,"['Cloud Computing', 'DAX', 'Excel', 'Power BI', 'Power Query', 'SQL']",6
JOB07506,Financial Analyst,"['Excel', 'Financial Modeling', 'Power BI', 'SQL', 'Statistics']",5
JOB07507,Marketing Analyst,"['Excel', 'Marketing Analytics', 'Power BI', 'Python', 'SQL']",5
JOB07508,Web Developer,"['CSS', 'Git', 'HTML', 'Java', 'JavaScript', 'Machine Learning', 'React']",7
JOB07509,Product Analyst,"['Excel', 'Product Analytics', 'Python', 'SQL']",4
JOB07510,Power BI Developer,"['DAX', 'Excel', 'Power BI', 'Power Query', 'SQL']",5
JOB07511,HR Analyst,"['Data Analysis', 'Excel', 'HR Analytics', 'Power BI', 'SQL']",5
JOB07512,Full Stack Developer,"['CSS', 'HTML', 'Java', 'JavaScript', 'Machine Learning', 'Node', 'React']",7
JOB07513,DevOps Engineer,"['AWS', 'Docker', 'Jenkins', 'Kubernetes', 'Linux']",5
JOB07514,Software Engineer,"['Git', 'Java', 'Python', 'REST API', 'SQL']",5
JOB07515,Software Engineer,"['Git', 'Java', 'Python', 'REST API', 'SQL']",5
JOB07516,Marketing Analyst,"['Excel', 'Marketing Analytics', 'Power BI', 'Python', 'SQL']",5
JOB07517,Web Developer,"['CSS', 'Git', 'HTML', 'Java', 'JavaScript', 'Machine Learning', 'React']",7
JOB07518,HR Analyst,"['Data Analysis', 'Excel', 'HR Analytics', 'Power BI', 'SQL']",5
JOB07519,Machine Learning Engineer,"['Docker', 'Machine Learning', 'Python', 'Scikit-learn', 'TensorFlow']",5
JOB07520,Data Analyst,"['Excel', 'Power BI', 'Python', 'SQL', 'Tableau']",5
JOB07521,SQL Developer,"['Database', 'ETL', 'MySQL', 'PostgreSQL', 'SQL']",5
JOB07522,DevOps Engineer,"['AWS', 'Docker', 'Jenkins', 'Kubernetes', 'Linux']",5
JOB07523,BI Analyst,"['DAX', 'Data Visualization', 'Excel', 'Power BI', 'SQL']",5
JOB07524,Financial Analyst,"['Excel', 'Financial Modeling', 'Power BI', 'SQL', 'Statistics']",5
JOB07525,Database Administrator,"['Database', 'Database Administration', 'MySQL', 'Oracle', 'PostgreSQL', 'SQL']",6
JOB07526,Database Administrator,"['Database', 'Database Administration', 'MySQL', 'Oracle', 'PostgreSQL', 'SQL']",6
JOB07527,Data Analyst,"['Excel', 'Power BI', 'Python', 'SQL', 'Tableau']",5
JOB07528,Financial Analyst,"['Excel', 'Financial Modeling', 'Power BI', 'SQL', 'Statistics']",5
JOB07529,BI Analyst,"['DAX', 'Data Visualization', 'Excel', 'Power BI', 'SQL']",5
JOB07530,Data Engineer,"['AWS', 'ETL', 'Python', 'SQL', 'Spark']",5
JOB07531,Business Analyst,"['Business Analysis', 'Excel', 'Power BI', 'Requirements Gathering', 'SQL']",5
JOB07532,Python Developer,"['Django', 'Flask', 'Git', 'Python', 'SQL']",5
JOB07533,Machine Learning Engineer,"['Docker', 'Machine Learning', 'Python', 'Scikit-learn', 'TensorFlow']",5
JOB07534,Business Analyst,"['Business Analysis', 'Excel', 'Power BI', 'Requirements Gathering', 'SQL']",5
JOB07535,BI Analyst,"['DAX', 'Data Visualization', 'Excel', 'Power BI', 'SQL']",5
JOB07536,Data Engineer,"['AWS', 'ETL', 'Python', 'SQL', 'Spark']",5
JOB07537,Data Scientist,"['Machine Learning', 'Pandas', 'Python', 'SQL', 'Statistics']",5
JOB07538,Product Analyst,"['Excel', 'Oracle', 'Product Analytics', 'Python', 'SQL']",5
JOB07539,BI Analyst,"['DAX', 'Data Visualization', 'Excel', 'Power BI', 'SQL']",5
JOB07540,Product Analyst,"['Excel', 'Product Analytics', 'Python', 'SQL']",4
JOB07541,Cloud Engineer,"['AWS', 'Azure', 'Cloud Computing', 'Docker', 'Linux']",5
JOB07542,Data Analyst,"['Excel', 'Power BI', 'Python', 'SQL', 'Tableau']",5
JOB07543,Product Analyst,"['Excel', 'Product Analytics', 'Python', 'SQL']",4
JOB07544,Web Developer,"['CSS', 'Git', 'HTML', 'Java', 'JavaScript', 'Machine Learning', 'React']",7
JOB07545,BI Analyst,"['DAX', 'Data Visualization', 'Excel', 'Power BI', 'SQL']",5
JOB07546,Product Analyst,"['Excel', 'Product Analytics', 'Python', 'SQL']",4
JOB07547,DevOps Engineer,"['AWS', 'Cloud Computing', 'Docker', 'Jenkins', 'Kubernetes', 'Linux']",6
JOB07548,Data Scientist,"['Cloud Computing', 'Machine Learning', 'Pandas', 'Python', 'SQL', 'Statistics']",6
JOB07549,Python Developer,"['Django', 'Flask', 'Git', 'Python', 'SQL']",5
JOB07550,Web Developer,"['CSS', 'Git', 'HTML', 'Java', 'JavaScript', 'Machine Learning', 'React']",7
JOB07551,Product Analyst,"['Excel', 'Product Analytics', 'Python', 'SQL']",4
JOB07552,Power BI Developer,"['Cloud Computing', 'DAX', 'Excel', 'Power BI', 'Power Query', 'SQL']",6
JOB07553,Data Scientist,"['Machine Learning', 'Pandas', 'Python', 'SQL', 'Statistics']",5
JOB07554,SQL Developer,"['Database', 'ETL', 'MySQL', 'PostgreSQL', 'SQL']",5
JOB07555,Financial Analyst,"['Excel', 'Financial Modeling', 'Oracle', 'Power BI', 'SQL', 'Statistics']",6
JOB07556,Machine Learning Engineer,"['Docker', 'Machine Learning', 'Python', 'Scikit-learn', 'TensorFlow']",5
JOB07557,BI Analyst,"['DAX', 'Data Visualization', 'Excel', 'Power BI', 'SQL']",5
JOB07558,Database Administrator,"['Database', 'Database Administration', 'MySQL', 'Oracle', 'PostgreSQL', 'SQL']",6
JOB07559,HR Analyst,"['Data Analysis', 'Excel', 'HR Analytics', 'Power BI', 'SQL']",5
JOB07560,Data Engineer,"['AWS', 'ETL', 'Python', 'SQL', 'Spark']",5
JOB07561,Software Engineer,"['Git', 'Java', 'Python', 'REST API', 'SQL']",5
JOB07562,SQL Developer,"['Database', 'ETL', 'MySQL', 'PostgreSQL', 'SQL']",5
JOB07563,Data Scientist,"['Machine Learning', 'Pandas', 'Python', 'SQL', 'Statistics']",5
JOB07564,Marketing Analyst,"['Excel', 'Marketing Analytics', 'Power BI', 'Python', 'SQL']",5
JOB07565,Data Analyst,"['Cloud Computing', 'Excel', 'Power BI', 'Python', 'SQL', 'Tableau']",6
JOB07566,SQL Developer,"['Database', 'ETL', 'MySQL', 'PostgreSQL', 'SQL']",5
JOB07567,Financial Analyst,"['Cloud Computing', 'Excel', 'Financial Modeling', 'Power BI', 'SQL', 'Statistics']",6
JOB07568,Full Stack Developer,"['CSS', 'HTML', 'Java', 'JavaScript', 'Machine Learning', 'Node', 'React']",7
JOB07569,Data Analyst,"['Excel', 'Power BI', 'Python', 'SQL', 'Tableau']",5
JOB07570,HR Analyst,"['Data Analysis', 'Excel', 'HR Analytics', 'Power BI', 'SQL']",5
JOB07571,HR Analyst,"['Data Analysis', 'Excel', 'HR Analytics', 'Power BI', 'SQL']",5
JOB07572,Full Stack Developer,"['CSS', 'Cloud Computing', 'HTML', 'Java', 'JavaScript', 'Machine Learning', 'Node', 'React']",8
JOB07573,Power BI Developer,"['DAX', 'Excel', 'Power BI', 'Power Query', 'SQL']",5
JOB07574,SQL Developer,"['Cloud Computing', 'Database', 'ETL', 'MySQL', 'PostgreSQL', 'SQL']",6
JOB07575,Machine Learning Engineer,"['Docker', 'Machine Learning', 'Python', 'Scikit-learn', 'TensorFlow']",5
JOB07576,Python Developer,"['Django', 'Flask', 'Git', 'Python', 'SQL']",5
JOB07577,Data Scientist,"['Cloud Computing', 'Machine Learning', 'Pandas', 'Python', 'SQL', 'Statistics']",6
JOB07578,Database Administrator,"['Database', 'Database Administration', 'MySQL', 'Oracle', 'PostgreSQL', 'SQL']",6
JOB07579,Financial Analyst,"['Excel', 'Financial Modeling', 'Power BI', 'SQL', 'Statistics']",5
JOB07580,Product Analyst,"['Cloud Computing', 'Excel', 'Product Analytics', 'Python', 'SQL']",5
JOB07581,Data Analyst,"['Excel', 'Power BI', 'Python', 'SQL', 'Tableau']",5
JOB07582,DevOps Engineer,"['AWS', 'Docker', 'Jenkins', 'Kubernetes', 'Linux']",5
JOB07583,DevOps Engineer,"['AWS', 'Docker', 'Jenkins', 'Kubernetes', 'Linux']",5
JOB07584,Machine Learning Engineer,"['Docker', 'Machine Learning', 'Python', 'Scikit-learn', 'TensorFlow']",5
JOB07585,Database Administrator,"['Database', 'Database Administration', 'MySQL', 'Oracle', 'PostgreSQL', 'SQL']",6
JOB07586,BI Analyst,"['DAX', 'Data Visualization', 'Excel', 'Power BI', 'SQL']",5
JOB07587,Power BI Developer,"['DAX', 'Excel', 'Power BI', 'Power Query', 'SQL']",5
JOB07588,Full Stack Developer,"['CSS', 'HTML', 'Java', 'JavaScript', 'Machine Learning', 'Node', 'React']",7
JOB07589,Cloud Engineer,"['AWS', 'Azure', 'Cloud Computing', 'Docker', 'Linux']",5
JOB07590,Python Developer,"['Django', 'Flask', 'Git', 'Python', 'SQL']",5
JOB07591,Data Analyst,"['Excel', 'Power BI', 'Python', 'SQL', 'Tableau']",5
JOB07592,BI Analyst,"['DAX', 'Data Visualization', 'Excel', 'Power BI', 'SQL']",5
JOB07593,Business Analyst,"['Business Analysis', 'Excel', 'Power BI', 'Requirements Gathering', 'SQL']",5
JOB07594,Financial Analyst,"['Excel', 'Financial Modeling', 'Power BI', 'SQL', 'Statistics']",5
JOB07595,SQL Developer,"['Database', 'ETL', 'MySQL', 'PostgreSQL', 'SQL']",5
JOB07596,Business Analyst,"['Business Analysis', 'Excel', 'Power BI', 'Requirements Gathering', 'SQL']",5
JOB07597,Financial Analyst,"['Excel', 'Financial Modeling', 'Power BI', 'SQL', 'Statistics']",5
JOB07598,Data Scientist,"['Machine Learning', 'Pandas', 'Python', 'SQL', 'Statistics']",5
JOB07599,Machine Learning Engineer,"['Docker', 'Machine Learning', 'Python', 'Scikit-learn', 'TensorFlow']",5
JOB07600,Marketing Analyst,"['Excel', 'Marketing Analytics', 'Power BI', 'Python', 'SQL']",5
JOB07601,HR Analyst,"['Data Analysis', 'Excel', 'HR Analytics', 'Power BI', 'SQL']",5
JOB07602,HR Analyst,"['Data Analysis', 'Excel', 'HR Analytics', 'Power BI', 'SQL']",5
JOB07603,Power BI Developer,"['DAX', 'Excel', 'Power BI', 'Power Query', 'SQL']",5
JOB07604,Product Analyst,"['Excel', 'Product Analytics', 'Python', 'SQL']",4
JOB07605,Product Analyst,"['Excel', 'Product Analytics', 'Python', 'SQL']",4
JOB07606,Web Developer,"['CSS', 'Git', 'HTML', 'Java', 'JavaScript', 'Machine Learning', 'React']",7
JOB07607,Software Engineer,"['Git', 'Java', 'Python', 'REST API', 'SQL']",5
JOB07608,Data Engineer,"['AWS', 'ETL', 'Python', 'SQL', 'Spark']",5
JOB07609,QA Engineer,"['Automation Testing', 'Java', 'Python', 'SQL', 'Selenium']",5
JOB07610,QA Engineer,"['Automation Testing', 'Java', 'Python', 'SQL', 'Selenium']",5
JOB07611,QA Engineer,"['Automation Testing', 'Java', 'Oracle', 'Python', 'SQL', 'Selenium']",6
JOB07612,Product Analyst,"['Excel', 'Product Analytics', 'Python', 'SQL']",4
JOB07613,Power BI Developer,"['DAX', 'Excel', 'Power BI', 'Power Query', 'SQL']",5
JOB07614,Power BI Developer,"['Cloud Computing', 'DAX', 'Excel', 'Power BI', 'Power Query', 'SQL']",6
JOB07615,Marketing Analyst,"['Excel', 'Marketing Analytics', 'Power BI', 'Python', 'SQL']",5
JOB07616,Python Developer,"['Django', 'Flask', 'Git', 'Python', 'SQL']",5
JOB07617,Data Analyst,"['Excel', 'Power BI', 'Python', 'SQL', 'Tableau']",5
JOB07618,Power BI Developer,"['DAX', 'Excel', 'Power BI', 'Power Query', 'SQL']",5
JOB07619,SQL Developer,"['Database', 'ETL', 'MySQL', 'PostgreSQL', 'SQL']",5
JOB07620,Machine Learning Engineer,"['Docker', 'Machine Learning', 'Python', 'Scikit-learn', 'TensorFlow']",5
JOB07621,Financial Analyst,"['Excel', 'Financial Modeling', 'Power BI', 'SQL', 'Statistics']",5
JOB07622,Machine Learning Engineer,"['Docker', 'Machine Learning', 'Python', 'Scikit-learn', 'TensorFlow']",5
JOB07623,Product Analyst,"['Excel', 'Product Analytics', 'Python', 'SQL']",4
JOB07624,Financial Analyst,"['Excel', 'Financial Modeling', 'Power BI', 'SQL', 'Statistics']",5
JOB07625,Business Analyst,"['Business Analysis', 'Excel', 'Power BI', 'Requirements Gathering', 'SQL']",5
JOB07626,Data Scientist,"['Machine Learning', 'Pandas', 'Python', 'SQL', 'Statistics']",5
JOB07627,BI Analyst,"['DAX', 'Data Visualization', 'Excel', 'Oracle', 'Power BI', 'SQL']",6
JOB07628,Python Developer,"['Django', 'Flask', 'Git', 'Python', 'SQL']",5
JOB07629,HR Analyst,"['Data Analysis', 'Excel', 'HR Analytics', 'Power BI', 'SQL']",5
JOB07630,Financial Analyst,"['Excel', 'Financial Modeling', 'Power BI', 'SQL', 'Statistics']",5
JOB07631,Data Analyst,"['Excel', 'Power BI', 'Python', 'SQL', 'Tableau']",5
JOB07632,DevOps Engineer,"['AWS', 'Docker', 'Jenkins', 'Kubernetes', 'Linux']",5
JOB07633,Data Analyst,"['Excel', 'Power BI', 'Python', 'SQL', 'Tableau']",5
JOB07634,Data Engineer,"['AWS', 'ETL', 'Python', 'SQL', 'Spark']",5
JOB07635,Product Analyst,"['Excel', 'Product Analytics', 'Python', 'SQL']",4
JOB07636,Python Developer,"['Django', 'Flask', 'Git', 'Python', 'SQL']",5
JOB07637,Marketing Analyst,"['Excel', 'Marketing Analytics', 'Oracle', 'Power BI', 'Python', 'SQL']",6
JOB07638,Product Analyst,"['Excel', 'Product Analytics', 'Python', 'SQL']",4
JOB07639,Database Administrator,"['Database', 'Database Administration', 'MySQL', 'Oracle', 'PostgreSQL', 'SQL']",6
JOB07640,DevOps Engineer,"['AWS', 'Docker', 'Jenkins', 'Kubernetes', 'Linux']",5
JOB07641,Python Developer,"['Django', 'Flask', 'Git', 'Python', 'SQL']",5
JOB07642,Python Developer,"['Django', 'Flask', 'Git', 'Python', 'SQL']",5
JOB07643,QA Engineer,"['Automation Testing', 'Java', 'Python', 'SQL', 'Selenium']",5
JOB07644,DevOps Engineer,"['AWS', 'Docker', 'Jenkins', 'Kubernetes', 'Linux']",5
JOB07645,Financial Analyst,"['Excel', 'Financial Modeling', 'Power BI', 'SQL', 'Statistics']",5
JOB07646,Financial Analyst,"['Cloud Computing', 'Excel', 'Financial Modeling', 'Power BI', 'SQL', 'Statistics']",6
JOB07647,Cloud Engineer,"['AWS', 'Azure', 'Cloud Computing', 'Docker', 'Linux']",5
JOB07648,Full Stack Developer,"['CSS', 'HTML', 'Java', 'JavaScript', 'Machine Learning', 'Node', 'Oracle', 'React']",8
JOB07649,Web Developer,"['CSS', 'Git', 'HTML', 'Java', 'JavaScript', 'Machine Learning', 'React']",7
JOB07650,Product Analyst,"['Excel', 'Product Analytics', 'Python', 'SQL']",4
JOB07651,HR Analyst,"['Data Analysis', 'Excel', 'HR Analytics', 'Power BI', 'SQL']",5
JOB07652,Python Developer,"['Django', 'Flask', 'Git', 'Python', 'SQL']",5
JOB07653,Financial Analyst,"['Excel', 'Financial Modeling', 'Power BI', 'SQL', 'Statistics']",5
JOB07654,QA Engineer,"['Automation Testing', 'Java', 'Python', 'SQL', 'Selenium']",5
JOB07655,Data Analyst,"['Excel', 'Power BI', 'Python', 'SQL', 'Tableau']",5
JOB07656,Business Analyst,"['Business Analysis', 'Excel', 'Power BI', 'Requirements Gathering', 'SQL']",5
JOB07657,Python Developer,"['Django', 'Flask', 'Git', 'Python', 'SQL']",5
JOB07658,HR Analyst,"['Data Analysis', 'Excel', 'HR Analytics', 'Power BI', 'SQL']",5
JOB07659,Data Scientist,"['Machine Learning', 'Pandas', 'Python', 'SQL', 'Statistics']",5
JOB07660,Cloud Engineer,"['AWS', 'Azure', 'Cloud Computing', 'Docker', 'Linux']",5
JOB07661,BI Analyst,"['DAX', 'Data Visualization', 'Excel', 'Power BI', 'SQL']",5
JOB07662,Python Developer,"['Django', 'Flask', 'Git', 'Python', 'SQL']",5
JOB07663,Web Developer,"['CSS', 'Git', 'HTML', 'Java', 'JavaScript', 'Machine Learning', 'React']",7
JOB07664,Power BI Developer,"['DAX', 'Excel', 'Power BI', 'Power Query', 'SQL']",5
JOB07665,Full Stack Developer,"['CSS', 'HTML', 'Java', 'JavaScript', 'Machine Learning', 'Node', 'React']",7
JOB07666,QA Engineer,"['Automation Testing', 'Java', 'Python', 'SQL', 'Selenium']",5
JOB07667,Cloud Engineer,"['AWS', 'Azure', 'Cloud Computing', 'Docker', 'Linux']",5
JOB07668,Power BI Developer,"['DAX', 'Excel', 'Power BI', 'Power Query', 'SQL']",5
JOB07669,Web Developer,"['CSS', 'Git', 'HTML', 'Java', 'JavaScript', 'Machine Learning', 'React']",7
JOB07670,Data Engineer,"['AWS', 'ETL', 'Python', 'SQL', 'Spark']",5
JOB07671,Database Administrator,"['Cloud Computing', 'Database', 'Database Administration', 'MySQL', 'Oracle', 'PostgreSQL', 'SQL']",7
JOB07672,Web Developer,"['CSS', 'Git', 'HTML', 'Java', 'JavaScript', 'Machine Learning', 'React']",7
JOB07673,DevOps Engineer,"['AWS', 'Docker', 'Jenkins', 'Kubernetes', 'Linux']",5
JOB07674,Financial Analyst,"['Excel', 'Financial Modeling', 'Oracle', 'Power BI', 'SQL', 'Statistics']",6
JOB07675,Software Engineer,"['Git', 'Java', 'Python', 'REST API', 'SQL']",5
JOB07676,Database Administrator,"['Database', 'Database Administration', 'MySQL', 'Oracle', 'PostgreSQL', 'SQL']",6
JOB07677,Software Engineer,"['Git', 'Java', 'Python', 'REST API', 'SQL']",5
JOB07678,Full Stack Developer,"['CSS', 'HTML', 'Java', 'JavaScript', 'Machine Learning', 'Node', 'Oracle', 'React']",8
JOB07679,Database Administrator,"['Database', 'Database Administration', 'MySQL', 'Oracle', 'PostgreSQL', 'SQL']",6
JOB07680,Machine Learning Engineer,"['Docker', 'Machine Learning', 'Python', 'Scikit-learn', 'TensorFlow']",5
JOB07681,Data Analyst,"['Excel', 'Power BI', 'Python', 'SQL', 'Tableau']",5
JOB07682,Marketing Analyst,"['Excel', 'Marketing Analytics', 'Power BI', 'Python', 'SQL']",5
JOB07683,Cloud Engineer,"['AWS', 'Azure', 'Cloud Computing', 'Docker', 'Linux']",5
JOB07684,Software Engineer,"['Git', 'Java', 'Python', 'REST API', 'SQL']",5
JOB07685,SQL Developer,"['Database', 'ETL', 'MySQL', 'PostgreSQL', 'SQL']",5
JOB07686,HR Analyst,"['Data Analysis', 'Excel', 'HR Analytics', 'Power BI', 'SQL']",5
JOB07687,Product Analyst,"['Cloud Computing', 'Excel', 'Product Analytics', 'Python', 'SQL']",5
JOB07688,Financial Analyst,"['Excel', 'Financial Modeling', 'Power BI', 'SQL', 'Statistics']",5
JOB07689,Data Analyst,"['Excel', 'Power BI', 'Python', 'SQL', 'Tableau']",5
JOB07690,Software Engineer,"['Git', 'Java', 'Python', 'REST API', 'SQL']",5
JOB07691,Data Scientist,"['Machine Learning', 'Pandas', 'Python', 'SQL', 'Statistics']",5
JOB07692,Marketing Analyst,"['Excel', 'Marketing Analytics', 'Power BI', 'Python', 'SQL']",5
JOB07693,Marketing Analyst,"['Excel', 'Marketing Analytics', 'Power BI', 'Python', 'SQL']",5
JOB07694,Data Analyst,"['Excel', 'Power BI', 'Python', 'SQL', 'Tableau']",5
JOB07695,Marketing Analyst,"['Excel', 'Marketing Analytics', 'Power BI', 'Python', 'SQL']",5
JOB07696,Machine Learning Engineer,"['Docker', 'Machine Learning', 'Python', 'Scikit-learn', 'TensorFlow']",5
JOB07697,Product Analyst,"['Excel', 'Product Analytics', 'Python', 'SQL']",4
JOB07698,Full Stack Developer,"['CSS', 'HTML', 'Java', 'JavaScript', 'Machine Learning', 'Node', 'React']",7
JOB07699,Product Analyst,"['Excel', 'Product Analytics', 'Python', 'SQL']",4
JOB07700,Financial Analyst,"['Excel', 'Financial Modeling', 'Power BI', 'SQL', 'Statistics']",5
JOB07701,Business Analyst,"['Business Analysis', 'Excel', 'Power BI', 'Requirements Gathering', 'SQL']",5
JOB07702,BI Analyst,"['DAX', 'Data Visualization', 'Excel', 'Power BI', 'SQL']",5
JOB07703,Machine Learning Engineer,"['Docker', 'Machine Learning', 'Python', 'Scikit-learn', 'TensorFlow']",5
JOB07704,Data Engineer,"['AWS', 'ETL', 'Python', 'SQL', 'Spark']",5
JOB07705,Data Analyst,"['Excel', 'Power BI', 'Python', 'SQL', 'Tableau']",5
JOB07706,HR Analyst,"['Data Analysis', 'Excel', 'HR Analytics', 'Power BI', 'SQL']",5
JOB07707,QA Engineer,"['Automation Testing', 'Java', 'Python', 'SQL', 'Selenium']",5
JOB07708,HR Analyst,"['Data Analysis', 'Excel', 'HR Analytics', 'Power BI', 'SQL']",5
JOB07709,Database Administrator,"['Database', 'Database Administration', 'MySQL', 'Oracle', 'PostgreSQL', 'SQL']",6
JOB07710,Data Analyst,"['Excel', 'Power BI', 'Python', 'SQL', 'Tableau']",5
JOB07711,Python Developer,"['Django', 'Flask', 'Git', 'Python', 'SQL']",5
JOB07712,QA Engineer,"['Automation Testing', 'Java', 'Python', 'SQL', 'Selenium']",5
JOB07713,Web Developer,"['CSS', 'Git', 'HTML', 'Java', 'JavaScript', 'Machine Learning', 'Oracle', 'React']",8
JOB07714,Data Analyst,"['Excel', 'Power BI', 'Python', 'SQL', 'Tableau']",5
JOB07715,Python Developer,"['Django', 'Flask', 'Git', 'Python', 'SQL']",5
JOB07716,SQL Developer,"['Database', 'ETL', 'MySQL', 'PostgreSQL', 'SQL']",5
JOB07717,BI Analyst,"['DAX', 'Data Visualization', 'Excel', 'Power BI', 'SQL']",5
JOB07718,Database Administrator,"['Database', 'Database Administration', 'MySQL', 'Oracle', 'PostgreSQL', 'SQL']",6
JOB07719,SQL Developer,"['Database', 'ETL', 'MySQL', 'PostgreSQL', 'SQL']",5
JOB07720,Database Administrator,"['Database', 'Database Administration', 'MySQL', 'Oracle', 'PostgreSQL', 'SQL']",6
JOB07721,Product Analyst,"['Excel', 'Product Analytics', 'Python', 'SQL']",4
JOB07722,DevOps Engineer,"['AWS', 'Docker', 'Jenkins', 'Kubernetes', 'Linux']",5
JOB07723,Data Engineer,"['AWS', 'ETL', 'Python', 'SQL', 'Spark']",5
JOB07724,HR Analyst,"['Cloud Computing', 'Data Analysis', 'Excel', 'HR Analytics', 'Power BI', 'SQL']",6
JOB07725,Power BI Developer,"['DAX', 'Excel', 'Power BI', 'Power Query', 'SQL']",5
JOB07726,Database Administrator,"['Database', 'Database Administration', 'MySQL', 'Oracle', 'PostgreSQL', 'SQL']",6
JOB07727,Data Engineer,"['AWS', 'ETL', 'Python', 'SQL', 'Spark']",5
JOB07728,Cloud Engineer,"['AWS', 'Azure', 'Cloud Computing', 'Docker', 'Linux']",5
JOB07729,Python Developer,"['Django', 'Flask', 'Git', 'Python', 'SQL']",5
JOB07730,Marketing Analyst,"['Excel', 'Marketing Analytics', 'Power BI', 'Python', 'SQL']",5
JOB07731,Power BI Developer,"['DAX', 'Excel', 'Power BI', 'Power Query', 'SQL']",5
JOB07732,SQL Developer,"['Database', 'ETL', 'MySQL', 'PostgreSQL', 'SQL']",5
JOB07733,BI Analyst,"['DAX', 'Data Visualization', 'Excel', 'Power BI', 'SQL']",5
JOB07734,Marketing Analyst,"['Excel', 'Marketing Analytics', 'Power BI', 'Python', 'SQL']",5
JOB07735,HR Analyst,"['Data Analysis', 'Excel', 'HR Analytics', 'Power BI', 'SQL']",5
JOB07736,Data Scientist,"['Machine Learning', 'Pandas', 'Python', 'SQL', 'Statistics']",5
JOB07737,Marketing Analyst,"['Excel', 'Marketing Analytics', 'Power BI', 'Python', 'SQL']",5
JOB07738,Database Administrator,"['Database', 'Database Administration', 'MySQL', 'Oracle', 'PostgreSQL', 'SQL']",6
JOB07739,Cloud Engineer,"['AWS', 'Azure', 'Cloud Computing', 'Docker', 'Linux']",5
JOB07740,Machine Learning Engineer,"['Docker', 'Machine Learning', 'Oracle', 'Python', 'Scikit-learn', 'TensorFlow']",6
JOB07741,Power BI Developer,"['DAX', 'Excel', 'Power BI', 'Power Query', 'SQL']",5
JOB07742,Database Administrator,"['Database', 'Database Administration', 'MySQL', 'Oracle', 'PostgreSQL', 'SQL']",6
JOB07743,Database Administrator,"['Cloud Computing', 'Database', 'Database Administration', 'MySQL', 'Oracle', 'PostgreSQL', 'SQL']",7
JOB07744,Marketing Analyst,"['Excel', 'Marketing Analytics', 'Power BI', 'Python', 'SQL']",5
JOB07745,Data Engineer,"['AWS', 'Cloud Computing', 'ETL', 'Python', 'SQL', 'Spark']",6
JOB07746,DevOps Engineer,"['AWS', 'Docker', 'Jenkins', 'Kubernetes', 'Linux']",5
JOB07747,Python Developer,"['Django', 'Flask', 'Git', 'Python', 'SQL']",5
JOB07748,Machine Learning Engineer,"['Docker', 'Machine Learning', 'Python', 'Scikit-learn', 'TensorFlow']",5
JOB07749,SQL Developer,"['Database', 'ETL', 'MySQL', 'Oracle', 'PostgreSQL', 'SQL']",6
JOB07750,SQL Developer,"['Database', 'ETL', 'MySQL', 'PostgreSQL', 'SQL']",5
JOB07751,Financial Analyst,"['Excel', 'Financial Modeling', 'Power BI', 'SQL', 'Statistics']",5
JOB07752,BI Analyst,"['DAX', 'Data Visualization', 'Excel', 'Power BI', 'SQL']",5
JOB07753,Database Administrator,"['Database', 'Database Administration', 'MySQL', 'Oracle', 'PostgreSQL', 'SQL']",6
JOB07754,Product Analyst,"['Excel', 'Product Analytics', 'Python', 'SQL']",4
JOB07755,Marketing Analyst,"['Excel', 'Marketing Analytics', 'Power BI', 'Python', 'SQL']",5
JOB07756,Marketing Analyst,"['Excel', 'Marketing Analytics', 'Power BI', 'Python', 'SQL']",5
JOB07757,Full Stack Developer,"['CSS', 'HTML', 'Java', 'JavaScript', 'Machine Learning', 'Node', 'React']",7
JOB07758,Cloud Engineer,"['AWS', 'Azure', 'Cloud Computing', 'Docker', 'Linux']",5
JOB07759,Power BI Developer,"['DAX', 'Excel', 'Power BI', 'Power Query', 'SQL']",5
JOB07760,Marketing Analyst,"['Cloud Computing', 'Excel', 'Marketing Analytics', 'Power BI', 'Python', 'SQL']",6
JOB07761,Data Analyst,"['Excel', 'Power BI', 'Python', 'SQL', 'Tableau']",5
JOB07762,Python Developer,"['Django', 'Flask', 'Git', 'Python', 'SQL']",5
JOB07763,Business Analyst,"['Business Analysis', 'Excel', 'Power BI', 'Requirements Gathering', 'SQL']",5
JOB07764,QA Engineer,"['Automation Testing', 'Java', 'Python', 'SQL', 'Selenium']",5
JOB07765,Software Engineer,"['Git', 'Java', 'Python', 'REST API', 'SQL']",5
JOB07766,SQL Developer,"['Database', 'ETL', 'MySQL', 'PostgreSQL', 'SQL']",5
JOB07767,BI Analyst,"['DAX', 'Data Visualization', 'Excel', 'Power BI', 'SQL']",5
JOB07768,Power BI Developer,"['DAX', 'Excel', 'Power BI', 'Power Query', 'SQL']",5
JOB07769,Cloud Engineer,"['AWS', 'Azure', 'Cloud Computing', 'Docker', 'Linux']",5
JOB07770,Machine Learning Engineer,"['Docker', 'Machine Learning', 'Python', 'Scikit-learn', 'TensorFlow']",5
JOB07771,Data Engineer,"['AWS', 'ETL', 'Python', 'SQL', 'Spark']",5
JOB07772,BI Analyst,"['DAX', 'Data Visualization', 'Excel', 'Power BI', 'SQL']",5
JOB07773,Software Engineer,"['Git', 'Java', 'Python', 'REST API', 'SQL']",5
JOB07774,Marketing Analyst,"['Excel', 'Marketing Analytics', 'Power BI', 'Python', 'SQL']",5
JOB07775,QA Engineer,"['Automation Testing', 'Java', 'Python', 'SQL', 'Selenium']",5
JOB07776,Data Scientist,"['Machine Learning', 'Oracle', 'Pandas', 'Python', 'SQL', 'Statistics']",6
JOB07777,Full Stack Developer,"['CSS', 'HTML', 'Java', 'JavaScript', 'Machine Learning', 'Node', 'React']",7
JOB07778,Python Developer,"['Django', 'Flask', 'Git', 'Python', 'SQL']",5
JOB07779,Product Analyst,"['Excel', 'Product Analytics', 'Python', 'SQL']",4
JOB07780,Business Analyst,"['Business Analysis', 'Excel', 'Power BI', 'Requirements Gathering', 'SQL']",5
JOB07781,Web Developer,"['CSS', 'Git', 'HTML', 'Java', 'JavaScript', 'Machine Learning', 'React']",7
JOB07782,Python Developer,"['Cloud Computing', 'Django', 'Flask', 'Git', 'Python', 'SQL']",6
JOB07783,Database Administrator,"['Database', 'Database Administration', 'MySQL', 'Oracle', 'PostgreSQL', 'SQL']",6
JOB07784,Marketing Analyst,"['Excel', 'Marketing Analytics', 'Power BI', 'Python', 'SQL']",5
JOB07785,SQL Developer,"['Database', 'ETL', 'MySQL', 'PostgreSQL', 'SQL']",5
JOB07786,Data Scientist,"['Machine Learning', 'Pandas', 'Python', 'SQL', 'Statistics']",5
JOB07787,Data Analyst,"['Excel', 'Power BI', 'Python', 'SQL', 'Tableau']",5
JOB07788,Financial Analyst,"['Excel', 'Financial Modeling', 'Power BI', 'SQL', 'Statistics']",5
JOB07789,Product Analyst,"['Excel', 'Product Analytics', 'Python', 'SQL']",4
JOB07790,Python Developer,"['Django', 'Flask', 'Git', 'Python', 'SQL']",5
JOB07791,Python Developer,"['Django', 'Flask', 'Git', 'Python', 'SQL']",5
JOB07792,Software Engineer,"['Git', 'Java', 'Python', 'REST API', 'SQL']",5
JOB07793,Data Engineer,"['AWS', 'ETL', 'Python', 'SQL', 'Spark']",5
JOB07794,Cloud Engineer,"['AWS', 'Azure', 'Cloud Computing', 'Docker', 'Linux']",5
JOB07795,Cloud Engineer,"['AWS', 'Azure', 'Cloud Computing', 'Docker', 'Linux']",5
JOB07796,Financial Analyst,"['Excel', 'Financial Modeling', 'Power BI', 'SQL', 'Statistics']",5
JOB07797,Full Stack Developer,"['CSS', 'HTML', 'Java', 'JavaScript', 'Machine Learning', 'Node', 'React']",7
JOB07798,Python Developer,"['Django', 'Flask', 'Git', 'Python', 'SQL']",5
JOB07799,SQL Developer,"['Database', 'ETL', 'MySQL', 'PostgreSQL', 'SQL']",5
JOB07800,Database Administrator,"['Database', 'Database Administration', 'MySQL', 'Oracle', 'PostgreSQL', 'SQL']",6
JOB07801,Product Analyst,"['Excel', 'Product Analytics', 'Python', 'SQL']",4
JOB07802,Product Analyst,"['Excel', 'Oracle', 'Product Analytics', 'Python', 'SQL']",5
JOB07803,SQL Developer,"['Database', 'ETL', 'MySQL', 'PostgreSQL', 'SQL']",5
JOB07804,Marketing Analyst,"['Excel', 'Marketing Analytics', 'Power BI', 'Python', 'SQL']",5
JOB07805,Product Analyst,"['Excel', 'Product Analytics', 'Python', 'SQL']",4
JOB07806,QA Engineer,"['Automation Testing', 'Java', 'Python', 'SQL', 'Selenium']",5
JOB07807,Machine Learning Engineer,"['Docker', 'Machine Learning', 'Python', 'Scikit-learn', 'TensorFlow']",5
JOB07808,DevOps Engineer,"['AWS', 'Cloud Computing', 'Docker', 'Jenkins', 'Kubernetes', 'Linux']",6
JOB07809,SQL Developer,"['Database', 'ETL', 'MySQL', 'PostgreSQL', 'SQL']",5
JOB07810,Business Analyst,"['Business Analysis', 'Excel', 'Power BI', 'Requirements Gathering', 'SQL']",5
JOB07811,Marketing Analyst,"['Excel', 'Marketing Analytics', 'Power BI', 'Python', 'SQL']",5
JOB07812,Data Scientist,"['Machine Learning', 'Pandas', 'Python', 'SQL', 'Statistics']",5
JOB07813,DevOps Engineer,"['AWS', 'Docker', 'Jenkins', 'Kubernetes', 'Linux']",5
JOB07814,DevOps Engineer,"['AWS', 'Docker', 'Jenkins', 'Kubernetes', 'Linux']",5
JOB07815,Data Scientist,"['Machine Learning', 'Pandas', 'Python', 'SQL', 'Statistics']",5
JOB07816,HR Analyst,"['Data Analysis', 'Excel', 'HR Analytics', 'Power BI', 'SQL']",5
JOB07817,Full Stack Developer,"['CSS', 'HTML', 'Java', 'JavaScript', 'Machine Learning', 'Node', 'React']",7
JOB07818,Python Developer,"['Django', 'Flask', 'Git', 'Python', 'SQL']",5
JOB07819,Machine Learning Engineer,"['Docker', 'Machine Learning', 'Python', 'Scikit-learn', 'TensorFlow']",5
JOB07820,Data Analyst,"['Excel', 'Power BI', 'Python', 'SQL', 'Tableau']",5
JOB07821,Business Analyst,"['Business Analysis', 'Excel', 'Power BI', 'Requirements Gathering', 'SQL']",5
JOB07822,DevOps Engineer,"['AWS', 'Docker', 'Jenkins', 'Kubernetes', 'Linux']",5
JOB07823,Data Analyst,"['Cloud Computing', 'Excel', 'Power BI', 'Python', 'SQL', 'Tableau']",6
JOB07824,Python Developer,"['Django', 'Flask', 'Git', 'Python', 'SQL']",5
JOB07825,Python Developer,"['Django', 'Flask', 'Git', 'Python', 'SQL']",5
JOB07826,Cloud Engineer,"['AWS', 'Azure', 'Cloud Computing', 'Docker', 'Linux']",5
JOB07827,SQL Developer,"['Database', 'ETL', 'MySQL', 'PostgreSQL', 'SQL']",5
JOB07828,Data Analyst,"['Excel', 'Power BI', 'Python', 'SQL', 'Tableau']",5
JOB07829,Web Developer,"['CSS', 'Git', 'HTML', 'Java', 'JavaScript', 'Machine Learning', 'React']",7
JOB07830,HR Analyst,"['Data Analysis', 'Excel', 'HR Analytics', 'Power BI', 'SQL']",5
JOB07831,Python Developer,"['Django', 'Flask', 'Git', 'Python', 'SQL']",5
JOB07832,Product Analyst,"['Excel', 'Product Analytics', 'Python', 'SQL']",4
JOB07833,QA Engineer,"['Automation Testing', 'Java', 'Python', 'SQL', 'Selenium']",5
JOB07834,Database Administrator,"['Database', 'Database Administration', 'MySQL', 'Oracle', 'PostgreSQL', 'SQL']",6
JOB07835,Web Developer,"['CSS', 'Git', 'HTML', 'Java', 'JavaScript', 'Machine Learning', 'React']",7
JOB07836,Financial Analyst,"['Excel', 'Financial Modeling', 'Power BI', 'SQL', 'Statistics']",5
JOB07837,Web Developer,"['CSS', 'Git', 'HTML', 'Java', 'JavaScript', 'Machine Learning', 'React']",7
JOB07838,SQL Developer,"['Database', 'ETL', 'MySQL', 'PostgreSQL', 'SQL']",5
JOB07839,Database Administrator,"['Database', 'Database Administration', 'MySQL', 'Oracle', 'PostgreSQL', 'SQL']",6
JOB07840,Database Administrator,"['Database', 'Database Administration', 'MySQL', 'Oracle', 'PostgreSQL', 'SQL']",6
JOB07841,SQL Developer,"['Database', 'ETL', 'MySQL', 'PostgreSQL', 'SQL']",5
JOB07842,Marketing Analyst,"['Excel', 'Marketing Analytics', 'Power BI', 'Python', 'SQL']",5
JOB07843,Data Engineer,"['AWS', 'ETL', 'Python', 'SQL', 'Spark']",5
JOB07844,QA Engineer,"['Automation Testing', 'Java', 'Python', 'SQL', 'Selenium']",5
JOB07845,Web Developer,"['CSS', 'Cloud Computing', 'Git', 'HTML', 'Java', 'JavaScript', 'Machine Learning', 'React']",8
JOB07846,Data Engineer,"['AWS', 'ETL', 'Oracle', 'Python', 'SQL', 'Spark']",6
JOB07847,Database Administrator,"['Cloud Computing', 'Database', 'Database Administration', 'MySQL', 'Oracle', 'PostgreSQL', 'SQL']",7
JOB07848,SQL Developer,"['Database', 'ETL', 'MySQL', 'PostgreSQL', 'SQL']",5
JOB07849,Python Developer,"['Django', 'Flask', 'Git', 'Python', 'SQL']",5
JOB07850,Full Stack Developer,"['CSS', 'HTML', 'Java', 'JavaScript', 'Machine Learning', 'Node', 'React']",7
JOB07851,Web Developer,"['CSS', 'Git', 'HTML', 'Java', 'JavaScript', 'Machine Learning', 'React']",7
JOB07852,DevOps Engineer,"['AWS', 'Docker', 'Jenkins', 'Kubernetes', 'Linux']",5
JOB07853,Database Administrator,"['Database', 'Database Administration', 'MySQL', 'Oracle', 'PostgreSQL', 'SQL']",6
JOB07854,Data Analyst,"['Excel', 'Power BI', 'Python', 'SQL', 'Tableau']",5
JOB07855,Software Engineer,"['Git', 'Java', 'Oracle', 'Python', 'REST API', 'SQL']",6
JOB07856,Cloud Engineer,"['AWS', 'Azure', 'Cloud Computing', 'Docker', 'Linux']",5
JOB07857,Full Stack Developer,"['CSS', 'HTML', 'Java', 'JavaScript', 'Machine Learning', 'Node', 'React']",7
JOB07858,Data Scientist,"['Machine Learning', 'Pandas', 'Python', 'SQL', 'Statistics']",5
JOB07859,Power BI Developer,"['DAX', 'Excel', 'Oracle', 'Power BI', 'Power Query', 'SQL']",6
JOB07860,Financial Analyst,"['Excel', 'Financial Modeling', 'Power BI', 'SQL', 'Statistics']",5
JOB07861,SQL Developer,"['Database', 'ETL', 'MySQL', 'PostgreSQL', 'SQL']",5
JOB07862,Software Engineer,"['Git', 'Java', 'Oracle', 'Python', 'REST API', 'SQL']",6
JOB07863,Data Analyst,"['Excel', 'Power BI', 'Python', 'SQL', 'Tableau']",5
JOB07864,Data Scientist,"['Machine Learning', 'Pandas', 'Python', 'SQL', 'Statistics']",5
JOB07865,Machine Learning Engineer,"['Docker', 'Machine Learning', 'Python', 'Scikit-learn', 'TensorFlow']",5
JOB07866,Business Analyst,"['Business Analysis', 'Excel', 'Power BI', 'Requirements Gathering', 'SQL']",5
JOB07867,Power BI Developer,"['DAX', 'Excel', 'Power BI', 'Power Query', 'SQL']",5
JOB07868,QA Engineer,"['Automation Testing', 'Java', 'Python', 'SQL', 'Selenium']",5
JOB07869,QA Engineer,"['Automation Testing', 'Java', 'Python', 'SQL', 'Selenium']",5
JOB07870,Full Stack Developer,"['CSS', 'HTML', 'Java', 'JavaScript', 'Machine Learning', 'Node', 'React']",7
JOB07871,Business Analyst,"['Business Analysis', 'Excel', 'Power BI', 'Requirements Gathering', 'SQL']",5
JOB07872,DevOps Engineer,"['AWS', 'Docker', 'Jenkins', 'Kubernetes', 'Linux', 'Oracle']",6
JOB07873,Financial Analyst,"['Excel', 'Financial Modeling', 'Power BI', 'SQL', 'Statistics']",5
JOB07874,Machine Learning Engineer,"['Docker', 'Machine Learning', 'Python', 'Scikit-learn', 'TensorFlow']",5
JOB07875,SQL Developer,"['Database', 'ETL', 'MySQL', 'PostgreSQL', 'SQL']",5
JOB07876,Web Developer,"['CSS', 'Git', 'HTML', 'Java', 'JavaScript', 'Machine Learning', 'React']",7
JOB07877,Machine Learning Engineer,"['Docker', 'Machine Learning', 'Python', 'Scikit-learn', 'TensorFlow']",5
JOB07878,Web Developer,"['CSS', 'Git', 'HTML', 'Java', 'JavaScript', 'Machine Learning', 'React']",7
JOB07879,Power BI Developer,"['DAX', 'Excel', 'Power BI', 'Power Query', 'SQL']",5
JOB07880,Python Developer,"['Django', 'Flask', 'Git', 'Python', 'SQL']",5
JOB07881,Cloud Engineer,"['AWS', 'Azure', 'Cloud Computing', 'Docker', 'Linux']",5
JOB07882,SQL Developer,"['Database', 'ETL', 'MySQL', 'PostgreSQL', 'SQL']",5
JOB07883,DevOps Engineer,"['AWS', 'Docker', 'Jenkins', 'Kubernetes', 'Linux']",5
JOB07884,Software Engineer,"['Git', 'Java', 'Python', 'REST API', 'SQL']",5
JOB07885,Data Analyst,"['Excel', 'Power BI', 'Python', 'SQL', 'Tableau']",5
JOB07886,DevOps Engineer,"['AWS', 'Cloud Computing', 'Docker', 'Jenkins', 'Kubernetes', 'Linux']",6
JOB07887,QA Engineer,"['Automation Testing', 'Java', 'Python', 'SQL', 'Selenium']",5
JOB07888,Cloud Engineer,"['AWS', 'Azure', 'Cloud Computing', 'Docker', 'Linux']",5
JOB07889,HR Analyst,"['Data Analysis', 'Excel', 'HR Analytics', 'Power BI', 'SQL']",5
JOB07890,Cloud Engineer,"['AWS', 'Azure', 'Cloud Computing', 'Docker', 'Linux']",5
JOB07891,Data Engineer,"['AWS', 'ETL', 'Python', 'SQL', 'Spark']",5
JOB07892,Web Developer,"['CSS', 'Git', 'HTML', 'Java', 'JavaScript', 'Machine Learning', 'React']",7
JOB07893,Database Administrator,"['Database', 'Database Administration', 'MySQL', 'Oracle', 'PostgreSQL', 'SQL']",6
JOB07894,Data Engineer,"['AWS', 'ETL', 'Python', 'SQL', 'Spark']",5
JOB07895,Machine Learning Engineer,"['Docker', 'Machine Learning', 'Python', 'Scikit-learn', 'TensorFlow']",5
JOB07896,Data Scientist,"['Machine Learning', 'Pandas', 'Python', 'SQL', 'Statistics']",5
JOB07897,DevOps Engineer,"['AWS', 'Docker', 'Jenkins', 'Kubernetes', 'Linux']",5
JOB07898,SQL Developer,"['Database', 'ETL', 'MySQL', 'PostgreSQL', 'SQL']",5
JOB07899,Full Stack Developer,"['CSS', 'HTML', 'Java', 'JavaScript', 'Machine Learning', 'Node', 'React']",7
JOB07900,Machine Learning Engineer,"['Docker', 'Machine Learning', 'Python', 'Scikit-learn', 'TensorFlow']",5
JOB07901,DevOps Engineer,"['AWS', 'Docker', 'Jenkins', 'Kubernetes', 'Linux']",5
JOB07902,QA Engineer,"['Automation Testing', 'Java', 'Python', 'SQL', 'Selenium']",5
JOB07903,Business Analyst,"['Business Analysis', 'Excel', 'Power BI', 'Requirements Gathering', 'SQL']",5
JOB07904,Web Developer,"['CSS', 'Cloud Computing', 'Git', 'HTML', 'Java', 'JavaScript', 'Machine Learning', 'React']",8
JOB07905,HR Analyst,"['Data Analysis', 'Excel', 'HR Analytics', 'Power BI', 'SQL']",5
JOB07906,HR Analyst,"['Data Analysis', 'Excel', 'HR Analytics', 'Power BI', 'SQL']",5
JOB07907,Product Analyst,"['Excel', 'Product Analytics', 'Python', 'SQL']",4
JOB07908,BI Analyst,"['Cloud Computing', 'DAX', 'Data Visualization', 'Excel', 'Power BI', 'SQL']",6
JOB07909,Python Developer,"['Django', 'Flask', 'Git', 'Python', 'SQL']",5
JOB07910,DevOps Engineer,"['AWS', 'Docker', 'Jenkins', 'Kubernetes', 'Linux']",5
JOB07911,Web Developer,"['CSS', 'Git', 'HTML', 'Java', 'JavaScript', 'Machine Learning', 'React']",7
JOB07912,Product Analyst,"['Excel', 'Product Analytics', 'Python', 'SQL']",4
JOB07913,QA Engineer,"['Automation Testing', 'Java', 'Python', 'SQL', 'Selenium']",5
JOB07914,Web Developer,"['CSS', 'Git', 'HTML', 'Java', 'JavaScript', 'Machine Learning', 'React']",7
JOB07915,Data Scientist,"['Cloud Computing', 'Machine Learning', 'Pandas', 'Python', 'SQL', 'Statistics']",6
JOB07916,Power BI Developer,"['Cloud Computing', 'DAX', 'Excel', 'Power BI', 'Power Query', 'SQL']",6
JOB07917,Product Analyst,"['Excel', 'Product Analytics', 'Python', 'SQL']",4
JOB07918,Full Stack Developer,"['CSS', 'HTML', 'Java', 'JavaScript', 'Machine Learning', 'Node', 'React']",7
JOB07919,Marketing Analyst,"['Excel', 'Marketing Analytics', 'Power BI', 'Python', 'SQL']",5
JOB07920,Web Developer,"['CSS', 'Git', 'HTML', 'Java', 'JavaScript', 'Machine Learning', 'React']",7
JOB07921,Software Engineer,"['Git', 'Java', 'Python', 'REST API', 'SQL']",5
JOB07922,SQL Developer,"['Database', 'ETL', 'MySQL', 'PostgreSQL', 'SQL']",5
JOB07923,Cloud Engineer,"['AWS', 'Azure', 'Cloud Computing', 'Docker', 'Linux']",5
JOB07924,SQL Developer,"['Cloud Computing', 'Database', 'ETL', 'MySQL', 'PostgreSQL', 'SQL']",6
JOB07925,Power BI Developer,"['DAX', 'Excel', 'Power BI', 'Power Query', 'SQL']",5
JOB07926,Machine Learning Engineer,"['Docker', 'Machine Learning', 'Python', 'Scikit-learn', 'TensorFlow']",5
JOB07927,Business Analyst,"['Business Analysis', 'Excel', 'Power BI', 'Requirements Gathering', 'SQL']",5
JOB07928,Data Engineer,"['AWS', 'ETL', 'Python', 'SQL', 'Spark']",5
JOB07929,Database Administrator,"['Database', 'Database Administration', 'MySQL', 'Oracle', 'PostgreSQL', 'SQL']",6
JOB07930,Machine Learning Engineer,"['Cloud Computing', 'Docker', 'Machine Learning', 'Python', 'Scikit-learn', 'TensorFlow']",6
JOB07931,Machine Learning Engineer,"['Docker', 'Machine Learning', 'Python', 'Scikit-learn', 'TensorFlow']",5
JOB07932,BI Analyst,"['DAX', 'Data Visualization', 'Excel', 'Power BI', 'SQL']",5
JOB07933,BI Analyst,"['DAX', 'Data Visualization', 'Excel', 'Power BI', 'SQL']",5
JOB07934,Data Analyst,"['Excel', 'Power BI', 'Python', 'SQL', 'Tableau']",5
JOB07935,Marketing Analyst,"['Excel', 'Marketing Analytics', 'Power BI', 'Python', 'SQL']",5
JOB07936,SQL Developer,"['Database', 'ETL', 'MySQL', 'PostgreSQL', 'SQL']",5
JOB07937,SQL Developer,"['Database', 'ETL', 'MySQL', 'PostgreSQL', 'SQL']",5
JOB07938,Web Developer,"['CSS', 'Git', 'HTML', 'Java', 'JavaScript', 'Machine Learning', 'React']",7
JOB07939,Cloud Engineer,"['AWS', 'Azure', 'Cloud Computing', 'Docker', 'Linux']",5
JOB07940,QA Engineer,"['Automation Testing', 'Java', 'Python', 'SQL', 'Selenium']",5
JOB07941,Data Analyst,"['Excel', 'Power BI', 'Python', 'SQL', 'Tableau']",5
JOB07942,Full Stack Developer,"['CSS', 'HTML', 'Java', 'JavaScript', 'Machine Learning', 'Node', 'React']",7
JOB07943,Cloud Engineer,"['AWS', 'Azure', 'Cloud Computing', 'Docker', 'Linux']",5
JOB07944,Marketing Analyst,"['Excel', 'Marketing Analytics', 'Power BI', 'Python', 'SQL']",5
JOB07945,Power BI Developer,"['DAX', 'Excel', 'Power BI', 'Power Query', 'SQL']",5
JOB07946,Power BI Developer,"['DAX', 'Excel', 'Power BI', 'Power Query', 'SQL']",5
JOB07947,Database Administrator,"['Database', 'Database Administration', 'MySQL', 'Oracle', 'PostgreSQL', 'SQL']",6
JOB07948,Power BI Developer,"['DAX', 'Excel', 'Power BI', 'Power Query', 'SQL']",5
JOB07949,Cloud Engineer,"['AWS', 'Azure', 'Cloud Computing', 'Docker', 'Linux']",5
JOB07950,Financial Analyst,"['Excel', 'Financial Modeling', 'Power BI', 'SQL', 'Statistics']",5
JOB07951,Business Analyst,"['Business Analysis', 'Excel', 'Power BI', 'Requirements Gathering', 'SQL']",5
JOB07952,Product Analyst,"['Excel', 'Product Analytics', 'Python', 'SQL']",4
JOB07953,Web Developer,"['CSS', 'Git', 'HTML', 'Java', 'JavaScript', 'Machine Learning', 'React']",7
JOB07954,Cloud Engineer,"['AWS', 'Azure', 'Cloud Computing', 'Docker', 'Linux']",5
JOB07955,Full Stack Developer,"['CSS', 'HTML', 'Java', 'JavaScript', 'Machine Learning', 'Node', 'React']",7
JOB07956,DevOps Engineer,"['AWS', 'Docker', 'Jenkins', 'Kubernetes', 'Linux']",5
JOB07957,SQL Developer,"['Database', 'ETL', 'MySQL', 'PostgreSQL', 'SQL']",5
JOB07958,Financial Analyst,"['Excel', 'Financial Modeling', 'Power BI', 'SQL', 'Statistics']",5
JOB07959,Database Administrator,"['Database', 'Database Administration', 'MySQL', 'Oracle', 'PostgreSQL', 'SQL']",6
JOB07960,Data Scientist,"['Machine Learning', 'Pandas', 'Python', 'SQL', 'Statistics']",5
JOB07961,Product Analyst,"['Excel', 'Product Analytics', 'Python', 'SQL']",4
JOB07962,QA Engineer,"['Automation Testing', 'Java', 'Python', 'SQL', 'Selenium']",5
JOB07963,Data Engineer,"['AWS', 'Cloud Computing', 'ETL', 'Python', 'SQL', 'Spark']",6
JOB07964,Business Analyst,"['Business Analysis', 'Excel', 'Power BI', 'Requirements Gathering', 'SQL']",5
JOB07965,Power BI Developer,"['DAX', 'Excel', 'Power BI', 'Power Query', 'SQL']",5
JOB07966,BI Analyst,"['DAX', 'Data Visualization', 'Excel', 'Power BI', 'SQL']",5
JOB07967,Data Analyst,"['Excel', 'Power BI', 'Python', 'SQL', 'Tableau']",5
JOB07968,Data Engineer,"['AWS', 'ETL', 'Python', 'SQL', 'Spark']",5
JOB07969,Python Developer,"['Django', 'Flask', 'Git', 'Oracle', 'Python', 'SQL']",6
JOB07970,Machine Learning Engineer,"['Docker', 'Machine Learning', 'Python', 'Scikit-learn', 'TensorFlow']",5
JOB07971,QA Engineer,"['Automation Testing', 'Java', 'Python', 'SQL', 'Selenium']",5
JOB07972,Financial Analyst,"['Excel', 'Financial Modeling', 'Power BI', 'SQL', 'Statistics']",5
JOB07973,SQL Developer,"['Database', 'ETL', 'MySQL', 'PostgreSQL', 'SQL']",5
JOB07974,HR Analyst,"['Data Analysis', 'Excel', 'HR Analytics', 'Oracle', 'Power BI', 'SQL']",6
JOB07975,Power BI Developer,"['DAX', 'Excel', 'Power BI', 'Power Query', 'SQL']",5
JOB07976,Machine Learning Engineer,"['Docker', 'Machine Learning', 'Python', 'Scikit-learn', 'TensorFlow']",5
JOB07977,Financial Analyst,"['Excel', 'Financial Modeling', 'Power BI', 'SQL', 'Statistics']",5
JOB07978,Marketing Analyst,"['Excel', 'Marketing Analytics', 'Power BI', 'Python', 'SQL']",5
JOB07979,BI Analyst,"['Cloud Computing', 'DAX', 'Data Visualization', 'Excel', 'Power BI', 'SQL']",6
JOB07980,QA Engineer,"['Automation Testing', 'Java', 'Python', 'SQL', 'Selenium']",5
JOB07981,Data Scientist,"['Machine Learning', 'Pandas', 'Python', 'SQL', 'Statistics']",5
JOB07982,Machine Learning Engineer,"['Cloud Computing', 'Docker', 'Machine Learning', 'Python', 'Scikit-learn', 'TensorFlow']",6
JOB07983,Data Scientist,"['Machine Learning', 'Pandas', 'Python', 'SQL', 'Statistics']",5
JOB07984,HR Analyst,"['Data Analysis', 'Excel', 'HR Analytics', 'Power BI', 'SQL']",5
JOB07985,Data Analyst,"['Excel', 'Power BI', 'Python', 'SQL', 'Tableau']",5
JOB07986,Financial Analyst,"['Excel', 'Financial Modeling', 'Power BI', 'SQL', 'Statistics']",5
JOB07987,Python Developer,"['Django', 'Flask', 'Git', 'Python', 'SQL']",5
JOB07988,Power BI Developer,"['DAX', 'Excel', 'Power BI', 'Power Query', 'SQL']",5
JOB07989,Database Administrator,"['Cloud Computing', 'Database', 'Database Administration', 'MySQL', 'Oracle', 'PostgreSQL', 'SQL']",7
JOB07990,Data Scientist,"['Machine Learning', 'Pandas', 'Python', 'SQL', 'Statistics']",5
JOB07991,Full Stack Developer,"['CSS', 'HTML', 'Java', 'JavaScript', 'Machine Learning', 'Node', 'React']",7
JOB07992,Marketing Analyst,"['Excel', 'Marketing Analytics', 'Power BI', 'Python', 'SQL']",5
JOB07993,Business Analyst,"['Business Analysis', 'Excel', 'Power BI', 'Requirements Gathering', 'SQL']",5
JOB07994,Full Stack Developer,"['CSS', 'HTML', 'Java', 'JavaScript', 'Machine Learning', 'Node', 'React']",7
JOB07995,Python Developer,"['Django', 'Flask', 'Git', 'Python', 'SQL']",5
JOB07996,BI Analyst,"['DAX', 'Data Visualization', 'Excel', 'Power BI', 'SQL']",5
JOB07997,SQL Developer,"['Database', 'ETL', 'MySQL', 'PostgreSQL', 'SQL']",5
JOB07998,Python Developer,"['Django', 'Flask', 'Git', 'Python', 'SQL']",5
JOB07999,Data Scientist,"['Machine Learning', 'Pandas', 'Python', 'SQL', 'Statistics']",5
JOB08000,Full Stack Developer,"['CSS', 'HTML', 'Java', 'JavaScript', 'Machine Learning', 'Node', 'React']",7
JOB08001,Database Administrator,"['Database', 'Database Administration', 'MySQL', 'Oracle', 'PostgreSQL', 'SQL']",6
JOB08002,Software Engineer,"['Git', 'Java', 'Python', 'REST API', 'SQL']",5
JOB08003,Data Scientist,"['Machine Learning', 'Pandas', 'Python', 'SQL', 'Statistics']",5
JOB08004,Full Stack Developer,"['CSS', 'HTML', 'Java', 'JavaScript', 'Machine Learning', 'Node', 'React']",7
JOB08005,Power BI Developer,"['DAX', 'Excel', 'Power BI', 'Power Query', 'SQL']",5
JOB08006,Database Administrator,"['Database', 'Database Administration', 'MySQL', 'Oracle', 'PostgreSQL', 'SQL']",6
JOB08007,SQL Developer,"['Database', 'ETL', 'MySQL', 'PostgreSQL', 'SQL']",5
JOB08008,BI Analyst,"['DAX', 'Data Visualization', 'Excel', 'Power BI', 'SQL']",5
JOB08009,Power BI Developer,"['DAX', 'Excel', 'Power BI', 'Power Query', 'SQL']",5
JOB08010,Business Analyst,"['Business Analysis', 'Excel', 'Power BI', 'Requirements Gathering', 'SQL']",5
JOB08011,Marketing Analyst,"['Excel', 'Marketing Analytics', 'Power BI', 'Python', 'SQL']",5
JOB08012,Cloud Engineer,"['AWS', 'Azure', 'Cloud Computing', 'Docker', 'Linux']",5
JOB08013,Software Engineer,"['Git', 'Java', 'Python', 'REST API', 'SQL']",5
JOB08014,QA Engineer,"['Automation Testing', 'Java', 'Python', 'SQL', 'Selenium']",5
JOB08015,Business Analyst,"['Business Analysis', 'Excel', 'Power BI', 'Requirements Gathering', 'SQL']",5
JOB08016,Data Scientist,"['Machine Learning', 'Pandas', 'Python', 'SQL', 'Statistics']",5
JOB08017,Machine Learning Engineer,"['Docker', 'Machine Learning', 'Python', 'Scikit-learn', 'TensorFlow']",5
JOB08018,Data Analyst,"['Excel', 'Power BI', 'Python', 'SQL', 'Tableau']",5
JOB08019,Full Stack Developer,"['CSS', 'HTML', 'Java', 'JavaScript', 'Machine Learning', 'Node', 'React']",7
JOB08020,Data Analyst,"['Excel', 'Oracle', 'Power BI', 'Python', 'SQL', 'Tableau']",6
JOB08021,Data Engineer,"['AWS', 'ETL', 'Python', 'SQL', 'Spark']",5
JOB08022,Data Scientist,"['Machine Learning', 'Pandas', 'Python', 'SQL', 'Statistics']",5
JOB08023,Cloud Engineer,"['AWS', 'Azure', 'Cloud Computing', 'Docker', 'Linux']",5
JOB08024,Product Analyst,"['Excel', 'Product Analytics', 'Python', 'SQL']",4
JOB08025,Database Administrator,"['Database', 'Database Administration', 'MySQL', 'Oracle', 'PostgreSQL', 'SQL']",6
JOB08026,SQL Developer,"['Cloud Computing', 'Database', 'ETL', 'MySQL', 'PostgreSQL', 'SQL']",6
JOB08027,BI Analyst,"['DAX', 'Data Visualization', 'Excel', 'Power BI', 'SQL']",5
JOB08028,SQL Developer,"['Database', 'ETL', 'MySQL', 'PostgreSQL', 'SQL']",5
JOB08029,Database Administrator,"['Database', 'Database Administration', 'MySQL', 'Oracle', 'PostgreSQL', 'SQL']",6
JOB08030,Full Stack Developer,"['CSS', 'HTML', 'Java', 'JavaScript', 'Machine Learning', 'Node', 'React']",7
JOB08031,Database Administrator,"['Database', 'Database Administration', 'MySQL', 'Oracle', 'PostgreSQL', 'SQL']",6
JOB08032,Data Engineer,"['AWS', 'ETL', 'Python', 'SQL', 'Spark']",5
JOB08033,Software Engineer,"['Git', 'Java', 'Python', 'REST API', 'SQL']",5
JOB08034,Web Developer,"['CSS', 'Git', 'HTML', 'Java', 'JavaScript', 'Machine Learning', 'React']",7
JOB08035,Machine Learning Engineer,"['Docker', 'Machine Learning', 'Python', 'Scikit-learn', 'TensorFlow']",5
JOB08036,Marketing Analyst,"['Excel', 'Marketing Analytics', 'Oracle', 'Power BI', 'Python', 'SQL']",6
JOB08037,BI Analyst,"['DAX', 'Data Visualization', 'Excel', 'Power BI', 'SQL']",5
JOB08038,Power BI Developer,"['DAX', 'Excel', 'Power BI', 'Power Query', 'SQL']",5
JOB08039,Product Analyst,"['Excel', 'Product Analytics', 'Python', 'SQL']",4
JOB08040,Data Engineer,"['AWS', 'ETL', 'Python', 'SQL', 'Spark']",5
JOB08041,Full Stack Developer,"['CSS', 'HTML', 'Java', 'JavaScript', 'Machine Learning', 'Node', 'React']",7
JOB08042,Cloud Engineer,"['AWS', 'Azure', 'Cloud Computing', 'Docker', 'Linux']",5
JOB08043,QA Engineer,"['Automation Testing', 'Java', 'Python', 'SQL', 'Selenium']",5
JOB08044,Marketing Analyst,"['Excel', 'Marketing Analytics', 'Oracle', 'Power BI', 'Python', 'SQL']",6
JOB08045,Python Developer,"['Django', 'Flask', 'Git', 'Python', 'SQL']",5
JOB08046,Business Analyst,"['Business Analysis', 'Excel', 'Power BI', 'Requirements Gathering', 'SQL']",5
JOB08047,Marketing Analyst,"['Excel', 'Marketing Analytics', 'Power BI', 'Python', 'SQL']",5
JOB08048,HR Analyst,"['Data Analysis', 'Excel', 'HR Analytics', 'Power BI', 'SQL']",5
JOB08049,Cloud Engineer,"['AWS', 'Azure', 'Cloud Computing', 'Docker', 'Linux']",5
JOB08050,SQL Developer,"['Database', 'ETL', 'MySQL', 'PostgreSQL', 'SQL']",5
JOB08051,Marketing Analyst,"['Excel', 'Marketing Analytics', 'Power BI', 'Python', 'SQL']",5
JOB08052,Business Analyst,"['Business Analysis', 'Excel', 'Power BI', 'Requirements Gathering', 'SQL']",5
JOB08053,BI Analyst,"['DAX', 'Data Visualization', 'Excel', 'Power BI', 'SQL']",5
JOB08054,Software Engineer,"['Git', 'Java', 'Python', 'REST API', 'SQL']",5
JOB08055,Data Scientist,"['Machine Learning', 'Pandas', 'Python', 'SQL', 'Statistics']",5
JOB08056,Power BI Developer,"['DAX', 'Excel', 'Power BI', 'Power Query', 'SQL']",5
JOB08057,Data Engineer,"['AWS', 'ETL', 'Python', 'SQL', 'Spark']",5
JOB08058,Data Analyst,"['Excel', 'Power BI', 'Python', 'SQL', 'Tableau']",5
JOB08059,Cloud Engineer,"['AWS', 'Azure', 'Cloud Computing', 'Docker', 'Linux']",5
JOB08060,Data Analyst,"['Excel', 'Oracle', 'Power BI', 'Python', 'SQL', 'Tableau']",6
JOB08061,Database Administrator,"['Database', 'Database Administration', 'MySQL', 'Oracle', 'PostgreSQL', 'SQL']",6
JOB08062,Software Engineer,"['Git', 'Java', 'Python', 'REST API', 'SQL']",5
JOB08063,Database Administrator,"['Database', 'Database Administration', 'MySQL', 'Oracle', 'PostgreSQL', 'SQL']",6
JOB08064,Product Analyst,"['Excel', 'Product Analytics', 'Python', 'SQL']",4
JOB08065,Business Analyst,"['Business Analysis', 'Excel', 'Power BI', 'Requirements Gathering', 'SQL']",5
JOB08066,Python Developer,"['Django', 'Flask', 'Git', 'Python', 'SQL']",5
JOB08067,DevOps Engineer,"['AWS', 'Docker', 'Jenkins', 'Kubernetes', 'Linux']",5
JOB08068,Power BI Developer,"['DAX', 'Excel', 'Power BI', 'Power Query', 'SQL']",5
JOB08069,BI Analyst,"['DAX', 'Data Visualization', 'Excel', 'Power BI', 'SQL']",5
JOB08070,Database Administrator,"['Database', 'Database Administration', 'MySQL', 'Oracle', 'PostgreSQL', 'SQL']",6
JOB08071,Product Analyst,"['Excel', 'Product Analytics', 'Python', 'SQL']",4
JOB08072,Power BI Developer,"['DAX', 'Excel', 'Power BI', 'Power Query', 'SQL']",5
JOB08073,Product Analyst,"['Cloud Computing', 'Excel', 'Product Analytics', 'Python', 'SQL']",5
JOB08074,Python Developer,"['Django', 'Flask', 'Git', 'Python', 'SQL']",5
JOB08075,Business Analyst,"['Business Analysis', 'Cloud Computing', 'Excel', 'Power BI', 'Requirements Gathering', 'SQL']",6
JOB08076,Data Scientist,"['Machine Learning', 'Pandas', 'Python', 'SQL', 'Statistics']",5
JOB08077,DevOps Engineer,"['AWS', 'Docker', 'Jenkins', 'Kubernetes', 'Linux']",5
JOB08078,Data Scientist,"['Machine Learning', 'Pandas', 'Python', 'SQL', 'Statistics']",5
JOB08079,HR Analyst,"['Data Analysis', 'Excel', 'HR Analytics', 'Power BI', 'SQL']",5
JOB08080,DevOps Engineer,"['AWS', 'Docker', 'Jenkins', 'Kubernetes', 'Linux']",5
JOB08081,Power BI Developer,"['DAX', 'Excel', 'Power BI', 'Power Query', 'SQL']",5
JOB08082,Data Scientist,"['Machine Learning', 'Pandas', 'Python', 'SQL', 'Statistics']",5
JOB08083,BI Analyst,"['DAX', 'Data Visualization', 'Excel', 'Power BI', 'SQL']",5
JOB08084,SQL Developer,"['Database', 'ETL', 'MySQL', 'PostgreSQL', 'SQL']",5
JOB08085,QA Engineer,"['Automation Testing', 'Java', 'Python', 'SQL', 'Selenium']",5
JOB08086,Product Analyst,"['Excel', 'Product Analytics', 'Python', 'SQL']",4
JOB08087,Cloud Engineer,"['AWS', 'Azure', 'Cloud Computing', 'Docker', 'Linux']",5
JOB08088,Marketing Analyst,"['Excel', 'Marketing Analytics', 'Power BI', 'Python', 'SQL']",5
JOB08089,Product Analyst,"['Excel', 'Product Analytics', 'Python', 'SQL']",4
JOB08090,Full Stack Developer,"['CSS', 'HTML', 'Java', 'JavaScript', 'Machine Learning', 'Node', 'React']",7
JOB08091,Product Analyst,"['Excel', 'Product Analytics', 'Python', 'SQL']",4
JOB08092,HR Analyst,"['Data Analysis', 'Excel', 'HR Analytics', 'Power BI', 'SQL']",5
JOB08093,Software Engineer,"['Git', 'Java', 'Python', 'REST API', 'SQL']",5
JOB08094,Data Scientist,"['Machine Learning', 'Oracle', 'Pandas', 'Python', 'SQL', 'Statistics']",6
JOB08095,Business Analyst,"['Business Analysis', 'Excel', 'Power BI', 'Requirements Gathering', 'SQL']",5
JOB08096,DevOps Engineer,"['AWS', 'Docker', 'Jenkins', 'Kubernetes', 'Linux']",5
JOB08097,Marketing Analyst,"['Excel', 'Marketing Analytics', 'Power BI', 'Python', 'SQL']",5
JOB08098,Data Analyst,"['Cloud Computing', 'Excel', 'Power BI', 'Python', 'SQL', 'Tableau']",6
JOB08099,Cloud Engineer,"['AWS', 'Azure', 'Cloud Computing', 'Docker', 'Linux']",5
JOB08100,Web Developer,"['CSS', 'Git', 'HTML', 'Java', 'JavaScript', 'Machine Learning', 'React']",7
JOB08101,HR Analyst,"['Data Analysis', 'Excel', 'HR Analytics', 'Oracle', 'Power BI', 'SQL']",6
JOB08102,Data Engineer,"['AWS', 'ETL', 'Python', 'SQL', 'Spark']",5
JOB08103,BI Analyst,"['DAX', 'Data Visualization', 'Excel', 'Power BI', 'SQL']",5
JOB08104,DevOps Engineer,"['AWS', 'Docker', 'Jenkins', 'Kubernetes', 'Linux', 'Oracle']",6
JOB08105,Machine Learning Engineer,"['Docker', 'Machine Learning', 'Python', 'Scikit-learn', 'TensorFlow']",5
JOB08106,Power BI Developer,"['DAX', 'Excel', 'Power BI', 'Power Query', 'SQL']",5
JOB08107,Product Analyst,"['Cloud Computing', 'Excel', 'Product Analytics', 'Python', 'SQL']",5
JOB08108,Power BI Developer,"['DAX', 'Excel', 'Power BI', 'Power Query', 'SQL']",5
JOB08109,Marketing Analyst,"['Excel', 'Marketing Analytics', 'Power BI', 'Python', 'SQL']",5
JOB08110,BI Analyst,"['DAX', 'Data Visualization', 'Excel', 'Power BI', 'SQL']",5
JOB08111,Financial Analyst,"['Excel', 'Financial Modeling', 'Power BI', 'SQL', 'Statistics']",5
JOB08112,Database Administrator,"['Database', 'Database Administration', 'MySQL', 'Oracle', 'PostgreSQL', 'SQL']",6
JOB08113,Financial Analyst,"['Excel', 'Financial Modeling', 'Power BI', 'SQL', 'Statistics']",5
JOB08114,DevOps Engineer,"['AWS', 'Cloud Computing', 'Docker', 'Jenkins', 'Kubernetes', 'Linux']",6
JOB08115,Database Administrator,"['Database', 'Database Administration', 'MySQL', 'Oracle', 'PostgreSQL', 'SQL']",6
JOB08116,Data Analyst,"['Excel', 'Power BI', 'Python', 'SQL', 'Tableau']",5
JOB08117,Web Developer,"['CSS', 'Git', 'HTML', 'Java', 'JavaScript', 'Machine Learning', 'React']",7
JOB08118,Marketing Analyst,"['Excel', 'Marketing Analytics', 'Power BI', 'Python', 'SQL']",5
JOB08119,Database Administrator,"['Database', 'Database Administration', 'MySQL', 'Oracle', 'PostgreSQL', 'SQL']",6
JOB08120,Financial Analyst,"['Excel', 'Financial Modeling', 'Power BI', 'SQL', 'Statistics']",5
JOB08121,Data Engineer,"['AWS', 'ETL', 'Python', 'SQL', 'Spark']",5
JOB08122,DevOps Engineer,"['AWS', 'Docker', 'Jenkins', 'Kubernetes', 'Linux']",5
JOB08123,Product Analyst,"['Excel', 'Product Analytics', 'Python', 'SQL']",4
JOB08124,Python Developer,"['Django', 'Flask', 'Git', 'Python', 'SQL']",5
JOB08125,Web Developer,"['CSS', 'Git', 'HTML', 'Java', 'JavaScript', 'Machine Learning', 'React']",7
JOB08126,Machine Learning Engineer,"['Docker', 'Machine Learning', 'Python', 'Scikit-learn', 'TensorFlow']",5
JOB08127,Cloud Engineer,"['AWS', 'Azure', 'Cloud Computing', 'Docker', 'Linux']",5
JOB08128,Business Analyst,"['Business Analysis', 'Cloud Computing', 'Excel', 'Power BI', 'Requirements Gathering', 'SQL']",6
JOB08129,Data Engineer,"['AWS', 'ETL', 'Python', 'SQL', 'Spark']",5
JOB08130,Machine Learning Engineer,"['Docker', 'Machine Learning', 'Python', 'Scikit-learn', 'TensorFlow']",5
JOB08131,Business Analyst,"['Business Analysis', 'Excel', 'Oracle', 'Power BI', 'Requirements Gathering', 'SQL']",6
JOB08132,Data Scientist,"['Machine Learning', 'Pandas', 'Python', 'SQL', 'Statistics']",5
JOB08133,Business Analyst,"['Business Analysis', 'Excel', 'Power BI', 'Requirements Gathering', 'SQL']",5
JOB08134,Financial Analyst,"['Excel', 'Financial Modeling', 'Power BI', 'SQL', 'Statistics']",5
JOB08135,Data Engineer,"['AWS', 'ETL', 'Python', 'SQL', 'Spark']",5
JOB08136,SQL Developer,"['Database', 'ETL', 'MySQL', 'PostgreSQL', 'SQL']",5
JOB08137,BI Analyst,"['DAX', 'Data Visualization', 'Excel', 'Power BI', 'SQL']",5
JOB08138,Web Developer,"['CSS', 'Git', 'HTML', 'Java', 'JavaScript', 'Machine Learning', 'React']",7
JOB08139,Business Analyst,"['Business Analysis', 'Excel', 'Power BI', 'Requirements Gathering', 'SQL']",5
JOB08140,Database Administrator,"['Database', 'Database Administration', 'MySQL', 'Oracle', 'PostgreSQL', 'SQL']",6
JOB08141,Power BI Developer,"['DAX', 'Excel', 'Power BI', 'Power Query', 'SQL']",5
JOB08142,Financial Analyst,"['Excel', 'Financial Modeling', 'Oracle', 'Power BI', 'SQL', 'Statistics']",6
JOB08143,Database Administrator,"['Database', 'Database Administration', 'MySQL', 'Oracle', 'PostgreSQL', 'SQL']",6
JOB08144,Database Administrator,"['Database', 'Database Administration', 'MySQL', 'Oracle', 'PostgreSQL', 'SQL']",6
JOB08145,SQL Developer,"['Database', 'ETL', 'MySQL', 'PostgreSQL', 'SQL']",5
JOB08146,SQL Developer,"['Database', 'ETL', 'MySQL', 'PostgreSQL', 'SQL']",5
JOB08147,BI Analyst,"['DAX', 'Data Visualization', 'Excel', 'Power BI', 'SQL']",5
JOB08148,Business Analyst,"['Business Analysis', 'Excel', 'Power BI', 'Requirements Gathering', 'SQL']",5
JOB08149,Web Developer,"['CSS', 'Git', 'HTML', 'Java', 'JavaScript', 'Machine Learning', 'React']",7
JOB08150,QA Engineer,"['Automation Testing', 'Java', 'Python', 'SQL', 'Selenium']",5
JOB08151,Power BI Developer,"['DAX', 'Excel', 'Power BI', 'Power Query', 'SQL']",5
JOB08152,Power BI Developer,"['DAX', 'Excel', 'Power BI', 'Power Query', 'SQL']",5
JOB08153,BI Analyst,"['DAX', 'Data Visualization', 'Excel', 'Oracle', 'Power BI', 'SQL']",6
JOB08154,QA Engineer,"['Automation Testing', 'Java', 'Python', 'SQL', 'Selenium']",5
JOB08155,Data Engineer,"['AWS', 'ETL', 'Python', 'SQL', 'Spark']",5
JOB08156,Full Stack Developer,"['CSS', 'HTML', 'Java', 'JavaScript', 'Machine Learning', 'Node', 'React']",7
JOB08157,Financial Analyst,"['Excel', 'Financial Modeling', 'Power BI', 'SQL', 'Statistics']",5
JOB08158,Full Stack Developer,"['CSS', 'Cloud Computing', 'HTML', 'Java', 'JavaScript', 'Machine Learning', 'Node', 'React']",8
JOB08159,Database Administrator,"['Database', 'Database Administration', 'MySQL', 'Oracle', 'PostgreSQL', 'SQL']",6
JOB08160,Data Scientist,"['Machine Learning', 'Pandas', 'Python', 'SQL', 'Statistics']",5
JOB08161,Software Engineer,"['Git', 'Java', 'Python', 'REST API', 'SQL']",5
JOB08162,Machine Learning Engineer,"['Docker', 'Machine Learning', 'Python', 'Scikit-learn', 'TensorFlow']",5
JOB08163,Product Analyst,"['Excel', 'Product Analytics', 'Python', 'SQL']",4
JOB08164,DevOps Engineer,"['AWS', 'Docker', 'Jenkins', 'Kubernetes', 'Linux']",5
JOB08165,Power BI Developer,"['DAX', 'Excel', 'Power BI', 'Power Query', 'SQL']",5
JOB08166,DevOps Engineer,"['AWS', 'Docker', 'Jenkins', 'Kubernetes', 'Linux']",5
JOB08167,Software Engineer,"['Git', 'Java', 'Python', 'REST API', 'SQL']",5
JOB08168,Power BI Developer,"['DAX', 'Excel', 'Power BI', 'Power Query', 'SQL']",5
JOB08169,DevOps Engineer,"['AWS', 'Docker', 'Jenkins', 'Kubernetes', 'Linux']",5
JOB08170,Full Stack Developer,"['CSS', 'HTML', 'Java', 'JavaScript', 'Machine Learning', 'Node', 'React']",7
JOB08171,HR Analyst,"['Data Analysis', 'Excel', 'HR Analytics', 'Power BI', 'SQL']",5
JOB08172,BI Analyst,"['DAX', 'Data Visualization', 'Excel', 'Power BI', 'SQL']",5
JOB08173,Python Developer,"['Django', 'Flask', 'Git', 'Python', 'SQL']",5
JOB08174,Cloud Engineer,"['AWS', 'Azure', 'Cloud Computing', 'Docker', 'Linux']",5
JOB08175,Machine Learning Engineer,"['Docker', 'Machine Learning', 'Python', 'Scikit-learn', 'TensorFlow']",5
JOB08176,Financial Analyst,"['Excel', 'Financial Modeling', 'Power BI', 'SQL', 'Statistics']",5
JOB08177,Database Administrator,"['Database', 'Database Administration', 'MySQL', 'Oracle', 'PostgreSQL', 'SQL']",6
JOB08178,Machine Learning Engineer,"['Docker', 'Machine Learning', 'Python', 'Scikit-learn', 'TensorFlow']",5
JOB08179,HR Analyst,"['Data Analysis', 'Excel', 'HR Analytics', 'Power BI', 'SQL']",5
JOB08180,Marketing Analyst,"['Excel', 'Marketing Analytics', 'Power BI', 'Python', 'SQL']",5
JOB08181,Marketing Analyst,"['Excel', 'Marketing Analytics', 'Power BI', 'Python', 'SQL']",5
JOB08182,Product Analyst,"['Excel', 'Product Analytics', 'Python', 'SQL']",4
JOB08183,Full Stack Developer,"['CSS', 'HTML', 'Java', 'JavaScript', 'Machine Learning', 'Node', 'React']",7
JOB08184,BI Analyst,"['DAX', 'Data Visualization', 'Excel', 'Power BI', 'SQL']",5
JOB08185,BI Analyst,"['DAX', 'Data Visualization', 'Excel', 'Power BI', 'SQL']",5
JOB08186,Financial Analyst,"['Excel', 'Financial Modeling', 'Power BI', 'SQL', 'Statistics']",5
JOB08187,Data Scientist,"['Machine Learning', 'Pandas', 'Python', 'SQL', 'Statistics']",5
JOB08188,BI Analyst,"['DAX', 'Data Visualization', 'Excel', 'Power BI', 'SQL']",5
JOB08189,SQL Developer,"['Database', 'ETL', 'MySQL', 'PostgreSQL', 'SQL']",5
JOB08190,Business Analyst,"['Business Analysis', 'Excel', 'Power BI', 'Requirements Gathering', 'SQL']",5
JOB08191,Financial Analyst,"['Excel', 'Financial Modeling', 'Power BI', 'SQL', 'Statistics']",5
JOB08192,Product Analyst,"['Excel', 'Product Analytics', 'Python', 'SQL']",4
JOB08193,QA Engineer,"['Automation Testing', 'Java', 'Python', 'SQL', 'Selenium']",5
JOB08194,Data Scientist,"['Machine Learning', 'Pandas', 'Python', 'SQL', 'Statistics']",5
JOB08195,QA Engineer,"['Automation Testing', 'Java', 'Python', 'SQL', 'Selenium']",5
JOB08196,Machine Learning Engineer,"['Docker', 'Machine Learning', 'Python', 'Scikit-learn', 'TensorFlow']",5
JOB08197,Web Developer,"['CSS', 'Git', 'HTML', 'Java', 'JavaScript', 'Machine Learning', 'React']",7
JOB08198,Software Engineer,"['Git', 'Java', 'Python', 'REST API', 'SQL']",5
JOB08199,Marketing Analyst,"['Excel', 'Marketing Analytics', 'Power BI', 'Python', 'SQL']",5
JOB08200,QA Engineer,"['Automation Testing', 'Java', 'Python', 'SQL', 'Selenium']",5
JOB08201,DevOps Engineer,"['AWS', 'Docker', 'Jenkins', 'Kubernetes', 'Linux']",5
JOB08202,Financial Analyst,"['Cloud Computing', 'Excel', 'Financial Modeling', 'Power BI', 'SQL', 'Statistics']",6
JOB08203,Business Analyst,"['Business Analysis', 'Excel', 'Power BI', 'Requirements Gathering', 'SQL']",5
JOB08204,Web Developer,"['CSS', 'Git', 'HTML', 'Java', 'JavaScript', 'Machine Learning', 'React']",7
JOB08205,Machine Learning Engineer,"['Docker', 'Machine Learning', 'Oracle', 'Python', 'Scikit-learn', 'TensorFlow']",6
JOB08206,BI Analyst,"['DAX', 'Data Visualization', 'Excel', 'Power BI', 'SQL']",5
JOB08207,Machine Learning Engineer,"['Docker', 'Machine Learning', 'Python', 'Scikit-learn', 'TensorFlow']",5
JOB08208,Machine Learning Engineer,"['Cloud Computing', 'Docker', 'Machine Learning', 'Python', 'Scikit-learn', 'TensorFlow']",6
JOB08209,Full Stack Developer,"['CSS', 'HTML', 'Java', 'JavaScript', 'Machine Learning', 'Node', 'React']",7
JOB08210,Database Administrator,"['Database', 'Database Administration', 'MySQL', 'Oracle', 'PostgreSQL', 'SQL']",6
JOB08211,Power BI Developer,"['DAX', 'Excel', 'Power BI', 'Power Query', 'SQL']",5
JOB08212,SQL Developer,"['Database', 'ETL', 'MySQL', 'PostgreSQL', 'SQL']",5
JOB08213,QA Engineer,"['Automation Testing', 'Java', 'Python', 'SQL', 'Selenium']",5
JOB08214,Product Analyst,"['Excel', 'Product Analytics', 'Python', 'SQL']",4
JOB08215,BI Analyst,"['DAX', 'Data Visualization', 'Excel', 'Power BI', 'SQL']",5
JOB08216,QA Engineer,"['Automation Testing', 'Java', 'Oracle', 'Python', 'SQL', 'Selenium']",6
JOB08217,BI Analyst,"['DAX', 'Data Visualization', 'Excel', 'Power BI', 'SQL']",5
JOB08218,Cloud Engineer,"['AWS', 'Azure', 'Cloud Computing', 'Docker', 'Linux']",5
JOB08219,Full Stack Developer,"['CSS', 'HTML', 'Java', 'JavaScript', 'Machine Learning', 'Node', 'React']",7
JOB08220,Data Engineer,"['AWS', 'ETL', 'Python', 'SQL', 'Spark']",5
JOB08221,SQL Developer,"['Database', 'ETL', 'MySQL', 'PostgreSQL', 'SQL']",5
JOB08222,DevOps Engineer,"['AWS', 'Docker', 'Jenkins', 'Kubernetes', 'Linux']",5
JOB08223,Data Analyst,"['Excel', 'Power BI', 'Python', 'SQL', 'Tableau']",5
JOB08224,Cloud Engineer,"['AWS', 'Azure', 'Cloud Computing', 'Docker', 'Linux']",5
JOB08225,Business Analyst,"['Business Analysis', 'Excel', 'Power BI', 'Requirements Gathering', 'SQL']",5
JOB08226,Data Analyst,"['Excel', 'Power BI', 'Python', 'SQL', 'Tableau']",5
JOB08227,Financial Analyst,"['Excel', 'Financial Modeling', 'Power BI', 'SQL', 'Statistics']",5
JOB08228,Full Stack Developer,"['CSS', 'HTML', 'Java', 'JavaScript', 'Machine Learning', 'Node', 'React']",7
JOB08229,Cloud Engineer,"['AWS', 'Azure', 'Cloud Computing', 'Docker', 'Linux']",5
JOB08230,Marketing Analyst,"['Excel', 'Marketing Analytics', 'Power BI', 'Python', 'SQL']",5
JOB08231,Web Developer,"['CSS', 'Git', 'HTML', 'Java', 'JavaScript', 'Machine Learning', 'React']",7
JOB08232,Data Analyst,"['Excel', 'Oracle', 'Power BI', 'Python', 'SQL', 'Tableau']",6
JOB08233,Software Engineer,"['Git', 'Java', 'Python', 'REST API', 'SQL']",5
JOB08234,Data Scientist,"['Machine Learning', 'Pandas', 'Python', 'SQL', 'Statistics']",5
JOB08235,Machine Learning Engineer,"['Docker', 'Machine Learning', 'Python', 'Scikit-learn', 'TensorFlow']",5
JOB08236,DevOps Engineer,"['AWS', 'Docker', 'Jenkins', 'Kubernetes', 'Linux']",5
JOB08237,Business Analyst,"['Business Analysis', 'Excel', 'Power BI', 'Requirements Gathering', 'SQL']",5
JOB08238,Financial Analyst,"['Cloud Computing', 'Excel', 'Financial Modeling', 'Power BI', 'SQL', 'Statistics']",6
JOB08239,HR Analyst,"['Data Analysis', 'Excel', 'HR Analytics', 'Power BI', 'SQL']",5
JOB08240,QA Engineer,"['Automation Testing', 'Java', 'Python', 'SQL', 'Selenium']",5
JOB08241,Database Administrator,"['Database', 'Database Administration', 'MySQL', 'Oracle', 'PostgreSQL', 'SQL']",6
JOB08242,Software Engineer,"['Git', 'Java', 'Python', 'REST API', 'SQL']",5
JOB08243,QA Engineer,"['Automation Testing', 'Java', 'Python', 'SQL', 'Selenium']",5
JOB08244,Software Engineer,"['Git', 'Java', 'Python', 'REST API', 'SQL']",5
JOB08245,Database Administrator,"['Database', 'Database Administration', 'MySQL', 'Oracle', 'PostgreSQL', 'SQL']",6
JOB08246,Product Analyst,"['Cloud Computing', 'Excel', 'Product Analytics', 'Python', 'SQL']",5
JOB08247,HR Analyst,"['Data Analysis', 'Excel', 'HR Analytics', 'Power BI', 'SQL']",5
JOB08248,Marketing Analyst,"['Excel', 'Marketing Analytics', 'Power BI', 'Python', 'SQL']",5
JOB08249,Machine Learning Engineer,"['Docker', 'Machine Learning', 'Python', 'Scikit-learn', 'TensorFlow']",5
JOB08250,Data Engineer,"['AWS', 'ETL', 'Python', 'SQL', 'Spark']",5
JOB08251,Database Administrator,"['Database', 'Database Administration', 'MySQL', 'Oracle', 'PostgreSQL', 'SQL']",6
JOB08252,SQL Developer,"['Database', 'ETL', 'MySQL', 'PostgreSQL', 'SQL']",5
JOB08253,Product Analyst,"['Excel', 'Product Analytics', 'Python', 'SQL']",4
JOB08254,Business Analyst,"['Business Analysis', 'Excel', 'Power BI', 'Requirements Gathering', 'SQL']",5
JOB08255,Financial Analyst,"['Excel', 'Financial Modeling', 'Power BI', 'SQL', 'Statistics']",5
JOB08256,Machine Learning Engineer,"['Cloud Computing', 'Docker', 'Machine Learning', 'Python', 'Scikit-learn', 'TensorFlow']",6
JOB08257,Python Developer,"['Django', 'Flask', 'Git', 'Python', 'SQL']",5
JOB08258,Marketing Analyst,"['Excel', 'Marketing Analytics', 'Power BI', 'Python', 'SQL']",5
JOB08259,Machine Learning Engineer,"['Docker', 'Machine Learning', 'Python', 'Scikit-learn', 'TensorFlow']",5
JOB08260,Data Scientist,"['Machine Learning', 'Pandas', 'Python', 'SQL', 'Statistics']",5
JOB08261,SQL Developer,"['Database', 'ETL', 'MySQL', 'PostgreSQL', 'SQL']",5
JOB08262,Machine Learning Engineer,"['Docker', 'Machine Learning', 'Python', 'Scikit-learn', 'TensorFlow']",5
JOB08263,Cloud Engineer,"['AWS', 'Azure', 'Cloud Computing', 'Docker', 'Linux']",5
JOB08264,Product Analyst,"['Excel', 'Product Analytics', 'Python', 'SQL']",4
JOB08265,Financial Analyst,"['Excel', 'Financial Modeling', 'Power BI', 'SQL', 'Statistics']",5
JOB08266,BI Analyst,"['DAX', 'Data Visualization', 'Excel', 'Oracle', 'Power BI', 'SQL']",6
JOB08267,Software Engineer,"['Git', 'Java', 'Python', 'REST API', 'SQL']",5
JOB08268,Machine Learning Engineer,"['Docker', 'Machine Learning', 'Python', 'Scikit-learn', 'TensorFlow']",5
JOB08269,Cloud Engineer,"['AWS', 'Azure', 'Cloud Computing', 'Docker', 'Linux']",5
JOB08270,SQL Developer,"['Database', 'ETL', 'MySQL', 'PostgreSQL', 'SQL']",5
JOB08271,Web Developer,"['CSS', 'Git', 'HTML', 'Java', 'JavaScript', 'Machine Learning', 'React']",7
JOB08272,SQL Developer,"['Database', 'ETL', 'MySQL', 'PostgreSQL', 'SQL']",5
JOB08273,Data Scientist,"['Cloud Computing', 'Machine Learning', 'Pandas', 'Python', 'SQL', 'Statistics']",6
JOB08274,Full Stack Developer,"['CSS', 'HTML', 'Java', 'JavaScript', 'Machine Learning', 'Node', 'React']",7
JOB08275,Software Engineer,"['Git', 'Java', 'Python', 'REST API', 'SQL']",5
JOB08276,Data Scientist,"['Machine Learning', 'Pandas', 'Python', 'SQL', 'Statistics']",5
JOB08277,Power BI Developer,"['DAX', 'Excel', 'Power BI', 'Power Query', 'SQL']",5
JOB08278,Power BI Developer,"['DAX', 'Excel', 'Power BI', 'Power Query', 'SQL']",5
JOB08279,SQL Developer,"['Database', 'ETL', 'MySQL', 'PostgreSQL', 'SQL']",5
JOB08280,Software Engineer,"['Git', 'Java', 'Python', 'REST API', 'SQL']",5
JOB08281,Python Developer,"['Django', 'Flask', 'Git', 'Python', 'SQL']",5
JOB08282,Financial Analyst,"['Excel', 'Financial Modeling', 'Power BI', 'SQL', 'Statistics']",5
JOB08283,Database Administrator,"['Database', 'Database Administration', 'MySQL', 'Oracle', 'PostgreSQL', 'SQL']",6
JOB08284,Cloud Engineer,"['AWS', 'Azure', 'Cloud Computing', 'Docker', 'Linux']",5
JOB08285,Cloud Engineer,"['AWS', 'Azure', 'Cloud Computing', 'Docker', 'Linux']",5
JOB08286,Business Analyst,"['Business Analysis', 'Excel', 'Power BI', 'Requirements Gathering', 'SQL']",5
JOB08287,Software Engineer,"['Git', 'Java', 'Python', 'REST API', 'SQL']",5
JOB08288,Cloud Engineer,"['AWS', 'Azure', 'Cloud Computing', 'Docker', 'Linux']",5
JOB08289,Power BI Developer,"['DAX', 'Excel', 'Power BI', 'Power Query', 'SQL']",5
JOB08290,Python Developer,"['Django', 'Flask', 'Git', 'Python', 'SQL']",5
JOB08291,Cloud Engineer,"['AWS', 'Azure', 'Cloud Computing', 'Docker', 'Linux']",5
JOB08292,QA Engineer,"['Automation Testing', 'Cloud Computing', 'Java', 'Python', 'SQL', 'Selenium']",6
JOB08293,DevOps Engineer,"['AWS', 'Docker', 'Jenkins', 'Kubernetes', 'Linux']",5
JOB08294,BI Analyst,"['DAX', 'Data Visualization', 'Excel', 'Power BI', 'SQL']",5
JOB08295,Python Developer,"['Django', 'Flask', 'Git', 'Python', 'SQL']",5
JOB08296,Business Analyst,"['Business Analysis', 'Excel', 'Power BI', 'Requirements Gathering', 'SQL']",5
JOB08297,Cloud Engineer,"['AWS', 'Azure', 'Cloud Computing', 'Docker', 'Linux']",5
JOB08298,Database Administrator,"['Database', 'Database Administration', 'MySQL', 'Oracle', 'PostgreSQL', 'SQL']",6
JOB08299,Product Analyst,"['Excel', 'Product Analytics', 'Python', 'SQL']",4
JOB08300,Data Analyst,"['Excel', 'Power BI', 'Python', 'SQL', 'Tableau']",5
JOB08301,Database Administrator,"['Database', 'Database Administration', 'MySQL', 'Oracle', 'PostgreSQL', 'SQL']",6
JOB08302,Data Scientist,"['Machine Learning', 'Pandas', 'Python', 'SQL', 'Statistics']",5
JOB08303,Python Developer,"['Cloud Computing', 'Django', 'Flask', 'Git', 'Python', 'SQL']",6
JOB08304,DevOps Engineer,"['AWS', 'Docker', 'Jenkins', 'Kubernetes', 'Linux']",5
JOB08305,Data Engineer,"['AWS', 'ETL', 'Python', 'SQL', 'Spark']",5
JOB08306,Business Analyst,"['Business Analysis', 'Cloud Computing', 'Excel', 'Power BI', 'Requirements Gathering', 'SQL']",6
JOB08307,Database Administrator,"['Database', 'Database Administration', 'MySQL', 'Oracle', 'PostgreSQL', 'SQL']",6
JOB08308,Software Engineer,"['Cloud Computing', 'Git', 'Java', 'Python', 'REST API', 'SQL']",6
JOB08309,SQL Developer,"['Cloud Computing', 'Database', 'ETL', 'MySQL', 'PostgreSQL', 'SQL']",6
JOB08310,Data Analyst,"['Excel', 'Power BI', 'Python', 'SQL', 'Tableau']",5
JOB08311,Python Developer,"['Django', 'Flask', 'Git', 'Python', 'SQL']",5
JOB08312,Business Analyst,"['Business Analysis', 'Excel', 'Power BI', 'Requirements Gathering', 'SQL']",5
JOB08313,Power BI Developer,"['DAX', 'Excel', 'Power BI', 'Power Query', 'SQL']",5
JOB08314,Full Stack Developer,"['CSS', 'HTML', 'Java', 'JavaScript', 'Machine Learning', 'Node', 'Oracle', 'React']",8
JOB08315,Python Developer,"['Django', 'Flask', 'Git', 'Python', 'SQL']",5
JOB08316,Software Engineer,"['Cloud Computing', 'Git', 'Java', 'Python', 'REST API', 'SQL']",6
JOB08317,Python Developer,"['Django', 'Flask', 'Git', 'Python', 'SQL']",5
JOB08318,Power BI Developer,"['DAX', 'Excel', 'Power BI', 'Power Query', 'SQL']",5
JOB08319,Database Administrator,"['Database', 'Database Administration', 'MySQL', 'Oracle', 'PostgreSQL', 'SQL']",6
JOB08320,Cloud Engineer,"['AWS', 'Azure', 'Cloud Computing', 'Docker', 'Linux']",5
JOB08321,Database Administrator,"['Database', 'Database Administration', 'MySQL', 'Oracle', 'PostgreSQL', 'SQL']",6
JOB08322,Python Developer,"['Django', 'Flask', 'Git', 'Python', 'SQL']",5
JOB08323,Software Engineer,"['Git', 'Java', 'Python', 'REST API', 'SQL']",5
JOB08324,Marketing Analyst,"['Excel', 'Marketing Analytics', 'Power BI', 'Python', 'SQL']",5
JOB08325,Product Analyst,"['Excel', 'Product Analytics', 'Python', 'SQL']",4
JOB08326,Product Analyst,"['Excel', 'Product Analytics', 'Python', 'SQL']",4
JOB08327,Power BI Developer,"['DAX', 'Excel', 'Power BI', 'Power Query', 'SQL']",5
JOB08328,SQL Developer,"['Database', 'ETL', 'MySQL', 'PostgreSQL', 'SQL']",5
JOB08329,Machine Learning Engineer,"['Docker', 'Machine Learning', 'Python', 'Scikit-learn', 'TensorFlow']",5
JOB08330,Data Analyst,"['Excel', 'Power BI', 'Python', 'SQL', 'Tableau']",5
JOB08331,Data Analyst,"['Excel', 'Power BI', 'Python', 'SQL', 'Tableau']",5
JOB08332,Data Analyst,"['Excel', 'Power BI', 'Python', 'SQL', 'Tableau']",5
JOB08333,Business Analyst,"['Business Analysis', 'Excel', 'Power BI', 'Requirements Gathering', 'SQL']",5
JOB08334,BI Analyst,"['DAX', 'Data Visualization', 'Excel', 'Power BI', 'SQL']",5
JOB08335,Business Analyst,"['Business Analysis', 'Excel', 'Power BI', 'Requirements Gathering', 'SQL']",5
JOB08336,Marketing Analyst,"['Excel', 'Marketing Analytics', 'Power BI', 'Python', 'SQL']",5
JOB08337,Power BI Developer,"['DAX', 'Excel', 'Power BI', 'Power Query', 'SQL']",5
JOB08338,HR Analyst,"['Data Analysis', 'Excel', 'HR Analytics', 'Power BI', 'SQL']",5
JOB08339,DevOps Engineer,"['AWS', 'Docker', 'Jenkins', 'Kubernetes', 'Linux', 'Oracle']",6
JOB08340,Full Stack Developer,"['CSS', 'HTML', 'Java', 'JavaScript', 'Machine Learning', 'Node', 'React']",7
JOB08341,Database Administrator,"['Database', 'Database Administration', 'MySQL', 'Oracle', 'PostgreSQL', 'SQL']",6
JOB08342,Financial Analyst,"['Excel', 'Financial Modeling', 'Power BI', 'SQL', 'Statistics']",5
JOB08343,Cloud Engineer,"['AWS', 'Azure', 'Cloud Computing', 'Docker', 'Linux']",5
JOB08344,HR Analyst,"['Data Analysis', 'Excel', 'HR Analytics', 'Power BI', 'SQL']",5
JOB08345,Machine Learning Engineer,"['Docker', 'Machine Learning', 'Python', 'Scikit-learn', 'TensorFlow']",5
JOB08346,Data Scientist,"['Machine Learning', 'Oracle', 'Pandas', 'Python', 'SQL', 'Statistics']",6
JOB08347,Product Analyst,"['Excel', 'Product Analytics', 'Python', 'SQL']",4
JOB08348,Python Developer,"['Django', 'Flask', 'Git', 'Python', 'SQL']",5
JOB08349,Product Analyst,"['Excel', 'Product Analytics', 'Python', 'SQL']",4
JOB08350,Business Analyst,"['Business Analysis', 'Cloud Computing', 'Excel', 'Power BI', 'Requirements Gathering', 'SQL']",6
JOB08351,DevOps Engineer,"['AWS', 'Docker', 'Jenkins', 'Kubernetes', 'Linux']",5
JOB08352,QA Engineer,"['Automation Testing', 'Java', 'Python', 'SQL', 'Selenium']",5
JOB08353,Python Developer,"['Cloud Computing', 'Django', 'Flask', 'Git', 'Python', 'SQL']",6
JOB08354,Data Analyst,"['Excel', 'Power BI', 'Python', 'SQL', 'Tableau']",5
JOB08355,HR Analyst,"['Data Analysis', 'Excel', 'HR Analytics', 'Power BI', 'SQL']",5
JOB08356,Cloud Engineer,"['AWS', 'Azure', 'Cloud Computing', 'Docker', 'Linux']",5
JOB08357,Power BI Developer,"['DAX', 'Excel', 'Power BI', 'Power Query', 'SQL']",5
JOB08358,Power BI Developer,"['DAX', 'Excel', 'Power BI', 'Power Query', 'SQL']",5
JOB08359,Python Developer,"['Django', 'Flask', 'Git', 'Python', 'SQL']",5
JOB08360,Marketing Analyst,"['Excel', 'Marketing Analytics', 'Power BI', 'Python', 'SQL']",5
JOB08361,Cloud Engineer,"['AWS', 'Azure', 'Cloud Computing', 'Docker', 'Linux']",5
JOB08362,QA Engineer,"['Automation Testing', 'Java', 'Python', 'SQL', 'Selenium']",5
JOB08363,Software Engineer,"['Git', 'Java', 'Python', 'REST API', 'SQL']",5
JOB08364,Data Engineer,"['AWS', 'ETL', 'Python', 'SQL', 'Spark']",5
JOB08365,Machine Learning Engineer,"['Docker', 'Machine Learning', 'Python', 'Scikit-learn', 'TensorFlow']",5
JOB08366,HR Analyst,"['Data Analysis', 'Excel', 'HR Analytics', 'Power BI', 'SQL']",5
JOB08367,Power BI Developer,"['DAX', 'Excel', 'Power BI', 'Power Query', 'SQL']",5
JOB08368,Data Analyst,"['Excel', 'Power BI', 'Python', 'SQL', 'Tableau']",5
JOB08369,Data Engineer,"['AWS', 'ETL', 'Oracle', 'Python', 'SQL', 'Spark']",6
JOB08370,Database Administrator,"['Database', 'Database Administration', 'MySQL', 'Oracle', 'PostgreSQL', 'SQL']",6
JOB08371,Machine Learning Engineer,"['Docker', 'Machine Learning', 'Python', 'Scikit-learn', 'TensorFlow']",5
JOB08372,SQL Developer,"['Database', 'ETL', 'MySQL', 'PostgreSQL', 'SQL']",5
JOB08373,Web Developer,"['CSS', 'Git', 'HTML', 'Java', 'JavaScript', 'Machine Learning', 'React']",7
JOB08374,Cloud Engineer,"['AWS', 'Azure', 'Cloud Computing', 'Docker', 'Linux']",5
JOB08375,Cloud Engineer,"['AWS', 'Azure', 'Cloud Computing', 'Docker', 'Linux']",5
JOB08376,SQL Developer,"['Database', 'ETL', 'MySQL', 'PostgreSQL', 'SQL']",5
JOB08377,Machine Learning Engineer,"['Docker', 'Machine Learning', 'Python', 'Scikit-learn', 'TensorFlow']",5
JOB08378,Marketing Analyst,"['Excel', 'Marketing Analytics', 'Power BI', 'Python', 'SQL']",5
JOB08379,HR Analyst,"['Data Analysis', 'Excel', 'HR Analytics', 'Power BI', 'SQL']",5
JOB08380,DevOps Engineer,"['AWS', 'Docker', 'Jenkins', 'Kubernetes', 'Linux']",5
JOB08381,Cloud Engineer,"['AWS', 'Azure', 'Cloud Computing', 'Docker', 'Linux']",5
JOB08382,Python Developer,"['Django', 'Flask', 'Git', 'Python', 'SQL']",5
JOB08383,SQL Developer,"['Database', 'ETL', 'MySQL', 'Oracle', 'PostgreSQL', 'SQL']",6
JOB08384,HR Analyst,"['Data Analysis', 'Excel', 'HR Analytics', 'Power BI', 'SQL']",5
JOB08385,Data Analyst,"['Excel', 'Power BI', 'Python', 'SQL', 'Tableau']",5
JOB08386,Data Engineer,"['AWS', 'ETL', 'Python', 'SQL', 'Spark']",5
JOB08387,Financial Analyst,"['Cloud Computing', 'Excel', 'Financial Modeling', 'Power BI', 'SQL', 'Statistics']",6
JOB08388,Database Administrator,"['Database', 'Database Administration', 'MySQL', 'Oracle', 'PostgreSQL', 'SQL']",6
JOB08389,Product Analyst,"['Excel', 'Product Analytics', 'Python', 'SQL']",4
JOB08390,Full Stack Developer,"['CSS', 'HTML', 'Java', 'JavaScript', 'Machine Learning', 'Node', 'React']",7
JOB08391,HR Analyst,"['Data Analysis', 'Excel', 'HR Analytics', 'Power BI', 'SQL']",5
JOB08392,Software Engineer,"['Git', 'Java', 'Python', 'REST API', 'SQL']",5
JOB08393,Cloud Engineer,"['AWS', 'Azure', 'Cloud Computing', 'Docker', 'Linux']",5
JOB08394,Web Developer,"['CSS', 'Git', 'HTML', 'Java', 'JavaScript', 'Machine Learning', 'React']",7
JOB08395,Data Scientist,"['Machine Learning', 'Pandas', 'Python', 'SQL', 'Statistics']",5
JOB08396,HR Analyst,"['Data Analysis', 'Excel', 'HR Analytics', 'Power BI', 'SQL']",5
JOB08397,Business Analyst,"['Business Analysis', 'Excel', 'Power BI', 'Requirements Gathering', 'SQL']",5
JOB08398,Financial Analyst,"['Excel', 'Financial Modeling', 'Power BI', 'SQL', 'Statistics']",5
JOB08399,Web Developer,"['CSS', 'Git', 'HTML', 'Java', 'JavaScript', 'Machine Learning', 'React']",7
JOB08400,Data Analyst,"['Excel', 'Power BI', 'Python', 'SQL', 'Tableau']",5
JOB08401,Machine Learning Engineer,"['Docker', 'Machine Learning', 'Python', 'Scikit-learn', 'TensorFlow']",5
JOB08402,Business Analyst,"['Business Analysis', 'Excel', 'Power BI', 'Requirements Gathering', 'SQL']",5
JOB08403,Machine Learning Engineer,"['Docker', 'Machine Learning', 'Python', 'Scikit-learn', 'TensorFlow']",5
JOB08404,Data Analyst,"['Excel', 'Power BI', 'Python', 'SQL', 'Tableau']",5
JOB08405,BI Analyst,"['DAX', 'Data Visualization', 'Excel', 'Power BI', 'SQL']",5
JOB08406,QA Engineer,"['Automation Testing', 'Java', 'Python', 'SQL', 'Selenium']",5
JOB08407,Marketing Analyst,"['Excel', 'Marketing Analytics', 'Power BI', 'Python', 'SQL']",5
JOB08408,Business Analyst,"['Business Analysis', 'Excel', 'Power BI', 'Requirements Gathering', 'SQL']",5
JOB08409,SQL Developer,"['Database', 'ETL', 'MySQL', 'PostgreSQL', 'SQL']",5
JOB08410,QA Engineer,"['Automation Testing', 'Java', 'Python', 'SQL', 'Selenium']",5
JOB08411,Full Stack Developer,"['CSS', 'HTML', 'Java', 'JavaScript', 'Machine Learning', 'Node', 'React']",7
JOB08412,Machine Learning Engineer,"['Docker', 'Machine Learning', 'Python', 'Scikit-learn', 'TensorFlow']",5
JOB08413,Python Developer,"['Django', 'Flask', 'Git', 'Python', 'SQL']",5
JOB08414,Data Analyst,"['Excel', 'Power BI', 'Python', 'SQL', 'Tableau']",5
JOB08415,Marketing Analyst,"['Excel', 'Marketing Analytics', 'Power BI', 'Python', 'SQL']",5
JOB08416,Python Developer,"['Django', 'Flask', 'Git', 'Oracle', 'Python', 'SQL']",6
JOB08417,Python Developer,"['Django', 'Flask', 'Git', 'Oracle', 'Python', 'SQL']",6
JOB08418,Web Developer,"['CSS', 'Git', 'HTML', 'Java', 'JavaScript', 'Machine Learning', 'React']",7
JOB08419,Data Engineer,"['AWS', 'ETL', 'Python', 'SQL', 'Spark']",5
JOB08420,HR Analyst,"['Data Analysis', 'Excel', 'HR Analytics', 'Power BI', 'SQL']",5
JOB08421,BI Analyst,"['DAX', 'Data Visualization', 'Excel', 'Power BI', 'SQL']",5
JOB08422,DevOps Engineer,"['AWS', 'Docker', 'Jenkins', 'Kubernetes', 'Linux']",5
JOB08423,Full Stack Developer,"['CSS', 'HTML', 'Java', 'JavaScript', 'Machine Learning', 'Node', 'React']",7
JOB08424,Full Stack Developer,"['CSS', 'HTML', 'Java', 'JavaScript', 'Machine Learning', 'Node', 'React']",7
JOB08425,Data Analyst,"['Excel', 'Power BI', 'Python', 'SQL', 'Tableau']",5
JOB08426,Data Analyst,"['Excel', 'Power BI', 'Python', 'SQL', 'Tableau']",5
JOB08427,Data Engineer,"['AWS', 'ETL', 'Python', 'SQL', 'Spark']",5
JOB08428,SQL Developer,"['Database', 'ETL', 'MySQL', 'PostgreSQL', 'SQL']",5
JOB08429,Web Developer,"['CSS', 'Git', 'HTML', 'Java', 'JavaScript', 'Machine Learning', 'React']",7
JOB08430,BI Analyst,"['DAX', 'Data Visualization', 'Excel', 'Power BI', 'SQL']",5
JOB08431,Python Developer,"['Django', 'Flask', 'Git', 'Python', 'SQL']",5
JOB08432,HR Analyst,"['Data Analysis', 'Excel', 'HR Analytics', 'Power BI', 'SQL']",5
JOB08433,Power BI Developer,"['DAX', 'Excel', 'Power BI', 'Power Query', 'SQL']",5
JOB08434,Power BI Developer,"['DAX', 'Excel', 'Power BI', 'Power Query', 'SQL']",5
JOB08435,Power BI Developer,"['Cloud Computing', 'DAX', 'Excel', 'Power BI', 'Power Query', 'SQL']",6
JOB08436,Data Analyst,"['Excel', 'Power BI', 'Python', 'SQL', 'Tableau']",5
JOB08437,Python Developer,"['Django', 'Flask', 'Git', 'Python', 'SQL']",5
JOB08438,Database Administrator,"['Database', 'Database Administration', 'MySQL', 'Oracle', 'PostgreSQL', 'SQL']",6
JOB08439,Python Developer,"['Django', 'Flask', 'Git', 'Python', 'SQL']",5
JOB08440,Full Stack Developer,"['CSS', 'HTML', 'Java', 'JavaScript', 'Machine Learning', 'Node', 'React']",7
JOB08441,DevOps Engineer,"['AWS', 'Docker', 'Jenkins', 'Kubernetes', 'Linux']",5
JOB08442,Data Analyst,"['Excel', 'Power BI', 'Python', 'SQL', 'Tableau']",5
JOB08443,Cloud Engineer,"['AWS', 'Azure', 'Cloud Computing', 'Docker', 'Linux']",5
JOB08444,Marketing Analyst,"['Excel', 'Marketing Analytics', 'Power BI', 'Python', 'SQL']",5
JOB08445,Data Engineer,"['AWS', 'ETL', 'Python', 'SQL', 'Spark']",5
JOB08446,Python Developer,"['Django', 'Flask', 'Git', 'Python', 'SQL']",5
JOB08447,Data Scientist,"['Machine Learning', 'Pandas', 'Python', 'SQL', 'Statistics']",5
JOB08448,DevOps Engineer,"['AWS', 'Docker', 'Jenkins', 'Kubernetes', 'Linux']",5
JOB08449,Product Analyst,"['Excel', 'Product Analytics', 'Python', 'SQL']",4
JOB08450,Full Stack Developer,"['CSS', 'HTML', 'Java', 'JavaScript', 'Machine Learning', 'Node', 'React']",7
JOB08451,Business Analyst,"['Business Analysis', 'Excel', 'Power BI', 'Requirements Gathering', 'SQL']",5
JOB08452,QA Engineer,"['Automation Testing', 'Java', 'Python', 'SQL', 'Selenium']",5
JOB08453,BI Analyst,"['DAX', 'Data Visualization', 'Excel', 'Power BI', 'SQL']",5
JOB08454,Database Administrator,"['Database', 'Database Administration', 'MySQL', 'Oracle', 'PostgreSQL', 'SQL']",6
JOB08455,Full Stack Developer,"['CSS', 'HTML', 'Java', 'JavaScript', 'Machine Learning', 'Node', 'React']",7
JOB08456,Python Developer,"['Django', 'Flask', 'Git', 'Python', 'SQL']",5
JOB08457,Web Developer,"['CSS', 'Git', 'HTML', 'Java', 'JavaScript', 'Machine Learning', 'React']",7
JOB08458,Data Engineer,"['AWS', 'ETL', 'Oracle', 'Python', 'SQL', 'Spark']",6
JOB08459,Marketing Analyst,"['Excel', 'Marketing Analytics', 'Power BI', 'Python', 'SQL']",5
JOB08460,SQL Developer,"['Database', 'ETL', 'MySQL', 'PostgreSQL', 'SQL']",5
JOB08461,Full Stack Developer,"['CSS', 'HTML', 'Java', 'JavaScript', 'Machine Learning', 'Node', 'React']",7
JOB08462,HR Analyst,"['Data Analysis', 'Excel', 'HR Analytics', 'Power BI', 'SQL']",5
JOB08463,Cloud Engineer,"['AWS', 'Azure', 'Cloud Computing', 'Docker', 'Linux']",5
JOB08464,DevOps Engineer,"['AWS', 'Docker', 'Jenkins', 'Kubernetes', 'Linux']",5
JOB08465,Power BI Developer,"['DAX', 'Excel', 'Power BI', 'Power Query', 'SQL']",5
JOB08466,Data Scientist,"['Machine Learning', 'Pandas', 'Python', 'SQL', 'Statistics']",5
JOB08467,Business Analyst,"['Business Analysis', 'Excel', 'Power BI', 'Requirements Gathering', 'SQL']",5
JOB08468,Financial Analyst,"['Excel', 'Financial Modeling', 'Power BI', 'SQL', 'Statistics']",5
JOB08469,Full Stack Developer,"['CSS', 'HTML', 'Java', 'JavaScript', 'Machine Learning', 'Node', 'React']",7
JOB08470,Power BI Developer,"['DAX', 'Excel', 'Power BI', 'Power Query', 'SQL']",5
JOB08471,Machine Learning Engineer,"['Docker', 'Machine Learning', 'Oracle', 'Python', 'Scikit-learn', 'TensorFlow']",6
JOB08472,Data Engineer,"['AWS', 'Cloud Computing', 'ETL', 'Python', 'SQL', 'Spark']",6
JOB08473,SQL Developer,"['Cloud Computing', 'Database', 'ETL', 'MySQL', 'PostgreSQL', 'SQL']",6
JOB08474,Data Engineer,"['AWS', 'ETL', 'Python', 'SQL', 'Spark']",5
JOB08475,Marketing Analyst,"['Excel', 'Marketing Analytics', 'Power BI', 'Python', 'SQL']",5
JOB08476,Data Engineer,"['AWS', 'ETL', 'Python', 'SQL', 'Spark']",5
JOB08477,Machine Learning Engineer,"['Docker', 'Machine Learning', 'Python', 'Scikit-learn', 'TensorFlow']",5
JOB08478,Financial Analyst,"['Excel', 'Financial Modeling', 'Power BI', 'SQL', 'Statistics']",5
JOB08479,Marketing Analyst,"['Excel', 'Marketing Analytics', 'Power BI', 'Python', 'SQL']",5
JOB08480,Data Analyst,"['Excel', 'Power BI', 'Python', 'SQL', 'Tableau']",5
JOB08481,Product Analyst,"['Excel', 'Product Analytics', 'Python', 'SQL']",4
JOB08482,Web Developer,"['CSS', 'Git', 'HTML', 'Java', 'JavaScript', 'Machine Learning', 'React']",7
JOB08483,Data Scientist,"['Machine Learning', 'Pandas', 'Python', 'SQL', 'Statistics']",5
JOB08484,Data Scientist,"['Machine Learning', 'Pandas', 'Python', 'SQL', 'Statistics']",5
JOB08485,Product Analyst,"['Excel', 'Product Analytics', 'Python', 'SQL']",4
JOB08486,Data Analyst,"['Excel', 'Power BI', 'Python', 'SQL', 'Tableau']",5
JOB08487,Data Engineer,"['AWS', 'ETL', 'Python', 'SQL', 'Spark']",5
JOB08488,DevOps Engineer,"['AWS', 'Docker', 'Jenkins', 'Kubernetes', 'Linux']",5
JOB08489,Database Administrator,"['Database', 'Database Administration', 'MySQL', 'Oracle', 'PostgreSQL', 'SQL']",6
JOB08490,Web Developer,"['CSS', 'Cloud Computing', 'Git', 'HTML', 'Java', 'JavaScript', 'Machine Learning', 'React']",8
JOB08491,Marketing Analyst,"['Excel', 'Marketing Analytics', 'Power BI', 'Python', 'SQL']",5
JOB08492,Data Analyst,"['Excel', 'Power BI', 'Python', 'SQL', 'Tableau']",5
JOB08493,Full Stack Developer,"['CSS', 'HTML', 'Java', 'JavaScript', 'Machine Learning', 'Node', 'React']",7
JOB08494,Product Analyst,"['Cloud Computing', 'Excel', 'Product Analytics', 'Python', 'SQL']",5
JOB08495,Power BI Developer,"['DAX', 'Excel', 'Power BI', 'Power Query', 'SQL']",5
JOB08496,Cloud Engineer,"['AWS', 'Azure', 'Cloud Computing', 'Docker', 'Linux']",5
JOB08497,Financial Analyst,"['Excel', 'Financial Modeling', 'Oracle', 'Power BI', 'SQL', 'Statistics']",6
JOB08498,Python Developer,"['Django', 'Flask', 'Git', 'Python', 'SQL']",5
JOB08499,BI Analyst,"['DAX', 'Data Visualization', 'Excel', 'Power BI', 'SQL']",5
JOB08500,Financial Analyst,"['Cloud Computing', 'Excel', 'Financial Modeling', 'Power BI', 'SQL', 'Statistics']",6
JOB08501,Python Developer,"['Django', 'Flask', 'Git', 'Python', 'SQL']",5
JOB08502,Machine Learning Engineer,"['Docker', 'Machine Learning', 'Python', 'Scikit-learn', 'TensorFlow']",5
JOB08503,HR Analyst,"['Data Analysis', 'Excel', 'HR Analytics', 'Power BI', 'SQL']",5
JOB08504,Cloud Engineer,"['AWS', 'Azure', 'Cloud Computing', 'Docker', 'Linux']",5
JOB08505,Product Analyst,"['Excel', 'Product Analytics', 'Python', 'SQL']",4
JOB08506,Web Developer,"['CSS', 'Git', 'HTML', 'Java', 'JavaScript', 'Machine Learning', 'React']",7
JOB08507,DevOps Engineer,"['AWS', 'Cloud Computing', 'Docker', 'Jenkins', 'Kubernetes', 'Linux']",6
JOB08508,Machine Learning Engineer,"['Docker', 'Machine Learning', 'Python', 'Scikit-learn', 'TensorFlow']",5
JOB08509,Marketing Analyst,"['Excel', 'Marketing Analytics', 'Power BI', 'Python', 'SQL']",5
JOB08510,Software Engineer,"['Git', 'Java', 'Python', 'REST API', 'SQL']",5
JOB08511,Full Stack Developer,"['CSS', 'HTML', 'Java', 'JavaScript', 'Machine Learning', 'Node', 'React']",7
JOB08512,Data Scientist,"['Machine Learning', 'Pandas', 'Python', 'SQL', 'Statistics']",5
JOB08513,Software Engineer,"['Git', 'Java', 'Python', 'REST API', 'SQL']",5
JOB08514,Data Scientist,"['Machine Learning', 'Pandas', 'Python', 'SQL', 'Statistics']",5
JOB08515,Full Stack Developer,"['CSS', 'HTML', 'Java', 'JavaScript', 'Machine Learning', 'Node', 'React']",7
JOB08516,Software Engineer,"['Cloud Computing', 'Git', 'Java', 'Python', 'REST API', 'SQL']",6
JOB08517,Data Analyst,"['Excel', 'Power BI', 'Python', 'SQL', 'Tableau']",5
JOB08518,Software Engineer,"['Cloud Computing', 'Git', 'Java', 'Python', 'REST API', 'SQL']",6
JOB08519,Product Analyst,"['Excel', 'Oracle', 'Product Analytics', 'Python', 'SQL']",5
JOB08520,Business Analyst,"['Business Analysis', 'Excel', 'Power BI', 'Requirements Gathering', 'SQL']",5
JOB08521,BI Analyst,"['DAX', 'Data Visualization', 'Excel', 'Power BI', 'SQL']",5
JOB08522,Python Developer,"['Django', 'Flask', 'Git', 'Python', 'SQL']",5
JOB08523,Data Scientist,"['Machine Learning', 'Pandas', 'Python', 'SQL', 'Statistics']",5
JOB08524,Full Stack Developer,"['CSS', 'HTML', 'Java', 'JavaScript', 'Machine Learning', 'Node', 'React']",7
JOB08525,Power BI Developer,"['DAX', 'Excel', 'Power BI', 'Power Query', 'SQL']",5
JOB08526,Database Administrator,"['Database', 'Database Administration', 'MySQL', 'Oracle', 'PostgreSQL', 'SQL']",6
JOB08527,BI Analyst,"['DAX', 'Data Visualization', 'Excel', 'Power BI', 'SQL']",5
JOB08528,DevOps Engineer,"['AWS', 'Docker', 'Jenkins', 'Kubernetes', 'Linux']",5
JOB08529,HR Analyst,"['Data Analysis', 'Excel', 'HR Analytics', 'Power BI', 'SQL']",5
JOB08530,HR Analyst,"['Data Analysis', 'Excel', 'HR Analytics', 'Power BI', 'SQL']",5
JOB08531,Python Developer,"['Django', 'Flask', 'Git', 'Python', 'SQL']",5
JOB08532,HR Analyst,"['Data Analysis', 'Excel', 'HR Analytics', 'Power BI', 'SQL']",5
JOB08533,Data Engineer,"['AWS', 'ETL', 'Python', 'SQL', 'Spark']",5
JOB08534,Full Stack Developer,"['CSS', 'HTML', 'Java', 'JavaScript', 'Machine Learning', 'Node', 'React']",7
JOB08535,Business Analyst,"['Business Analysis', 'Excel', 'Power BI', 'Requirements Gathering', 'SQL']",5
JOB08536,Cloud Engineer,"['AWS', 'Azure', 'Cloud Computing', 'Docker', 'Linux']",5
JOB08537,QA Engineer,"['Automation Testing', 'Java', 'Python', 'SQL', 'Selenium']",5
JOB08538,Data Analyst,"['Excel', 'Power BI', 'Python', 'SQL', 'Tableau']",5
JOB08539,Marketing Analyst,"['Excel', 'Marketing Analytics', 'Power BI', 'Python', 'SQL']",5
JOB08540,BI Analyst,"['DAX', 'Data Visualization', 'Excel', 'Power BI', 'SQL']",5
JOB08541,HR Analyst,"['Data Analysis', 'Excel', 'HR Analytics', 'Power BI', 'SQL']",5
JOB08542,Financial Analyst,"['Excel', 'Financial Modeling', 'Oracle', 'Power BI', 'SQL', 'Statistics']",6
JOB08543,Software Engineer,"['Git', 'Java', 'Python', 'REST API', 'SQL']",5
JOB08544,Python Developer,"['Cloud Computing', 'Django', 'Flask', 'Git', 'Python', 'SQL']",6
JOB08545,Marketing Analyst,"['Excel', 'Marketing Analytics', 'Power BI', 'Python', 'SQL']",5
JOB08546,Python Developer,"['Django', 'Flask', 'Git', 'Python', 'SQL']",5
JOB08547,HR Analyst,"['Data Analysis', 'Excel', 'HR Analytics', 'Power BI', 'SQL']",5
JOB08548,QA Engineer,"['Automation Testing', 'Java', 'Python', 'SQL', 'Selenium']",5
JOB08549,Web Developer,"['CSS', 'Cloud Computing', 'Git', 'HTML', 'Java', 'JavaScript', 'Machine Learning', 'React']",8
JOB08550,HR Analyst,"['Data Analysis', 'Excel', 'HR Analytics', 'Power BI', 'SQL']",5
JOB08551,SQL Developer,"['Database', 'ETL', 'MySQL', 'PostgreSQL', 'SQL']",5
JOB08552,HR Analyst,"['Data Analysis', 'Excel', 'HR Analytics', 'Power BI', 'SQL']",5
JOB08553,BI Analyst,"['DAX', 'Data Visualization', 'Excel', 'Power BI', 'SQL']",5
JOB08554,Financial Analyst,"['Excel', 'Financial Modeling', 'Power BI', 'SQL', 'Statistics']",5
JOB08555,Software Engineer,"['Git', 'Java', 'Python', 'REST API', 'SQL']",5
JOB08556,Full Stack Developer,"['CSS', 'HTML', 'Java', 'JavaScript', 'Machine Learning', 'Node', 'React']",7
JOB08557,Machine Learning Engineer,"['Docker', 'Machine Learning', 'Python', 'Scikit-learn', 'TensorFlow']",5
JOB08558,DevOps Engineer,"['AWS', 'Docker', 'Jenkins', 'Kubernetes', 'Linux']",5
JOB08559,Machine Learning Engineer,"['Cloud Computing', 'Docker', 'Machine Learning', 'Python', 'Scikit-learn', 'TensorFlow']",6
JOB08560,Data Scientist,"['Machine Learning', 'Pandas', 'Python', 'SQL', 'Statistics']",5
JOB08561,Python Developer,"['Django', 'Flask', 'Git', 'Python', 'SQL']",5
JOB08562,Python Developer,"['Django', 'Flask', 'Git', 'Python', 'SQL']",5
JOB08563,Machine Learning Engineer,"['Docker', 'Machine Learning', 'Python', 'Scikit-learn', 'TensorFlow']",5
JOB08564,Web Developer,"['CSS', 'Git', 'HTML', 'Java', 'JavaScript', 'Machine Learning', 'React']",7
JOB08565,Full Stack Developer,"['CSS', 'HTML', 'Java', 'JavaScript', 'Machine Learning', 'Node', 'React']",7
JOB08566,Web Developer,"['CSS', 'Git', 'HTML', 'Java', 'JavaScript', 'Machine Learning', 'React']",7
JOB08567,Database Administrator,"['Database', 'Database Administration', 'MySQL', 'Oracle', 'PostgreSQL', 'SQL']",6
JOB08568,Business Analyst,"['Business Analysis', 'Excel', 'Power BI', 'Requirements Gathering', 'SQL']",5
JOB08569,Cloud Engineer,"['AWS', 'Azure', 'Cloud Computing', 'Docker', 'Linux']",5
JOB08570,Cloud Engineer,"['AWS', 'Azure', 'Cloud Computing', 'Docker', 'Linux']",5
JOB08571,Data Analyst,"['Cloud Computing', 'Excel', 'Power BI', 'Python', 'SQL', 'Tableau']",6
JOB08572,Database Administrator,"['Database', 'Database Administration', 'MySQL', 'Oracle', 'PostgreSQL', 'SQL']",6
JOB08573,Web Developer,"['CSS', 'Git', 'HTML', 'Java', 'JavaScript', 'Machine Learning', 'React']",7
JOB08574,SQL Developer,"['Database', 'ETL', 'MySQL', 'PostgreSQL', 'SQL']",5
JOB08575,Database Administrator,"['Database', 'Database Administration', 'MySQL', 'Oracle', 'PostgreSQL', 'SQL']",6
JOB08576,Machine Learning Engineer,"['Docker', 'Machine Learning', 'Python', 'Scikit-learn', 'TensorFlow']",5
JOB08577,SQL Developer,"['Database', 'ETL', 'MySQL', 'PostgreSQL', 'SQL']",5
JOB08578,Web Developer,"['CSS', 'Git', 'HTML', 'Java', 'JavaScript', 'Machine Learning', 'React']",7
JOB08579,Data Analyst,"['Excel', 'Power BI', 'Python', 'SQL', 'Tableau']",5
JOB08580,Database Administrator,"['Database', 'Database Administration', 'MySQL', 'Oracle', 'PostgreSQL', 'SQL']",6
JOB08581,Financial Analyst,"['Excel', 'Financial Modeling', 'Power BI', 'SQL', 'Statistics']",5
JOB08582,Data Engineer,"['AWS', 'ETL', 'Python', 'SQL', 'Spark']",5
JOB08583,QA Engineer,"['Automation Testing', 'Java', 'Python', 'SQL', 'Selenium']",5
JOB08584,QA Engineer,"['Automation Testing', 'Java', 'Python', 'SQL', 'Selenium']",5
JOB08585,Data Scientist,"['Machine Learning', 'Pandas', 'Python', 'SQL', 'Statistics']",5
JOB08586,Cloud Engineer,"['AWS', 'Azure', 'Cloud Computing', 'Docker', 'Linux']",5
JOB08587,Python Developer,"['Django', 'Flask', 'Git', 'Python', 'SQL']",5
JOB08588,Web Developer,"['CSS', 'Git', 'HTML', 'Java', 'JavaScript', 'Machine Learning', 'React']",7
JOB08589,Marketing Analyst,"['Excel', 'Marketing Analytics', 'Power BI', 'Python', 'SQL']",5
JOB08590,Database Administrator,"['Database', 'Database Administration', 'MySQL', 'Oracle', 'PostgreSQL', 'SQL']",6
JOB08591,Cloud Engineer,"['AWS', 'Azure', 'Cloud Computing', 'Docker', 'Linux']",5
JOB08592,Financial Analyst,"['Excel', 'Financial Modeling', 'Power BI', 'SQL', 'Statistics']",5
JOB08593,Financial Analyst,"['Excel', 'Financial Modeling', 'Power BI', 'SQL', 'Statistics']",5
JOB08594,Business Analyst,"['Business Analysis', 'Excel', 'Power BI', 'Requirements Gathering', 'SQL']",5
JOB08595,Software Engineer,"['Git', 'Java', 'Python', 'REST API', 'SQL']",5
JOB08596,Product Analyst,"['Excel', 'Product Analytics', 'Python', 'SQL']",4
JOB08597,Machine Learning Engineer,"['Docker', 'Machine Learning', 'Python', 'Scikit-learn', 'TensorFlow']",5
JOB08598,Data Engineer,"['AWS', 'ETL', 'Python', 'SQL', 'Spark']",5
JOB08599,Full Stack Developer,"['CSS', 'HTML', 'Java', 'JavaScript', 'Machine Learning', 'Node', 'React']",7
JOB08600,Machine Learning Engineer,"['Docker', 'Machine Learning', 'Python', 'Scikit-learn', 'TensorFlow']",5
JOB08601,Web Developer,"['CSS', 'Git', 'HTML', 'Java', 'JavaScript', 'Machine Learning', 'React']",7
JOB08602,Database Administrator,"['Database', 'Database Administration', 'MySQL', 'Oracle', 'PostgreSQL', 'SQL']",6
JOB08603,Machine Learning Engineer,"['Docker', 'Machine Learning', 'Python', 'Scikit-learn', 'TensorFlow']",5
JOB08604,Marketing Analyst,"['Excel', 'Marketing Analytics', 'Power BI', 'Python', 'SQL']",5
JOB08605,Power BI Developer,"['DAX', 'Excel', 'Power BI', 'Power Query', 'SQL']",5
JOB08606,BI Analyst,"['DAX', 'Data Visualization', 'Excel', 'Power BI', 'SQL']",5
JOB08607,Business Analyst,"['Business Analysis', 'Excel', 'Power BI', 'Requirements Gathering', 'SQL']",5
JOB08608,Python Developer,"['Django', 'Flask', 'Git', 'Python', 'SQL']",5
JOB08609,Web Developer,"['CSS', 'Git', 'HTML', 'Java', 'JavaScript', 'Machine Learning', 'React']",7
JOB08610,Data Engineer,"['AWS', 'ETL', 'Python', 'SQL', 'Spark']",5
JOB08611,Data Engineer,"['AWS', 'ETL', 'Python', 'SQL', 'Spark']",5
JOB08612,Business Analyst,"['Business Analysis', 'Excel', 'Power BI', 'Requirements Gathering', 'SQL']",5
JOB08613,QA Engineer,"['Automation Testing', 'Java', 'Python', 'SQL', 'Selenium']",5
JOB08614,Data Scientist,"['Machine Learning', 'Pandas', 'Python', 'SQL', 'Statistics']",5
JOB08615,Cloud Engineer,"['AWS', 'Azure', 'Cloud Computing', 'Docker', 'Linux']",5
JOB08616,Marketing Analyst,"['Excel', 'Marketing Analytics', 'Power BI', 'Python', 'SQL']",5
JOB08617,DevOps Engineer,"['AWS', 'Docker', 'Jenkins', 'Kubernetes', 'Linux']",5
JOB08618,Full Stack Developer,"['CSS', 'HTML', 'Java', 'JavaScript', 'Machine Learning', 'Node', 'React']",7
JOB08619,Marketing Analyst,"['Excel', 'Marketing Analytics', 'Power BI', 'Python', 'SQL']",5
JOB08620,Marketing Analyst,"['Excel', 'Marketing Analytics', 'Power BI', 'Python', 'SQL']",5
JOB08621,Machine Learning Engineer,"['Docker', 'Machine Learning', 'Python', 'Scikit-learn', 'TensorFlow']",5
JOB08622,Power BI Developer,"['DAX', 'Excel', 'Power BI', 'Power Query', 'SQL']",5
JOB08623,Machine Learning Engineer,"['Docker', 'Machine Learning', 'Python', 'Scikit-learn', 'TensorFlow']",5
JOB08624,BI Analyst,"['DAX', 'Data Visualization', 'Excel', 'Power BI', 'SQL']",5
JOB08625,Machine Learning Engineer,"['Docker', 'Machine Learning', 'Python', 'Scikit-learn', 'TensorFlow']",5
JOB08626,DevOps Engineer,"['AWS', 'Docker', 'Jenkins', 'Kubernetes', 'Linux']",5
JOB08627,Data Scientist,"['Machine Learning', 'Pandas', 'Python', 'SQL', 'Statistics']",5
JOB08628,HR Analyst,"['Data Analysis', 'Excel', 'HR Analytics', 'Power BI', 'SQL']",5
JOB08629,Cloud Engineer,"['AWS', 'Azure', 'Cloud Computing', 'Docker', 'Linux']",5
JOB08630,DevOps Engineer,"['AWS', 'Docker', 'Jenkins', 'Kubernetes', 'Linux']",5
JOB08631,Software Engineer,"['Git', 'Java', 'Python', 'REST API', 'SQL']",5
JOB08632,Web Developer,"['CSS', 'Git', 'HTML', 'Java', 'JavaScript', 'Machine Learning', 'React']",7
JOB08633,Data Engineer,"['AWS', 'ETL', 'Python', 'SQL', 'Spark']",5
JOB08634,HR Analyst,"['Data Analysis', 'Excel', 'HR Analytics', 'Power BI', 'SQL']",5
JOB08635,Power BI Developer,"['DAX', 'Excel', 'Power BI', 'Power Query', 'SQL']",5
JOB08636,Product Analyst,"['Excel', 'Product Analytics', 'Python', 'SQL']",4
JOB08637,DevOps Engineer,"['AWS', 'Docker', 'Jenkins', 'Kubernetes', 'Linux']",5
JOB08638,Web Developer,"['CSS', 'Git', 'HTML', 'Java', 'JavaScript', 'Machine Learning', 'React']",7
JOB08639,Financial Analyst,"['Excel', 'Financial Modeling', 'Power BI', 'SQL', 'Statistics']",5
JOB08640,Database Administrator,"['Database', 'Database Administration', 'MySQL', 'Oracle', 'PostgreSQL', 'SQL']",6
JOB08641,Machine Learning Engineer,"['Docker', 'Machine Learning', 'Python', 'Scikit-learn', 'TensorFlow']",5
JOB08642,Financial Analyst,"['Excel', 'Financial Modeling', 'Power BI', 'SQL', 'Statistics']",5
JOB08643,DevOps Engineer,"['AWS', 'Docker', 'Jenkins', 'Kubernetes', 'Linux']",5
JOB08644,Cloud Engineer,"['AWS', 'Azure', 'Cloud Computing', 'Docker', 'Linux']",5
JOB08645,Marketing Analyst,"['Excel', 'Marketing Analytics', 'Power BI', 'Python', 'SQL']",5
JOB08646,Product Analyst,"['Excel', 'Product Analytics', 'Python', 'SQL']",4
JOB08647,DevOps Engineer,"['AWS', 'Docker', 'Jenkins', 'Kubernetes', 'Linux']",5
JOB08648,Power BI Developer,"['Cloud Computing', 'DAX', 'Excel', 'Power BI', 'Power Query', 'SQL']",6
JOB08649,Data Analyst,"['Excel', 'Power BI', 'Python', 'SQL', 'Tableau']",5
JOB08650,HR Analyst,"['Data Analysis', 'Excel', 'HR Analytics', 'Power BI', 'SQL']",5
JOB08651,SQL Developer,"['Database', 'ETL', 'MySQL', 'PostgreSQL', 'SQL']",5
JOB08652,HR Analyst,"['Data Analysis', 'Excel', 'HR Analytics', 'Power BI', 'SQL']",5
JOB08653,Data Engineer,"['AWS', 'ETL', 'Python', 'SQL', 'Spark']",5
JOB08654,Web Developer,"['CSS', 'Git', 'HTML', 'Java', 'JavaScript', 'Machine Learning', 'React']",7
JOB08655,SQL Developer,"['Database', 'ETL', 'MySQL', 'PostgreSQL', 'SQL']",5
JOB08656,Python Developer,"['Django', 'Flask', 'Git', 'Python', 'SQL']",5
JOB08657,Product Analyst,"['Excel', 'Product Analytics', 'Python', 'SQL']",4
JOB08658,Web Developer,"['CSS', 'Git', 'HTML', 'Java', 'JavaScript', 'Machine Learning', 'React']",7
JOB08659,Financial Analyst,"['Excel', 'Financial Modeling', 'Power BI', 'SQL', 'Statistics']",5
JOB08660,QA Engineer,"['Automation Testing', 'Java', 'Python', 'SQL', 'Selenium']",5
JOB08661,SQL Developer,"['Database', 'ETL', 'MySQL', 'PostgreSQL', 'SQL']",5
JOB08662,Product Analyst,"['Excel', 'Product Analytics', 'Python', 'SQL']",4
JOB08663,Data Scientist,"['Machine Learning', 'Pandas', 'Python', 'SQL', 'Statistics']",5
JOB08664,QA Engineer,"['Automation Testing', 'Java', 'Python', 'SQL', 'Selenium']",5
JOB08665,Data Engineer,"['AWS', 'ETL', 'Python', 'SQL', 'Spark']",5
JOB08666,SQL Developer,"['Database', 'ETL', 'MySQL', 'PostgreSQL', 'SQL']",5
JOB08667,SQL Developer,"['Database', 'ETL', 'MySQL', 'PostgreSQL', 'SQL']",5
JOB08668,Data Engineer,"['AWS', 'Cloud Computing', 'ETL', 'Python', 'SQL', 'Spark']",6
JOB08669,Product Analyst,"['Excel', 'Product Analytics', 'Python', 'SQL']",4
JOB08670,Full Stack Developer,"['CSS', 'HTML', 'Java', 'JavaScript', 'Machine Learning', 'Node', 'React']",7
JOB08671,Data Scientist,"['Machine Learning', 'Pandas', 'Python', 'SQL', 'Statistics']",5
JOB08672,Software Engineer,"['Git', 'Java', 'Python', 'REST API', 'SQL']",5
JOB08673,Python Developer,"['Django', 'Flask', 'Git', 'Python', 'SQL']",5
JOB08674,Marketing Analyst,"['Excel', 'Marketing Analytics', 'Power BI', 'Python', 'SQL']",5
JOB08675,Data Analyst,"['Excel', 'Power BI', 'Python', 'SQL', 'Tableau']",5
JOB08676,Database Administrator,"['Database', 'Database Administration', 'MySQL', 'Oracle', 'PostgreSQL', 'SQL']",6
JOB08677,Data Scientist,"['Machine Learning', 'Oracle', 'Pandas', 'Python', 'SQL', 'Statistics']",6
JOB08678,Business Analyst,"['Business Analysis', 'Excel', 'Power BI', 'Requirements Gathering', 'SQL']",5
JOB08679,Full Stack Developer,"['CSS', 'Cloud Computing', 'HTML', 'Java', 'JavaScript', 'Machine Learning', 'Node', 'React']",8
JOB08680,Web Developer,"['CSS', 'Git', 'HTML', 'Java', 'JavaScript', 'Machine Learning', 'React']",7
JOB08681,Data Scientist,"['Machine Learning', 'Pandas', 'Python', 'SQL', 'Statistics']",5
JOB08682,Database Administrator,"['Database', 'Database Administration', 'MySQL', 'Oracle', 'PostgreSQL', 'SQL']",6
JOB08683,Python Developer,"['Django', 'Flask', 'Git', 'Python', 'SQL']",5
JOB08684,HR Analyst,"['Data Analysis', 'Excel', 'HR Analytics', 'Power BI', 'SQL']",5
JOB08685,Data Engineer,"['AWS', 'ETL', 'Python', 'SQL', 'Spark']",5
JOB08686,DevOps Engineer,"['AWS', 'Docker', 'Jenkins', 'Kubernetes', 'Linux']",5
JOB08687,Business Analyst,"['Business Analysis', 'Cloud Computing', 'Excel', 'Power BI', 'Requirements Gathering', 'SQL']",6
JOB08688,Marketing Analyst,"['Excel', 'Marketing Analytics', 'Power BI', 'Python', 'SQL']",5
JOB08689,Power BI Developer,"['DAX', 'Excel', 'Power BI', 'Power Query', 'SQL']",5
JOB08690,Database Administrator,"['Database', 'Database Administration', 'MySQL', 'Oracle', 'PostgreSQL', 'SQL']",6
JOB08691,Full Stack Developer,"['CSS', 'HTML', 'Java', 'JavaScript', 'Machine Learning', 'Node', 'React']",7
JOB08692,BI Analyst,"['DAX', 'Data Visualization', 'Excel', 'Power BI', 'SQL']",5
JOB08693,Financial Analyst,"['Excel', 'Financial Modeling', 'Power BI', 'SQL', 'Statistics']",5
JOB08694,SQL Developer,"['Database', 'ETL', 'MySQL', 'PostgreSQL', 'SQL']",5
JOB08695,Power BI Developer,"['DAX', 'Excel', 'Power BI', 'Power Query', 'SQL']",5
JOB08696,Web Developer,"['CSS', 'Git', 'HTML', 'Java', 'JavaScript', 'Machine Learning', 'React']",7
JOB08697,Business Analyst,"['Business Analysis', 'Excel', 'Power BI', 'Requirements Gathering', 'SQL']",5
JOB08698,SQL Developer,"['Database', 'ETL', 'MySQL', 'PostgreSQL', 'SQL']",5
JOB08699,Python Developer,"['Django', 'Flask', 'Git', 'Python', 'SQL']",5
JOB08700,Marketing Analyst,"['Excel', 'Marketing Analytics', 'Power BI', 'Python', 'SQL']",5
JOB08701,Machine Learning Engineer,"['Docker', 'Machine Learning', 'Python', 'Scikit-learn', 'TensorFlow']",5
JOB08702,DevOps Engineer,"['AWS', 'Docker', 'Jenkins', 'Kubernetes', 'Linux']",5
JOB08703,Database Administrator,"['Database', 'Database Administration', 'MySQL', 'Oracle', 'PostgreSQL', 'SQL']",6
JOB08704,Web Developer,"['CSS', 'Git', 'HTML', 'Java', 'JavaScript', 'Machine Learning', 'React']",7
JOB08705,Database Administrator,"['Database', 'Database Administration', 'MySQL', 'Oracle', 'PostgreSQL', 'SQL']",6
JOB08706,Web Developer,"['CSS', 'Git', 'HTML', 'Java', 'JavaScript', 'Machine Learning', 'React']",7
JOB08707,Full Stack Developer,"['CSS', 'HTML', 'Java', 'JavaScript', 'Machine Learning', 'Node', 'React']",7
JOB08708,SQL Developer,"['Database', 'ETL', 'MySQL', 'PostgreSQL', 'SQL']",5
JOB08709,BI Analyst,"['DAX', 'Data Visualization', 'Excel', 'Power BI', 'SQL']",5
JOB08710,Data Analyst,"['Excel', 'Power BI', 'Python', 'SQL', 'Tableau']",5
JOB08711,HR Analyst,"['Data Analysis', 'Excel', 'HR Analytics', 'Power BI', 'SQL']",5
JOB08712,Power BI Developer,"['DAX', 'Excel', 'Power BI', 'Power Query', 'SQL']",5
JOB08713,Cloud Engineer,"['AWS', 'Azure', 'Cloud Computing', 'Docker', 'Linux']",5
JOB08714,Business Analyst,"['Business Analysis', 'Excel', 'Power BI', 'Requirements Gathering', 'SQL']",5
JOB08715,HR Analyst,"['Data Analysis', 'Excel', 'HR Analytics', 'Power BI', 'SQL']",5
JOB08716,Machine Learning Engineer,"['Docker', 'Machine Learning', 'Python', 'Scikit-learn', 'TensorFlow']",5
JOB08717,Full Stack Developer,"['CSS', 'HTML', 'Java', 'JavaScript', 'Machine Learning', 'Node', 'React']",7
JOB08718,Web Developer,"['CSS', 'Git', 'HTML', 'Java', 'JavaScript', 'Machine Learning', 'React']",7
JOB08719,Financial Analyst,"['Excel', 'Financial Modeling', 'Power BI', 'SQL', 'Statistics']",5
JOB08720,Cloud Engineer,"['AWS', 'Azure', 'Cloud Computing', 'Docker', 'Linux']",5
JOB08721,Financial Analyst,"['Excel', 'Financial Modeling', 'Power BI', 'SQL', 'Statistics']",5
JOB08722,Business Analyst,"['Business Analysis', 'Excel', 'Power BI', 'Requirements Gathering', 'SQL']",5
JOB08723,BI Analyst,"['DAX', 'Data Visualization', 'Excel', 'Oracle', 'Power BI', 'SQL']",6
JOB08724,BI Analyst,"['Cloud Computing', 'DAX', 'Data Visualization', 'Excel', 'Power BI', 'SQL']",6
JOB08725,Data Engineer,"['AWS', 'ETL', 'Python', 'SQL', 'Spark']",5
JOB08726,Product Analyst,"['Excel', 'Product Analytics', 'Python', 'SQL']",4
JOB08727,DevOps Engineer,"['AWS', 'Docker', 'Jenkins', 'Kubernetes', 'Linux', 'Oracle']",6
JOB08728,Full Stack Developer,"['CSS', 'HTML', 'Java', 'JavaScript', 'Machine Learning', 'Node', 'React']",7
JOB08729,BI Analyst,"['DAX', 'Data Visualization', 'Excel', 'Power BI', 'SQL']",5
JOB08730,Data Analyst,"['Excel', 'Power BI', 'Python', 'SQL', 'Tableau']",5
JOB08731,BI Analyst,"['DAX', 'Data Visualization', 'Excel', 'Power BI', 'SQL']",5
JOB08732,DevOps Engineer,"['AWS', 'Docker', 'Jenkins', 'Kubernetes', 'Linux']",5
JOB08733,Cloud Engineer,"['AWS', 'Azure', 'Cloud Computing', 'Docker', 'Linux']",5
JOB08734,Product Analyst,"['Excel', 'Product Analytics', 'Python', 'SQL']",4
JOB08735,DevOps Engineer,"['AWS', 'Docker', 'Jenkins', 'Kubernetes', 'Linux']",5
JOB08736,Python Developer,"['Cloud Computing', 'Django', 'Flask', 'Git', 'Python', 'SQL']",6
JOB08737,DevOps Engineer,"['AWS', 'Docker', 'Jenkins', 'Kubernetes', 'Linux']",5
JOB08738,Database Administrator,"['Database', 'Database Administration', 'MySQL', 'Oracle', 'PostgreSQL', 'SQL']",6
JOB08739,Marketing Analyst,"['Excel', 'Marketing Analytics', 'Power BI', 'Python', 'SQL']",5
JOB08740,Data Scientist,"['Machine Learning', 'Pandas', 'Python', 'SQL', 'Statistics']",5
JOB08741,Software Engineer,"['Git', 'Java', 'Oracle', 'Python', 'REST API', 'SQL']",6
JOB08742,DevOps Engineer,"['AWS', 'Docker', 'Jenkins', 'Kubernetes', 'Linux']",5
JOB08743,Python Developer,"['Django', 'Flask', 'Git', 'Python', 'SQL']",5
JOB08744,Financial Analyst,"['Excel', 'Financial Modeling', 'Power BI', 'SQL', 'Statistics']",5
JOB08745,DevOps Engineer,"['AWS', 'Docker', 'Jenkins', 'Kubernetes', 'Linux']",5
JOB08746,Full Stack Developer,"['CSS', 'HTML', 'Java', 'JavaScript', 'Machine Learning', 'Node', 'React']",7
JOB08747,Web Developer,"['CSS', 'Git', 'HTML', 'Java', 'JavaScript', 'Machine Learning', 'React']",7
JOB08748,Product Analyst,"['Excel', 'Product Analytics', 'Python', 'SQL']",4
JOB08749,Marketing Analyst,"['Excel', 'Marketing Analytics', 'Power BI', 'Python', 'SQL']",5
JOB08750,QA Engineer,"['Automation Testing', 'Java', 'Python', 'SQL', 'Selenium']",5
JOB08751,Product Analyst,"['Cloud Computing', 'Excel', 'Product Analytics', 'Python', 'SQL']",5
JOB08752,Software Engineer,"['Cloud Computing', 'Git', 'Java', 'Python', 'REST API', 'SQL']",6
JOB08753,BI Analyst,"['DAX', 'Data Visualization', 'Excel', 'Power BI', 'SQL']",5
JOB08754,Python Developer,"['Django', 'Flask', 'Git', 'Python', 'SQL']",5
JOB08755,Product Analyst,"['Excel', 'Product Analytics', 'Python', 'SQL']",4
JOB08756,Machine Learning Engineer,"['Docker', 'Machine Learning', 'Python', 'Scikit-learn', 'TensorFlow']",5
JOB08757,Full Stack Developer,"['CSS', 'HTML', 'Java', 'JavaScript', 'Machine Learning', 'Node', 'React']",7
JOB08758,Cloud Engineer,"['AWS', 'Azure', 'Cloud Computing', 'Docker', 'Linux']",5
JOB08759,Database Administrator,"['Database', 'Database Administration', 'MySQL', 'Oracle', 'PostgreSQL', 'SQL']",6
JOB08760,BI Analyst,"['DAX', 'Data Visualization', 'Excel', 'Power BI', 'SQL']",5
JOB08761,Data Engineer,"['AWS', 'ETL', 'Python', 'SQL', 'Spark']",5
JOB08762,Python Developer,"['Django', 'Flask', 'Git', 'Python', 'SQL']",5
JOB08763,Business Analyst,"['Business Analysis', 'Excel', 'Power BI', 'Requirements Gathering', 'SQL']",5
JOB08764,Product Analyst,"['Excel', 'Product Analytics', 'Python', 'SQL']",4
JOB08765,Power BI Developer,"['DAX', 'Excel', 'Power BI', 'Power Query', 'SQL']",5
JOB08766,DevOps Engineer,"['AWS', 'Docker', 'Jenkins', 'Kubernetes', 'Linux']",5
JOB08767,Software Engineer,"['Git', 'Java', 'Python', 'REST API', 'SQL']",5
JOB08768,Python Developer,"['Django', 'Flask', 'Git', 'Python', 'SQL']",5
JOB08769,QA Engineer,"['Automation Testing', 'Java', 'Python', 'SQL', 'Selenium']",5
JOB08770,Full Stack Developer,"['CSS', 'HTML', 'Java', 'JavaScript', 'Machine Learning', 'Node', 'React']",7
JOB08771,Machine Learning Engineer,"['Docker', 'Machine Learning', 'Python', 'Scikit-learn', 'TensorFlow']",5
JOB08772,HR Analyst,"['Cloud Computing', 'Data Analysis', 'Excel', 'HR Analytics', 'Power BI', 'SQL']",6
JOB08773,Business Analyst,"['Business Analysis', 'Cloud Computing', 'Excel', 'Power BI', 'Requirements Gathering', 'SQL']",6
JOB08774,HR Analyst,"['Data Analysis', 'Excel', 'HR Analytics', 'Power BI', 'SQL']",5
JOB08775,BI Analyst,"['DAX', 'Data Visualization', 'Excel', 'Power BI', 'SQL']",5
JOB08776,Python Developer,"['Django', 'Flask', 'Git', 'Python', 'SQL']",5
JOB08777,Power BI Developer,"['DAX', 'Excel', 'Power BI', 'Power Query', 'SQL']",5
JOB08778,Software Engineer,"['Git', 'Java', 'Python', 'REST API', 'SQL']",5
JOB08779,Business Analyst,"['Business Analysis', 'Excel', 'Power BI', 'Requirements Gathering', 'SQL']",5
JOB08780,SQL Developer,"['Database', 'ETL', 'MySQL', 'PostgreSQL', 'SQL']",5
JOB08781,SQL Developer,"['Database', 'ETL', 'MySQL', 'PostgreSQL', 'SQL']",5
JOB08782,Marketing Analyst,"['Excel', 'Marketing Analytics', 'Power BI', 'Python', 'SQL']",5
JOB08783,QA Engineer,"['Automation Testing', 'Java', 'Python', 'SQL', 'Selenium']",5
JOB08784,Business Analyst,"['Business Analysis', 'Excel', 'Power BI', 'Requirements Gathering', 'SQL']",5
JOB08785,Data Engineer,"['AWS', 'ETL', 'Python', 'SQL', 'Spark']",5
JOB08786,HR Analyst,"['Data Analysis', 'Excel', 'HR Analytics', 'Power BI', 'SQL']",5
JOB08787,Power BI Developer,"['DAX', 'Excel', 'Power BI', 'Power Query', 'SQL']",5
JOB08788,QA Engineer,"['Automation Testing', 'Java', 'Python', 'SQL', 'Selenium']",5
JOB08789,Financial Analyst,"['Excel', 'Financial Modeling', 'Power BI', 'SQL', 'Statistics']",5
JOB08790,BI Analyst,"['DAX', 'Data Visualization', 'Excel', 'Power BI', 'SQL']",5
JOB08791,BI Analyst,"['DAX', 'Data Visualization', 'Excel', 'Power BI', 'SQL']",5
JOB08792,Marketing Analyst,"['Excel', 'Marketing Analytics', 'Power BI', 'Python', 'SQL']",5
JOB08793,HR Analyst,"['Data Analysis', 'Excel', 'HR Analytics', 'Power BI', 'SQL']",5
JOB08794,Full Stack Developer,"['CSS', 'HTML', 'Java', 'JavaScript', 'Machine Learning', 'Node', 'React']",7
JOB08795,BI Analyst,"['DAX', 'Data Visualization', 'Excel', 'Power BI', 'SQL']",5
JOB08796,Python Developer,"['Django', 'Flask', 'Git', 'Python', 'SQL']",5
JOB08797,Python Developer,"['Django', 'Flask', 'Git', 'Python', 'SQL']",5
JOB08798,Database Administrator,"['Cloud Computing', 'Database', 'Database Administration', 'MySQL', 'Oracle', 'PostgreSQL', 'SQL']",7
JOB08799,Python Developer,"['Django', 'Flask', 'Git', 'Python', 'SQL']",5
JOB08800,SQL Developer,"['Database', 'ETL', 'MySQL', 'PostgreSQL', 'SQL']",5
JOB08801,Python Developer,"['Django', 'Flask', 'Git', 'Python', 'SQL']",5
JOB08802,QA Engineer,"['Automation Testing', 'Java', 'Python', 'SQL', 'Selenium']",5
JOB08803,SQL Developer,"['Database', 'ETL', 'MySQL', 'PostgreSQL', 'SQL']",5
JOB08804,Data Analyst,"['Excel', 'Power BI', 'Python', 'SQL', 'Tableau']",5
JOB08805,Data Engineer,"['AWS', 'ETL', 'Python', 'SQL', 'Spark']",5
JOB08806,HR Analyst,"['Data Analysis', 'Excel', 'HR Analytics', 'Power BI', 'SQL']",5
JOB08807,Data Engineer,"['AWS', 'ETL', 'Python', 'SQL', 'Spark']",5
JOB08808,Business Analyst,"['Business Analysis', 'Excel', 'Power BI', 'Requirements Gathering', 'SQL']",5
JOB08809,Power BI Developer,"['DAX', 'Excel', 'Power BI', 'Power Query', 'SQL']",5
JOB08810,Data Engineer,"['AWS', 'ETL', 'Python', 'SQL', 'Spark']",5
JOB08811,Database Administrator,"['Database', 'Database Administration', 'MySQL', 'Oracle', 'PostgreSQL', 'SQL']",6
JOB08812,Cloud Engineer,"['AWS', 'Azure', 'Cloud Computing', 'Docker', 'Linux']",5
JOB08813,Python Developer,"['Django', 'Flask', 'Git', 'Python', 'SQL']",5
JOB08814,SQL Developer,"['Database', 'ETL', 'MySQL', 'PostgreSQL', 'SQL']",5
JOB08815,Database Administrator,"['Database', 'Database Administration', 'MySQL', 'Oracle', 'PostgreSQL', 'SQL']",6
JOB08816,Data Engineer,"['AWS', 'ETL', 'Python', 'SQL', 'Spark']",5
JOB08817,Data Engineer,"['AWS', 'ETL', 'Python', 'SQL', 'Spark']",5
JOB08818,Software Engineer,"['Git', 'Java', 'Python', 'REST API', 'SQL']",5
JOB08819,Data Analyst,"['Excel', 'Power BI', 'Python', 'SQL', 'Tableau']",5
JOB08820,Marketing Analyst,"['Excel', 'Marketing Analytics', 'Power BI', 'Python', 'SQL']",5
JOB08821,Data Engineer,"['AWS', 'ETL', 'Python', 'SQL', 'Spark']",5
JOB08822,Data Scientist,"['Machine Learning', 'Pandas', 'Python', 'SQL', 'Statistics']",5
JOB08823,Machine Learning Engineer,"['Docker', 'Machine Learning', 'Python', 'Scikit-learn', 'TensorFlow']",5
JOB08824,Power BI Developer,"['DAX', 'Excel', 'Power BI', 'Power Query', 'SQL']",5
JOB08825,SQL Developer,"['Database', 'ETL', 'MySQL', 'PostgreSQL', 'SQL']",5
JOB08826,Database Administrator,"['Database', 'Database Administration', 'MySQL', 'Oracle', 'PostgreSQL', 'SQL']",6
JOB08827,Marketing Analyst,"['Excel', 'Marketing Analytics', 'Power BI', 'Python', 'SQL']",5
JOB08828,Business Analyst,"['Business Analysis', 'Excel', 'Power BI', 'Requirements Gathering', 'SQL']",5
JOB08829,Marketing Analyst,"['Excel', 'Marketing Analytics', 'Power BI', 'Python', 'SQL']",5
JOB08830,Python Developer,"['Django', 'Flask', 'Git', 'Python', 'SQL']",5
JOB08831,Cloud Engineer,"['AWS', 'Azure', 'Cloud Computing', 'Docker', 'Linux']",5
JOB08832,BI Analyst,"['DAX', 'Data Visualization', 'Excel', 'Power BI', 'SQL']",5
JOB08833,Product Analyst,"['Excel', 'Oracle', 'Product Analytics', 'Python', 'SQL']",5
JOB08834,Data Scientist,"['Cloud Computing', 'Machine Learning', 'Pandas', 'Python', 'SQL', 'Statistics']",6
JOB08835,Database Administrator,"['Database', 'Database Administration', 'MySQL', 'Oracle', 'PostgreSQL', 'SQL']",6
JOB08836,Machine Learning Engineer,"['Docker', 'Machine Learning', 'Python', 'Scikit-learn', 'TensorFlow']",5
JOB08837,Python Developer,"['Django', 'Flask', 'Git', 'Python', 'SQL']",5
JOB08838,Cloud Engineer,"['AWS', 'Azure', 'Cloud Computing', 'Docker', 'Linux', 'Oracle']",6
JOB08839,Web Developer,"['CSS', 'Git', 'HTML', 'Java', 'JavaScript', 'Machine Learning', 'React']",7
JOB08840,Power BI Developer,"['DAX', 'Excel', 'Power BI', 'Power Query', 'SQL']",5
JOB08841,Cloud Engineer,"['AWS', 'Azure', 'Cloud Computing', 'Docker', 'Linux']",5
JOB08842,Web Developer,"['CSS', 'Git', 'HTML', 'Java', 'JavaScript', 'Machine Learning', 'React']",7
JOB08843,Database Administrator,"['Database', 'Database Administration', 'MySQL', 'Oracle', 'PostgreSQL', 'SQL']",6
JOB08844,Business Analyst,"['Business Analysis', 'Excel', 'Power BI', 'Requirements Gathering', 'SQL']",5
JOB08845,Data Analyst,"['Excel', 'Power BI', 'Python', 'SQL', 'Tableau']",5
JOB08846,Data Analyst,"['Excel', 'Oracle', 'Power BI', 'Python', 'SQL', 'Tableau']",6
JOB08847,Software Engineer,"['Git', 'Java', 'Python', 'REST API', 'SQL']",5
JOB08848,QA Engineer,"['Automation Testing', 'Java', 'Python', 'SQL', 'Selenium']",5
JOB08849,Product Analyst,"['Excel', 'Product Analytics', 'Python', 'SQL']",4
JOB08850,Machine Learning Engineer,"['Docker', 'Machine Learning', 'Python', 'Scikit-learn', 'TensorFlow']",5
JOB08851,SQL Developer,"['Database', 'ETL', 'MySQL', 'PostgreSQL', 'SQL']",5
JOB08852,Machine Learning Engineer,"['Docker', 'Machine Learning', 'Python', 'Scikit-learn', 'TensorFlow']",5
JOB08853,Machine Learning Engineer,"['Docker', 'Machine Learning', 'Python', 'Scikit-learn', 'TensorFlow']",5
JOB08854,Machine Learning Engineer,"['Docker', 'Machine Learning', 'Python', 'Scikit-learn', 'TensorFlow']",5
JOB08855,Machine Learning Engineer,"['Docker', 'Machine Learning', 'Python', 'Scikit-learn', 'TensorFlow']",5
JOB08856,Product Analyst,"['Excel', 'Product Analytics', 'Python', 'SQL']",4
JOB08857,Python Developer,"['Django', 'Flask', 'Git', 'Python', 'SQL']",5
JOB08858,DevOps Engineer,"['AWS', 'Docker', 'Jenkins', 'Kubernetes', 'Linux']",5
JOB08859,Full Stack Developer,"['CSS', 'HTML', 'Java', 'JavaScript', 'Machine Learning', 'Node', 'React']",7
JOB08860,QA Engineer,"['Automation Testing', 'Java', 'Python', 'SQL', 'Selenium']",5
JOB08861,Cloud Engineer,"['AWS', 'Azure', 'Cloud Computing', 'Docker', 'Linux']",5
JOB08862,QA Engineer,"['Automation Testing', 'Java', 'Python', 'SQL', 'Selenium']",5
JOB08863,Machine Learning Engineer,"['Docker', 'Machine Learning', 'Python', 'Scikit-learn', 'TensorFlow']",5
JOB08864,Financial Analyst,"['Excel', 'Financial Modeling', 'Power BI', 'SQL', 'Statistics']",5
JOB08865,Data Analyst,"['Excel', 'Power BI', 'Python', 'SQL', 'Tableau']",5
JOB08866,HR Analyst,"['Data Analysis', 'Excel', 'HR Analytics', 'Power BI', 'SQL']",5
JOB08867,BI Analyst,"['DAX', 'Data Visualization', 'Excel', 'Power BI', 'SQL']",5
JOB08868,QA Engineer,"['Automation Testing', 'Java', 'Python', 'SQL', 'Selenium']",5
JOB08869,Software Engineer,"['Git', 'Java', 'Python', 'REST API', 'SQL']",5
JOB08870,DevOps Engineer,"['AWS', 'Cloud Computing', 'Docker', 'Jenkins', 'Kubernetes', 'Linux']",6
JOB08871,Machine Learning Engineer,"['Docker', 'Machine Learning', 'Python', 'Scikit-learn', 'TensorFlow']",5
JOB08872,DevOps Engineer,"['AWS', 'Docker', 'Jenkins', 'Kubernetes', 'Linux']",5
JOB08873,Data Engineer,"['AWS', 'Cloud Computing', 'ETL', 'Python', 'SQL', 'Spark']",6
JOB08874,Machine Learning Engineer,"['Docker', 'Machine Learning', 'Python', 'Scikit-learn', 'TensorFlow']",5
JOB08875,Full Stack Developer,"['CSS', 'HTML', 'Java', 'JavaScript', 'Machine Learning', 'Node', 'React']",7
JOB08876,SQL Developer,"['Database', 'ETL', 'MySQL', 'Oracle', 'PostgreSQL', 'SQL']",6
JOB08877,DevOps Engineer,"['AWS', 'Docker', 'Jenkins', 'Kubernetes', 'Linux']",5
JOB08878,HR Analyst,"['Data Analysis', 'Excel', 'HR Analytics', 'Power BI', 'SQL']",5
JOB08879,SQL Developer,"['Database', 'ETL', 'MySQL', 'PostgreSQL', 'SQL']",5
JOB08880,Python Developer,"['Django', 'Flask', 'Git', 'Python', 'SQL']",5
JOB08881,Product Analyst,"['Excel', 'Product Analytics', 'Python', 'SQL']",4
JOB08882,Power BI Developer,"['DAX', 'Excel', 'Power BI', 'Power Query', 'SQL']",5
JOB08883,SQL Developer,"['Database', 'ETL', 'MySQL', 'PostgreSQL', 'SQL']",5
JOB08884,SQL Developer,"['Cloud Computing', 'Database', 'ETL', 'MySQL', 'PostgreSQL', 'SQL']",6
JOB08885,Business Analyst,"['Business Analysis', 'Cloud Computing', 'Excel', 'Power BI', 'Requirements Gathering', 'SQL']",6
JOB08886,Business Analyst,"['Business Analysis', 'Excel', 'Power BI', 'Requirements Gathering', 'SQL']",5
JOB08887,HR Analyst,"['Data Analysis', 'Excel', 'HR Analytics', 'Power BI', 'SQL']",5
JOB08888,Cloud Engineer,"['AWS', 'Azure', 'Cloud Computing', 'Docker', 'Linux']",5
JOB08889,Cloud Engineer,"['AWS', 'Azure', 'Cloud Computing', 'Docker', 'Linux']",5
JOB08890,HR Analyst,"['Data Analysis', 'Excel', 'HR Analytics', 'Oracle', 'Power BI', 'SQL']",6
JOB08891,QA Engineer,"['Automation Testing', 'Java', 'Python', 'SQL', 'Selenium']",5
JOB08892,Software Engineer,"['Git', 'Java', 'Python', 'REST API', 'SQL']",5
JOB08893,Power BI Developer,"['DAX', 'Excel', 'Power BI', 'Power Query', 'SQL']",5
JOB08894,BI Analyst,"['DAX', 'Data Visualization', 'Excel', 'Power BI', 'SQL']",5
JOB08895,Marketing Analyst,"['Excel', 'Marketing Analytics', 'Power BI', 'Python', 'SQL']",5
JOB08896,Web Developer,"['CSS', 'Git', 'HTML', 'Java', 'JavaScript', 'Machine Learning', 'React']",7
JOB08897,Python Developer,"['Django', 'Flask', 'Git', 'Python', 'SQL']",5
JOB08898,Cloud Engineer,"['AWS', 'Azure', 'Cloud Computing', 'Docker', 'Linux', 'Oracle']",6
JOB08899,Software Engineer,"['Git', 'Java', 'Python', 'REST API', 'SQL']",5
JOB08900,Software Engineer,"['Git', 'Java', 'Python', 'REST API', 'SQL']",5
JOB08901,Web Developer,"['CSS', 'Git', 'HTML', 'Java', 'JavaScript', 'Machine Learning', 'React']",7
JOB08902,Power BI Developer,"['DAX', 'Excel', 'Power BI', 'Power Query', 'SQL']",5
JOB08903,Full Stack Developer,"['CSS', 'HTML', 'Java', 'JavaScript', 'Machine Learning', 'Node', 'Oracle', 'React']",8
JOB08904,Power BI Developer,"['DAX', 'Excel', 'Power BI', 'Power Query', 'SQL']",5
JOB08905,Python Developer,"['Django', 'Flask', 'Git', 'Python', 'SQL']",5
JOB08906,Data Scientist,"['Machine Learning', 'Pandas', 'Python', 'SQL', 'Statistics']",5
JOB08907,Machine Learning Engineer,"['Docker', 'Machine Learning', 'Python', 'Scikit-learn', 'TensorFlow']",5
JOB08908,Cloud Engineer,"['AWS', 'Azure', 'Cloud Computing', 'Docker', 'Linux']",5
JOB08909,Marketing Analyst,"['Cloud Computing', 'Excel', 'Marketing Analytics', 'Power BI', 'Python', 'SQL']",6
JOB08910,Python Developer,"['Django', 'Flask', 'Git', 'Python', 'SQL']",5
JOB08911,Product Analyst,"['Excel', 'Product Analytics', 'Python', 'SQL']",4
JOB08912,Marketing Analyst,"['Excel', 'Marketing Analytics', 'Power BI', 'Python', 'SQL']",5
JOB08913,HR Analyst,"['Cloud Computing', 'Data Analysis', 'Excel', 'HR Analytics', 'Power BI', 'SQL']",6
JOB08914,Database Administrator,"['Cloud Computing', 'Database', 'Database Administration', 'MySQL', 'Oracle', 'PostgreSQL', 'SQL']",7
JOB08915,BI Analyst,"['DAX', 'Data Visualization', 'Excel', 'Power BI', 'SQL']",5
JOB08916,DevOps Engineer,"['AWS', 'Docker', 'Jenkins', 'Kubernetes', 'Linux']",5
JOB08917,Software Engineer,"['Git', 'Java', 'Python', 'REST API', 'SQL']",5
JOB08918,Software Engineer,"['Git', 'Java', 'Oracle', 'Python', 'REST API', 'SQL']",6
JOB08919,SQL Developer,"['Database', 'ETL', 'MySQL', 'Oracle', 'PostgreSQL', 'SQL']",6
JOB08920,SQL Developer,"['Database', 'ETL', 'MySQL', 'PostgreSQL', 'SQL']",5
JOB08921,DevOps Engineer,"['AWS', 'Docker', 'Jenkins', 'Kubernetes', 'Linux']",5
JOB08922,Full Stack Developer,"['CSS', 'HTML', 'Java', 'JavaScript', 'Machine Learning', 'Node', 'React']",7
JOB08923,Cloud Engineer,"['AWS', 'Azure', 'Cloud Computing', 'Docker', 'Linux']",5
JOB08924,Power BI Developer,"['DAX', 'Excel', 'Power BI', 'Power Query', 'SQL']",5
JOB08925,QA Engineer,"['Automation Testing', 'Java', 'Python', 'SQL', 'Selenium']",5
JOB08926,Python Developer,"['Django', 'Flask', 'Git', 'Python', 'SQL']",5
JOB08927,Data Engineer,"['AWS', 'ETL', 'Python', 'SQL', 'Spark']",5
JOB08928,Marketing Analyst,"['Cloud Computing', 'Excel', 'Marketing Analytics', 'Power BI', 'Python', 'SQL']",6
JOB08929,QA Engineer,"['Automation Testing', 'Java', 'Python', 'SQL', 'Selenium']",5
JOB08930,Product Analyst,"['Excel', 'Product Analytics', 'Python', 'SQL']",4
JOB08931,Product Analyst,"['Excel', 'Product Analytics', 'Python', 'SQL']",4
JOB08932,DevOps Engineer,"['AWS', 'Docker', 'Jenkins', 'Kubernetes', 'Linux']",5
JOB08933,Software Engineer,"['Git', 'Java', 'Python', 'REST API', 'SQL']",5
JOB08934,Data Engineer,"['AWS', 'Cloud Computing', 'ETL', 'Python', 'SQL', 'Spark']",6
JOB08935,Data Engineer,"['AWS', 'ETL', 'Python', 'SQL', 'Spark']",5
JOB08936,Marketing Analyst,"['Excel', 'Marketing Analytics', 'Oracle', 'Power BI', 'Python', 'SQL']",6
JOB08937,Financial Analyst,"['Excel', 'Financial Modeling', 'Power BI', 'SQL', 'Statistics']",5
JOB08938,Web Developer,"['CSS', 'Git', 'HTML', 'Java', 'JavaScript', 'Machine Learning', 'React']",7
JOB08939,Full Stack Developer,"['CSS', 'HTML', 'Java', 'JavaScript', 'Machine Learning', 'Node', 'Oracle', 'React']",8
JOB08940,QA Engineer,"['Automation Testing', 'Java', 'Python', 'SQL', 'Selenium']",5
JOB08941,Software Engineer,"['Git', 'Java', 'Python', 'REST API', 'SQL']",5
JOB08942,SQL Developer,"['Database', 'ETL', 'MySQL', 'PostgreSQL', 'SQL']",5
JOB08943,Power BI Developer,"['DAX', 'Excel', 'Power BI', 'Power Query', 'SQL']",5
JOB08944,BI Analyst,"['DAX', 'Data Visualization', 'Excel', 'Power BI', 'SQL']",5
JOB08945,HR Analyst,"['Data Analysis', 'Excel', 'HR Analytics', 'Power BI', 'SQL']",5
JOB08946,BI Analyst,"['DAX', 'Data Visualization', 'Excel', 'Power BI', 'SQL']",5
JOB08947,Python Developer,"['Django', 'Flask', 'Git', 'Oracle', 'Python', 'SQL']",6
JOB08948,Full Stack Developer,"['CSS', 'HTML', 'Java', 'JavaScript', 'Machine Learning', 'Node', 'Oracle', 'React']",8
JOB08949,Power BI Developer,"['DAX', 'Excel', 'Power BI', 'Power Query', 'SQL']",5
JOB08950,Financial Analyst,"['Excel', 'Financial Modeling', 'Power BI', 'SQL', 'Statistics']",5
JOB08951,BI Analyst,"['DAX', 'Data Visualization', 'Excel', 'Power BI', 'SQL']",5
JOB08952,Cloud Engineer,"['AWS', 'Azure', 'Cloud Computing', 'Docker', 'Linux']",5
JOB08953,Power BI Developer,"['DAX', 'Excel', 'Power BI', 'Power Query', 'SQL']",5
JOB08954,HR Analyst,"['Data Analysis', 'Excel', 'HR Analytics', 'Power BI', 'SQL']",5
JOB08955,SQL Developer,"['Database', 'ETL', 'MySQL', 'Oracle', 'PostgreSQL', 'SQL']",6
JOB08956,DevOps Engineer,"['AWS', 'Docker', 'Jenkins', 'Kubernetes', 'Linux']",5
JOB08957,Business Analyst,"['Business Analysis', 'Excel', 'Power BI', 'Requirements Gathering', 'SQL']",5
JOB08958,HR Analyst,"['Data Analysis', 'Excel', 'HR Analytics', 'Power BI', 'SQL']",5
JOB08959,HR Analyst,"['Data Analysis', 'Excel', 'HR Analytics', 'Power BI', 'SQL']",5
JOB08960,BI Analyst,"['DAX', 'Data Visualization', 'Excel', 'Power BI', 'SQL']",5
JOB08961,Machine Learning Engineer,"['Docker', 'Machine Learning', 'Python', 'Scikit-learn', 'TensorFlow']",5
JOB08962,Product Analyst,"['Excel', 'Product Analytics', 'Python', 'SQL']",4
JOB08963,BI Analyst,"['DAX', 'Data Visualization', 'Excel', 'Oracle', 'Power BI', 'SQL']",6
JOB08964,Software Engineer,"['Git', 'Java', 'Python', 'REST API', 'SQL']",5
JOB08965,BI Analyst,"['DAX', 'Data Visualization', 'Excel', 'Power BI', 'SQL']",5
JOB08966,DevOps Engineer,"['AWS', 'Docker', 'Jenkins', 'Kubernetes', 'Linux']",5
JOB08967,Software Engineer,"['Git', 'Java', 'Python', 'REST API', 'SQL']",5
JOB08968,Financial Analyst,"['Excel', 'Financial Modeling', 'Power BI', 'SQL', 'Statistics']",5
JOB08969,Product Analyst,"['Excel', 'Product Analytics', 'Python', 'SQL']",4
JOB08970,Data Scientist,"['Machine Learning', 'Pandas', 'Python', 'SQL', 'Statistics']",5
JOB08971,Power BI Developer,"['DAX', 'Excel', 'Power BI', 'Power Query', 'SQL']",5
JOB08972,Machine Learning Engineer,"['Docker', 'Machine Learning', 'Python', 'Scikit-learn', 'TensorFlow']",5
JOB08973,Data Engineer,"['AWS', 'ETL', 'Python', 'SQL', 'Spark']",5
JOB08974,Software Engineer,"['Git', 'Java', 'Python', 'REST API', 'SQL']",5
JOB08975,Web Developer,"['CSS', 'Git', 'HTML', 'Java', 'JavaScript', 'Machine Learning', 'React']",7
JOB08976,Cloud Engineer,"['AWS', 'Azure', 'Cloud Computing', 'Docker', 'Linux']",5
JOB08977,DevOps Engineer,"['AWS', 'Docker', 'Jenkins', 'Kubernetes', 'Linux']",5
JOB08978,DevOps Engineer,"['AWS', 'Docker', 'Jenkins', 'Kubernetes', 'Linux']",5
JOB08979,Data Engineer,"['AWS', 'ETL', 'Python', 'SQL', 'Spark']",5
JOB08980,Python Developer,"['Django', 'Flask', 'Git', 'Python', 'SQL']",5
JOB08981,QA Engineer,"['Automation Testing', 'Java', 'Oracle', 'Python', 'SQL', 'Selenium']",6
JOB08982,Machine Learning Engineer,"['Docker', 'Machine Learning', 'Python', 'Scikit-learn', 'TensorFlow']",5
JOB08983,Software Engineer,"['Git', 'Java', 'Python', 'REST API', 'SQL']",5
JOB08984,Data Scientist,"['Machine Learning', 'Pandas', 'Python', 'SQL', 'Statistics']",5
JOB08985,Full Stack Developer,"['CSS', 'HTML', 'Java', 'JavaScript', 'Machine Learning', 'Node', 'React']",7
JOB08986,Python Developer,"['Django', 'Flask', 'Git', 'Python', 'SQL']",5
JOB08987,Software Engineer,"['Git', 'Java', 'Python', 'REST API', 'SQL']",5
JOB08988,Financial Analyst,"['Excel', 'Financial Modeling', 'Power BI', 'SQL', 'Statistics']",5
JOB08989,Data Engineer,"['AWS', 'ETL', 'Oracle', 'Python', 'SQL', 'Spark']",6
JOB08990,Marketing Analyst,"['Excel', 'Marketing Analytics', 'Power BI', 'Python', 'SQL']",5
JOB08991,Marketing Analyst,"['Excel', 'Marketing Analytics', 'Power BI', 'Python', 'SQL']",5
JOB08992,Python Developer,"['Django', 'Flask', 'Git', 'Python', 'SQL']",5
JOB08993,Data Analyst,"['Excel', 'Power BI', 'Python', 'SQL', 'Tableau']",5
JOB08994,Software Engineer,"['Git', 'Java', 'Python', 'REST API', 'SQL']",5
JOB08995,Product Analyst,"['Excel', 'Product Analytics', 'Python', 'SQL']",4
JOB08996,QA Engineer,"['Automation Testing', 'Java', 'Python', 'SQL', 'Selenium']",5
JOB08997,Python Developer,"['Django', 'Flask', 'Git', 'Python', 'SQL']",5
JOB08998,Marketing Analyst,"['Excel', 'Marketing Analytics', 'Power BI', 'Python', 'SQL']",5
JOB08999,Machine Learning Engineer,"['Docker', 'Machine Learning', 'Python', 'Scikit-learn', 'TensorFlow']",5
JOB09000,Database Administrator,"['Database', 'Database Administration', 'MySQL', 'Oracle', 'PostgreSQL', 'SQL']",6
JOB09001,Software Engineer,"['Git', 'Java', 'Python', 'REST API', 'SQL']",5
JOB09002,Data Engineer,"['AWS', 'ETL', 'Python', 'SQL', 'Spark']",5
JOB09003,Data Analyst,"['Excel', 'Oracle', 'Power BI', 'Python', 'SQL', 'Tableau']",6
JOB09004,Cloud Engineer,"['AWS', 'Azure', 'Cloud Computing', 'Docker', 'Linux']",5
JOB09005,Software Engineer,"['Cloud Computing', 'Git', 'Java', 'Python', 'REST API', 'SQL']",6
JOB09006,Data Scientist,"['Machine Learning', 'Pandas', 'Python', 'SQL', 'Statistics']",5
JOB09007,Business Analyst,"['Business Analysis', 'Excel', 'Power BI', 'Requirements Gathering', 'SQL']",5
JOB09008,Python Developer,"['Django', 'Flask', 'Git', 'Python', 'SQL']",5
JOB09009,Python Developer,"['Django', 'Flask', 'Git', 'Python', 'SQL']",5
JOB09010,Machine Learning Engineer,"['Docker', 'Machine Learning', 'Python', 'Scikit-learn', 'TensorFlow']",5
JOB09011,Data Scientist,"['Cloud Computing', 'Machine Learning', 'Pandas', 'Python', 'SQL', 'Statistics']",6
JOB09012,Financial Analyst,"['Excel', 'Financial Modeling', 'Power BI', 'SQL', 'Statistics']",5
JOB09013,Python Developer,"['Django', 'Flask', 'Git', 'Python', 'SQL']",5
JOB09014,DevOps Engineer,"['AWS', 'Docker', 'Jenkins', 'Kubernetes', 'Linux']",5
JOB09015,Marketing Analyst,"['Excel', 'Marketing Analytics', 'Power BI', 'Python', 'SQL']",5
JOB09016,HR Analyst,"['Data Analysis', 'Excel', 'HR Analytics', 'Power BI', 'SQL']",5
JOB09017,Full Stack Developer,"['CSS', 'HTML', 'Java', 'JavaScript', 'Machine Learning', 'Node', 'React']",7
JOB09018,SQL Developer,"['Database', 'ETL', 'MySQL', 'PostgreSQL', 'SQL']",5
JOB09019,Cloud Engineer,"['AWS', 'Azure', 'Cloud Computing', 'Docker', 'Linux']",5
JOB09020,Cloud Engineer,"['AWS', 'Azure', 'Cloud Computing', 'Docker', 'Linux']",5
JOB09021,Python Developer,"['Django', 'Flask', 'Git', 'Python', 'SQL']",5
JOB09022,Data Analyst,"['Excel', 'Power BI', 'Python', 'SQL', 'Tableau']",5
JOB09023,Data Analyst,"['Excel', 'Power BI', 'Python', 'SQL', 'Tableau']",5
JOB09024,Database Administrator,"['Database', 'Database Administration', 'MySQL', 'Oracle', 'PostgreSQL', 'SQL']",6
JOB09025,Data Analyst,"['Excel', 'Power BI', 'Python', 'SQL', 'Tableau']",5
JOB09026,Financial Analyst,"['Excel', 'Financial Modeling', 'Oracle', 'Power BI', 'SQL', 'Statistics']",6
JOB09027,Data Engineer,"['AWS', 'ETL', 'Python', 'SQL', 'Spark']",5
JOB09028,Marketing Analyst,"['Cloud Computing', 'Excel', 'Marketing Analytics', 'Power BI', 'Python', 'SQL']",6
JOB09029,Machine Learning Engineer,"['Docker', 'Machine Learning', 'Python', 'Scikit-learn', 'TensorFlow']",5
JOB09030,QA Engineer,"['Automation Testing', 'Java', 'Python', 'SQL', 'Selenium']",5
JOB09031,Data Scientist,"['Machine Learning', 'Pandas', 'Python', 'SQL', 'Statistics']",5
JOB09032,Cloud Engineer,"['AWS', 'Azure', 'Cloud Computing', 'Docker', 'Linux']",5
JOB09033,Web Developer,"['CSS', 'Git', 'HTML', 'Java', 'JavaScript', 'Machine Learning', 'React']",7
JOB09034,Cloud Engineer,"['AWS', 'Azure', 'Cloud Computing', 'Docker', 'Linux']",5
JOB09035,Data Engineer,"['AWS', 'ETL', 'Python', 'SQL', 'Spark']",5
JOB09036,Financial Analyst,"['Excel', 'Financial Modeling', 'Power BI', 'SQL', 'Statistics']",5
JOB09037,Database Administrator,"['Database', 'Database Administration', 'MySQL', 'Oracle', 'PostgreSQL', 'SQL']",6
JOB09038,SQL Developer,"['Database', 'ETL', 'MySQL', 'PostgreSQL', 'SQL']",5
JOB09039,SQL Developer,"['Database', 'ETL', 'MySQL', 'PostgreSQL', 'SQL']",5
JOB09040,Software Engineer,"['Git', 'Java', 'Python', 'REST API', 'SQL']",5
JOB09041,Machine Learning Engineer,"['Docker', 'Machine Learning', 'Python', 'Scikit-learn', 'TensorFlow']",5
JOB09042,Financial Analyst,"['Excel', 'Financial Modeling', 'Oracle', 'Power BI', 'SQL', 'Statistics']",6
JOB09043,Machine Learning Engineer,"['Docker', 'Machine Learning', 'Python', 'Scikit-learn', 'TensorFlow']",5
JOB09044,Machine Learning Engineer,"['Docker', 'Machine Learning', 'Python', 'Scikit-learn', 'TensorFlow']",5
JOB09045,BI Analyst,"['DAX', 'Data Visualization', 'Excel', 'Power BI', 'SQL']",5
JOB09046,Data Analyst,"['Excel', 'Power BI', 'Python', 'SQL', 'Tableau']",5
JOB09047,Cloud Engineer,"['AWS', 'Azure', 'Cloud Computing', 'Docker', 'Linux']",5
JOB09048,SQL Developer,"['Database', 'ETL', 'MySQL', 'PostgreSQL', 'SQL']",5
JOB09049,Data Scientist,"['Machine Learning', 'Pandas', 'Python', 'SQL', 'Statistics']",5
JOB09050,QA Engineer,"['Automation Testing', 'Java', 'Python', 'SQL', 'Selenium']",5
JOB09051,Data Analyst,"['Excel', 'Power BI', 'Python', 'SQL', 'Tableau']",5
JOB09052,Product Analyst,"['Excel', 'Product Analytics', 'Python', 'SQL']",4
JOB09053,Data Scientist,"['Machine Learning', 'Pandas', 'Python', 'SQL', 'Statistics']",5
JOB09054,Business Analyst,"['Business Analysis', 'Excel', 'Power BI', 'Requirements Gathering', 'SQL']",5
JOB09055,Marketing Analyst,"['Excel', 'Marketing Analytics', 'Power BI', 'Python', 'SQL']",5
JOB09056,BI Analyst,"['DAX', 'Data Visualization', 'Excel', 'Power BI', 'SQL']",5
JOB09057,DevOps Engineer,"['AWS', 'Cloud Computing', 'Docker', 'Jenkins', 'Kubernetes', 'Linux']",6
JOB09058,BI Analyst,"['DAX', 'Data Visualization', 'Excel', 'Power BI', 'SQL']",5
JOB09059,Python Developer,"['Django', 'Flask', 'Git', 'Python', 'SQL']",5
JOB09060,Machine Learning Engineer,"['Docker', 'Machine Learning', 'Python', 'Scikit-learn', 'TensorFlow']",5
JOB09061,Database Administrator,"['Cloud Computing', 'Database', 'Database Administration', 'MySQL', 'Oracle', 'PostgreSQL', 'SQL']",7
JOB09062,BI Analyst,"['DAX', 'Data Visualization', 'Excel', 'Power BI', 'SQL']",5
JOB09063,Database Administrator,"['Database', 'Database Administration', 'MySQL', 'Oracle', 'PostgreSQL', 'SQL']",6
JOB09064,HR Analyst,"['Data Analysis', 'Excel', 'HR Analytics', 'Power BI', 'SQL']",5
JOB09065,SQL Developer,"['Database', 'ETL', 'MySQL', 'PostgreSQL', 'SQL']",5
JOB09066,Full Stack Developer,"['CSS', 'HTML', 'Java', 'JavaScript', 'Machine Learning', 'Node', 'React']",7
JOB09067,Web Developer,"['CSS', 'Git', 'HTML', 'Java', 'JavaScript', 'Machine Learning', 'React']",7
JOB09068,Machine Learning Engineer,"['Docker', 'Machine Learning', 'Python', 'Scikit-learn', 'TensorFlow']",5
JOB09069,BI Analyst,"['DAX', 'Data Visualization', 'Excel', 'Power BI', 'SQL']",5
JOB09070,QA Engineer,"['Automation Testing', 'Java', 'Python', 'SQL', 'Selenium']",5
JOB09071,Software Engineer,"['Git', 'Java', 'Python', 'REST API', 'SQL']",5
JOB09072,Machine Learning Engineer,"['Docker', 'Machine Learning', 'Python', 'Scikit-learn', 'TensorFlow']",5
JOB09073,HR Analyst,"['Data Analysis', 'Excel', 'HR Analytics', 'Power BI', 'SQL']",5
JOB09074,Financial Analyst,"['Excel', 'Financial Modeling', 'Power BI', 'SQL', 'Statistics']",5
JOB09075,Web Developer,"['CSS', 'Git', 'HTML', 'Java', 'JavaScript', 'Machine Learning', 'React']",7
JOB09076,Software Engineer,"['Git', 'Java', 'Python', 'REST API', 'SQL']",5
JOB09077,Power BI Developer,"['DAX', 'Excel', 'Power BI', 'Power Query', 'SQL']",5
JOB09078,QA Engineer,"['Automation Testing', 'Cloud Computing', 'Java', 'Python', 'SQL', 'Selenium']",6
JOB09079,BI Analyst,"['DAX', 'Data Visualization', 'Excel', 'Power BI', 'SQL']",5
JOB09080,Full Stack Developer,"['CSS', 'HTML', 'Java', 'JavaScript', 'Machine Learning', 'Node', 'React']",7
JOB09081,Data Analyst,"['Excel', 'Power BI', 'Python', 'SQL', 'Tableau']",5
JOB09082,Full Stack Developer,"['CSS', 'HTML', 'Java', 'JavaScript', 'Machine Learning', 'Node', 'React']",7
JOB09083,BI Analyst,"['DAX', 'Data Visualization', 'Excel', 'Power BI', 'SQL']",5
JOB09084,Business Analyst,"['Business Analysis', 'Cloud Computing', 'Excel', 'Power BI', 'Requirements Gathering', 'SQL']",6
JOB09085,DevOps Engineer,"['AWS', 'Docker', 'Jenkins', 'Kubernetes', 'Linux']",5
JOB09086,Python Developer,"['Django', 'Flask', 'Git', 'Python', 'SQL']",5
JOB09087,Machine Learning Engineer,"['Docker', 'Machine Learning', 'Python', 'Scikit-learn', 'TensorFlow']",5
JOB09088,Python Developer,"['Django', 'Flask', 'Git', 'Python', 'SQL']",5
JOB09089,HR Analyst,"['Data Analysis', 'Excel', 'HR Analytics', 'Power BI', 'SQL']",5
JOB09090,Web Developer,"['CSS', 'Git', 'HTML', 'Java', 'JavaScript', 'Machine Learning', 'React']",7
JOB09091,Financial Analyst,"['Excel', 'Financial Modeling', 'Power BI', 'SQL', 'Statistics']",5
JOB09092,HR Analyst,"['Data Analysis', 'Excel', 'HR Analytics', 'Power BI', 'SQL']",5
JOB09093,Python Developer,"['Django', 'Flask', 'Git', 'Python', 'SQL']",5
JOB09094,Machine Learning Engineer,"['Docker', 'Machine Learning', 'Python', 'Scikit-learn', 'TensorFlow']",5
JOB09095,DevOps Engineer,"['AWS', 'Docker', 'Jenkins', 'Kubernetes', 'Linux']",5
JOB09096,Product Analyst,"['Excel', 'Product Analytics', 'Python', 'SQL']",4
JOB09097,Machine Learning Engineer,"['Docker', 'Machine Learning', 'Python', 'Scikit-learn', 'TensorFlow']",5
JOB09098,QA Engineer,"['Automation Testing', 'Java', 'Python', 'SQL', 'Selenium']",5
JOB09099,Machine Learning Engineer,"['Docker', 'Machine Learning', 'Python', 'Scikit-learn', 'TensorFlow']",5
JOB09100,QA Engineer,"['Automation Testing', 'Java', 'Python', 'SQL', 'Selenium']",5
JOB09101,Database Administrator,"['Database', 'Database Administration', 'MySQL', 'Oracle', 'PostgreSQL', 'SQL']",6
JOB09102,Business Analyst,"['Business Analysis', 'Excel', 'Power BI', 'Requirements Gathering', 'SQL']",5
JOB09103,Power BI Developer,"['DAX', 'Excel', 'Power BI', 'Power Query', 'SQL']",5
JOB09104,Cloud Engineer,"['AWS', 'Azure', 'Cloud Computing', 'Docker', 'Linux']",5
JOB09105,Financial Analyst,"['Excel', 'Financial Modeling', 'Power BI', 'SQL', 'Statistics']",5
JOB09106,SQL Developer,"['Database', 'ETL', 'MySQL', 'PostgreSQL', 'SQL']",5
JOB09107,Software Engineer,"['Git', 'Java', 'Python', 'REST API', 'SQL']",5
JOB09108,DevOps Engineer,"['AWS', 'Docker', 'Jenkins', 'Kubernetes', 'Linux']",5
JOB09109,Data Analyst,"['Excel', 'Power BI', 'Python', 'SQL', 'Tableau']",5
JOB09110,Data Engineer,"['AWS', 'ETL', 'Python', 'SQL', 'Spark']",5
JOB09111,SQL Developer,"['Database', 'ETL', 'MySQL', 'PostgreSQL', 'SQL']",5
JOB09112,SQL Developer,"['Database', 'ETL', 'MySQL', 'PostgreSQL', 'SQL']",5
JOB09113,Data Scientist,"['Machine Learning', 'Pandas', 'Python', 'SQL', 'Statistics']",5
JOB09114,Machine Learning Engineer,"['Docker', 'Machine Learning', 'Python', 'Scikit-learn', 'TensorFlow']",5
JOB09115,Business Analyst,"['Business Analysis', 'Excel', 'Power BI', 'Requirements Gathering', 'SQL']",5
JOB09116,Product Analyst,"['Excel', 'Product Analytics', 'Python', 'SQL']",4
JOB09117,Marketing Analyst,"['Excel', 'Marketing Analytics', 'Power BI', 'Python', 'SQL']",5
JOB09118,Business Analyst,"['Business Analysis', 'Excel', 'Power BI', 'Requirements Gathering', 'SQL']",5
JOB09119,Financial Analyst,"['Excel', 'Financial Modeling', 'Power BI', 'SQL', 'Statistics']",5
JOB09120,Business Analyst,"['Business Analysis', 'Excel', 'Power BI', 'Requirements Gathering', 'SQL']",5
JOB09121,Full Stack Developer,"['CSS', 'HTML', 'Java', 'JavaScript', 'Machine Learning', 'Node', 'React']",7
JOB09122,Marketing Analyst,"['Excel', 'Marketing Analytics', 'Power BI', 'Python', 'SQL']",5
JOB09123,BI Analyst,"['DAX', 'Data Visualization', 'Excel', 'Power BI', 'SQL']",5
JOB09124,Marketing Analyst,"['Excel', 'Marketing Analytics', 'Power BI', 'Python', 'SQL']",5
JOB09125,Python Developer,"['Django', 'Flask', 'Git', 'Python', 'SQL']",5
JOB09126,Power BI Developer,"['DAX', 'Excel', 'Power BI', 'Power Query', 'SQL']",5
JOB09127,Marketing Analyst,"['Excel', 'Marketing Analytics', 'Power BI', 'Python', 'SQL']",5
JOB09128,Machine Learning Engineer,"['Docker', 'Machine Learning', 'Python', 'Scikit-learn', 'TensorFlow']",5
JOB09129,Python Developer,"['Django', 'Flask', 'Git', 'Python', 'SQL']",5
JOB09130,Data Engineer,"['AWS', 'ETL', 'Oracle', 'Python', 'SQL', 'Spark']",6
JOB09131,Marketing Analyst,"['Excel', 'Marketing Analytics', 'Power BI', 'Python', 'SQL']",5
JOB09132,SQL Developer,"['Database', 'ETL', 'MySQL', 'PostgreSQL', 'SQL']",5
JOB09133,Power BI Developer,"['DAX', 'Excel', 'Power BI', 'Power Query', 'SQL']",5
JOB09134,Data Scientist,"['Machine Learning', 'Pandas', 'Python', 'SQL', 'Statistics']",5
JOB09135,HR Analyst,"['Data Analysis', 'Excel', 'HR Analytics', 'Power BI', 'SQL']",5
JOB09136,Financial Analyst,"['Excel', 'Financial Modeling', 'Power BI', 'SQL', 'Statistics']",5
JOB09137,Data Analyst,"['Excel', 'Power BI', 'Python', 'SQL', 'Tableau']",5
JOB09138,Data Scientist,"['Machine Learning', 'Pandas', 'Python', 'SQL', 'Statistics']",5
JOB09139,Software Engineer,"['Git', 'Java', 'Python', 'REST API', 'SQL']",5
JOB09140,DevOps Engineer,"['AWS', 'Docker', 'Jenkins', 'Kubernetes', 'Linux']",5
JOB09141,Python Developer,"['Cloud Computing', 'Django', 'Flask', 'Git', 'Python', 'SQL']",6
JOB09142,Data Scientist,"['Machine Learning', 'Pandas', 'Python', 'SQL', 'Statistics']",5
JOB09143,SQL Developer,"['Database', 'ETL', 'MySQL', 'PostgreSQL', 'SQL']",5
JOB09144,Marketing Analyst,"['Excel', 'Marketing Analytics', 'Power BI', 'Python', 'SQL']",5
JOB09145,Power BI Developer,"['DAX', 'Excel', 'Power BI', 'Power Query', 'SQL']",5
JOB09146,Data Scientist,"['Machine Learning', 'Pandas', 'Python', 'SQL', 'Statistics']",5
JOB09147,SQL Developer,"['Database', 'ETL', 'MySQL', 'PostgreSQL', 'SQL']",5
JOB09148,Cloud Engineer,"['AWS', 'Azure', 'Cloud Computing', 'Docker', 'Linux']",5
JOB09149,Financial Analyst,"['Excel', 'Financial Modeling', 'Power BI', 'SQL', 'Statistics']",5
JOB09150,DevOps Engineer,"['AWS', 'Docker', 'Jenkins', 'Kubernetes', 'Linux']",5
JOB09151,Financial Analyst,"['Excel', 'Financial Modeling', 'Power BI', 'SQL', 'Statistics']",5
JOB09152,Data Scientist,"['Machine Learning', 'Pandas', 'Python', 'SQL', 'Statistics']",5
JOB09153,Marketing Analyst,"['Cloud Computing', 'Excel', 'Marketing Analytics', 'Power BI', 'Python', 'SQL']",6
JOB09154,Data Engineer,"['AWS', 'ETL', 'Python', 'SQL', 'Spark']",5
JOB09155,Web Developer,"['CSS', 'Git', 'HTML', 'Java', 'JavaScript', 'Machine Learning', 'React']",7
JOB09156,Python Developer,"['Django', 'Flask', 'Git', 'Python', 'SQL']",5
JOB09157,Data Analyst,"['Excel', 'Power BI', 'Python', 'SQL', 'Tableau']",5
JOB09158,SQL Developer,"['Database', 'ETL', 'MySQL', 'PostgreSQL', 'SQL']",5
JOB09159,Marketing Analyst,"['Excel', 'Marketing Analytics', 'Power BI', 'Python', 'SQL']",5
JOB09160,BI Analyst,"['DAX', 'Data Visualization', 'Excel', 'Power BI', 'SQL']",5
JOB09161,HR Analyst,"['Data Analysis', 'Excel', 'HR Analytics', 'Power BI', 'SQL']",5
JOB09162,Cloud Engineer,"['AWS', 'Azure', 'Cloud Computing', 'Docker', 'Linux']",5
JOB09163,BI Analyst,"['DAX', 'Data Visualization', 'Excel', 'Power BI', 'SQL']",5
JOB09164,HR Analyst,"['Data Analysis', 'Excel', 'HR Analytics', 'Power BI', 'SQL']",5
JOB09165,SQL Developer,"['Database', 'ETL', 'MySQL', 'PostgreSQL', 'SQL']",5
JOB09166,Python Developer,"['Django', 'Flask', 'Git', 'Python', 'SQL']",5
JOB09167,Machine Learning Engineer,"['Docker', 'Machine Learning', 'Python', 'Scikit-learn', 'TensorFlow']",5
JOB09168,Machine Learning Engineer,"['Docker', 'Machine Learning', 'Python', 'Scikit-learn', 'TensorFlow']",5
JOB09169,Marketing Analyst,"['Excel', 'Marketing Analytics', 'Power BI', 'Python', 'SQL']",5
JOB09170,Python Developer,"['Django', 'Flask', 'Git', 'Python', 'SQL']",5
JOB09171,Full Stack Developer,"['CSS', 'HTML', 'Java', 'JavaScript', 'Machine Learning', 'Node', 'React']",7
JOB09172,Web Developer,"['CSS', 'Git', 'HTML', 'Java', 'JavaScript', 'Machine Learning', 'React']",7
JOB09173,Marketing Analyst,"['Cloud Computing', 'Excel', 'Marketing Analytics', 'Power BI', 'Python', 'SQL']",6
JOB09174,Data Scientist,"['Machine Learning', 'Pandas', 'Python', 'SQL', 'Statistics']",5
JOB09175,Data Engineer,"['AWS', 'ETL', 'Oracle', 'Python', 'SQL', 'Spark']",6
JOB09176,Product Analyst,"['Excel', 'Product Analytics', 'Python', 'SQL']",4
JOB09177,HR Analyst,"['Data Analysis', 'Excel', 'HR Analytics', 'Power BI', 'SQL']",5
JOB09178,BI Analyst,"['DAX', 'Data Visualization', 'Excel', 'Power BI', 'SQL']",5
JOB09179,Product Analyst,"['Excel', 'Product Analytics', 'Python', 'SQL']",4
JOB09180,Product Analyst,"['Excel', 'Oracle', 'Product Analytics', 'Python', 'SQL']",5
JOB09181,Machine Learning Engineer,"['Docker', 'Machine Learning', 'Python', 'Scikit-learn', 'TensorFlow']",5
JOB09182,Machine Learning Engineer,"['Docker', 'Machine Learning', 'Python', 'Scikit-learn', 'TensorFlow']",5
JOB09183,Machine Learning Engineer,"['Docker', 'Machine Learning', 'Python', 'Scikit-learn', 'TensorFlow']",5
JOB09184,Full Stack Developer,"['CSS', 'HTML', 'Java', 'JavaScript', 'Machine Learning', 'Node', 'React']",7
JOB09185,Full Stack Developer,"['CSS', 'HTML', 'Java', 'JavaScript', 'Machine Learning', 'Node', 'React']",7
JOB09186,BI Analyst,"['Cloud Computing', 'DAX', 'Data Visualization', 'Excel', 'Power BI', 'SQL']",6
JOB09187,Python Developer,"['Django', 'Flask', 'Git', 'Python', 'SQL']",5
JOB09188,Product Analyst,"['Excel', 'Product Analytics', 'Python', 'SQL']",4
JOB09189,Cloud Engineer,"['AWS', 'Azure', 'Cloud Computing', 'Docker', 'Linux']",5
JOB09190,Software Engineer,"['Git', 'Java', 'Python', 'REST API', 'SQL']",5
JOB09191,Data Engineer,"['AWS', 'ETL', 'Python', 'SQL', 'Spark']",5
JOB09192,HR Analyst,"['Data Analysis', 'Excel', 'HR Analytics', 'Power BI', 'SQL']",5
JOB09193,BI Analyst,"['DAX', 'Data Visualization', 'Excel', 'Power BI', 'SQL']",5
JOB09194,SQL Developer,"['Database', 'ETL', 'MySQL', 'PostgreSQL', 'SQL']",5
JOB09195,BI Analyst,"['DAX', 'Data Visualization', 'Excel', 'Power BI', 'SQL']",5
JOB09196,Product Analyst,"['Excel', 'Product Analytics', 'Python', 'SQL']",4
JOB09197,Cloud Engineer,"['AWS', 'Azure', 'Cloud Computing', 'Docker', 'Linux']",5
JOB09198,Software Engineer,"['Git', 'Java', 'Python', 'REST API', 'SQL']",5
JOB09199,HR Analyst,"['Data Analysis', 'Excel', 'HR Analytics', 'Power BI', 'SQL']",5
JOB09200,Data Analyst,"['Excel', 'Power BI', 'Python', 'SQL', 'Tableau']",5
JOB09201,QA Engineer,"['Automation Testing', 'Java', 'Oracle', 'Python', 'SQL', 'Selenium']",6
JOB09202,Database Administrator,"['Database', 'Database Administration', 'MySQL', 'Oracle', 'PostgreSQL', 'SQL']",6
JOB09203,Web Developer,"['CSS', 'Cloud Computing', 'Git', 'HTML', 'Java', 'JavaScript', 'Machine Learning', 'React']",8
JOB09204,Data Analyst,"['Excel', 'Power BI', 'Python', 'SQL', 'Tableau']",5
JOB09205,QA Engineer,"['Automation Testing', 'Java', 'Python', 'SQL', 'Selenium']",5
JOB09206,Data Analyst,"['Excel', 'Power BI', 'Python', 'SQL', 'Tableau']",5
JOB09207,Web Developer,"['CSS', 'Git', 'HTML', 'Java', 'JavaScript', 'Machine Learning', 'React']",7
JOB09208,Business Analyst,"['Business Analysis', 'Excel', 'Power BI', 'Requirements Gathering', 'SQL']",5
JOB09209,Financial Analyst,"['Excel', 'Financial Modeling', 'Power BI', 'SQL', 'Statistics']",5
JOB09210,Product Analyst,"['Excel', 'Product Analytics', 'Python', 'SQL']",4
JOB09211,Cloud Engineer,"['AWS', 'Azure', 'Cloud Computing', 'Docker', 'Linux']",5
JOB09212,Cloud Engineer,"['AWS', 'Azure', 'Cloud Computing', 'Docker', 'Linux']",5
JOB09213,HR Analyst,"['Cloud Computing', 'Data Analysis', 'Excel', 'HR Analytics', 'Power BI', 'SQL']",6
JOB09214,Product Analyst,"['Excel', 'Product Analytics', 'Python', 'SQL']",4
JOB09215,Software Engineer,"['Git', 'Java', 'Python', 'REST API', 'SQL']",5
JOB09216,Machine Learning Engineer,"['Docker', 'Machine Learning', 'Python', 'Scikit-learn', 'TensorFlow']",5
JOB09217,Machine Learning Engineer,"['Docker', 'Machine Learning', 'Python', 'Scikit-learn', 'TensorFlow']",5
JOB09218,Data Analyst,"['Excel', 'Power BI', 'Python', 'SQL', 'Tableau']",5
JOB09219,Data Scientist,"['Machine Learning', 'Pandas', 'Python', 'SQL', 'Statistics']",5
JOB09220,Python Developer,"['Django', 'Flask', 'Git', 'Python', 'SQL']",5
JOB09221,QA Engineer,"['Automation Testing', 'Java', 'Python', 'SQL', 'Selenium']",5
JOB09222,DevOps Engineer,"['AWS', 'Docker', 'Jenkins', 'Kubernetes', 'Linux']",5
JOB09223,QA Engineer,"['Automation Testing', 'Java', 'Python', 'SQL', 'Selenium']",5
JOB09224,HR Analyst,"['Data Analysis', 'Excel', 'HR Analytics', 'Power BI', 'SQL']",5
JOB09225,Business Analyst,"['Business Analysis', 'Excel', 'Power BI', 'Requirements Gathering', 'SQL']",5
JOB09226,Data Analyst,"['Excel', 'Power BI', 'Python', 'SQL', 'Tableau']",5
JOB09227,QA Engineer,"['Automation Testing', 'Java', 'Python', 'SQL', 'Selenium']",5
JOB09228,Software Engineer,"['Cloud Computing', 'Git', 'Java', 'Python', 'REST API', 'SQL']",6
JOB09229,HR Analyst,"['Data Analysis', 'Excel', 'HR Analytics', 'Power BI', 'SQL']",5
JOB09230,DevOps Engineer,"['AWS', 'Docker', 'Jenkins', 'Kubernetes', 'Linux']",5
JOB09231,Marketing Analyst,"['Excel', 'Marketing Analytics', 'Power BI', 'Python', 'SQL']",5
JOB09232,Web Developer,"['CSS', 'Git', 'HTML', 'Java', 'JavaScript', 'Machine Learning', 'React']",7
JOB09233,QA Engineer,"['Automation Testing', 'Java', 'Python', 'SQL', 'Selenium']",5
JOB09234,DevOps Engineer,"['AWS', 'Docker', 'Jenkins', 'Kubernetes', 'Linux']",5
JOB09235,Machine Learning Engineer,"['Docker', 'Machine Learning', 'Python', 'Scikit-learn', 'TensorFlow']",5
JOB09236,Data Engineer,"['AWS', 'ETL', 'Python', 'SQL', 'Spark']",5
JOB09237,Data Scientist,"['Machine Learning', 'Pandas', 'Python', 'SQL', 'Statistics']",5
JOB09238,Financial Analyst,"['Excel', 'Financial Modeling', 'Power BI', 'SQL', 'Statistics']",5
JOB09239,Full Stack Developer,"['CSS', 'HTML', 'Java', 'JavaScript', 'Machine Learning', 'Node', 'React']",7
JOB09240,Power BI Developer,"['DAX', 'Excel', 'Power BI', 'Power Query', 'SQL']",5
JOB09241,Web Developer,"['CSS', 'Git', 'HTML', 'Java', 'JavaScript', 'Machine Learning', 'React']",7
JOB09242,Data Analyst,"['Excel', 'Power BI', 'Python', 'SQL', 'Tableau']",5
JOB09243,Cloud Engineer,"['AWS', 'Azure', 'Cloud Computing', 'Docker', 'Linux']",5
JOB09244,Software Engineer,"['Git', 'Java', 'Python', 'REST API', 'SQL']",5
JOB09245,QA Engineer,"['Automation Testing', 'Java', 'Python', 'SQL', 'Selenium']",5
JOB09246,Marketing Analyst,"['Excel', 'Marketing Analytics', 'Power BI', 'Python', 'SQL']",5
JOB09247,Data Scientist,"['Machine Learning', 'Pandas', 'Python', 'SQL', 'Statistics']",5
JOB09248,Product Analyst,"['Excel', 'Product Analytics', 'Python', 'SQL']",4
JOB09249,QA Engineer,"['Automation Testing', 'Java', 'Python', 'SQL', 'Selenium']",5
JOB09250,Data Analyst,"['Excel', 'Power BI', 'Python', 'SQL', 'Tableau']",5
JOB09251,Business Analyst,"['Business Analysis', 'Excel', 'Power BI', 'Requirements Gathering', 'SQL']",5
JOB09252,Cloud Engineer,"['AWS', 'Azure', 'Cloud Computing', 'Docker', 'Linux']",5
JOB09253,Business Analyst,"['Business Analysis', 'Excel', 'Power BI', 'Requirements Gathering', 'SQL']",5
JOB09254,Software Engineer,"['Git', 'Java', 'Python', 'REST API', 'SQL']",5
JOB09255,QA Engineer,"['Automation Testing', 'Java', 'Python', 'SQL', 'Selenium']",5
JOB09256,Power BI Developer,"['DAX', 'Excel', 'Power BI', 'Power Query', 'SQL']",5
JOB09257,Machine Learning Engineer,"['Docker', 'Machine Learning', 'Oracle', 'Python', 'Scikit-learn', 'TensorFlow']",6
JOB09258,Web Developer,"['CSS', 'Git', 'HTML', 'Java', 'JavaScript', 'Machine Learning', 'React']",7
JOB09259,DevOps Engineer,"['AWS', 'Docker', 'Jenkins', 'Kubernetes', 'Linux']",5
JOB09260,Data Scientist,"['Machine Learning', 'Pandas', 'Python', 'SQL', 'Statistics']",5
JOB09261,DevOps Engineer,"['AWS', 'Docker', 'Jenkins', 'Kubernetes', 'Linux']",5
JOB09262,Financial Analyst,"['Excel', 'Financial Modeling', 'Power BI', 'SQL', 'Statistics']",5
JOB09263,Product Analyst,"['Excel', 'Product Analytics', 'Python', 'SQL']",4
JOB09264,HR Analyst,"['Data Analysis', 'Excel', 'HR Analytics', 'Power BI', 'SQL']",5
JOB09265,SQL Developer,"['Cloud Computing', 'Database', 'ETL', 'MySQL', 'PostgreSQL', 'SQL']",6
JOB09266,Power BI Developer,"['DAX', 'Excel', 'Power BI', 'Power Query', 'SQL']",5
JOB09267,Python Developer,"['Cloud Computing', 'Django', 'Flask', 'Git', 'Python', 'SQL']",6
JOB09268,Power BI Developer,"['DAX', 'Excel', 'Power BI', 'Power Query', 'SQL']",5
JOB09269,Data Analyst,"['Excel', 'Power BI', 'Python', 'SQL', 'Tableau']",5
JOB09270,BI Analyst,"['DAX', 'Data Visualization', 'Excel', 'Power BI', 'SQL']",5
JOB09271,DevOps Engineer,"['AWS', 'Docker', 'Jenkins', 'Kubernetes', 'Linux']",5
JOB09272,SQL Developer,"['Database', 'ETL', 'MySQL', 'PostgreSQL', 'SQL']",5
JOB09273,Machine Learning Engineer,"['Docker', 'Machine Learning', 'Python', 'Scikit-learn', 'TensorFlow']",5
JOB09274,Product Analyst,"['Excel', 'Product Analytics', 'Python', 'SQL']",4
JOB09275,Product Analyst,"['Excel', 'Product Analytics', 'Python', 'SQL']",4
JOB09276,Full Stack Developer,"['CSS', 'HTML', 'Java', 'JavaScript', 'Machine Learning', 'Node', 'React']",7
JOB09277,Full Stack Developer,"['CSS', 'HTML', 'Java', 'JavaScript', 'Machine Learning', 'Node', 'React']",7
JOB09278,Power BI Developer,"['DAX', 'Excel', 'Power BI', 'Power Query', 'SQL']",5
JOB09279,SQL Developer,"['Database', 'ETL', 'MySQL', 'PostgreSQL', 'SQL']",5
JOB09280,Web Developer,"['CSS', 'Git', 'HTML', 'Java', 'JavaScript', 'Machine Learning', 'React']",7
JOB09281,Data Analyst,"['Excel', 'Power BI', 'Python', 'SQL', 'Tableau']",5
JOB09282,BI Analyst,"['DAX', 'Data Visualization', 'Excel', 'Power BI', 'SQL']",5
JOB09283,Python Developer,"['Django', 'Flask', 'Git', 'Python', 'SQL']",5
JOB09284,BI Analyst,"['DAX', 'Data Visualization', 'Excel', 'Power BI', 'SQL']",5
JOB09285,Python Developer,"['Django', 'Flask', 'Git', 'Python', 'SQL']",5
JOB09286,Data Analyst,"['Excel', 'Power BI', 'Python', 'SQL', 'Tableau']",5
JOB09287,Financial Analyst,"['Excel', 'Financial Modeling', 'Power BI', 'SQL', 'Statistics']",5
JOB09288,Software Engineer,"['Git', 'Java', 'Python', 'REST API', 'SQL']",5
JOB09289,SQL Developer,"['Database', 'ETL', 'MySQL', 'PostgreSQL', 'SQL']",5
JOB09290,Software Engineer,"['Git', 'Java', 'Python', 'REST API', 'SQL']",5
JOB09291,Full Stack Developer,"['CSS', 'HTML', 'Java', 'JavaScript', 'Machine Learning', 'Node', 'React']",7
JOB09292,Cloud Engineer,"['AWS', 'Azure', 'Cloud Computing', 'Docker', 'Linux']",5
JOB09293,Marketing Analyst,"['Excel', 'Marketing Analytics', 'Power BI', 'Python', 'SQL']",5
JOB09294,Marketing Analyst,"['Excel', 'Marketing Analytics', 'Power BI', 'Python', 'SQL']",5
JOB09295,DevOps Engineer,"['AWS', 'Docker', 'Jenkins', 'Kubernetes', 'Linux']",5
JOB09296,Full Stack Developer,"['CSS', 'Cloud Computing', 'HTML', 'Java', 'JavaScript', 'Machine Learning', 'Node', 'React']",8
JOB09297,Power BI Developer,"['DAX', 'Excel', 'Power BI', 'Power Query', 'SQL']",5
JOB09298,Machine Learning Engineer,"['Docker', 'Machine Learning', 'Python', 'Scikit-learn', 'TensorFlow']",5
JOB09299,Cloud Engineer,"['AWS', 'Azure', 'Cloud Computing', 'Docker', 'Linux']",5
JOB09300,QA Engineer,"['Automation Testing', 'Java', 'Python', 'SQL', 'Selenium']",5
JOB09301,Marketing Analyst,"['Excel', 'Marketing Analytics', 'Power BI', 'Python', 'SQL']",5
JOB09302,Marketing Analyst,"['Excel', 'Marketing Analytics', 'Power BI', 'Python', 'SQL']",5
JOB09303,Machine Learning Engineer,"['Docker', 'Machine Learning', 'Python', 'Scikit-learn', 'TensorFlow']",5
JOB09304,Data Engineer,"['AWS', 'ETL', 'Python', 'SQL', 'Spark']",5
JOB09305,DevOps Engineer,"['AWS', 'Docker', 'Jenkins', 'Kubernetes', 'Linux']",5
JOB09306,BI Analyst,"['DAX', 'Data Visualization', 'Excel', 'Power BI', 'SQL']",5
JOB09307,Data Analyst,"['Excel', 'Power BI', 'Python', 'SQL', 'Tableau']",5
JOB09308,Full Stack Developer,"['CSS', 'HTML', 'Java', 'JavaScript', 'Machine Learning', 'Node', 'React']",7
JOB09309,Cloud Engineer,"['AWS', 'Azure', 'Cloud Computing', 'Docker', 'Linux']",5
JOB09310,Python Developer,"['Django', 'Flask', 'Git', 'Python', 'SQL']",5
JOB09311,BI Analyst,"['DAX', 'Data Visualization', 'Excel', 'Power BI', 'SQL']",5
JOB09312,Financial Analyst,"['Excel', 'Financial Modeling', 'Power BI', 'SQL', 'Statistics']",5
JOB09313,Database Administrator,"['Database', 'Database Administration', 'MySQL', 'Oracle', 'PostgreSQL', 'SQL']",6
JOB09314,Python Developer,"['Django', 'Flask', 'Git', 'Python', 'SQL']",5
JOB09315,Web Developer,"['CSS', 'Git', 'HTML', 'Java', 'JavaScript', 'Machine Learning', 'React']",7
JOB09316,SQL Developer,"['Database', 'ETL', 'MySQL', 'PostgreSQL', 'SQL']",5
JOB09317,Full Stack Developer,"['CSS', 'HTML', 'Java', 'JavaScript', 'Machine Learning', 'Node', 'React']",7
JOB09318,Machine Learning Engineer,"['Docker', 'Machine Learning', 'Python', 'Scikit-learn', 'TensorFlow']",5
JOB09319,Financial Analyst,"['Excel', 'Financial Modeling', 'Power BI', 'SQL', 'Statistics']",5
JOB09320,DevOps Engineer,"['AWS', 'Docker', 'Jenkins', 'Kubernetes', 'Linux', 'Oracle']",6
JOB09321,Power BI Developer,"['DAX', 'Excel', 'Power BI', 'Power Query', 'SQL']",5
JOB09322,Marketing Analyst,"['Excel', 'Marketing Analytics', 'Power BI', 'Python', 'SQL']",5
JOB09323,Data Analyst,"['Excel', 'Power BI', 'Python', 'SQL', 'Tableau']",5
JOB09324,Python Developer,"['Django', 'Flask', 'Git', 'Python', 'SQL']",5
JOB09325,HR Analyst,"['Data Analysis', 'Excel', 'HR Analytics', 'Power BI', 'SQL']",5
JOB09326,DevOps Engineer,"['AWS', 'Cloud Computing', 'Docker', 'Jenkins', 'Kubernetes', 'Linux']",6
JOB09327,Data Analyst,"['Excel', 'Power BI', 'Python', 'SQL', 'Tableau']",5
JOB09328,QA Engineer,"['Automation Testing', 'Java', 'Python', 'SQL', 'Selenium']",5
JOB09329,Business Analyst,"['Business Analysis', 'Excel', 'Power BI', 'Requirements Gathering', 'SQL']",5
JOB09330,Python Developer,"['Django', 'Flask', 'Git', 'Python', 'SQL']",5
JOB09331,Database Administrator,"['Database', 'Database Administration', 'MySQL', 'Oracle', 'PostgreSQL', 'SQL']",6
JOB09332,Product Analyst,"['Excel', 'Product Analytics', 'Python', 'SQL']",4
JOB09333,Data Analyst,"['Excel', 'Power BI', 'Python', 'SQL', 'Tableau']",5
JOB09334,Data Scientist,"['Machine Learning', 'Pandas', 'Python', 'SQL', 'Statistics']",5
JOB09335,Software Engineer,"['Git', 'Java', 'Python', 'REST API', 'SQL']",5
JOB09336,Data Scientist,"['Machine Learning', 'Pandas', 'Python', 'SQL', 'Statistics']",5
JOB09337,Power BI Developer,"['DAX', 'Excel', 'Power BI', 'Power Query', 'SQL']",5
JOB09338,DevOps Engineer,"['AWS', 'Docker', 'Jenkins', 'Kubernetes', 'Linux']",5
JOB09339,Data Analyst,"['Excel', 'Power BI', 'Python', 'SQL', 'Tableau']",5
JOB09340,Full Stack Developer,"['CSS', 'HTML', 'Java', 'JavaScript', 'Machine Learning', 'Node', 'React']",7
JOB09341,Machine Learning Engineer,"['Docker', 'Machine Learning', 'Python', 'Scikit-learn', 'TensorFlow']",5
JOB09342,BI Analyst,"['DAX', 'Data Visualization', 'Excel', 'Power BI', 'SQL']",5
JOB09343,Cloud Engineer,"['AWS', 'Azure', 'Cloud Computing', 'Docker', 'Linux']",5
JOB09344,Power BI Developer,"['DAX', 'Excel', 'Power BI', 'Power Query', 'SQL']",5
JOB09345,Product Analyst,"['Excel', 'Product Analytics', 'Python', 'SQL']",4
JOB09346,Data Engineer,"['AWS', 'ETL', 'Python', 'SQL', 'Spark']",5
JOB09347,Full Stack Developer,"['CSS', 'HTML', 'Java', 'JavaScript', 'Machine Learning', 'Node', 'React']",7
JOB09348,Database Administrator,"['Database', 'Database Administration', 'MySQL', 'Oracle', 'PostgreSQL', 'SQL']",6
JOB09349,Cloud Engineer,"['AWS', 'Azure', 'Cloud Computing', 'Docker', 'Linux']",5
JOB09350,Database Administrator,"['Database', 'Database Administration', 'MySQL', 'Oracle', 'PostgreSQL', 'SQL']",6
JOB09351,Python Developer,"['Django', 'Flask', 'Git', 'Python', 'SQL']",5
JOB09352,Database Administrator,"['Database', 'Database Administration', 'MySQL', 'Oracle', 'PostgreSQL', 'SQL']",6
JOB09353,Data Scientist,"['Machine Learning', 'Pandas', 'Python', 'SQL', 'Statistics']",5
JOB09354,Product Analyst,"['Excel', 'Product Analytics', 'Python', 'SQL']",4
JOB09355,Machine Learning Engineer,"['Docker', 'Machine Learning', 'Python', 'Scikit-learn', 'TensorFlow']",5
JOB09356,Cloud Engineer,"['AWS', 'Azure', 'Cloud Computing', 'Docker', 'Linux']",5
JOB09357,Financial Analyst,"['Excel', 'Financial Modeling', 'Power BI', 'SQL', 'Statistics']",5
JOB09358,Data Analyst,"['Excel', 'Power BI', 'Python', 'SQL', 'Tableau']",5
JOB09359,Marketing Analyst,"['Excel', 'Marketing Analytics', 'Power BI', 'Python', 'SQL']",5
JOB09360,Data Engineer,"['AWS', 'ETL', 'Python', 'SQL', 'Spark']",5
JOB09361,Data Engineer,"['AWS', 'ETL', 'Python', 'SQL', 'Spark']",5
JOB09362,Python Developer,"['Django', 'Flask', 'Git', 'Python', 'SQL']",5
JOB09363,Data Scientist,"['Machine Learning', 'Pandas', 'Python', 'SQL', 'Statistics']",5
JOB09364,Business Analyst,"['Business Analysis', 'Excel', 'Oracle', 'Power BI', 'Requirements Gathering', 'SQL']",6
JOB09365,QA Engineer,"['Automation Testing', 'Java', 'Python', 'SQL', 'Selenium']",5
JOB09366,Web Developer,"['CSS', 'Cloud Computing', 'Git', 'HTML', 'Java', 'JavaScript', 'Machine Learning', 'React']",8
JOB09367,HR Analyst,"['Data Analysis', 'Excel', 'HR Analytics', 'Power BI', 'SQL']",5
JOB09368,Machine Learning Engineer,"['Docker', 'Machine Learning', 'Python', 'Scikit-learn', 'TensorFlow']",5
JOB09369,Business Analyst,"['Business Analysis', 'Excel', 'Power BI', 'Requirements Gathering', 'SQL']",5
JOB09370,QA Engineer,"['Automation Testing', 'Java', 'Python', 'SQL', 'Selenium']",5
JOB09371,Machine Learning Engineer,"['Docker', 'Machine Learning', 'Python', 'Scikit-learn', 'TensorFlow']",5
JOB09372,Database Administrator,"['Database', 'Database Administration', 'MySQL', 'Oracle', 'PostgreSQL', 'SQL']",6
JOB09373,Web Developer,"['CSS', 'Git', 'HTML', 'Java', 'JavaScript', 'Machine Learning', 'React']",7
JOB09374,Software Engineer,"['Git', 'Java', 'Python', 'REST API', 'SQL']",5
JOB09375,Financial Analyst,"['Excel', 'Financial Modeling', 'Power BI', 'SQL', 'Statistics']",5
JOB09376,Software Engineer,"['Git', 'Java', 'Python', 'REST API', 'SQL']",5
JOB09377,Machine Learning Engineer,"['Docker', 'Machine Learning', 'Python', 'Scikit-learn', 'TensorFlow']",5
JOB09378,Marketing Analyst,"['Excel', 'Marketing Analytics', 'Power BI', 'Python', 'SQL']",5
JOB09379,Cloud Engineer,"['AWS', 'Azure', 'Cloud Computing', 'Docker', 'Linux']",5
JOB09380,Data Analyst,"['Excel', 'Power BI', 'Python', 'SQL', 'Tableau']",5
JOB09381,Software Engineer,"['Cloud Computing', 'Git', 'Java', 'Python', 'REST API', 'SQL']",6
JOB09382,Cloud Engineer,"['AWS', 'Azure', 'Cloud Computing', 'Docker', 'Linux']",5
JOB09383,Product Analyst,"['Excel', 'Product Analytics', 'Python', 'SQL']",4
JOB09384,Data Engineer,"['AWS', 'ETL', 'Python', 'SQL', 'Spark']",5
JOB09385,SQL Developer,"['Cloud Computing', 'Database', 'ETL', 'MySQL', 'PostgreSQL', 'SQL']",6
JOB09386,Business Analyst,"['Business Analysis', 'Excel', 'Power BI', 'Requirements Gathering', 'SQL']",5
JOB09387,Cloud Engineer,"['AWS', 'Azure', 'Cloud Computing', 'Docker', 'Linux']",5
JOB09388,Data Analyst,"['Excel', 'Power BI', 'Python', 'SQL', 'Tableau']",5
JOB09389,Software Engineer,"['Git', 'Java', 'Python', 'REST API', 'SQL']",5
JOB09390,HR Analyst,"['Data Analysis', 'Excel', 'HR Analytics', 'Power BI', 'SQL']",5
JOB09391,Data Analyst,"['Excel', 'Power BI', 'Python', 'SQL', 'Tableau']",5
JOB09392,Full Stack Developer,"['CSS', 'HTML', 'Java', 'JavaScript', 'Machine Learning', 'Node', 'React']",7
JOB09393,Marketing Analyst,"['Excel', 'Marketing Analytics', 'Power BI', 'Python', 'SQL']",5
JOB09394,Business Analyst,"['Business Analysis', 'Excel', 'Power BI', 'Requirements Gathering', 'SQL']",5
JOB09395,DevOps Engineer,"['AWS', 'Docker', 'Jenkins', 'Kubernetes', 'Linux']",5
JOB09396,Machine Learning Engineer,"['Docker', 'Machine Learning', 'Python', 'Scikit-learn', 'TensorFlow']",5
JOB09397,Data Scientist,"['Machine Learning', 'Oracle', 'Pandas', 'Python', 'SQL', 'Statistics']",6
JOB09398,Marketing Analyst,"['Excel', 'Marketing Analytics', 'Power BI', 'Python', 'SQL']",5
JOB09399,Cloud Engineer,"['AWS', 'Azure', 'Cloud Computing', 'Docker', 'Linux']",5
JOB09400,Web Developer,"['CSS', 'Git', 'HTML', 'Java', 'JavaScript', 'Machine Learning', 'React']",7
JOB09401,SQL Developer,"['Database', 'ETL', 'MySQL', 'PostgreSQL', 'SQL']",5
JOB09402,Web Developer,"['CSS', 'Git', 'HTML', 'Java', 'JavaScript', 'Machine Learning', 'React']",7
JOB09403,Database Administrator,"['Database', 'Database Administration', 'MySQL', 'Oracle', 'PostgreSQL', 'SQL']",6
JOB09404,Product Analyst,"['Cloud Computing', 'Excel', 'Product Analytics', 'Python', 'SQL']",5
JOB09405,Data Analyst,"['Excel', 'Power BI', 'Python', 'SQL', 'Tableau']",5
JOB09406,Business Analyst,"['Business Analysis', 'Excel', 'Power BI', 'Requirements Gathering', 'SQL']",5
JOB09407,Power BI Developer,"['Cloud Computing', 'DAX', 'Excel', 'Power BI', 'Power Query', 'SQL']",6
JOB09408,Database Administrator,"['Database', 'Database Administration', 'MySQL', 'Oracle', 'PostgreSQL', 'SQL']",6
JOB09409,Data Scientist,"['Machine Learning', 'Pandas', 'Python', 'SQL', 'Statistics']",5
JOB09410,HR Analyst,"['Data Analysis', 'Excel', 'HR Analytics', 'Power BI', 'SQL']",5
JOB09411,Data Scientist,"['Machine Learning', 'Pandas', 'Python', 'SQL', 'Statistics']",5
JOB09412,Data Scientist,"['Machine Learning', 'Pandas', 'Python', 'SQL', 'Statistics']",5
JOB09413,SQL Developer,"['Database', 'ETL', 'MySQL', 'PostgreSQL', 'SQL']",5
JOB09414,Business Analyst,"['Business Analysis', 'Excel', 'Power BI', 'Requirements Gathering', 'SQL']",5
JOB09415,HR Analyst,"['Data Analysis', 'Excel', 'HR Analytics', 'Power BI', 'SQL']",5
JOB09416,Machine Learning Engineer,"['Docker', 'Machine Learning', 'Python', 'Scikit-learn', 'TensorFlow']",5
JOB09417,Financial Analyst,"['Excel', 'Financial Modeling', 'Power BI', 'SQL', 'Statistics']",5
JOB09418,SQL Developer,"['Database', 'ETL', 'MySQL', 'Oracle', 'PostgreSQL', 'SQL']",6
JOB09419,SQL Developer,"['Database', 'ETL', 'MySQL', 'PostgreSQL', 'SQL']",5
JOB09420,BI Analyst,"['DAX', 'Data Visualization', 'Excel', 'Power BI', 'SQL']",5
JOB09421,Software Engineer,"['Git', 'Java', 'Python', 'REST API', 'SQL']",5
JOB09422,Power BI Developer,"['DAX', 'Excel', 'Power BI', 'Power Query', 'SQL']",5
JOB09423,SQL Developer,"['Database', 'ETL', 'MySQL', 'PostgreSQL', 'SQL']",5
JOB09424,Web Developer,"['CSS', 'Git', 'HTML', 'Java', 'JavaScript', 'Machine Learning', 'React']",7
JOB09425,SQL Developer,"['Database', 'ETL', 'MySQL', 'PostgreSQL', 'SQL']",5
JOB09426,SQL Developer,"['Database', 'ETL', 'MySQL', 'PostgreSQL', 'SQL']",5
JOB09427,Data Scientist,"['Machine Learning', 'Pandas', 'Python', 'SQL', 'Statistics']",5
JOB09428,Marketing Analyst,"['Excel', 'Marketing Analytics', 'Oracle', 'Power BI', 'Python', 'SQL']",6
JOB09429,Full Stack Developer,"['CSS', 'Cloud Computing', 'HTML', 'Java', 'JavaScript', 'Machine Learning', 'Node', 'React']",8
JOB09430,Data Analyst,"['Excel', 'Power BI', 'Python', 'SQL', 'Tableau']",5
JOB09431,Product Analyst,"['Excel', 'Product Analytics', 'Python', 'SQL']",4
JOB09432,Python Developer,"['Django', 'Flask', 'Git', 'Python', 'SQL']",5
JOB09433,Financial Analyst,"['Excel', 'Financial Modeling', 'Power BI', 'SQL', 'Statistics']",5
JOB09434,QA Engineer,"['Automation Testing', 'Java', 'Python', 'SQL', 'Selenium']",5
JOB09435,Python Developer,"['Django', 'Flask', 'Git', 'Python', 'SQL']",5
JOB09436,Data Analyst,"['Excel', 'Power BI', 'Python', 'SQL', 'Tableau']",5
JOB09437,Financial Analyst,"['Excel', 'Financial Modeling', 'Power BI', 'SQL', 'Statistics']",5
JOB09438,Data Scientist,"['Machine Learning', 'Pandas', 'Python', 'SQL', 'Statistics']",5
JOB09439,Full Stack Developer,"['CSS', 'HTML', 'Java', 'JavaScript', 'Machine Learning', 'Node', 'React']",7
JOB09440,Data Engineer,"['AWS', 'ETL', 'Python', 'SQL', 'Spark']",5
JOB09441,Product Analyst,"['Excel', 'Product Analytics', 'Python', 'SQL']",4
JOB09442,HR Analyst,"['Data Analysis', 'Excel', 'HR Analytics', 'Power BI', 'SQL']",5
JOB09443,SQL Developer,"['Database', 'ETL', 'MySQL', 'PostgreSQL', 'SQL']",5
JOB09444,BI Analyst,"['DAX', 'Data Visualization', 'Excel', 'Power BI', 'SQL']",5
JOB09445,Power BI Developer,"['DAX', 'Excel', 'Power BI', 'Power Query', 'SQL']",5
JOB09446,Financial Analyst,"['Excel', 'Financial Modeling', 'Power BI', 'SQL', 'Statistics']",5
JOB09447,Cloud Engineer,"['AWS', 'Azure', 'Cloud Computing', 'Docker', 'Linux']",5
JOB09448,QA Engineer,"['Automation Testing', 'Java', 'Python', 'SQL', 'Selenium']",5
JOB09449,Python Developer,"['Django', 'Flask', 'Git', 'Python', 'SQL']",5
JOB09450,Data Engineer,"['AWS', 'ETL', 'Python', 'SQL', 'Spark']",5
JOB09451,Data Scientist,"['Machine Learning', 'Pandas', 'Python', 'SQL', 'Statistics']",5
JOB09452,HR Analyst,"['Data Analysis', 'Excel', 'HR Analytics', 'Power BI', 'SQL']",5
JOB09453,Business Analyst,"['Business Analysis', 'Excel', 'Power BI', 'Requirements Gathering', 'SQL']",5
JOB09454,BI Analyst,"['DAX', 'Data Visualization', 'Excel', 'Power BI', 'SQL']",5
JOB09455,HR Analyst,"['Data Analysis', 'Excel', 'HR Analytics', 'Power BI', 'SQL']",5
JOB09456,Business Analyst,"['Business Analysis', 'Excel', 'Power BI', 'Requirements Gathering', 'SQL']",5
JOB09457,SQL Developer,"['Database', 'ETL', 'MySQL', 'PostgreSQL', 'SQL']",5
JOB09458,Financial Analyst,"['Excel', 'Financial Modeling', 'Power BI', 'SQL', 'Statistics']",5
JOB09459,Web Developer,"['CSS', 'Git', 'HTML', 'Java', 'JavaScript', 'Machine Learning', 'React']",7
JOB09460,Machine Learning Engineer,"['Docker', 'Machine Learning', 'Python', 'Scikit-learn', 'TensorFlow']",5
JOB09461,Python Developer,"['Django', 'Flask', 'Git', 'Python', 'SQL']",5
JOB09462,Financial Analyst,"['Excel', 'Financial Modeling', 'Oracle', 'Power BI', 'SQL', 'Statistics']",6
JOB09463,BI Analyst,"['DAX', 'Data Visualization', 'Excel', 'Power BI', 'SQL']",5
JOB09464,Power BI Developer,"['DAX', 'Excel', 'Power BI', 'Power Query', 'SQL']",5
JOB09465,Business Analyst,"['Business Analysis', 'Cloud Computing', 'Excel', 'Power BI', 'Requirements Gathering', 'SQL']",6
JOB09466,HR Analyst,"['Data Analysis', 'Excel', 'HR Analytics', 'Power BI', 'SQL']",5
JOB09467,BI Analyst,"['DAX', 'Data Visualization', 'Excel', 'Power BI', 'SQL']",5
JOB09468,Product Analyst,"['Excel', 'Product Analytics', 'Python', 'SQL']",4
JOB09469,Cloud Engineer,"['AWS', 'Azure', 'Cloud Computing', 'Docker', 'Linux']",5
JOB09470,HR Analyst,"['Data Analysis', 'Excel', 'HR Analytics', 'Power BI', 'SQL']",5
JOB09471,Financial Analyst,"['Excel', 'Financial Modeling', 'Power BI', 'SQL', 'Statistics']",5
JOB09472,DevOps Engineer,"['AWS', 'Docker', 'Jenkins', 'Kubernetes', 'Linux']",5
JOB09473,Machine Learning Engineer,"['Docker', 'Machine Learning', 'Python', 'Scikit-learn', 'TensorFlow']",5
JOB09474,SQL Developer,"['Database', 'ETL', 'MySQL', 'PostgreSQL', 'SQL']",5
JOB09475,Database Administrator,"['Database', 'Database Administration', 'MySQL', 'Oracle', 'PostgreSQL', 'SQL']",6
JOB09476,HR Analyst,"['Data Analysis', 'Excel', 'HR Analytics', 'Power BI', 'SQL']",5
JOB09477,Data Scientist,"['Machine Learning', 'Pandas', 'Python', 'SQL', 'Statistics']",5
JOB09478,QA Engineer,"['Automation Testing', 'Java', 'Python', 'SQL', 'Selenium']",5
JOB09479,Database Administrator,"['Database', 'Database Administration', 'MySQL', 'Oracle', 'PostgreSQL', 'SQL']",6
JOB09480,Software Engineer,"['Cloud Computing', 'Git', 'Java', 'Python', 'REST API', 'SQL']",6
JOB09481,HR Analyst,"['Data Analysis', 'Excel', 'HR Analytics', 'Power BI', 'SQL']",5
JOB09482,Power BI Developer,"['DAX', 'Excel', 'Power BI', 'Power Query', 'SQL']",5
JOB09483,Power BI Developer,"['DAX', 'Excel', 'Power BI', 'Power Query', 'SQL']",5
JOB09484,Product Analyst,"['Excel', 'Product Analytics', 'Python', 'SQL']",4
JOB09485,Web Developer,"['CSS', 'Git', 'HTML', 'Java', 'JavaScript', 'Machine Learning', 'React']",7
JOB09486,Cloud Engineer,"['AWS', 'Azure', 'Cloud Computing', 'Docker', 'Linux']",5
JOB09487,Power BI Developer,"['DAX', 'Excel', 'Power BI', 'Power Query', 'SQL']",5
JOB09488,Data Engineer,"['AWS', 'ETL', 'Python', 'SQL', 'Spark']",5
JOB09489,DevOps Engineer,"['AWS', 'Docker', 'Jenkins', 'Kubernetes', 'Linux']",5
JOB09490,BI Analyst,"['DAX', 'Data Visualization', 'Excel', 'Power BI', 'SQL']",5
JOB09491,Data Analyst,"['Excel', 'Power BI', 'Python', 'SQL', 'Tableau']",5
JOB09492,Web Developer,"['CSS', 'Git', 'HTML', 'Java', 'JavaScript', 'Machine Learning', 'React']",7
JOB09493,SQL Developer,"['Database', 'ETL', 'MySQL', 'PostgreSQL', 'SQL']",5
JOB09494,Python Developer,"['Django', 'Flask', 'Git', 'Python', 'SQL']",5
JOB09495,Full Stack Developer,"['CSS', 'HTML', 'Java', 'JavaScript', 'Machine Learning', 'Node', 'React']",7
JOB09496,Database Administrator,"['Database', 'Database Administration', 'MySQL', 'Oracle', 'PostgreSQL', 'SQL']",6
JOB09497,Database Administrator,"['Database', 'Database Administration', 'MySQL', 'Oracle', 'PostgreSQL', 'SQL']",6
JOB09498,Data Analyst,"['Excel', 'Power BI', 'Python', 'SQL', 'Tableau']",5
JOB09499,Web Developer,"['CSS', 'Git', 'HTML', 'Java', 'JavaScript', 'Machine Learning', 'React']",7
JOB09500,Business Analyst,"['Business Analysis', 'Excel', 'Power BI', 'Requirements Gathering', 'SQL']",5
JOB09501,QA Engineer,"['Automation Testing', 'Java', 'Python', 'SQL', 'Selenium']",5
JOB09502,QA Engineer,"['Automation Testing', 'Java', 'Python', 'SQL', 'Selenium']",5
JOB09503,DevOps Engineer,"['AWS', 'Docker', 'Jenkins', 'Kubernetes', 'Linux']",5
JOB09504,Machine Learning Engineer,"['Docker', 'Machine Learning', 'Python', 'Scikit-learn', 'TensorFlow']",5
JOB09505,Machine Learning Engineer,"['Docker', 'Machine Learning', 'Python', 'Scikit-learn', 'TensorFlow']",5
JOB09506,Machine Learning Engineer,"['Docker', 'Machine Learning', 'Python', 'Scikit-learn', 'TensorFlow']",5
JOB09507,DevOps Engineer,"['AWS', 'Docker', 'Jenkins', 'Kubernetes', 'Linux']",5
JOB09508,Data Analyst,"['Excel', 'Power BI', 'Python', 'SQL', 'Tableau']",5
JOB09509,SQL Developer,"['Database', 'ETL', 'MySQL', 'PostgreSQL', 'SQL']",5
JOB09510,DevOps Engineer,"['AWS', 'Docker', 'Jenkins', 'Kubernetes', 'Linux']",5
JOB09511,Machine Learning Engineer,"['Docker', 'Machine Learning', 'Python', 'Scikit-learn', 'TensorFlow']",5
JOB09512,Data Scientist,"['Machine Learning', 'Pandas', 'Python', 'SQL', 'Statistics']",5
JOB09513,Data Scientist,"['Machine Learning', 'Pandas', 'Python', 'SQL', 'Statistics']",5
JOB09514,Product Analyst,"['Cloud Computing', 'Excel', 'Product Analytics', 'Python', 'SQL']",5
JOB09515,Machine Learning Engineer,"['Docker', 'Machine Learning', 'Python', 'Scikit-learn', 'TensorFlow']",5
JOB09516,Full Stack Developer,"['CSS', 'HTML', 'Java', 'JavaScript', 'Machine Learning', 'Node', 'React']",7
JOB09517,Machine Learning Engineer,"['Docker', 'Machine Learning', 'Python', 'Scikit-learn', 'TensorFlow']",5
JOB09518,Machine Learning Engineer,"['Docker', 'Machine Learning', 'Python', 'Scikit-learn', 'TensorFlow']",5
JOB09519,Machine Learning Engineer,"['Docker', 'Machine Learning', 'Python', 'Scikit-learn', 'TensorFlow']",5
JOB09520,Cloud Engineer,"['AWS', 'Azure', 'Cloud Computing', 'Docker', 'Linux']",5
JOB09521,Full Stack Developer,"['CSS', 'HTML', 'Java', 'JavaScript', 'Machine Learning', 'Node', 'React']",7
JOB09522,BI Analyst,"['DAX', 'Data Visualization', 'Excel', 'Power BI', 'SQL']",5
JOB09523,Software Engineer,"['Git', 'Java', 'Python', 'REST API', 'SQL']",5
JOB09524,Full Stack Developer,"['CSS', 'HTML', 'Java', 'JavaScript', 'Machine Learning', 'Node', 'React']",7
JOB09525,Full Stack Developer,"['CSS', 'HTML', 'Java', 'JavaScript', 'Machine Learning', 'Node', 'React']",7
JOB09526,Data Analyst,"['Excel', 'Power BI', 'Python', 'SQL', 'Tableau']",5
JOB09527,Python Developer,"['Django', 'Flask', 'Git', 'Python', 'SQL']",5
JOB09528,Data Analyst,"['Excel', 'Power BI', 'Python', 'SQL', 'Tableau']",5
JOB09529,Machine Learning Engineer,"['Docker', 'Machine Learning', 'Python', 'Scikit-learn', 'TensorFlow']",5
JOB09530,Product Analyst,"['Excel', 'Product Analytics', 'Python', 'SQL']",4
JOB09531,Data Scientist,"['Machine Learning', 'Pandas', 'Python', 'SQL', 'Statistics']",5
JOB09532,Machine Learning Engineer,"['Docker', 'Machine Learning', 'Python', 'Scikit-learn', 'TensorFlow']",5
JOB09533,Product Analyst,"['Excel', 'Product Analytics', 'Python', 'SQL']",4
JOB09534,DevOps Engineer,"['AWS', 'Docker', 'Jenkins', 'Kubernetes', 'Linux']",5
JOB09535,Product Analyst,"['Cloud Computing', 'Excel', 'Product Analytics', 'Python', 'SQL']",5
JOB09536,DevOps Engineer,"['AWS', 'Docker', 'Jenkins', 'Kubernetes', 'Linux']",5
JOB09537,QA Engineer,"['Automation Testing', 'Java', 'Python', 'SQL', 'Selenium']",5
JOB09538,Web Developer,"['CSS', 'Git', 'HTML', 'Java', 'JavaScript', 'Machine Learning', 'React']",7
JOB09539,Full Stack Developer,"['CSS', 'HTML', 'Java', 'JavaScript', 'Machine Learning', 'Node', 'React']",7
JOB09540,Business Analyst,"['Business Analysis', 'Excel', 'Power BI', 'Requirements Gathering', 'SQL']",5
JOB09541,Business Analyst,"['Business Analysis', 'Excel', 'Power BI', 'Requirements Gathering', 'SQL']",5
JOB09542,Cloud Engineer,"['AWS', 'Azure', 'Cloud Computing', 'Docker', 'Linux']",5
JOB09543,Data Scientist,"['Machine Learning', 'Pandas', 'Python', 'SQL', 'Statistics']",5
JOB09544,Full Stack Developer,"['CSS', 'HTML', 'Java', 'JavaScript', 'Machine Learning', 'Node', 'React']",7
JOB09545,Data Analyst,"['Excel', 'Power BI', 'Python', 'SQL', 'Tableau']",5
JOB09546,Python Developer,"['Django', 'Flask', 'Git', 'Python', 'SQL']",5
JOB09547,QA Engineer,"['Automation Testing', 'Java', 'Python', 'SQL', 'Selenium']",5
JOB09548,Software Engineer,"['Git', 'Java', 'Python', 'REST API', 'SQL']",5
JOB09549,HR Analyst,"['Data Analysis', 'Excel', 'HR Analytics', 'Power BI', 'SQL']",5
JOB09550,Full Stack Developer,"['CSS', 'HTML', 'Java', 'JavaScript', 'Machine Learning', 'Node', 'React']",7
JOB09551,DevOps Engineer,"['AWS', 'Cloud Computing', 'Docker', 'Jenkins', 'Kubernetes', 'Linux']",6
JOB09552,Data Analyst,"['Excel', 'Power BI', 'Python', 'SQL', 'Tableau']",5
JOB09553,Machine Learning Engineer,"['Docker', 'Machine Learning', 'Python', 'Scikit-learn', 'TensorFlow']",5
JOB09554,Web Developer,"['CSS', 'Git', 'HTML', 'Java', 'JavaScript', 'Machine Learning', 'React']",7
JOB09555,Web Developer,"['CSS', 'Git', 'HTML', 'Java', 'JavaScript', 'Machine Learning', 'React']",7
JOB09556,SQL Developer,"['Database', 'ETL', 'MySQL', 'PostgreSQL', 'SQL']",5
JOB09557,DevOps Engineer,"['AWS', 'Docker', 'Jenkins', 'Kubernetes', 'Linux']",5
JOB09558,Data Scientist,"['Machine Learning', 'Pandas', 'Python', 'SQL', 'Statistics']",5
JOB09559,Full Stack Developer,"['CSS', 'HTML', 'Java', 'JavaScript', 'Machine Learning', 'Node', 'React']",7
JOB09560,Financial Analyst,"['Excel', 'Financial Modeling', 'Power BI', 'SQL', 'Statistics']",5
JOB09561,BI Analyst,"['DAX', 'Data Visualization', 'Excel', 'Power BI', 'SQL']",5
JOB09562,Data Analyst,"['Excel', 'Power BI', 'Python', 'SQL', 'Tableau']",5
JOB09563,Machine Learning Engineer,"['Docker', 'Machine Learning', 'Python', 'Scikit-learn', 'TensorFlow']",5
JOB09564,HR Analyst,"['Data Analysis', 'Excel', 'HR Analytics', 'Power BI', 'SQL']",5
JOB09565,Software Engineer,"['Git', 'Java', 'Python', 'REST API', 'SQL']",5
JOB09566,Marketing Analyst,"['Excel', 'Marketing Analytics', 'Power BI', 'Python', 'SQL']",5
JOB09567,Financial Analyst,"['Excel', 'Financial Modeling', 'Power BI', 'SQL', 'Statistics']",5
JOB09568,Data Scientist,"['Machine Learning', 'Oracle', 'Pandas', 'Python', 'SQL', 'Statistics']",6
JOB09569,Machine Learning Engineer,"['Docker', 'Machine Learning', 'Python', 'Scikit-learn', 'TensorFlow']",5
JOB09570,BI Analyst,"['DAX', 'Data Visualization', 'Excel', 'Power BI', 'SQL']",5
JOB09571,Data Engineer,"['AWS', 'ETL', 'Python', 'SQL', 'Spark']",5
JOB09572,Machine Learning Engineer,"['Docker', 'Machine Learning', 'Python', 'Scikit-learn', 'TensorFlow']",5
JOB09573,Power BI Developer,"['DAX', 'Excel', 'Power BI', 'Power Query', 'SQL']",5
JOB09574,Data Analyst,"['Excel', 'Power BI', 'Python', 'SQL', 'Tableau']",5
JOB09575,Product Analyst,"['Excel', 'Product Analytics', 'Python', 'SQL']",4
JOB09576,Data Scientist,"['Machine Learning', 'Pandas', 'Python', 'SQL', 'Statistics']",5
JOB09577,HR Analyst,"['Data Analysis', 'Excel', 'HR Analytics', 'Power BI', 'SQL']",5
JOB09578,Financial Analyst,"['Excel', 'Financial Modeling', 'Oracle', 'Power BI', 'SQL', 'Statistics']",6
JOB09579,HR Analyst,"['Data Analysis', 'Excel', 'HR Analytics', 'Power BI', 'SQL']",5
JOB09580,Financial Analyst,"['Excel', 'Financial Modeling', 'Power BI', 'SQL', 'Statistics']",5
JOB09581,Machine Learning Engineer,"['Docker', 'Machine Learning', 'Python', 'Scikit-learn', 'TensorFlow']",5
JOB09582,Python Developer,"['Django', 'Flask', 'Git', 'Python', 'SQL']",5
JOB09583,Cloud Engineer,"['AWS', 'Azure', 'Cloud Computing', 'Docker', 'Linux']",5
JOB09584,Data Analyst,"['Excel', 'Power BI', 'Python', 'SQL', 'Tableau']",5
JOB09585,Product Analyst,"['Excel', 'Product Analytics', 'Python', 'SQL']",4
JOB09586,Web Developer,"['CSS', 'Git', 'HTML', 'Java', 'JavaScript', 'Machine Learning', 'React']",7
JOB09587,Data Analyst,"['Excel', 'Power BI', 'Python', 'SQL', 'Tableau']",5
JOB09588,Data Scientist,"['Machine Learning', 'Pandas', 'Python', 'SQL', 'Statistics']",5
JOB09589,QA Engineer,"['Automation Testing', 'Java', 'Python', 'SQL', 'Selenium']",5
JOB09590,Data Scientist,"['Machine Learning', 'Pandas', 'Python', 'SQL', 'Statistics']",5
JOB09591,SQL Developer,"['Database', 'ETL', 'MySQL', 'PostgreSQL', 'SQL']",5
JOB09592,Machine Learning Engineer,"['Docker', 'Machine Learning', 'Python', 'Scikit-learn', 'TensorFlow']",5
JOB09593,Power BI Developer,"['DAX', 'Excel', 'Power BI', 'Power Query', 'SQL']",5
JOB09594,Data Scientist,"['Machine Learning', 'Pandas', 'Python', 'SQL', 'Statistics']",5
JOB09595,Cloud Engineer,"['AWS', 'Azure', 'Cloud Computing', 'Docker', 'Linux']",5
JOB09596,Python Developer,"['Django', 'Flask', 'Git', 'Python', 'SQL']",5
JOB09597,Product Analyst,"['Excel', 'Product Analytics', 'Python', 'SQL']",4
JOB09598,Cloud Engineer,"['AWS', 'Azure', 'Cloud Computing', 'Docker', 'Linux']",5
JOB09599,SQL Developer,"['Database', 'ETL', 'MySQL', 'PostgreSQL', 'SQL']",5
JOB09600,Data Scientist,"['Machine Learning', 'Pandas', 'Python', 'SQL', 'Statistics']",5
JOB09601,DevOps Engineer,"['AWS', 'Docker', 'Jenkins', 'Kubernetes', 'Linux']",5
JOB09602,Business Analyst,"['Business Analysis', 'Excel', 'Power BI', 'Requirements Gathering', 'SQL']",5
JOB09603,HR Analyst,"['Data Analysis', 'Excel', 'HR Analytics', 'Power BI', 'SQL']",5
JOB09604,SQL Developer,"['Database', 'ETL', 'MySQL', 'PostgreSQL', 'SQL']",5
JOB09605,Power BI Developer,"['DAX', 'Excel', 'Power BI', 'Power Query', 'SQL']",5
JOB09606,Machine Learning Engineer,"['Docker', 'Machine Learning', 'Python', 'Scikit-learn', 'TensorFlow']",5
JOB09607,Machine Learning Engineer,"['Docker', 'Machine Learning', 'Python', 'Scikit-learn', 'TensorFlow']",5
JOB09608,Power BI Developer,"['DAX', 'Excel', 'Power BI', 'Power Query', 'SQL']",5
JOB09609,HR Analyst,"['Cloud Computing', 'Data Analysis', 'Excel', 'HR Analytics', 'Power BI', 'SQL']",6
JOB09610,Full Stack Developer,"['CSS', 'HTML', 'Java', 'JavaScript', 'Machine Learning', 'Node', 'React']",7
JOB09611,Marketing Analyst,"['Excel', 'Marketing Analytics', 'Power BI', 'Python', 'SQL']",5
JOB09612,Business Analyst,"['Business Analysis', 'Excel', 'Power BI', 'Requirements Gathering', 'SQL']",5
JOB09613,Web Developer,"['CSS', 'Git', 'HTML', 'Java', 'JavaScript', 'Machine Learning', 'React']",7
JOB09614,Financial Analyst,"['Excel', 'Financial Modeling', 'Power BI', 'SQL', 'Statistics']",5
JOB09615,HR Analyst,"['Data Analysis', 'Excel', 'HR Analytics', 'Power BI', 'SQL']",5
JOB09616,Cloud Engineer,"['AWS', 'Azure', 'Cloud Computing', 'Docker', 'Linux']",5
JOB09617,BI Analyst,"['DAX', 'Data Visualization', 'Excel', 'Power BI', 'SQL']",5
JOB09618,Data Analyst,"['Cloud Computing', 'Excel', 'Power BI', 'Python', 'SQL', 'Tableau']",6
JOB09619,Python Developer,"['Django', 'Flask', 'Git', 'Python', 'SQL']",5
JOB09620,Marketing Analyst,"['Excel', 'Marketing Analytics', 'Power BI', 'Python', 'SQL']",5
JOB09621,SQL Developer,"['Database', 'ETL', 'MySQL', 'PostgreSQL', 'SQL']",5
JOB09622,Power BI Developer,"['DAX', 'Excel', 'Power BI', 'Power Query', 'SQL']",5
JOB09623,DevOps Engineer,"['AWS', 'Docker', 'Jenkins', 'Kubernetes', 'Linux']",5
JOB09624,Marketing Analyst,"['Excel', 'Marketing Analytics', 'Power BI', 'Python', 'SQL']",5
JOB09625,DevOps Engineer,"['AWS', 'Docker', 'Jenkins', 'Kubernetes', 'Linux']",5
JOB09626,Web Developer,"['CSS', 'Git', 'HTML', 'Java', 'JavaScript', 'Machine Learning', 'React']",7
JOB09627,Power BI Developer,"['DAX', 'Excel', 'Power BI', 'Power Query', 'SQL']",5
JOB09628,SQL Developer,"['Database', 'ETL', 'MySQL', 'Oracle', 'PostgreSQL', 'SQL']",6
JOB09629,Data Engineer,"['AWS', 'ETL', 'Python', 'SQL', 'Spark']",5
JOB09630,BI Analyst,"['DAX', 'Data Visualization', 'Excel', 'Power BI', 'SQL']",5
JOB09631,Python Developer,"['Django', 'Flask', 'Git', 'Python', 'SQL']",5
JOB09632,Python Developer,"['Django', 'Flask', 'Git', 'Python', 'SQL']",5
JOB09633,BI Analyst,"['DAX', 'Data Visualization', 'Excel', 'Power BI', 'SQL']",5
JOB09634,Data Analyst,"['Excel', 'Power BI', 'Python', 'SQL', 'Tableau']",5
JOB09635,BI Analyst,"['DAX', 'Data Visualization', 'Excel', 'Power BI', 'SQL']",5
JOB09636,Data Engineer,"['AWS', 'ETL', 'Python', 'SQL', 'Spark']",5
JOB09637,Full Stack Developer,"['CSS', 'HTML', 'Java', 'JavaScript', 'Machine Learning', 'Node', 'React']",7
JOB09638,SQL Developer,"['Database', 'ETL', 'MySQL', 'PostgreSQL', 'SQL']",5
JOB09639,Web Developer,"['CSS', 'Git', 'HTML', 'Java', 'JavaScript', 'Machine Learning', 'React']",7
JOB09640,Cloud Engineer,"['AWS', 'Azure', 'Cloud Computing', 'Docker', 'Linux']",5
JOB09641,Cloud Engineer,"['AWS', 'Azure', 'Cloud Computing', 'Docker', 'Linux']",5
JOB09642,Cloud Engineer,"['AWS', 'Azure', 'Cloud Computing', 'Docker', 'Linux']",5
JOB09643,Cloud Engineer,"['AWS', 'Azure', 'Cloud Computing', 'Docker', 'Linux']",5
JOB09644,BI Analyst,"['DAX', 'Data Visualization', 'Excel', 'Power BI', 'SQL']",5
JOB09645,Power BI Developer,"['Cloud Computing', 'DAX', 'Excel', 'Power BI', 'Power Query', 'SQL']",6
JOB09646,Data Scientist,"['Machine Learning', 'Pandas', 'Python', 'SQL', 'Statistics']",5
JOB09647,Data Analyst,"['Excel', 'Power BI', 'Python', 'SQL', 'Tableau']",5
JOB09648,Cloud Engineer,"['AWS', 'Azure', 'Cloud Computing', 'Docker', 'Linux']",5
JOB09649,Product Analyst,"['Excel', 'Product Analytics', 'Python', 'SQL']",4
JOB09650,Data Engineer,"['AWS', 'ETL', 'Python', 'SQL', 'Spark']",5
JOB09651,Machine Learning Engineer,"['Docker', 'Machine Learning', 'Python', 'Scikit-learn', 'TensorFlow']",5
JOB09652,Data Scientist,"['Machine Learning', 'Pandas', 'Python', 'SQL', 'Statistics']",5
JOB09653,Product Analyst,"['Excel', 'Product Analytics', 'Python', 'SQL']",4
JOB09654,Python Developer,"['Django', 'Flask', 'Git', 'Oracle', 'Python', 'SQL']",6
JOB09655,Web Developer,"['CSS', 'Git', 'HTML', 'Java', 'JavaScript', 'Machine Learning', 'Oracle', 'React']",8
JOB09656,SQL Developer,"['Database', 'ETL', 'MySQL', 'PostgreSQL', 'SQL']",5
JOB09657,Web Developer,"['CSS', 'Git', 'HTML', 'Java', 'JavaScript', 'Machine Learning', 'React']",7
JOB09658,Financial Analyst,"['Excel', 'Financial Modeling', 'Power BI', 'SQL', 'Statistics']",5
JOB09659,QA Engineer,"['Automation Testing', 'Java', 'Python', 'SQL', 'Selenium']",5
JOB09660,Data Scientist,"['Machine Learning', 'Pandas', 'Python', 'SQL', 'Statistics']",5
JOB09661,SQL Developer,"['Database', 'ETL', 'MySQL', 'PostgreSQL', 'SQL']",5
JOB09662,Full Stack Developer,"['CSS', 'HTML', 'Java', 'JavaScript', 'Machine Learning', 'Node', 'React']",7
JOB09663,Marketing Analyst,"['Excel', 'Marketing Analytics', 'Power BI', 'Python', 'SQL']",5
JOB09664,Cloud Engineer,"['AWS', 'Azure', 'Cloud Computing', 'Docker', 'Linux']",5
JOB09665,Database Administrator,"['Database', 'Database Administration', 'MySQL', 'Oracle', 'PostgreSQL', 'SQL']",6
JOB09666,BI Analyst,"['DAX', 'Data Visualization', 'Excel', 'Power BI', 'SQL']",5
JOB09667,DevOps Engineer,"['AWS', 'Docker', 'Jenkins', 'Kubernetes', 'Linux']",5
JOB09668,Marketing Analyst,"['Excel', 'Marketing Analytics', 'Oracle', 'Power BI', 'Python', 'SQL']",6
JOB09669,Database Administrator,"['Database', 'Database Administration', 'MySQL', 'Oracle', 'PostgreSQL', 'SQL']",6
JOB09670,DevOps Engineer,"['AWS', 'Docker', 'Jenkins', 'Kubernetes', 'Linux']",5
JOB09671,Data Scientist,"['Machine Learning', 'Pandas', 'Python', 'SQL', 'Statistics']",5
JOB09672,Power BI Developer,"['DAX', 'Excel', 'Power BI', 'Power Query', 'SQL']",5
JOB09673,DevOps Engineer,"['AWS', 'Docker', 'Jenkins', 'Kubernetes', 'Linux']",5
JOB09674,Software Engineer,"['Git', 'Java', 'Python', 'REST API', 'SQL']",5
JOB09675,Data Scientist,"['Machine Learning', 'Pandas', 'Python', 'SQL', 'Statistics']",5
JOB09676,Marketing Analyst,"['Excel', 'Marketing Analytics', 'Power BI', 'Python', 'SQL']",5
JOB09677,Software Engineer,"['Git', 'Java', 'Python', 'REST API', 'SQL']",5
JOB09678,Power BI Developer,"['DAX', 'Excel', 'Power BI', 'Power Query', 'SQL']",5
JOB09679,Software Engineer,"['Git', 'Java', 'Python', 'REST API', 'SQL']",5
JOB09680,Data Engineer,"['AWS', 'ETL', 'Python', 'SQL', 'Spark']",5
JOB09681,BI Analyst,"['DAX', 'Data Visualization', 'Excel', 'Power BI', 'SQL']",5
JOB09682,SQL Developer,"['Database', 'ETL', 'MySQL', 'PostgreSQL', 'SQL']",5
JOB09683,BI Analyst,"['DAX', 'Data Visualization', 'Excel', 'Oracle', 'Power BI', 'SQL']",6
JOB09684,Product Analyst,"['Excel', 'Product Analytics', 'Python', 'SQL']",4
JOB09685,Data Scientist,"['Machine Learning', 'Pandas', 'Python', 'SQL', 'Statistics']",5
JOB09686,Financial Analyst,"['Excel', 'Financial Modeling', 'Power BI', 'SQL', 'Statistics']",5
JOB09687,BI Analyst,"['DAX', 'Data Visualization', 'Excel', 'Power BI', 'SQL']",5
JOB09688,Full Stack Developer,"['CSS', 'HTML', 'Java', 'JavaScript', 'Machine Learning', 'Node', 'React']",7
JOB09689,Data Scientist,"['Machine Learning', 'Pandas', 'Python', 'SQL', 'Statistics']",5
JOB09690,Machine Learning Engineer,"['Docker', 'Machine Learning', 'Python', 'Scikit-learn', 'TensorFlow']",5
JOB09691,QA Engineer,"['Automation Testing', 'Java', 'Python', 'SQL', 'Selenium']",5
JOB09692,QA Engineer,"['Automation Testing', 'Java', 'Python', 'SQL', 'Selenium']",5
JOB09693,Data Scientist,"['Machine Learning', 'Pandas', 'Python', 'SQL', 'Statistics']",5
JOB09694,HR Analyst,"['Data Analysis', 'Excel', 'HR Analytics', 'Power BI', 'SQL']",5
JOB09695,Software Engineer,"['Git', 'Java', 'Python', 'REST API', 'SQL']",5
JOB09696,Power BI Developer,"['DAX', 'Excel', 'Power BI', 'Power Query', 'SQL']",5
JOB09697,Power BI Developer,"['DAX', 'Excel', 'Power BI', 'Power Query', 'SQL']",5
JOB09698,Machine Learning Engineer,"['Docker', 'Machine Learning', 'Python', 'Scikit-learn', 'TensorFlow']",5
JOB09699,Data Engineer,"['AWS', 'ETL', 'Python', 'SQL', 'Spark']",5
JOB09700,Data Scientist,"['Machine Learning', 'Pandas', 'Python', 'SQL', 'Statistics']",5
JOB09701,SQL Developer,"['Database', 'ETL', 'MySQL', 'PostgreSQL', 'SQL']",5
JOB09702,Data Engineer,"['AWS', 'ETL', 'Python', 'SQL', 'Spark']",5
JOB09703,Full Stack Developer,"['CSS', 'HTML', 'Java', 'JavaScript', 'Machine Learning', 'Node', 'React']",7
JOB09704,SQL Developer,"['Database', 'ETL', 'MySQL', 'PostgreSQL', 'SQL']",5
JOB09705,Web Developer,"['CSS', 'Git', 'HTML', 'Java', 'JavaScript', 'Machine Learning', 'React']",7
JOB09706,Marketing Analyst,"['Excel', 'Marketing Analytics', 'Oracle', 'Power BI', 'Python', 'SQL']",6
JOB09707,Database Administrator,"['Database', 'Database Administration', 'MySQL', 'Oracle', 'PostgreSQL', 'SQL']",6
JOB09708,Machine Learning Engineer,"['Docker', 'Machine Learning', 'Python', 'Scikit-learn', 'TensorFlow']",5
JOB09709,DevOps Engineer,"['AWS', 'Docker', 'Jenkins', 'Kubernetes', 'Linux']",5
JOB09710,Machine Learning Engineer,"['Docker', 'Machine Learning', 'Oracle', 'Python', 'Scikit-learn', 'TensorFlow']",6
JOB09711,SQL Developer,"['Database', 'ETL', 'MySQL', 'PostgreSQL', 'SQL']",5
JOB09712,Database Administrator,"['Database', 'Database Administration', 'MySQL', 'Oracle', 'PostgreSQL', 'SQL']",6
JOB09713,HR Analyst,"['Data Analysis', 'Excel', 'HR Analytics', 'Power BI', 'SQL']",5
JOB09714,SQL Developer,"['Database', 'ETL', 'MySQL', 'PostgreSQL', 'SQL']",5
JOB09715,Machine Learning Engineer,"['Docker', 'Machine Learning', 'Python', 'Scikit-learn', 'TensorFlow']",5
JOB09716,Web Developer,"['CSS', 'Git', 'HTML', 'Java', 'JavaScript', 'Machine Learning', 'React']",7
JOB09717,Software Engineer,"['Git', 'Java', 'Python', 'REST API', 'SQL']",5
JOB09718,Software Engineer,"['Git', 'Java', 'Python', 'REST API', 'SQL']",5
JOB09719,Data Analyst,"['Excel', 'Power BI', 'Python', 'SQL', 'Tableau']",5
JOB09720,Cloud Engineer,"['AWS', 'Azure', 'Cloud Computing', 'Docker', 'Linux']",5
JOB09721,Financial Analyst,"['Excel', 'Financial Modeling', 'Power BI', 'SQL', 'Statistics']",5
JOB09722,Database Administrator,"['Database', 'Database Administration', 'MySQL', 'Oracle', 'PostgreSQL', 'SQL']",6
JOB09723,DevOps Engineer,"['AWS', 'Docker', 'Jenkins', 'Kubernetes', 'Linux']",5
JOB09724,Business Analyst,"['Business Analysis', 'Excel', 'Power BI', 'Requirements Gathering', 'SQL']",5
JOB09725,Data Engineer,"['AWS', 'ETL', 'Python', 'SQL', 'Spark']",5
JOB09726,Power BI Developer,"['Cloud Computing', 'DAX', 'Excel', 'Power BI', 'Power Query', 'SQL']",6
JOB09727,Financial Analyst,"['Excel', 'Financial Modeling', 'Power BI', 'SQL', 'Statistics']",5
JOB09728,Software Engineer,"['Git', 'Java', 'Python', 'REST API', 'SQL']",5
JOB09729,Data Analyst,"['Excel', 'Power BI', 'Python', 'SQL', 'Tableau']",5
JOB09730,BI Analyst,"['DAX', 'Data Visualization', 'Excel', 'Power BI', 'SQL']",5
JOB09731,Data Engineer,"['AWS', 'ETL', 'Python', 'SQL', 'Spark']",5
JOB09732,Power BI Developer,"['DAX', 'Excel', 'Power BI', 'Power Query', 'SQL']",5
JOB09733,Product Analyst,"['Excel', 'Product Analytics', 'Python', 'SQL']",4
JOB09734,Financial Analyst,"['Excel', 'Financial Modeling', 'Power BI', 'SQL', 'Statistics']",5
JOB09735,Business Analyst,"['Business Analysis', 'Excel', 'Power BI', 'Requirements Gathering', 'SQL']",5
JOB09736,Power BI Developer,"['DAX', 'Excel', 'Power BI', 'Power Query', 'SQL']",5
JOB09737,Data Analyst,"['Excel', 'Power BI', 'Python', 'SQL', 'Tableau']",5
JOB09738,Data Engineer,"['AWS', 'ETL', 'Python', 'SQL', 'Spark']",5
JOB09739,Financial Analyst,"['Excel', 'Financial Modeling', 'Power BI', 'SQL', 'Statistics']",5
JOB09740,Data Scientist,"['Machine Learning', 'Pandas', 'Python', 'SQL', 'Statistics']",5
JOB09741,SQL Developer,"['Database', 'ETL', 'MySQL', 'PostgreSQL', 'SQL']",5
JOB09742,Product Analyst,"['Excel', 'Product Analytics', 'Python', 'SQL']",4
JOB09743,Python Developer,"['Django', 'Flask', 'Git', 'Python', 'SQL']",5
JOB09744,QA Engineer,"['Automation Testing', 'Java', 'Python', 'SQL', 'Selenium']",5
JOB09745,Data Engineer,"['AWS', 'ETL', 'Python', 'SQL', 'Spark']",5
JOB09746,Software Engineer,"['Git', 'Java', 'Python', 'REST API', 'SQL']",5
JOB09747,Product Analyst,"['Excel', 'Product Analytics', 'Python', 'SQL']",4
JOB09748,Marketing Analyst,"['Excel', 'Marketing Analytics', 'Power BI', 'Python', 'SQL']",5
JOB09749,Python Developer,"['Cloud Computing', 'Django', 'Flask', 'Git', 'Python', 'SQL']",6
JOB09750,BI Analyst,"['DAX', 'Data Visualization', 'Excel', 'Power BI', 'SQL']",5
JOB09751,Cloud Engineer,"['AWS', 'Azure', 'Cloud Computing', 'Docker', 'Linux']",5
JOB09752,Business Analyst,"['Business Analysis', 'Excel', 'Power BI', 'Requirements Gathering', 'SQL']",5
JOB09753,Machine Learning Engineer,"['Docker', 'Machine Learning', 'Python', 'Scikit-learn', 'TensorFlow']",5
JOB09754,Data Scientist,"['Cloud Computing', 'Machine Learning', 'Pandas', 'Python', 'SQL', 'Statistics']",6
JOB09755,Python Developer,"['Django', 'Flask', 'Git', 'Python', 'SQL']",5
JOB09756,Database Administrator,"['Database', 'Database Administration', 'MySQL', 'Oracle', 'PostgreSQL', 'SQL']",6
JOB09757,QA Engineer,"['Automation Testing', 'Java', 'Python', 'SQL', 'Selenium']",5
JOB09758,DevOps Engineer,"['AWS', 'Docker', 'Jenkins', 'Kubernetes', 'Linux']",5
JOB09759,BI Analyst,"['DAX', 'Data Visualization', 'Excel', 'Power BI', 'SQL']",5
JOB09760,Financial Analyst,"['Excel', 'Financial Modeling', 'Power BI', 'SQL', 'Statistics']",5
JOB09761,Product Analyst,"['Excel', 'Product Analytics', 'Python', 'SQL']",4
JOB09762,Python Developer,"['Django', 'Flask', 'Git', 'Python', 'SQL']",5
JOB09763,Full Stack Developer,"['CSS', 'HTML', 'Java', 'JavaScript', 'Machine Learning', 'Node', 'React']",7
JOB09764,DevOps Engineer,"['AWS', 'Docker', 'Jenkins', 'Kubernetes', 'Linux', 'Oracle']",6
JOB09765,BI Analyst,"['DAX', 'Data Visualization', 'Excel', 'Power BI', 'SQL']",5
JOB09766,Marketing Analyst,"['Excel', 'Marketing Analytics', 'Power BI', 'Python', 'SQL']",5
JOB09767,BI Analyst,"['DAX', 'Data Visualization', 'Excel', 'Power BI', 'SQL']",5
JOB09768,BI Analyst,"['DAX', 'Data Visualization', 'Excel', 'Oracle', 'Power BI', 'SQL']",6
JOB09769,Power BI Developer,"['DAX', 'Excel', 'Power BI', 'Power Query', 'SQL']",5
JOB09770,Financial Analyst,"['Excel', 'Financial Modeling', 'Power BI', 'SQL', 'Statistics']",5
JOB09771,Marketing Analyst,"['Cloud Computing', 'Excel', 'Marketing Analytics', 'Power BI', 'Python', 'SQL']",6
JOB09772,Product Analyst,"['Excel', 'Product Analytics', 'Python', 'SQL']",4
JOB09773,Web Developer,"['CSS', 'Git', 'HTML', 'Java', 'JavaScript', 'Machine Learning', 'React']",7
JOB09774,DevOps Engineer,"['AWS', 'Docker', 'Jenkins', 'Kubernetes', 'Linux']",5
JOB09775,Cloud Engineer,"['AWS', 'Azure', 'Cloud Computing', 'Docker', 'Linux']",5
JOB09776,Data Engineer,"['AWS', 'ETL', 'Python', 'SQL', 'Spark']",5
JOB09777,Product Analyst,"['Excel', 'Product Analytics', 'Python', 'SQL']",4
JOB09778,Database Administrator,"['Database', 'Database Administration', 'MySQL', 'Oracle', 'PostgreSQL', 'SQL']",6
JOB09779,HR Analyst,"['Cloud Computing', 'Data Analysis', 'Excel', 'HR Analytics', 'Power BI', 'SQL']",6
JOB09780,Data Analyst,"['Excel', 'Power BI', 'Python', 'SQL', 'Tableau']",5
JOB09781,Marketing Analyst,"['Excel', 'Marketing Analytics', 'Power BI', 'Python', 'SQL']",5
JOB09782,QA Engineer,"['Automation Testing', 'Java', 'Python', 'SQL', 'Selenium']",5
JOB09783,Database Administrator,"['Database', 'Database Administration', 'MySQL', 'Oracle', 'PostgreSQL', 'SQL']",6
JOB09784,Database Administrator,"['Database', 'Database Administration', 'MySQL', 'Oracle', 'PostgreSQL', 'SQL']",6
JOB09785,Data Analyst,"['Excel', 'Power BI', 'Python', 'SQL', 'Tableau']",5
JOB09786,BI Analyst,"['DAX', 'Data Visualization', 'Excel', 'Power BI', 'SQL']",5
JOB09787,Product Analyst,"['Excel', 'Product Analytics', 'Python', 'SQL']",4
JOB09788,QA Engineer,"['Automation Testing', 'Java', 'Python', 'SQL', 'Selenium']",5
JOB09789,Financial Analyst,"['Excel', 'Financial Modeling', 'Power BI', 'SQL', 'Statistics']",5
JOB09790,QA Engineer,"['Automation Testing', 'Java', 'Python', 'SQL', 'Selenium']",5
JOB09791,Database Administrator,"['Database', 'Database Administration', 'MySQL', 'Oracle', 'PostgreSQL', 'SQL']",6
JOB09792,Cloud Engineer,"['AWS', 'Azure', 'Cloud Computing', 'Docker', 'Linux']",5
JOB09793,Web Developer,"['CSS', 'Git', 'HTML', 'Java', 'JavaScript', 'Machine Learning', 'React']",7
JOB09794,BI Analyst,"['DAX', 'Data Visualization', 'Excel', 'Power BI', 'SQL']",5
JOB09795,Data Analyst,"['Excel', 'Power BI', 'Python', 'SQL', 'Tableau']",5
JOB09796,Data Engineer,"['AWS', 'ETL', 'Python', 'SQL', 'Spark']",5
JOB09797,Machine Learning Engineer,"['Docker', 'Machine Learning', 'Python', 'Scikit-learn', 'TensorFlow']",5
JOB09798,Data Engineer,"['AWS', 'ETL', 'Oracle', 'Python', 'SQL', 'Spark']",6
JOB09799,Machine Learning Engineer,"['Docker', 'Machine Learning', 'Python', 'Scikit-learn', 'TensorFlow']",5
JOB09800,Data Analyst,"['Excel', 'Power BI', 'Python', 'SQL', 'Tableau']",5
JOB09801,Marketing Analyst,"['Excel', 'Marketing Analytics', 'Power BI', 'Python', 'SQL']",5
JOB09802,Machine Learning Engineer,"['Docker', 'Machine Learning', 'Python', 'Scikit-learn', 'TensorFlow']",5
JOB09803,Data Scientist,"['Machine Learning', 'Pandas', 'Python', 'SQL', 'Statistics']",5
JOB09804,Data Engineer,"['AWS', 'ETL', 'Python', 'SQL', 'Spark']",5
JOB09805,Marketing Analyst,"['Excel', 'Marketing Analytics', 'Power BI', 'Python', 'SQL']",5
JOB09806,Data Scientist,"['Machine Learning', 'Pandas', 'Python', 'SQL', 'Statistics']",5
JOB09807,HR Analyst,"['Data Analysis', 'Excel', 'HR Analytics', 'Power BI', 'SQL']",5
JOB09808,Financial Analyst,"['Excel', 'Financial Modeling', 'Power BI', 'SQL', 'Statistics']",5
JOB09809,Cloud Engineer,"['AWS', 'Azure', 'Cloud Computing', 'Docker', 'Linux']",5
JOB09810,Database Administrator,"['Database', 'Database Administration', 'MySQL', 'Oracle', 'PostgreSQL', 'SQL']",6
JOB09811,Financial Analyst,"['Excel', 'Financial Modeling', 'Power BI', 'SQL', 'Statistics']",5
JOB09812,QA Engineer,"['Automation Testing', 'Java', 'Python', 'SQL', 'Selenium']",5
JOB09813,Marketing Analyst,"['Excel', 'Marketing Analytics', 'Power BI', 'Python', 'SQL']",5
JOB09814,Product Analyst,"['Excel', 'Product Analytics', 'Python', 'SQL']",4
JOB09815,Machine Learning Engineer,"['Docker', 'Machine Learning', 'Python', 'Scikit-learn', 'TensorFlow']",5
JOB09816,Software Engineer,"['Git', 'Java', 'Python', 'REST API', 'SQL']",5
JOB09817,DevOps Engineer,"['AWS', 'Docker', 'Jenkins', 'Kubernetes', 'Linux']",5
JOB09818,Web Developer,"['CSS', 'Git', 'HTML', 'Java', 'JavaScript', 'Machine Learning', 'React']",7
JOB09819,BI Analyst,"['DAX', 'Data Visualization', 'Excel', 'Power BI', 'SQL']",5
JOB09820,Power BI Developer,"['DAX', 'Excel', 'Power BI', 'Power Query', 'SQL']",5
JOB09821,Power BI Developer,"['DAX', 'Excel', 'Power BI', 'Power Query', 'SQL']",5
JOB09822,BI Analyst,"['DAX', 'Data Visualization', 'Excel', 'Power BI', 'SQL']",5
JOB09823,Business Analyst,"['Business Analysis', 'Excel', 'Power BI', 'Requirements Gathering', 'SQL']",5
JOB09824,DevOps Engineer,"['AWS', 'Docker', 'Jenkins', 'Kubernetes', 'Linux']",5
JOB09825,DevOps Engineer,"['AWS', 'Docker', 'Jenkins', 'Kubernetes', 'Linux']",5
JOB09826,BI Analyst,"['DAX', 'Data Visualization', 'Excel', 'Oracle', 'Power BI', 'SQL']",6
JOB09827,Web Developer,"['CSS', 'Git', 'HTML', 'Java', 'JavaScript', 'Machine Learning', 'React']",7
JOB09828,QA Engineer,"['Automation Testing', 'Java', 'Python', 'SQL', 'Selenium']",5
JOB09829,Financial Analyst,"['Cloud Computing', 'Excel', 'Financial Modeling', 'Power BI', 'SQL', 'Statistics']",6
JOB09830,SQL Developer,"['Database', 'ETL', 'MySQL', 'PostgreSQL', 'SQL']",5
JOB09831,Full Stack Developer,"['CSS', 'HTML', 'Java', 'JavaScript', 'Machine Learning', 'Node', 'React']",7
JOB09832,Cloud Engineer,"['AWS', 'Azure', 'Cloud Computing', 'Docker', 'Linux']",5
JOB09833,Machine Learning Engineer,"['Docker', 'Machine Learning', 'Python', 'Scikit-learn', 'TensorFlow']",5
JOB09834,Product Analyst,"['Excel', 'Product Analytics', 'Python', 'SQL']",4
JOB09835,Data Scientist,"['Machine Learning', 'Pandas', 'Python', 'SQL', 'Statistics']",5
JOB09836,Financial Analyst,"['Cloud Computing', 'Excel', 'Financial Modeling', 'Power BI', 'SQL', 'Statistics']",6
JOB09837,Python Developer,"['Django', 'Flask', 'Git', 'Python', 'SQL']",5
JOB09838,Financial Analyst,"['Excel', 'Financial Modeling', 'Power BI', 'SQL', 'Statistics']",5
JOB09839,Database Administrator,"['Database', 'Database Administration', 'MySQL', 'Oracle', 'PostgreSQL', 'SQL']",6
JOB09840,Web Developer,"['CSS', 'Cloud Computing', 'Git', 'HTML', 'Java', 'JavaScript', 'Machine Learning', 'React']",8
JOB09841,Cloud Engineer,"['AWS', 'Azure', 'Cloud Computing', 'Docker', 'Linux']",5
JOB09842,Power BI Developer,"['DAX', 'Excel', 'Oracle', 'Power BI', 'Power Query', 'SQL']",6
JOB09843,Product Analyst,"['Excel', 'Oracle', 'Product Analytics', 'Python', 'SQL']",5
JOB09844,Machine Learning Engineer,"['Docker', 'Machine Learning', 'Python', 'Scikit-learn', 'TensorFlow']",5
JOB09845,DevOps Engineer,"['AWS', 'Docker', 'Jenkins', 'Kubernetes', 'Linux']",5
JOB09846,Power BI Developer,"['DAX', 'Excel', 'Power BI', 'Power Query', 'SQL']",5
JOB09847,Product Analyst,"['Excel', 'Product Analytics', 'Python', 'SQL']",4
JOB09848,Web Developer,"['CSS', 'Git', 'HTML', 'Java', 'JavaScript', 'Machine Learning', 'Oracle', 'React']",8
JOB09849,Product Analyst,"['Excel', 'Product Analytics', 'Python', 'SQL']",4
JOB09850,Power BI Developer,"['DAX', 'Excel', 'Power BI', 'Power Query', 'SQL']",5
JOB09851,Full Stack Developer,"['CSS', 'HTML', 'Java', 'JavaScript', 'Machine Learning', 'Node', 'React']",7
JOB09852,Python Developer,"['Django', 'Flask', 'Git', 'Python', 'SQL']",5
JOB09853,Data Analyst,"['Excel', 'Power BI', 'Python', 'SQL', 'Tableau']",5
JOB09854,DevOps Engineer,"['AWS', 'Cloud Computing', 'Docker', 'Jenkins', 'Kubernetes', 'Linux']",6
JOB09855,Web Developer,"['CSS', 'Git', 'HTML', 'Java', 'JavaScript', 'Machine Learning', 'React']",7
JOB09856,QA Engineer,"['Automation Testing', 'Java', 'Python', 'SQL', 'Selenium']",5
JOB09857,Data Scientist,"['Machine Learning', 'Pandas', 'Python', 'SQL', 'Statistics']",5
JOB09858,Cloud Engineer,"['AWS', 'Azure', 'Cloud Computing', 'Docker', 'Linux']",5
JOB09859,SQL Developer,"['Database', 'ETL', 'MySQL', 'PostgreSQL', 'SQL']",5
JOB09860,Database Administrator,"['Database', 'Database Administration', 'MySQL', 'Oracle', 'PostgreSQL', 'SQL']",6
JOB09861,DevOps Engineer,"['AWS', 'Docker', 'Jenkins', 'Kubernetes', 'Linux', 'Oracle']",6
JOB09862,Software Engineer,"['Git', 'Java', 'Python', 'REST API', 'SQL']",5
JOB09863,Web Developer,"['CSS', 'Git', 'HTML', 'Java', 'JavaScript', 'Machine Learning', 'React']",7
JOB09864,Software Engineer,"['Git', 'Java', 'Python', 'REST API', 'SQL']",5
JOB09865,Marketing Analyst,"['Excel', 'Marketing Analytics', 'Power BI', 'Python', 'SQL']",5
JOB09866,Data Analyst,"['Excel', 'Power BI', 'Python', 'SQL', 'Tableau']",5
JOB09867,QA Engineer,"['Automation Testing', 'Java', 'Python', 'SQL', 'Selenium']",5
JOB09868,Web Developer,"['CSS', 'Git', 'HTML', 'Java', 'JavaScript', 'Machine Learning', 'React']",7
JOB09869,Marketing Analyst,"['Excel', 'Marketing Analytics', 'Power BI', 'Python', 'SQL']",5
JOB09870,Cloud Engineer,"['AWS', 'Azure', 'Cloud Computing', 'Docker', 'Linux']",5
JOB09871,Data Engineer,"['AWS', 'ETL', 'Python', 'SQL', 'Spark']",5
JOB09872,Database Administrator,"['Database', 'Database Administration', 'MySQL', 'Oracle', 'PostgreSQL', 'SQL']",6
JOB09873,Software Engineer,"['Git', 'Java', 'Python', 'REST API', 'SQL']",5
JOB09874,Product Analyst,"['Excel', 'Product Analytics', 'Python', 'SQL']",4
JOB09875,SQL Developer,"['Database', 'ETL', 'MySQL', 'Oracle', 'PostgreSQL', 'SQL']",6
JOB09876,Financial Analyst,"['Excel', 'Financial Modeling', 'Power BI', 'SQL', 'Statistics']",5
JOB09877,Power BI Developer,"['DAX', 'Excel', 'Power BI', 'Power Query', 'SQL']",5
JOB09878,Power BI Developer,"['DAX', 'Excel', 'Power BI', 'Power Query', 'SQL']",5
JOB09879,Financial Analyst,"['Excel', 'Financial Modeling', 'Power BI', 'SQL', 'Statistics']",5
JOB09880,Product Analyst,"['Excel', 'Product Analytics', 'Python', 'SQL']",4
JOB09881,Python Developer,"['Django', 'Flask', 'Git', 'Python', 'SQL']",5
JOB09882,Machine Learning Engineer,"['Docker', 'Machine Learning', 'Python', 'Scikit-learn', 'TensorFlow']",5
JOB09883,Web Developer,"['CSS', 'Git', 'HTML', 'Java', 'JavaScript', 'Machine Learning', 'React']",7
JOB09884,Data Scientist,"['Machine Learning', 'Pandas', 'Python', 'SQL', 'Statistics']",5
JOB09885,Business Analyst,"['Business Analysis', 'Excel', 'Power BI', 'Requirements Gathering', 'SQL']",5
JOB09886,Data Analyst,"['Excel', 'Oracle', 'Power BI', 'Python', 'SQL', 'Tableau']",6
JOB09887,Web Developer,"['CSS', 'Git', 'HTML', 'Java', 'JavaScript', 'Machine Learning', 'React']",7
JOB09888,Product Analyst,"['Excel', 'Product Analytics', 'Python', 'SQL']",4
JOB09889,Data Scientist,"['Machine Learning', 'Pandas', 'Python', 'SQL', 'Statistics']",5
JOB09890,Marketing Analyst,"['Excel', 'Marketing Analytics', 'Power BI', 'Python', 'SQL']",5
JOB09891,BI Analyst,"['DAX', 'Data Visualization', 'Excel', 'Power BI', 'SQL']",5
JOB09892,Marketing Analyst,"['Excel', 'Marketing Analytics', 'Power BI', 'Python', 'SQL']",5
JOB09893,Power BI Developer,"['DAX', 'Excel', 'Power BI', 'Power Query', 'SQL']",5
JOB09894,Full Stack Developer,"['CSS', 'Cloud Computing', 'HTML', 'Java', 'JavaScript', 'Machine Learning', 'Node', 'React']",8
JOB09895,Machine Learning Engineer,"['Cloud Computing', 'Docker', 'Machine Learning', 'Python', 'Scikit-learn', 'TensorFlow']",6
JOB09896,Data Engineer,"['AWS', 'ETL', 'Python', 'SQL', 'Spark']",5
JOB09897,Product Analyst,"['Excel', 'Product Analytics', 'Python', 'SQL']",4
JOB09898,Data Analyst,"['Excel', 'Power BI', 'Python', 'SQL', 'Tableau']",5
JOB09899,Business Analyst,"['Business Analysis', 'Excel', 'Power BI', 'Requirements Gathering', 'SQL']",5
JOB09900,QA Engineer,"['Automation Testing', 'Cloud Computing', 'Java', 'Python', 'SQL', 'Selenium']",6
JOB09901,Data Analyst,"['Excel', 'Power BI', 'Python', 'SQL', 'Tableau']",5
JOB09902,Full Stack Developer,"['CSS', 'HTML', 'Java', 'JavaScript', 'Machine Learning', 'Node', 'React']",7
JOB09903,Machine Learning Engineer,"['Docker', 'Machine Learning', 'Python', 'Scikit-learn', 'TensorFlow']",5
JOB09904,Product Analyst,"['Excel', 'Product Analytics', 'Python', 'SQL']",4
JOB09905,BI Analyst,"['DAX', 'Data Visualization', 'Excel', 'Power BI', 'SQL']",5
JOB09906,QA Engineer,"['Automation Testing', 'Java', 'Oracle', 'Python', 'SQL', 'Selenium']",6
JOB09907,QA Engineer,"['Automation Testing', 'Java', 'Python', 'SQL', 'Selenium']",5
JOB09908,Machine Learning Engineer,"['Docker', 'Machine Learning', 'Python', 'Scikit-learn', 'TensorFlow']",5
JOB09909,Full Stack Developer,"['CSS', 'HTML', 'Java', 'JavaScript', 'Machine Learning', 'Node', 'React']",7
JOB09910,Python Developer,"['Django', 'Flask', 'Git', 'Oracle', 'Python', 'SQL']",6
JOB09911,Data Analyst,"['Excel', 'Oracle', 'Power BI', 'Python', 'SQL', 'Tableau']",6
JOB09912,BI Analyst,"['DAX', 'Data Visualization', 'Excel', 'Power BI', 'SQL']",5
JOB09913,Data Scientist,"['Machine Learning', 'Oracle', 'Pandas', 'Python', 'SQL', 'Statistics']",6
JOB09914,Data Scientist,"['Machine Learning', 'Pandas', 'Python', 'SQL', 'Statistics']",5
JOB09915,Web Developer,"['CSS', 'Git', 'HTML', 'Java', 'JavaScript', 'Machine Learning', 'React']",7
JOB09916,Database Administrator,"['Database', 'Database Administration', 'MySQL', 'Oracle', 'PostgreSQL', 'SQL']",6
JOB09917,Full Stack Developer,"['CSS', 'HTML', 'Java', 'JavaScript', 'Machine Learning', 'Node', 'React']",7
JOB09918,Data Analyst,"['Excel', 'Power BI', 'Python', 'SQL', 'Tableau']",5
JOB09919,Web Developer,"['CSS', 'Git', 'HTML', 'Java', 'JavaScript', 'Machine Learning', 'React']",7
JOB09920,Software Engineer,"['Git', 'Java', 'Python', 'REST API', 'SQL']",5
JOB09921,Data Scientist,"['Machine Learning', 'Pandas', 'Python', 'SQL', 'Statistics']",5
JOB09922,Data Analyst,"['Excel', 'Power BI', 'Python', 'SQL', 'Tableau']",5
JOB09923,Data Analyst,"['Excel', 'Power BI', 'Python', 'SQL', 'Tableau']",5
JOB09924,Web Developer,"['CSS', 'Git', 'HTML', 'Java', 'JavaScript', 'Machine Learning', 'React']",7
JOB09925,QA Engineer,"['Automation Testing', 'Java', 'Python', 'SQL', 'Selenium']",5
JOB09926,Data Engineer,"['AWS', 'ETL', 'Python', 'SQL', 'Spark']",5
JOB09927,Machine Learning Engineer,"['Docker', 'Machine Learning', 'Python', 'Scikit-learn', 'TensorFlow']",5
JOB09928,Cloud Engineer,"['AWS', 'Azure', 'Cloud Computing', 'Docker', 'Linux', 'Oracle']",6
JOB09929,Power BI Developer,"['DAX', 'Excel', 'Power BI', 'Power Query', 'SQL']",5
JOB09930,Full Stack Developer,"['CSS', 'HTML', 'Java', 'JavaScript', 'Machine Learning', 'Node', 'React']",7
JOB09931,Data Engineer,"['AWS', 'ETL', 'Python', 'SQL', 'Spark']",5
JOB09932,Database Administrator,"['Database', 'Database Administration', 'MySQL', 'Oracle', 'PostgreSQL', 'SQL']",6
JOB09933,Business Analyst,"['Business Analysis', 'Excel', 'Power BI', 'Requirements Gathering', 'SQL']",5
JOB09934,BI Analyst,"['DAX', 'Data Visualization', 'Excel', 'Power BI', 'SQL']",5
JOB09935,Cloud Engineer,"['AWS', 'Azure', 'Cloud Computing', 'Docker', 'Linux']",5
JOB09936,Web Developer,"['CSS', 'Git', 'HTML', 'Java', 'JavaScript', 'Machine Learning', 'React']",7
JOB09937,Database Administrator,"['Database', 'Database Administration', 'MySQL', 'Oracle', 'PostgreSQL', 'SQL']",6
JOB09938,Business Analyst,"['Business Analysis', 'Excel', 'Power BI', 'Requirements Gathering', 'SQL']",5
JOB09939,SQL Developer,"['Database', 'ETL', 'MySQL', 'PostgreSQL', 'SQL']",5
JOB09940,Data Scientist,"['Machine Learning', 'Pandas', 'Python', 'SQL', 'Statistics']",5
JOB09941,Marketing Analyst,"['Excel', 'Marketing Analytics', 'Power BI', 'Python', 'SQL']",5
JOB09942,Data Analyst,"['Excel', 'Power BI', 'Python', 'SQL', 'Tableau']",5
JOB09943,Business Analyst,"['Business Analysis', 'Excel', 'Power BI', 'Requirements Gathering', 'SQL']",5
JOB09944,Product Analyst,"['Excel', 'Product Analytics', 'Python', 'SQL']",4
JOB09945,Software Engineer,"['Git', 'Java', 'Python', 'REST API', 'SQL']",5
JOB09946,Power BI Developer,"['DAX', 'Excel', 'Power BI', 'Power Query', 'SQL']",5
JOB09947,SQL Developer,"['Database', 'ETL', 'MySQL', 'Oracle', 'PostgreSQL', 'SQL']",6
JOB09948,BI Analyst,"['DAX', 'Data Visualization', 'Excel', 'Power BI', 'SQL']",5
JOB09949,Business Analyst,"['Business Analysis', 'Excel', 'Power BI', 'Requirements Gathering', 'SQL']",5
JOB09950,Business Analyst,"['Business Analysis', 'Excel', 'Power BI', 'Requirements Gathering', 'SQL']",5
JOB09951,Power BI Developer,"['DAX', 'Excel', 'Power BI', 'Power Query', 'SQL']",5
JOB09952,Database Administrator,"['Database', 'Database Administration', 'MySQL', 'Oracle', 'PostgreSQL', 'SQL']",6
JOB09953,Power BI Developer,"['DAX', 'Excel', 'Power BI', 'Power Query', 'SQL']",5
JOB09954,Business Analyst,"['Business Analysis', 'Excel', 'Oracle', 'Power BI', 'Requirements Gathering', 'SQL']",6
JOB09955,Data Engineer,"['AWS', 'ETL', 'Python', 'SQL', 'Spark']",5
JOB09956,Data Engineer,"['AWS', 'ETL', 'Python', 'SQL', 'Spark']",5
JOB09957,Data Analyst,"['Excel', 'Power BI', 'Python', 'SQL', 'Tableau']",5
JOB09958,QA Engineer,"['Automation Testing', 'Java', 'Python', 'SQL', 'Selenium']",5
JOB09959,Power BI Developer,"['Cloud Computing', 'DAX', 'Excel', 'Power BI', 'Power Query', 'SQL']",6
JOB09960,Full Stack Developer,"['CSS', 'HTML', 'Java', 'JavaScript', 'Machine Learning', 'Node', 'React']",7
JOB09961,Database Administrator,"['Database', 'Database Administration', 'MySQL', 'Oracle', 'PostgreSQL', 'SQL']",6
JOB09962,Business Analyst,"['Business Analysis', 'Excel', 'Power BI', 'Requirements Gathering', 'SQL']",5
JOB09963,Web Developer,"['CSS', 'Git', 'HTML', 'Java', 'JavaScript', 'Machine Learning', 'React']",7
JOB09964,Data Scientist,"['Machine Learning', 'Pandas', 'Python', 'SQL', 'Statistics']",5
JOB09965,Power BI Developer,"['DAX', 'Excel', 'Power BI', 'Power Query', 'SQL']",5
JOB09966,SQL Developer,"['Database', 'ETL', 'MySQL', 'PostgreSQL', 'SQL']",5
JOB09967,Marketing Analyst,"['Excel', 'Marketing Analytics', 'Power BI', 'Python', 'SQL']",5
JOB09968,Database Administrator,"['Database', 'Database Administration', 'MySQL', 'Oracle', 'PostgreSQL', 'SQL']",6
JOB09969,BI Analyst,"['DAX', 'Data Visualization', 'Excel', 'Power BI', 'SQL']",5
JOB09970,QA Engineer,"['Automation Testing', 'Java', 'Python', 'SQL', 'Selenium']",5
JOB09971,Product Analyst,"['Excel', 'Product Analytics', 'Python', 'SQL']",4
JOB09972,Software Engineer,"['Git', 'Java', 'Python', 'REST API', 'SQL']",5
JOB09973,Data Scientist,"['Machine Learning', 'Pandas', 'Python', 'SQL', 'Statistics']",5
JOB09974,Database Administrator,"['Database', 'Database Administration', 'MySQL', 'Oracle', 'PostgreSQL', 'SQL']",6
JOB09975,QA Engineer,"['Automation Testing', 'Java', 'Python', 'SQL', 'Selenium']",5
JOB09976,Data Analyst,"['Excel', 'Power BI', 'Python', 'SQL', 'Tableau']",5
JOB09977,Database Administrator,"['Database', 'Database Administration', 'MySQL', 'Oracle', 'PostgreSQL', 'SQL']",6
JOB09978,Database Administrator,"['Database', 'Database Administration', 'MySQL', 'Oracle', 'PostgreSQL', 'SQL']",6
JOB09979,Data Engineer,"['AWS', 'ETL', 'Python', 'SQL', 'Spark']",5
JOB09980,Python Developer,"['Django', 'Flask', 'Git', 'Python', 'SQL']",5
JOB09981,Power BI Developer,"['DAX', 'Excel', 'Power BI', 'Power Query', 'SQL']",5
JOB09982,Marketing Analyst,"['Cloud Computing', 'Excel', 'Marketing Analytics', 'Power BI', 'Python', 'SQL']",6
JOB09983,Cloud Engineer,"['AWS', 'Azure', 'Cloud Computing', 'Docker', 'Linux']",5
JOB09984,HR Analyst,"['Data Analysis', 'Excel', 'HR Analytics', 'Power BI', 'SQL']",5
JOB09985,Machine Learning Engineer,"['Docker', 'Machine Learning', 'Python', 'Scikit-learn', 'TensorFlow']",5
JOB09986,Data Scientist,"['Machine Learning', 'Pandas', 'Python', 'SQL', 'Statistics']",5
JOB09987,Data Scientist,"['Machine Learning', 'Pandas', 'Python', 'SQL', 'Statistics']",5
JOB09988,HR Analyst,"['Data Analysis', 'Excel', 'HR Analytics', 'Power BI', 'SQL']",5
JOB09989,QA Engineer,"['Automation Testing', 'Java', 'Python', 'SQL', 'Selenium']",5
JOB09990,Machine Learning Engineer,"['Cloud Computing', 'Docker', 'Machine Learning', 'Python', 'Scikit-learn', 'TensorFlow']",6
JOB09991,DevOps Engineer,"['AWS', 'Docker', 'Jenkins', 'Kubernetes', 'Linux', 'Oracle']",6
JOB09992,Cloud Engineer,"['AWS', 'Azure', 'Cloud Computing', 'Docker', 'Linux']",5
JOB09993,Data Analyst,"['Excel', 'Power BI', 'Python', 'SQL', 'Tableau']",5
JOB09994,DevOps Engineer,"['AWS', 'Docker', 'Jenkins', 'Kubernetes', 'Linux']",5
JOB09995,Software Engineer,"['Git', 'Java', 'Python', 'REST API', 'SQL']",5
JOB09996,SQL Developer,"['Cloud Computing', 'Database', 'ETL', 'MySQL', 'PostgreSQL', 'SQL']",6
JOB09997,Data Engineer,"['AWS', 'ETL', 'Python', 'SQL', 'Spark']",5
JOB09998,Business Analyst,"['Business Analysis', 'Excel', 'Power BI', 'Requirements Gathering', 'SQL']",5
JOB09999,Software Engineer,"['Git', 'Java', 'Python', 'REST API', 'SQL']",5
JOB10000,Python Developer,"['Django', 'Flask', 'Git', 'Python', 'SQL']",5
