job_id,job_title,semantic_skills,semantic_skill_count
JOB00001,Machine Learning Engineer,[],0
JOB00002,Product Analyst,[],0
JOB00003,Web Developer,[],0
JOB00004,Web Developer,[],0
JOB00005,Database Administrator,[],0
JOB00006,Machine Learning Engineer,[],0
JOB00007,Product Analyst,[],0
JOB00008,QA Engineer,[],0
JOB00009,Web Developer,[],0
JOB00010,BI Analyst,[],0
JOB00011,Product Analyst,[],0
JOB00012,Database Administrator,[],0
JOB00013,SQL Developer,[],0
JOB00014,Software Engineer,[],0
JOB00015,QA Engineer,[],0
JOB00016,Machine Learning Engineer,[],0
JOB00017,Power BI Developer,['Power BI'],1
JOB00018,Machine Learning Engineer,[],0
JOB00019,Data Engineer,[],0
JOB00020,Marketing Analyst,[],0
JOB00021,Python Developer,[],0
JOB00022,Machine Learning Engineer,[],0
JOB00023,Data Scientist,[],0
JOB00024,Product Analyst,[],0
JOB00025,DevOps Engineer,[],0
JOB00026,Web Developer,[],0
JOB00027,Data Analyst,[],0
JOB00028,Data Scientist,[],0
JOB00029,QA Engineer,[],0
JOB00030,Machine Learning Engineer,[],0
JOB00031,Machine Learning Engineer,[],0
JOB00032,Product Analyst,[],0
JOB00033,Data Scientist,[],0
JOB00034,Data Scientist,[],0
JOB00035,Business Analyst,[],0
JOB00036,Data Engineer,[],0
JOB00037,Business Analyst,[],0
JOB00038,QA Engineer,[],0
JOB00039,Python Developer,[],0
JOB00040,QA Engineer,[],0
JOB00041,Cloud Engineer,[],0
JOB00042,DevOps Engineer,[],0
JOB00043,Data Scientist,[],0
JOB00044,Web Developer,[],0
JOB00045,Product Analyst,[],0
JOB00046,Product Analyst,[],0
JOB00047,SQL Developer,[],0
JOB00048,Cloud Engineer,[],0
JOB00049,Product Analyst,[],0
JOB00050,Product Analyst,[],0
JOB00051,Business Analyst,[],0
JOB00052,Machine Learning Engineer,[],0
JOB00053,Python Developer,[],0
JOB00054,Cloud Engineer,[],0
JOB00055,SQL Developer,[],0
JOB00056,Power BI Developer,[],0
JOB00057,Product Analyst,[],0
JOB00058,Business Analyst,[],0
JOB00059,Power BI Developer,[],0
JOB00060,BI Analyst,[],0
JOB00061,DevOps Engineer,[],0
JOB00062,Product Analyst,[],0
JOB00063,Full Stack Developer,[],0
JOB00064,SQL Developer,[],0
JOB00065,HR Analyst,[],0
JOB00066,DevOps Engineer,[],0
JOB00067,Web Developer,[],0
JOB00068,HR Analyst,['HR Analytics'],1
JOB00069,Web Developer,[],0
JOB00070,Marketing Analyst,[],0
JOB00071,HR Analyst,[],0
JOB00072,Product Analyst,[],0
JOB00073,Web Developer,[],0
JOB00074,Data Scientist,[],0
JOB00075,Software Engineer,[],0
JOB00076,Data Scientist,[],0
JOB00077,SQL Developer,[],0
JOB00078,Financial Analyst,[],0
JOB00079,Financial Analyst,[],0
JOB00080,Power BI Developer,[],0
JOB00081,Data Scientist,[],0
JOB00082,Database Administrator,[],0
JOB00083,Cloud Engineer,[],0
JOB00084,Data Scientist,[],0
JOB00085,Web Developer,[],0
JOB00086,BI Analyst,[],0
JOB00087,Machine Learning Engineer,[],0
JOB00088,Data Scientist,[],0
JOB00089,QA Engineer,[],0
JOB00090,Data Analyst,[],0
JOB00091,Software Engineer,[],0
JOB00092,HR Analyst,['HR Analytics'],1
JOB00093,Cloud Engineer,[],0
JOB00094,Financial Analyst,[],0
JOB00095,Cloud Engineer,[],0
JOB00096,Data Scientist,[],0
JOB00097,Financial Analyst,[],0
JOB00098,Web Developer,[],0
JOB00099,Data Engineer,[],0
JOB00100,Cloud Engineer,[],0
JOB00101,SQL Developer,[],0
JOB00102,DevOps Engineer,[],0
JOB00103,Cloud Engineer,[],0
JOB00104,Machine Learning Engineer,[],0
JOB00105,Python Developer,[],0
JOB00106,Data Scientist,[],0
JOB00107,Data Scientist,[],0
JOB00108,HR Analyst,['HR Analytics'],1
JOB00109,Full Stack Developer,[],0
JOB00110,Python Developer,[],0
JOB00111,HR Analyst,[],0
JOB00112,HR Analyst,[],0
JOB00113,Product Analyst,[],0
JOB00114,Python Developer,[],0
JOB00115,DevOps Engineer,[],0
JOB00116,Full Stack Developer,[],0
JOB00117,Data Analyst,[],0
JOB00118,QA Engineer,[],0
JOB00119,QA Engineer,[],0
JOB00120,Database Administrator,[],0
JOB00121,DevOps Engineer,[],0
JOB00122,Cloud Engineer,[],0
JOB00123,Data Engineer,[],0
JOB00124,Business Analyst,[],0
JOB00125,Machine Learning Engineer,[],0
JOB00126,Product Analyst,[],0
JOB00127,Financial Analyst,[],0
JOB00128,HR Analyst,['HR Analytics'],1
JOB00129,Data Engineer,[],0
JOB00130,QA Engineer,[],0
JOB00131,BI Analyst,[],0
JOB00132,Web Developer,[],0
JOB00133,Power BI Developer,[],0
JOB00134,Machine Learning Engineer,[],0
JOB00135,Data Engineer,[],0
JOB00136,Data Scientist,[],0
JOB00137,Product Analyst,['Product Analytics'],1
JOB00138,Data Engineer,[],0
JOB00139,Data Analyst,[],0
JOB00140,Software Engineer,[],0
JOB00141,Data Scientist,[],0
JOB00142,Web Developer,[],0
JOB00143,HR Analyst,[],0
JOB00144,QA Engineer,[],0
JOB00145,SQL Developer,[],0
JOB00146,QA Engineer,[],0
JOB00147,QA Engineer,[],0
JOB00148,Full Stack Developer,[],0
JOB00149,Machine Learning Engineer,[],0
JOB00150,Data Scientist,[],0
JOB00151,Marketing Analyst,[],0
JOB00152,Database Administrator,[],0
JOB00153,Product Analyst,[],0
JOB00154,HR Analyst,[],0
JOB00155,Machine Learning Engineer,[],0
JOB00156,Data Scientist,[],0
JOB00157,Business Analyst,[],0
JOB00158,Power BI Developer,[],0
JOB00159,Financial Analyst,[],0
JOB00160,HR Analyst,[],0
JOB00161,Business Analyst,[],0
JOB00162,Full Stack Developer,[],0
JOB00163,Data Scientist,[],0
JOB00164,Full Stack Developer,[],0
JOB00165,Data Analyst,[],0
JOB00166,Cloud Engineer,[],0
JOB00167,Financial Analyst,[],0
JOB00168,Full Stack Developer,[],0
JOB00169,Business Analyst,[],0
JOB00170,Data Scientist,[],0
JOB00171,Full Stack Developer,[],0
JOB00172,Machine Learning Engineer,[],0
JOB00173,Web Developer,[],0
JOB00174,Database Administrator,[],0
JOB00175,Data Scientist,[],0
JOB00176,Software Engineer,[],0
JOB00177,Data Engineer,[],0
JOB00178,BI Analyst,[],0
JOB00179,Web Developer,[],0
JOB00180,Data Engineer,[],0
JOB00181,Data Analyst,[],0
JOB00182,Software Engineer,[],0
JOB00183,Data Scientist,[],0
JOB00184,BI Analyst,[],0
JOB00185,Python Developer,[],0
JOB00186,Financial Analyst,[],0
JOB00187,BI Analyst,[],0
JOB00188,Business Analyst,[],0
JOB00189,SQL Developer,[],0
JOB00190,Financial Analyst,[],0
JOB00191,Data Scientist,[],0
JOB00192,Database Administrator,[],0
JOB00193,Power BI Developer,[],0
JOB00194,Data Scientist,[],0
JOB00195,Marketing Analyst,[],0
JOB00196,Python Developer,[],0
JOB00197,Software Engineer,[],0
JOB00198,Data Scientist,[],0
JOB00199,Database Administrator,[],0
JOB00200,Cloud Engineer,[],0
JOB00201,HR Analyst,['HR Analytics'],1
JOB00202,Full Stack Developer,[],0
JOB00203,Database Administrator,[],0
JOB00204,Database Administrator,[],0
JOB00205,HR Analyst,[],0
JOB00206,Power BI Developer,[],0
JOB00207,Data Scientist,[],0
JOB00208,Full Stack Developer,[],0
JOB00209,Power BI Developer,[],0
JOB00210,Software Engineer,[],0
JOB00211,DevOps Engineer,[],0
JOB00212,Software Engineer,[],0
JOB00213,Full Stack Developer,[],0
JOB00214,HR Analyst,[],0
JOB00215,HR Analyst,[],0
JOB00216,QA Engineer,[],0
JOB00217,Full Stack Developer,[],0
JOB00218,Marketing Analyst,[],0
JOB00219,Data Engineer,[],0
JOB00220,Business Analyst,[],0
JOB00221,Web Developer,[],0
JOB00222,Business Analyst,[],0
JOB00223,HR Analyst,[],0
JOB00224,Product Analyst,[],0
JOB00225,Machine Learning Engineer,[],0
JOB00226,Financial Analyst,[],0
JOB00227,DevOps Engineer,[],0
JOB00228,Python Developer,[],0
JOB00229,Business Analyst,[],0
JOB00230,BI Analyst,[],0
JOB00231,BI Analyst,[],0
JOB00232,Python Developer,[],0
JOB00233,SQL Developer,[],0
JOB00234,Cloud Engineer,[],0
JOB00235,Cloud Engineer,[],0
JOB00236,Power BI Developer,[],0
JOB00237,Data Scientist,[],0
JOB00238,Database Administrator,[],0
JOB00239,Full Stack Developer,[],0
JOB00240,Full Stack Developer,[],0
JOB00241,Data Analyst,[],0
JOB00242,Data Scientist,[],0
JOB00243,Full Stack Developer,[],0
JOB00244,QA Engineer,[],0
JOB00245,Web Developer,[],0
JOB00246,Cloud Engineer,[],0
JOB00247,SQL Developer,[],0
JOB00248,Data Scientist,[],0
JOB00249,DevOps Engineer,[],0
JOB00250,Software Engineer,[],0
JOB00251,HR Analyst,['HR Analytics'],1
JOB00252,Financial Analyst,[],0
JOB00253,Data Scientist,[],0
JOB00254,Software Engineer,[],0
JOB00255,Python Developer,[],0
JOB00256,SQL Developer,[],0
JOB00257,Marketing Analyst,[],0
JOB00258,QA Engineer,[],0
JOB00259,SQL Developer,[],0
JOB00260,DevOps Engineer,[],0
JOB00261,Python Developer,[],0
JOB00262,Database Administrator,[],0
JOB00263,Database Administrator,[],0
JOB00264,Machine Learning Engineer,[],0
JOB00265,Database Administrator,[],0
JOB00266,Financial Analyst,[],0
JOB00267,Web Developer,[],0
JOB00268,Full Stack Developer,[],0
JOB00269,Cloud Engineer,[],0
JOB00270,QA Engineer,[],0
JOB00271,Marketing Analyst,[],0
JOB00272,Power BI Developer,['Power BI'],1
JOB00273,Full Stack Developer,[],0
JOB00274,Database Administrator,[],0
JOB00275,Python Developer,[],0
JOB00276,QA Engineer,[],0
JOB00277,Data Engineer,[],0
JOB00278,Business Analyst,[],0
JOB00279,Business Analyst,[],0
JOB00280,Data Engineer,[],0
JOB00281,Software Engineer,[],0
JOB00282,Database Administrator,[],0
JOB00283,Full Stack Developer,[],0
JOB00284,DevOps Engineer,[],0
JOB00285,DevOps Engineer,[],0
JOB00286,DevOps Engineer,[],0
JOB00287,Financial Analyst,[],0
JOB00288,Full Stack Developer,[],0
JOB00289,Business Analyst,[],0
JOB00290,Data Analyst,[],0
JOB00291,DevOps Engineer,[],0
JOB00292,Python Developer,[],0
JOB00293,DevOps Engineer,[],0
JOB00294,HR Analyst,[],0
JOB00295,Machine Learning Engineer,[],0
JOB00296,Data Analyst,[],0
JOB00297,Data Engineer,[],0
JOB00298,Financial Analyst,[],0
JOB00299,HR Analyst,[],0
JOB00300,Web Developer,[],0
JOB00301,Marketing Analyst,[],0
JOB00302,Web Developer,[],0
JOB00303,Product Analyst,[],0
JOB00304,Marketing Analyst,[],0
JOB00305,QA Engineer,[],0
JOB00306,QA Engineer,[],0
JOB00307,Marketing Analyst,[],0
JOB00308,Data Analyst,[],0
JOB00309,Business Analyst,[],0
JOB00310,Business Analyst,[],0
JOB00311,HR Analyst,['HR Analytics'],1
JOB00312,Machine Learning Engineer,[],0
JOB00313,Data Analyst,[],0
JOB00314,Web Developer,[],0
JOB00315,Business Analyst,[],0
JOB00316,Full Stack Developer,[],0
JOB00317,Power BI Developer,[],0
JOB00318,Web Developer,[],0
JOB00319,Software Engineer,[],0
JOB00320,Data Engineer,[],0
JOB00321,Data Engineer,[],0
JOB00322,Web Developer,[],0
JOB00323,Data Engineer,[],0
JOB00324,Database Administrator,[],0
JOB00325,Business Analyst,[],0
JOB00326,QA Engineer,[],0
JOB00327,SQL Developer,[],0
JOB00328,Power BI Developer,[],0
JOB00329,DevOps Engineer,[],0
JOB00330,Database Administrator,[],0
JOB00331,Software Engineer,[],0
JOB00332,SQL Developer,[],0
JOB00333,Cloud Engineer,[],0
JOB00334,Python Developer,[],0
JOB00335,Marketing Analyst,[],0
JOB00336,Software Engineer,[],0
JOB00337,BI Analyst,[],0
JOB00338,Product Analyst,[],0
JOB00339,Data Analyst,[],0
JOB00340,Web Developer,[],0
JOB00341,Data Scientist,[],0
JOB00342,DevOps Engineer,[],0
JOB00343,Product Analyst,[],0
JOB00344,Data Engineer,[],0
JOB00345,QA Engineer,[],0
JOB00346,Python Developer,[],0
JOB00347,Data Scientist,[],0
JOB00348,Power BI Developer,[],0
JOB00349,Data Engineer,[],0
JOB00350,Cloud Engineer,[],0
JOB00351,QA Engineer,[],0
JOB00352,Data Scientist,[],0
JOB00353,Database Administrator,[],0
JOB00354,Cloud Engineer,[],0
JOB00355,Machine Learning Engineer,[],0
JOB00356,Power BI Developer,[],0
JOB00357,QA Engineer,[],0
JOB00358,Cloud Engineer,[],0
JOB00359,DevOps Engineer,[],0
JOB00360,Full Stack Developer,[],0
JOB00361,Power BI Developer,[],0
JOB00362,Data Engineer,[],0
JOB00363,Python Developer,[],0
JOB00364,Database Administrator,[],0
JOB00365,QA Engineer,[],0
JOB00366,HR Analyst,[],0
JOB00367,Web Developer,[],0
JOB00368,HR Analyst,[],0
JOB00369,BI Analyst,[],0
JOB00370,Python Developer,[],0
JOB00371,Machine Learning Engineer,[],0
JOB00372,Power BI Developer,[],0
JOB00373,Financial Analyst,[],0
JOB00374,BI Analyst,[],0
JOB00375,Machine Learning Engineer,[],0
JOB00376,Machine Learning Engineer,[],0
JOB00377,Web Developer,[],0
JOB00378,HR Analyst,[],0
JOB00379,Power BI Developer,[],0
JOB00380,Power BI Developer,[],0
JOB00381,QA Engineer,[],0
JOB00382,HR Analyst,[],0
JOB00383,Full Stack Developer,[],0
JOB00384,DevOps Engineer,[],0
JOB00385,Web Developer,[],0
JOB00386,Data Engineer,[],0
JOB00387,Product Analyst,[],0
JOB00388,Database Administrator,[],0
JOB00389,SQL Developer,[],0
JOB00390,Data Engineer,[],0
JOB00391,Business Analyst,[],0
JOB00392,Product Analyst,[],0
JOB00393,Product Analyst,[],0
JOB00394,Web Developer,[],0
JOB00395,HR Analyst,[],0
JOB00396,Python Developer,[],0
JOB00397,Product Analyst,[],0
JOB00398,DevOps Engineer,[],0
JOB00399,Business Analyst,[],0
JOB00400,Database Administrator,[],0
JOB00401,Data Engineer,[],0
JOB00402,BI Analyst,[],0
JOB00403,HR Analyst,[],0
JOB00404,SQL Developer,['Oracle'],1
JOB00405,QA Engineer,[],0
JOB00406,HR Analyst,[],0
JOB00407,SQL Developer,[],0
JOB00408,Cloud Engineer,[],0
JOB00409,Web Developer,[],0
JOB00410,Financial Analyst,[],0
JOB00411,Database Administrator,[],0
JOB00412,Web Developer,[],0
JOB00413,Software Engineer,[],0
JOB00414,Full Stack Developer,[],0
JOB00415,Data Engineer,[],0
JOB00416,Machine Learning Engineer,[],0
JOB00417,Web Developer,[],0
JOB00418,DevOps Engineer,[],0
JOB00419,DevOps Engineer,[],0
JOB00420,Financial Analyst,[],0
JOB00421,Power BI Developer,[],0
JOB00422,Data Analyst,[],0
JOB00423,Power BI Developer,[],0
JOB00424,Data Scientist,[],0
JOB00425,Data Scientist,[],0
JOB00426,DevOps Engineer,[],0
JOB00427,Machine Learning Engineer,[],0
JOB00428,Machine Learning Engineer,[],0
JOB00429,BI Analyst,[],0
JOB00430,Machine Learning Engineer,[],0
JOB00431,Financial Analyst,[],0
JOB00432,BI Analyst,[],0
JOB00433,Business Analyst,[],0
JOB00434,Python Developer,[],0
JOB00435,Database Administrator,[],0
JOB00436,Python Developer,[],0
JOB00437,DevOps Engineer,[],0
JOB00438,SQL Developer,[],0
JOB00439,QA Engineer,[],0
JOB00440,Data Engineer,[],0
JOB00441,Power BI Developer,[],0
JOB00442,Business Analyst,[],0
JOB00443,BI Analyst,[],0
JOB00444,Power BI Developer,[],0
JOB00445,Web Developer,[],0
JOB00446,Cloud Engineer,[],0
JOB00447,Python Developer,[],0
JOB00448,SQL Developer,[],0
JOB00449,DevOps Engineer,[],0
JOB00450,BI Analyst,[],0
JOB00451,Data Analyst,[],0
JOB00452,Machine Learning Engineer,[],0
JOB00453,Power BI Developer,['Power BI'],1
JOB00454,Data Scientist,[],0
JOB00455,Business Analyst,[],0
JOB00456,Financial Analyst,[],0
JOB00457,Cloud Engineer,[],0
JOB00458,Financial Analyst,[],0
JOB00459,Power BI Developer,[],0
JOB00460,Power BI Developer,['Power BI'],1
JOB00461,Power BI Developer,[],0
JOB00462,Business Analyst,[],0
JOB00463,Web Developer,[],0
JOB00464,BI Analyst,[],0
JOB00465,QA Engineer,[],0
JOB00466,Financial Analyst,[],0
JOB00467,Web Developer,[],0
JOB00468,Full Stack Developer,[],0
JOB00469,Data Analyst,[],0
JOB00470,Power BI Developer,[],0
JOB00471,Data Engineer,[],0
JOB00472,Power BI Developer,[],0
JOB00473,QA Engineer,[],0
JOB00474,Full Stack Developer,[],0
JOB00475,Data Scientist,[],0
JOB00476,HR Analyst,[],0
JOB00477,Machine Learning Engineer,[],0
JOB00478,Financial Analyst,[],0
JOB00479,Python Developer,[],0
JOB00480,Machine Learning Engineer,[],0
JOB00481,Product Analyst,[],0
JOB00482,Data Engineer,[],0
JOB00483,SQL Developer,[],0
JOB00484,DevOps Engineer,[],0
JOB00485,BI Analyst,[],0
JOB00486,Data Analyst,[],0
JOB00487,Power BI Developer,[],0
JOB00488,Power BI Developer,['Power BI'],1
JOB00489,Cloud Engineer,[],0
JOB00490,Data Scientist,[],0
JOB00491,Power BI Developer,[],0
JOB00492,Financial Analyst,[],0
JOB00493,Machine Learning Engineer,[],0
JOB00494,Data Engineer,[],0
JOB00495,Database Administrator,[],0
JOB00496,Cloud Engineer,[],0
JOB00497,Software Engineer,[],0
JOB00498,DevOps Engineer,[],0
JOB00499,QA Engineer,[],0
JOB00500,Full Stack Developer,[],0
JOB00501,Business Analyst,[],0
JOB00502,DevOps Engineer,[],0
JOB00503,DevOps Engineer,[],0
JOB00504,SQL Developer,[],0
JOB00505,Business Analyst,[],0
JOB00506,Software Engineer,[],0
JOB00507,Business Analyst,[],0
JOB00508,Cloud Engineer,[],0
JOB00509,Data Analyst,[],0
JOB00510,QA Engineer,[],0
JOB00511,DevOps Engineer,[],0
JOB00512,SQL Developer,[],0
JOB00513,Financial Analyst,[],0
JOB00514,Full Stack Developer,[],0
JOB00515,Cloud Engineer,[],0
JOB00516,Data Analyst,[],0
JOB00517,Financial Analyst,[],0
JOB00518,DevOps Engineer,[],0
JOB00519,Database Administrator,[],0
JOB00520,Data Engineer,[],0
JOB00521,Product Analyst,['Oracle'],1
JOB00522,DevOps Engineer,[],0
JOB00523,Database Administrator,[],0
JOB00524,BI Analyst,[],0
JOB00525,QA Engineer,[],0
JOB00526,Power BI Developer,[],0
JOB00527,Database Administrator,[],0
JOB00528,Data Scientist,[],0
JOB00529,Cloud Engineer,[],0
JOB00530,Software Engineer,[],0
JOB00531,Data Analyst,[],0
JOB00532,Marketing Analyst,[],0
JOB00533,DevOps Engineer,[],0
JOB00534,Business Analyst,[],0
JOB00535,Database Administrator,['Oracle'],1
JOB00536,Web Developer,[],0
JOB00537,Business Analyst,[],0
JOB00538,Machine Learning Engineer,[],0
JOB00539,Product Analyst,[],0
JOB00540,Machine Learning Engineer,[],0
JOB00541,Marketing Analyst,[],0
JOB00542,Full Stack Developer,[],0
JOB00543,DevOps Engineer,[],0
JOB00544,Database Administrator,[],0
JOB00545,Software Engineer,[],0
JOB00546,HR Analyst,[],0
JOB00547,DevOps Engineer,[],0
JOB00548,Data Analyst,[],0
JOB00549,Data Scientist,[],0
JOB00550,HR Analyst,[],0
JOB00551,Machine Learning Engineer,[],0
JOB00552,QA Engineer,[],0
JOB00553,Software Engineer,[],0
JOB00554,Data Scientist,[],0
JOB00555,Marketing Analyst,[],0
JOB00556,Financial Analyst,[],0
JOB00557,Marketing Analyst,[],0
JOB00558,Web Developer,[],0
JOB00559,Power BI Developer,[],0
JOB00560,HR Analyst,[],0
JOB00561,Data Engineer,[],0
JOB00562,Marketing Analyst,[],0
JOB00563,HR Analyst,[],0
JOB00564,HR Analyst,[],0
JOB00565,Product Analyst,[],0
JOB00566,Data Engineer,[],0
JOB00567,SQL Developer,[],0
JOB00568,Business Analyst,[],0
JOB00569,Marketing Analyst,[],0
JOB00570,QA Engineer,[],0
JOB00571,Marketing Analyst,[],0
JOB00572,Database Administrator,[],0
JOB00573,Product Analyst,[],0
JOB00574,Full Stack Developer,[],0
JOB00575,Marketing Analyst,[],0
JOB00576,QA Engineer,[],0
JOB00577,Marketing Analyst,[],0
JOB00578,SQL Developer,[],0
JOB00579,DevOps Engineer,[],0
JOB00580,Full Stack Developer,[],0
JOB00581,Business Analyst,[],0
JOB00582,Data Analyst,[],0
JOB00583,QA Engineer,[],0
JOB00584,Python Developer,[],0
JOB00585,Data Engineer,[],0
JOB00586,Data Analyst,[],0
JOB00587,Full Stack Developer,[],0
JOB00588,Marketing Analyst,[],0
JOB00589,Data Scientist,[],0
JOB00590,DevOps Engineer,[],0
JOB00591,Machine Learning Engineer,[],0
JOB00592,Power BI Developer,[],0
JOB00593,Marketing Analyst,[],0
JOB00594,Database Administrator,[],0
JOB00595,SQL Developer,[],0
JOB00596,Data Scientist,[],0
JOB00597,Data Scientist,[],0
JOB00598,Cloud Engineer,[],0
JOB00599,Data Analyst,[],0
JOB00600,QA Engineer,[],0
JOB00601,Full Stack Developer,[],0
JOB00602,Financial Analyst,[],0
JOB00603,Software Engineer,[],0
JOB00604,Data Analyst,[],0
JOB00605,BI Analyst,[],0
JOB00606,Full Stack Developer,[],0
JOB00607,Product Analyst,[],0
JOB00608,Database Administrator,[],0
JOB00609,SQL Developer,[],0
JOB00610,QA Engineer,[],0
JOB00611,Web Developer,[],0
JOB00612,Financial Analyst,[],0
JOB00613,Python Developer,[],0
JOB00614,Data Scientist,[],0
JOB00615,QA Engineer,[],0
JOB00616,Software Engineer,[],0
JOB00617,Marketing Analyst,[],0
JOB00618,Full Stack Developer,[],0
JOB00619,QA Engineer,[],0
JOB00620,Web Developer,[],0
JOB00621,SQL Developer,[],0
JOB00622,Business Analyst,[],0
JOB00623,QA Engineer,[],0
JOB00624,Marketing Analyst,[],0
JOB00625,Financial Analyst,[],0
JOB00626,Web Developer,[],0
JOB00627,BI Analyst,[],0
JOB00628,Machine Learning Engineer,[],0
JOB00629,Data Engineer,[],0
JOB00630,QA Engineer,[],0
JOB00631,Full Stack Developer,[],0
JOB00632,HR Analyst,[],0
JOB00633,QA Engineer,[],0
JOB00634,HR Analyst,[],0
JOB00635,Machine Learning Engineer,[],0
JOB00636,Python Developer,[],0
JOB00637,Data Scientist,[],0
JOB00638,Marketing Analyst,[],0
JOB00639,Power BI Developer,['Power BI'],1
JOB00640,Financial Analyst,[],0
JOB00641,Data Analyst,[],0
JOB00642,Database Administrator,[],0
JOB00643,Cloud Engineer,[],0
JOB00644,SQL Developer,[],0
JOB00645,Cloud Engineer,[],0
JOB00646,Machine Learning Engineer,[],0
JOB00647,Database Administrator,[],0
JOB00648,Data Scientist,[],0
JOB00649,Web Developer,[],0
JOB00650,Full Stack Developer,[],0
JOB00651,SQL Developer,[],0
JOB00652,Business Analyst,[],0
JOB00653,BI Analyst,[],0
JOB00654,Data Scientist,[],0
JOB00655,Web Developer,[],0
JOB00656,Data Engineer,[],0
JOB00657,Marketing Analyst,[],0
JOB00658,Power BI Developer,[],0
JOB00659,QA Engineer,[],0
JOB00660,Web Developer,[],0
JOB00661,Web Developer,[],0
JOB00662,Financial Analyst,[],0
JOB00663,Financial Analyst,[],0
JOB00664,Web Developer,[],0
JOB00665,Full Stack Developer,[],0
JOB00666,Financial Analyst,[],0
JOB00667,Power BI Developer,[],0
JOB00668,Financial Analyst,[],0
JOB00669,HR Analyst,[],0
JOB00670,Data Analyst,[],0
JOB00671,Python Developer,[],0
JOB00672,BI Analyst,[],0
JOB00673,BI Analyst,[],0
JOB00674,Machine Learning Engineer,[],0
JOB00675,Software Engineer,[],0
JOB00676,Marketing Analyst,[],0
JOB00677,Power BI Developer,[],0
JOB00678,Machine Learning Engineer,[],0
JOB00679,BI Analyst,[],0
JOB00680,DevOps Engineer,[],0
JOB00681,Full Stack Developer,[],0
JOB00682,Data Scientist,[],0
JOB00683,Cloud Engineer,[],0
JOB00684,Data Engineer,[],0
JOB00685,Data Scientist,[],0
JOB00686,Product Analyst,[],0
JOB00687,Full Stack Developer,[],0
JOB00688,HR Analyst,['HR Analytics'],1
JOB00689,Database Administrator,['Oracle'],1
JOB00690,QA Engineer,[],0
JOB00691,Product Analyst,[],0
JOB00692,Cloud Engineer,[],0
JOB00693,Financial Analyst,[],0
JOB00694,DevOps Engineer,[],0
JOB00695,Product Analyst,[],0
JOB00696,Cloud Engineer,[],0
JOB00697,Data Engineer,[],0
JOB00698,HR Analyst,[],0
JOB00699,Data Analyst,[],0
JOB00700,Cloud Engineer,[],0
JOB00701,Software Engineer,[],0
JOB00702,BI Analyst,[],0
JOB00703,Cloud Engineer,[],0
JOB00704,Power BI Developer,[],0
JOB00705,SQL Developer,[],0
JOB00706,DevOps Engineer,[],0
JOB00707,DevOps Engineer,[],0
JOB00708,Data Engineer,[],0
JOB00709,Data Analyst,[],0
JOB00710,Web Developer,[],0
JOB00711,Business Analyst,[],0
JOB00712,Web Developer,[],0
JOB00713,BI Analyst,[],0
JOB00714,Product Analyst,['Oracle'],1
JOB00715,Cloud Engineer,[],0
JOB00716,HR Analyst,[],0
JOB00717,Marketing Analyst,[],0
JOB00718,Database Administrator,[],0
JOB00719,Product Analyst,[],0
JOB00720,Machine Learning Engineer,[],0
JOB00721,SQL Developer,[],0
JOB00722,Financial Analyst,[],0
JOB00723,Full Stack Developer,[],0
JOB00724,Business Analyst,[],0
JOB00725,Marketing Analyst,[],0
JOB00726,Machine Learning Engineer,[],0
JOB00727,QA Engineer,[],0
JOB00728,HR Analyst,['HR Analytics'],1
JOB00729,Marketing Analyst,[],0
JOB00730,Product Analyst,[],0
JOB00731,Full Stack Developer,[],0
JOB00732,BI Analyst,[],0
JOB00733,Marketing Analyst,[],0
JOB00734,Database Administrator,[],0
JOB00735,HR Analyst,[],0
JOB00736,Web Developer,[],0
JOB00737,Data Scientist,[],0
JOB00738,Full Stack Developer,[],0
JOB00739,BI Analyst,[],0
JOB00740,Business Analyst,[],0
JOB00741,Software Engineer,[],0
JOB00742,DevOps Engineer,[],0
JOB00743,Product Analyst,[],0
JOB00744,Software Engineer,[],0
JOB00745,Product Analyst,[],0
JOB00746,Data Engineer,[],0
JOB00747,Data Engineer,[],0
JOB00748,DevOps Engineer,[],0
JOB00749,Web Developer,[],0
JOB00750,Web Developer,[],0
JOB00751,DevOps Engineer,[],0
JOB00752,SQL Developer,[],0
JOB00753,Data Analyst,[],0
JOB00754,DevOps Engineer,[],0
JOB00755,Data Scientist,[],0
JOB00756,DevOps Engineer,[],0
JOB00757,Full Stack Developer,[],0
JOB00758,Business Analyst,[],0
JOB00759,Python Developer,[],0
JOB00760,Business Analyst,[],0
JOB00761,Database Administrator,[],0
JOB00762,Data Engineer,[],0
JOB00763,HR Analyst,['HR Analytics'],1
JOB00764,Software Engineer,[],0
JOB00765,Database Administrator,[],0
JOB00766,Software Engineer,[],0
JOB00767,Cloud Engineer,[],0
JOB00768,Full Stack Developer,[],0
JOB00769,Web Developer,[],0
JOB00770,BI Analyst,[],0
JOB00771,SQL Developer,[],0
JOB00772,SQL Developer,[],0
JOB00773,HR Analyst,[],0
JOB00774,Power BI Developer,[],0
JOB00775,HR Analyst,['HR Analytics'],1
JOB00776,Product Analyst,[],0
JOB00777,DevOps Engineer,[],0
JOB00778,Marketing Analyst,[],0
JOB00779,Power BI Developer,[],0
JOB00780,HR Analyst,[],0
JOB00781,Data Scientist,[],0
JOB00782,Marketing Analyst,[],0
JOB00783,Database Administrator,[],0
JOB00784,Data Engineer,[],0
JOB00785,SQL Developer,[],0
JOB00786,Product Analyst,[],0
JOB00787,HR Analyst,[],0
JOB00788,Full Stack Developer,[],0
JOB00789,BI Analyst,[],0
JOB00790,Business Analyst,[],0
JOB00791,HR Analyst,[],0
JOB00792,Power BI Developer,[],0
JOB00793,Software Engineer,[],0
JOB00794,SQL Developer,[],0
JOB00795,Data Engineer,[],0
JOB00796,Marketing Analyst,[],0
JOB00797,SQL Developer,[],0
JOB00798,Full Stack Developer,[],0
JOB00799,Data Analyst,[],0
JOB00800,Marketing Analyst,[],0
JOB00801,QA Engineer,[],0
JOB00802,Financial Analyst,[],0
JOB00803,Product Analyst,[],0
JOB00804,QA Engineer,[],0
JOB00805,BI Analyst,[],0
JOB00806,QA Engineer,[],0
JOB00807,Business Analyst,[],0
JOB00808,DevOps Engineer,[],0
JOB00809,SQL Developer,[],0
JOB00810,SQL Developer,[],0
JOB00811,Machine Learning Engineer,[],0
JOB00812,Marketing Analyst,[],0
JOB00813,Business Analyst,[],0
JOB00814,Database Administrator,[],0
JOB00815,Cloud Engineer,[],0
JOB00816,SQL Developer,[],0
JOB00817,QA Engineer,[],0
JOB00818,Business Analyst,[],0
JOB00819,Business Analyst,[],0
JOB00820,DevOps Engineer,[],0
JOB00821,Data Scientist,[],0
JOB00822,Web Developer,[],0
JOB00823,Database Administrator,[],0
JOB00824,BI Analyst,[],0
JOB00825,Marketing Analyst,[],0
JOB00826,Power BI Developer,[],0
JOB00827,Financial Analyst,[],0
JOB00828,Product Analyst,[],0
JOB00829,Database Administrator,[],0
JOB00830,Full Stack Developer,[],0
JOB00831,Data Scientist,[],0
JOB00832,HR Analyst,[],0
JOB00833,Database Administrator,[],0
JOB00834,Full Stack Developer,[],0
JOB00835,Data Analyst,[],0
JOB00836,Data Engineer,[],0
JOB00837,Data Engineer,[],0
JOB00838,BI Analyst,[],0
JOB00839,Data Scientist,[],0
JOB00840,Software Engineer,[],0
JOB00841,HR Analyst,[],0
JOB00842,Python Developer,[],0
JOB00843,Marketing Analyst,[],0
JOB00844,QA Engineer,[],0
JOB00845,Software Engineer,[],0
JOB00846,Web Developer,[],0
JOB00847,Database Administrator,[],0
JOB00848,QA Engineer,[],0
JOB00849,Full Stack Developer,[],0
JOB00850,QA Engineer,[],0
JOB00851,DevOps Engineer,[],0
JOB00852,Software Engineer,[],0
JOB00853,Full Stack Developer,[],0
JOB00854,BI Analyst,[],0
JOB00855,Database Administrator,[],0
JOB00856,Web Developer,[],0
JOB00857,Machine Learning Engineer,[],0
JOB00858,Product Analyst,[],0
JOB00859,Data Analyst,[],0
JOB00860,Machine Learning Engineer,[],0
JOB00861,Cloud Engineer,[],0
JOB00862,QA Engineer,[],0
JOB00863,Data Analyst,[],0
JOB00864,BI Analyst,[],0
JOB00865,Full Stack Developer,[],0
JOB00866,Machine Learning Engineer,[],0
JOB00867,Machine Learning Engineer,[],0
JOB00868,Cloud Engineer,[],0
JOB00869,Business Analyst,[],0
JOB00870,HR Analyst,[],0
JOB00871,Machine Learning Engineer,[],0
JOB00872,Machine Learning Engineer,[],0
JOB00873,Financial Analyst,[],0
JOB00874,Database Administrator,[],0
JOB00875,Power BI Developer,[],0
JOB00876,Machine Learning Engineer,[],0
JOB00877,Data Scientist,[],0
JOB00878,Python Developer,[],0
JOB00879,Machine Learning Engineer,[],0
JOB00880,Software Engineer,[],0
JOB00881,Data Scientist,[],0
JOB00882,Database Administrator,[],0
JOB00883,Product Analyst,[],0
JOB00884,Financial Analyst,[],0
JOB00885,Data Analyst,[],0
JOB00886,QA Engineer,[],0
JOB00887,Data Scientist,[],0
JOB00888,QA Engineer,[],0
JOB00889,Database Administrator,[],0
JOB00890,Product Analyst,[],0
JOB00891,Full Stack Developer,[],0
JOB00892,Data Analyst,[],0
JOB00893,Software Engineer,[],0
JOB00894,Python Developer,[],0
JOB00895,Full Stack Developer,[],0
JOB00896,SQL Developer,[],0
JOB00897,HR Analyst,[],0
JOB00898,Financial Analyst,[],0
JOB00899,Data Engineer,[],0
JOB00900,Product Analyst,[],0
JOB00901,HR Analyst,[],0
JOB00902,Web Developer,[],0
JOB00903,SQL Developer,[],0
JOB00904,Business Analyst,[],0
JOB00905,BI Analyst,[],0
JOB00906,Database Administrator,[],0
JOB00907,HR Analyst,[],0
JOB00908,Full Stack Developer,[],0
JOB00909,SQL Developer,[],0
JOB00910,Web Developer,[],0
JOB00911,QA Engineer,[],0
JOB00912,Data Engineer,[],0
JOB00913,Web Developer,[],0
JOB00914,BI Analyst,[],0
JOB00915,Python Developer,[],0
JOB00916,Software Engineer,[],0
JOB00917,Data Scientist,[],0
JOB00918,Cloud Engineer,[],0
JOB00919,Business Analyst,[],0
JOB00920,HR Analyst,[],0
JOB00921,Product Analyst,[],0
JOB00922,QA Engineer,[],0
JOB00923,Cloud Engineer,[],0
JOB00924,Financial Analyst,[],0
JOB00925,Data Scientist,[],0
JOB00926,DevOps Engineer,[],0
JOB00927,Financial Analyst,[],0
JOB00928,Product Analyst,[],0
JOB00929,DevOps Engineer,[],0
JOB00930,Database Administrator,['Oracle'],1
JOB00931,QA Engineer,[],0
JOB00932,BI Analyst,[],0
JOB00933,Python Developer,[],0
JOB00934,Software Engineer,[],0
JOB00935,HR Analyst,[],0
JOB00936,BI Analyst,[],0
JOB00937,Machine Learning Engineer,[],0
JOB00938,Data Analyst,[],0
JOB00939,QA Engineer,[],0
JOB00940,Financial Analyst,[],0
JOB00941,Full Stack Developer,[],0
JOB00942,QA Engineer,[],0
JOB00943,Data Scientist,[],0
JOB00944,BI Analyst,[],0
JOB00945,DevOps Engineer,[],0
JOB00946,Data Engineer,[],0
JOB00947,Software Engineer,[],0
JOB00948,Marketing Analyst,[],0
JOB00949,Cloud Engineer,[],0
JOB00950,Power BI Developer,[],0
JOB00951,Financial Analyst,[],0
JOB00952,Cloud Engineer,[],0
JOB00953,Financial Analyst,[],0
JOB00954,QA Engineer,[],0
JOB00955,BI Analyst,[],0
JOB00956,Software Engineer,[],0
JOB00957,BI Analyst,[],0
JOB00958,Marketing Analyst,[],0
JOB00959,Database Administrator,[],0
JOB00960,Software Engineer,[],0
JOB00961,Machine Learning Engineer,[],0
JOB00962,Data Engineer,[],0
JOB00963,BI Analyst,[],0
JOB00964,Python Developer,[],0
JOB00965,Web Developer,[],0
JOB00966,Data Scientist,[],0
JOB00967,Business Analyst,[],0
JOB00968,Data Scientist,[],0
JOB00969,QA Engineer,[],0
JOB00970,QA Engineer,[],0
JOB00971,Machine Learning Engineer,[],0
JOB00972,DevOps Engineer,[],0
JOB00973,BI Analyst,[],0
JOB00974,Power BI Developer,['Power BI'],1
JOB00975,Machine Learning Engineer,[],0
JOB00976,Product Analyst,[],0
JOB00977,HR Analyst,[],0
JOB00978,DevOps Engineer,[],0
JOB00979,Financial Analyst,[],0
JOB00980,Power BI Developer,['Power BI'],1
JOB00981,SQL Developer,[],0
JOB00982,Financial Analyst,[],0
JOB00983,BI Analyst,[],0
JOB00984,Software Engineer,[],0
JOB00985,Software Engineer,[],0
JOB00986,Python Developer,[],0
JOB00987,Data Scientist,[],0
JOB00988,Financial Analyst,[],0
JOB00989,Machine Learning Engineer,[],0
JOB00990,Business Analyst,[],0
JOB00991,Software Engineer,[],0
JOB00992,Product Analyst,[],0
JOB00993,Power BI Developer,[],0
JOB00994,Business Analyst,[],0
JOB00995,Database Administrator,[],0
JOB00996,Business Analyst,[],0
JOB00997,Data Scientist,[],0
JOB00998,Business Analyst,[],0
JOB00999,Financial Analyst,[],0
JOB01000,Financial Analyst,[],0
JOB01001,Python Developer,[],0
JOB01002,Product Analyst,[],0
JOB01003,Web Developer,[],0
JOB01004,Cloud Engineer,[],0
JOB01005,Data Scientist,[],0
JOB01006,Power BI Developer,[],0
JOB01007,QA Engineer,[],0
JOB01008,Marketing Analyst,[],0
JOB01009,Data Engineer,[],0
JOB01010,DevOps Engineer,[],0
JOB01011,Software Engineer,[],0
JOB01012,Data Engineer,[],0
JOB01013,Cloud Engineer,[],0
JOB01014,Data Scientist,[],0
JOB01015,Power BI Developer,[],0
JOB01016,Financial Analyst,[],0
JOB01017,Web Developer,[],0
JOB01018,HR Analyst,['HR Analytics'],1
JOB01019,Machine Learning Engineer,[],0
JOB01020,BI Analyst,[],0
JOB01021,Business Analyst,[],0
JOB01022,Machine Learning Engineer,[],0
JOB01023,Cloud Engineer,[],0
JOB01024,Database Administrator,[],0
JOB01025,Data Engineer,[],0
JOB01026,Marketing Analyst,[],0
JOB01027,Business Analyst,[],0
JOB01028,SQL Developer,[],0
JOB01029,Marketing Analyst,[],0
JOB01030,Financial Analyst,[],0
JOB01031,Data Scientist,[],0
JOB01032,Data Analyst,[],0
JOB01033,SQL Developer,[],0
JOB01034,Full Stack Developer,[],0
JOB01035,Data Analyst,[],0
JOB01036,SQL Developer,[],0
JOB01037,Data Engineer,[],0
JOB01038,Data Engineer,[],0
JOB01039,Web Developer,[],0
JOB01040,Database Administrator,[],0
JOB01041,Full Stack Developer,[],0
JOB01042,Web Developer,[],0
JOB01043,Marketing Analyst,[],0
JOB01044,QA Engineer,[],0
JOB01045,Software Engineer,[],0
JOB01046,Database Administrator,[],0
JOB01047,Cloud Engineer,[],0
JOB01048,Database Administrator,['Oracle'],1
JOB01049,Software Engineer,[],0
JOB01050,HR Analyst,['HR Analytics'],1
JOB01051,HR Analyst,[],0
JOB01052,DevOps Engineer,[],0
JOB01053,QA Engineer,[],0
JOB01054,Financial Analyst,[],0
JOB01055,Power BI Developer,['Power BI'],1
JOB01056,HR Analyst,[],0
JOB01057,Full Stack Developer,[],0
JOB01058,Database Administrator,[],0
JOB01059,Cloud Engineer,[],0
JOB01060,Power BI Developer,['Power BI'],1
JOB01061,DevOps Engineer,[],0
JOB01062,Financial Analyst,[],0
JOB01063,Data Scientist,[],0
JOB01064,Data Scientist,[],0
JOB01065,Financial Analyst,[],0
JOB01066,Data Scientist,['Oracle'],1
JOB01067,DevOps Engineer,[],0
JOB01068,Marketing Analyst,[],0
JOB01069,QA Engineer,[],0
JOB01070,Python Developer,[],0
JOB01071,Database Administrator,[],0
JOB01072,Database Administrator,[],0
JOB01073,Data Engineer,[],0
JOB01074,Financial Analyst,[],0
JOB01075,Power BI Developer,[],0
JOB01076,Data Analyst,[],0
JOB01077,Web Developer,[],0
JOB01078,Software Engineer,[],0
JOB01079,Financial Analyst,[],0
JOB01080,QA Engineer,[],0
JOB01081,Data Engineer,[],0
JOB01082,Power BI Developer,[],0
JOB01083,Marketing Analyst,[],0
JOB01084,Financial Analyst,[],0
JOB01085,Data Analyst,[],0
JOB01086,Marketing Analyst,[],0
JOB01087,Power BI Developer,[],0
JOB01088,DevOps Engineer,[],0
JOB01089,Full Stack Developer,[],0
JOB01090,Product Analyst,[],0
JOB01091,Python Developer,[],0
JOB01092,Machine Learning Engineer,[],0
JOB01093,Product Analyst,[],0
JOB01094,HR Analyst,['HR Analytics'],1
JOB01095,Marketing Analyst,[],0
JOB01096,HR Analyst,[],0
JOB01097,Machine Learning Engineer,[],0
JOB01098,DevOps Engineer,[],0
JOB01099,BI Analyst,[],0
JOB01100,Data Engineer,[],0
JOB01101,Software Engineer,[],0
JOB01102,Power BI Developer,[],0
JOB01103,QA Engineer,[],0
JOB01104,Database Administrator,[],0
JOB01105,HR Analyst,[],0
JOB01106,Power BI Developer,[],0
JOB01107,Power BI Developer,['Power BI'],1
JOB01108,Marketing Analyst,[],0
JOB01109,Web Developer,[],0
JOB01110,BI Analyst,[],0
JOB01111,HR Analyst,[],0
JOB01112,BI Analyst,[],0
JOB01113,Marketing Analyst,[],0
JOB01114,Machine Learning Engineer,[],0
JOB01115,Data Engineer,[],0
JOB01116,QA Engineer,[],0
JOB01117,HR Analyst,[],0
JOB01118,Financial Analyst,[],0
JOB01119,HR Analyst,[],0
JOB01120,Machine Learning Engineer,[],0
JOB01121,Machine Learning Engineer,[],0
JOB01122,Software Engineer,[],0
JOB01123,SQL Developer,[],0
JOB01124,Data Scientist,[],0
JOB01125,Database Administrator,[],0
JOB01126,HR Analyst,['HR Analytics'],1
JOB01127,Power BI Developer,[],0
JOB01128,Data Scientist,[],0
JOB01129,Product Analyst,[],0
JOB01130,Financial Analyst,[],0
JOB01131,SQL Developer,[],0
JOB01132,Power BI Developer,[],0
JOB01133,Data Engineer,[],0
JOB01134,Machine Learning Engineer,[],0
JOB01135,Data Scientist,[],0
JOB01136,Python Developer,[],0
JOB01137,Software Engineer,[],0
JOB01138,SQL Developer,[],0
JOB01139,Machine Learning Engineer,[],0
JOB01140,Data Analyst,[],0
JOB01141,Web Developer,[],0
JOB01142,Marketing Analyst,[],0
JOB01143,Product Analyst,[],0
JOB01144,Data Analyst,[],0
JOB01145,BI Analyst,[],0
JOB01146,DevOps Engineer,[],0
JOB01147,Full Stack Developer,[],0
JOB01148,HR Analyst,[],0
JOB01149,Data Analyst,[],0
JOB01150,Python Developer,[],0
JOB01151,Product Analyst,[],0
JOB01152,Full Stack Developer,[],0
JOB01153,BI Analyst,[],0
JOB01154,SQL Developer,[],0
JOB01155,Web Developer,[],0
JOB01156,Data Analyst,[],0
JOB01157,Python Developer,[],0
JOB01158,Data Scientist,[],0
JOB01159,Product Analyst,[],0
JOB01160,Database Administrator,[],0
JOB01161,Financial Analyst,[],0
JOB01162,Data Engineer,[],0
JOB01163,Data Scientist,[],0
JOB01164,Data Scientist,[],0
JOB01165,Data Analyst,['Oracle'],1
JOB01166,Machine Learning Engineer,[],0
JOB01167,Data Scientist,[],0
JOB01168,Data Scientist,[],0
JOB01169,Software Engineer,[],0
JOB01170,Data Scientist,[],0
JOB01171,Power BI Developer,[],0
JOB01172,HR Analyst,['HR Analytics'],1
JOB01173,HR Analyst,['HR Analytics'],1
JOB01174,Full Stack Developer,[],0
JOB01175,BI Analyst,[],0
JOB01176,Business Analyst,[],0
JOB01177,DevOps Engineer,[],0
JOB01178,Full Stack Developer,[],0
JOB01179,Marketing Analyst,[],0
JOB01180,SQL Developer,[],0
JOB01181,Full Stack Developer,[],0
JOB01182,Data Engineer,[],0
JOB01183,Data Analyst,[],0
JOB01184,Database Administrator,[],0
JOB01185,Data Scientist,[],0
JOB01186,SQL Developer,[],0
JOB01187,DevOps Engineer,[],0
JOB01188,Python Developer,[],0
JOB01189,Power BI Developer,[],0
JOB01190,BI Analyst,[],0
JOB01191,Software Engineer,[],0
JOB01192,Web Developer,[],0
JOB01193,Software Engineer,[],0
JOB01194,SQL Developer,[],0
JOB01195,Marketing Analyst,[],0
JOB01196,Marketing Analyst,[],0
JOB01197,QA Engineer,[],0
JOB01198,SQL Developer,[],0
JOB01199,Product Analyst,[],0
JOB01200,Web Developer,[],0
JOB01201,HR Analyst,['HR Analytics'],1
JOB01202,Data Analyst,[],0
JOB01203,DevOps Engineer,[],0
JOB01204,Machine Learning Engineer,[],0
JOB01205,Database Administrator,[],0
JOB01206,Data Analyst,[],0
JOB01207,Financial Analyst,[],0
JOB01208,Financial Analyst,[],0
JOB01209,Database Administrator,[],0
JOB01210,HR Analyst,['HR Analytics'],1
JOB01211,Financial Analyst,[],0
JOB01212,Product Analyst,[],0
JOB01213,Database Administrator,[],0
JOB01214,Power BI Developer,[],0
JOB01215,QA Engineer,[],0
JOB01216,Business Analyst,[],0
JOB01217,DevOps Engineer,[],0
JOB01218,BI Analyst,[],0
JOB01219,Machine Learning Engineer,[],0
JOB01220,Software Engineer,[],0
JOB01221,QA Engineer,[],0
JOB01222,HR Analyst,[],0
JOB01223,QA Engineer,[],0
JOB01224,DevOps Engineer,[],0
JOB01225,Python Developer,[],0
JOB01226,QA Engineer,[],0
JOB01227,Data Scientist,[],0
JOB01228,Machine Learning Engineer,[],0
JOB01229,SQL Developer,[],0
JOB01230,Power BI Developer,[],0
JOB01231,Cloud Engineer,[],0
JOB01232,Data Scientist,[],0
JOB01233,Cloud Engineer,[],0
JOB01234,Machine Learning Engineer,[],0
JOB01235,Cloud Engineer,[],0
JOB01236,Product Analyst,[],0
JOB01237,HR Analyst,['HR Analytics'],1
JOB01238,BI Analyst,[],0
JOB01239,Database Administrator,[],0
JOB01240,Python Developer,[],0
JOB01241,Full Stack Developer,[],0
JOB01242,SQL Developer,[],0
JOB01243,Data Analyst,[],0
JOB01244,Full Stack Developer,[],0
JOB01245,Machine Learning Engineer,[],0
JOB01246,Power BI Developer,[],0
JOB01247,Data Scientist,[],0
JOB01248,Marketing Analyst,[],0
JOB01249,DevOps Engineer,[],0
JOB01250,BI Analyst,[],0
JOB01251,Web Developer,[],0
JOB01252,Marketing Analyst,[],0
JOB01253,Database Administrator,[],0
JOB01254,Full Stack Developer,[],0
JOB01255,Data Scientist,[],0
JOB01256,Data Scientist,[],0
JOB01257,Data Engineer,[],0
JOB01258,Python Developer,[],0
JOB01259,Cloud Engineer,[],0
JOB01260,HR Analyst,['HR Analytics'],1
JOB01261,Data Analyst,[],0
JOB01262,Cloud Engineer,[],0
JOB01263,Data Scientist,[],0
JOB01264,Data Analyst,[],0
JOB01265,BI Analyst,[],0
JOB01266,Machine Learning Engineer,[],0
JOB01267,BI Analyst,[],0
JOB01268,Power BI Developer,['Power BI'],1
JOB01269,Data Analyst,[],0
JOB01270,Full Stack Developer,[],0
JOB01271,Power BI Developer,[],0
JOB01272,Data Engineer,[],0
JOB01273,Data Engineer,[],0
JOB01274,Power BI Developer,[],0
JOB01275,Data Engineer,[],0
JOB01276,BI Analyst,[],0
JOB01277,HR Analyst,[],0
JOB01278,SQL Developer,[],0
JOB01279,Data Scientist,[],0
JOB01280,Data Analyst,[],0
JOB01281,Cloud Engineer,[],0
JOB01282,Power BI Developer,[],0
JOB01283,Database Administrator,[],0
JOB01284,Power BI Developer,[],0
JOB01285,Power BI Developer,[],0
JOB01286,BI Analyst,[],0
JOB01287,Data Analyst,[],0
JOB01288,Web Developer,[],0
JOB01289,Financial Analyst,[],0
JOB01290,Marketing Analyst,[],0
JOB01291,DevOps Engineer,[],0
JOB01292,Product Analyst,[],0
JOB01293,Data Analyst,[],0
JOB01294,Financial Analyst,[],0
JOB01295,Web Developer,[],0
JOB01296,Product Analyst,[],0
JOB01297,Data Scientist,[],0
JOB01298,QA Engineer,[],0
JOB01299,QA Engineer,[],0
JOB01300,Marketing Analyst,[],0
JOB01301,Database Administrator,[],0
JOB01302,Software Engineer,[],0
JOB01303,DevOps Engineer,[],0
JOB01304,Financial Analyst,[],0
JOB01305,Web Developer,[],0
JOB01306,Data Analyst,[],0
JOB01307,Power BI Developer,[],0
JOB01308,Machine Learning Engineer,[],0
JOB01309,QA Engineer,[],0
JOB01310,SQL Developer,[],0
JOB01311,Python Developer,[],0
JOB01312,Marketing Analyst,[],0
JOB01313,Machine Learning Engineer,[],0
JOB01314,Data Scientist,[],0
JOB01315,Machine Learning Engineer,[],0
JOB01316,Cloud Engineer,[],0
JOB01317,DevOps Engineer,[],0
JOB01318,Power BI Developer,[],0
JOB01319,SQL Developer,[],0
JOB01320,Database Administrator,[],0
JOB01321,Data Scientist,[],0
JOB01322,BI Analyst,[],0
JOB01323,Business Analyst,[],0
JOB01324,Database Administrator,[],0
JOB01325,Business Analyst,[],0
JOB01326,Full Stack Developer,[],0
JOB01327,Data Scientist,[],0
JOB01328,Data Scientist,[],0
JOB01329,Data Scientist,[],0
JOB01330,Data Engineer,[],0
JOB01331,Data Scientist,[],0
JOB01332,Data Scientist,[],0
JOB01333,Data Analyst,[],0
JOB01334,Marketing Analyst,[],0
JOB01335,Product Analyst,[],0
JOB01336,Python Developer,[],0
JOB01337,Cloud Engineer,[],0
JOB01338,Software Engineer,[],0
JOB01339,Full Stack Developer,[],0
JOB01340,Marketing Analyst,[],0
JOB01341,DevOps Engineer,[],0
JOB01342,Data Scientist,[],0
JOB01343,Data Analyst,[],0
JOB01344,Marketing Analyst,[],0
JOB01345,Data Analyst,[],0
JOB01346,Full Stack Developer,[],0
JOB01347,Software Engineer,[],0
JOB01348,BI Analyst,[],0
JOB01349,Financial Analyst,[],0
JOB01350,Marketing Analyst,[],0
JOB01351,Data Analyst,[],0
JOB01352,BI Analyst,[],0
JOB01353,SQL Developer,[],0
JOB01354,Data Analyst,[],0
JOB01355,DevOps Engineer,[],0
JOB01356,HR Analyst,[],0
JOB01357,SQL Developer,[],0
JOB01358,Database Administrator,[],0
JOB01359,Financial Analyst,[],0
JOB01360,Software Engineer,[],0
JOB01361,Web Developer,[],0
JOB01362,DevOps Engineer,[],0
JOB01363,Marketing Analyst,[],0
JOB01364,Data Engineer,[],0
JOB01365,Web Developer,[],0
JOB01366,Data Engineer,[],0
JOB01367,Marketing Analyst,[],0
JOB01368,Business Analyst,[],0
JOB01369,Cloud Engineer,[],0
JOB01370,Business Analyst,[],0
JOB01371,Full Stack Developer,[],0
JOB01372,DevOps Engineer,[],0
JOB01373,BI Analyst,[],0
JOB01374,SQL Developer,[],0
JOB01375,Business Analyst,[],0
JOB01376,Product Analyst,[],0
JOB01377,Business Analyst,[],0
JOB01378,BI Analyst,[],0
JOB01379,Marketing Analyst,[],0
JOB01380,DevOps Engineer,[],0
JOB01381,Financial Analyst,[],0
JOB01382,Product Analyst,[],0
JOB01383,Python Developer,[],0
JOB01384,Marketing Analyst,[],0
JOB01385,Product Analyst,[],0
JOB01386,Software Engineer,[],0
JOB01387,SQL Developer,[],0
JOB01388,Database Administrator,[],0
JOB01389,Database Administrator,[],0
JOB01390,Python Developer,[],0
JOB01391,Cloud Engineer,[],0
JOB01392,SQL Developer,[],0
JOB01393,BI Analyst,[],0
JOB01394,Python Developer,[],0
JOB01395,Data Analyst,[],0
JOB01396,Data Scientist,[],0
JOB01397,Data Analyst,[],0
JOB01398,Business Analyst,[],0
JOB01399,Data Analyst,[],0
JOB01400,Financial Analyst,[],0
JOB01401,Software Engineer,[],0
JOB01402,Data Analyst,[],0
JOB01403,Software Engineer,[],0
JOB01404,Software Engineer,[],0
JOB01405,Financial Analyst,[],0
JOB01406,Full Stack Developer,[],0
JOB01407,Python Developer,[],0
JOB01408,Software Engineer,[],0
JOB01409,BI Analyst,[],0
JOB01410,Database Administrator,[],0
JOB01411,QA Engineer,[],0
JOB01412,Python Developer,[],0
JOB01413,Full Stack Developer,[],0
JOB01414,Product Analyst,[],0
JOB01415,QA Engineer,[],0
JOB01416,Web Developer,[],0
JOB01417,Software Engineer,[],0
JOB01418,Software Engineer,[],0
JOB01419,Software Engineer,[],0
JOB01420,BI Analyst,[],0
JOB01421,Data Analyst,[],0
JOB01422,QA Engineer,[],0
JOB01423,Financial Analyst,[],0
JOB01424,Software Engineer,[],0
JOB01425,Data Analyst,[],0
JOB01426,QA Engineer,[],0
JOB01427,Marketing Analyst,[],0
JOB01428,Python Developer,[],0
JOB01429,Power BI Developer,['Power BI'],1
JOB01430,Machine Learning Engineer,[],0
JOB01431,DevOps Engineer,[],0
JOB01432,DevOps Engineer,[],0
JOB01433,Data Scientist,[],0
JOB01434,Database Administrator,[],0
JOB01435,Database Administrator,[],0
JOB01436,Marketing Analyst,[],0
JOB01437,DevOps Engineer,[],0
JOB01438,SQL Developer,[],0
JOB01439,Database Administrator,[],0
JOB01440,Web Developer,[],0
JOB01441,Machine Learning Engineer,[],0
JOB01442,HR Analyst,[],0
JOB01443,BI Analyst,[],0
JOB01444,Cloud Engineer,[],0
JOB01445,DevOps Engineer,[],0
JOB01446,Marketing Analyst,[],0
JOB01447,Cloud Engineer,[],0
JOB01448,Software Engineer,[],0
JOB01449,Power BI Developer,[],0
JOB01450,Machine Learning Engineer,[],0
JOB01451,Database Administrator,[],0
JOB01452,Machine Learning Engineer,[],0
JOB01453,SQL Developer,[],0
JOB01454,Data Engineer,[],0
JOB01455,Cloud Engineer,[],0
JOB01456,Power BI Developer,[],0
JOB01457,Python Developer,[],0
JOB01458,BI Analyst,[],0
JOB01459,BI Analyst,[],0
JOB01460,Database Administrator,[],0
JOB01461,Machine Learning Engineer,[],0
JOB01462,HR Analyst,[],0
JOB01463,Full Stack Developer,[],0
JOB01464,BI Analyst,[],0
JOB01465,HR Analyst,['HR Analytics'],1
JOB01466,Machine Learning Engineer,[],0
JOB01467,Product Analyst,[],0
JOB01468,Full Stack Developer,[],0
JOB01469,Machine Learning Engineer,[],0
JOB01470,Marketing Analyst,[],0
JOB01471,Web Developer,[],0
JOB01472,BI Analyst,[],0
JOB01473,Cloud Engineer,[],0
JOB01474,Business Analyst,[],0
JOB01475,QA Engineer,[],0
JOB01476,Business Analyst,[],0
JOB01477,Power BI Developer,[],0
JOB01478,Marketing Analyst,[],0
JOB01479,Database Administrator,[],0
JOB01480,Data Analyst,[],0
JOB01481,HR Analyst,['HR Analytics'],1
JOB01482,Product Analyst,[],0
JOB01483,Software Engineer,[],0
JOB01484,Machine Learning Engineer,[],0
JOB01485,BI Analyst,[],0
JOB01486,Financial Analyst,[],0
JOB01487,Python Developer,[],0
JOB01488,BI Analyst,[],0
JOB01489,Machine Learning Engineer,[],0
JOB01490,SQL Developer,[],0
JOB01491,Data Scientist,[],0
JOB01492,Product Analyst,[],0
JOB01493,Python Developer,[],0
JOB01494,Python Developer,[],0
JOB01495,Database Administrator,[],0
JOB01496,BI Analyst,[],0
JOB01497,DevOps Engineer,[],0
JOB01498,Python Developer,[],0
JOB01499,BI Analyst,[],0
JOB01500,Database Administrator,[],0
JOB01501,Power BI Developer,[],0
JOB01502,Full Stack Developer,[],0
JOB01503,SQL Developer,[],0
JOB01504,Machine Learning Engineer,[],0
JOB01505,Web Developer,[],0
JOB01506,Software Engineer,[],0
JOB01507,Data Scientist,['Oracle'],1
JOB01508,BI Analyst,[],0
JOB01509,Power BI Developer,[],0
JOB01510,Data Analyst,[],0
JOB01511,Web Developer,[],0
JOB01512,Business Analyst,[],0
JOB01513,Cloud Engineer,[],0
JOB01514,Software Engineer,[],0
JOB01515,HR Analyst,[],0
JOB01516,Cloud Engineer,[],0
JOB01517,Data Scientist,[],0
JOB01518,Data Scientist,[],0
JOB01519,SQL Developer,['Oracle'],1
JOB01520,Software Engineer,[],0
JOB01521,Full Stack Developer,[],0
JOB01522,Python Developer,[],0
JOB01523,Machine Learning Engineer,[],0
JOB01524,Financial Analyst,[],0
JOB01525,BI Analyst,[],0
JOB01526,Business Analyst,[],0
JOB01527,Data Engineer,[],0
JOB01528,Marketing Analyst,[],0
JOB01529,Web Developer,[],0
JOB01530,Web Developer,[],0
JOB01531,Power BI Developer,['Power BI'],1
JOB01532,Python Developer,[],0
JOB01533,Machine Learning Engineer,[],0
JOB01534,Python Developer,[],0
JOB01535,Software Engineer,[],0
JOB01536,Cloud Engineer,[],0
JOB01537,Financial Analyst,[],0
JOB01538,Web Developer,[],0
JOB01539,Database Administrator,[],0
JOB01540,Cloud Engineer,[],0
JOB01541,Marketing Analyst,[],0
JOB01542,Web Developer,[],0
JOB01543,BI Analyst,[],0
JOB01544,Cloud Engineer,[],0
JOB01545,Database Administrator,[],0
JOB01546,QA Engineer,[],0
JOB01547,QA Engineer,[],0
JOB01548,HR Analyst,[],0
JOB01549,DevOps Engineer,[],0
JOB01550,DevOps Engineer,[],0
JOB01551,BI Analyst,[],0
JOB01552,Data Scientist,[],0
JOB01553,Business Analyst,[],0
JOB01554,Machine Learning Engineer,[],0
JOB01555,Database Administrator,[],0
JOB01556,DevOps Engineer,[],0
JOB01557,Power BI Developer,['Power BI'],1
JOB01558,Marketing Analyst,[],0
JOB01559,HR Analyst,[],0
JOB01560,Full Stack Developer,[],0
JOB01561,Business Analyst,[],0
JOB01562,Business Analyst,[],0
JOB01563,DevOps Engineer,[],0
JOB01564,SQL Developer,[],0
JOB01565,Software Engineer,[],0
JOB01566,Machine Learning Engineer,[],0
JOB01567,Web Developer,[],0
JOB01568,Machine Learning Engineer,[],0
JOB01569,Full Stack Developer,[],0
JOB01570,Python Developer,[],0
JOB01571,DevOps Engineer,[],0
JOB01572,Power BI Developer,['Power BI'],1
JOB01573,Data Analyst,[],0
JOB01574,Business Analyst,[],0
JOB01575,Cloud Engineer,[],0
JOB01576,Marketing Analyst,[],0
JOB01577,Cloud Engineer,[],0
JOB01578,Full Stack Developer,[],0
JOB01579,QA Engineer,[],0
JOB01580,Data Analyst,[],0
JOB01581,Database Administrator,[],0
JOB01582,Data Engineer,[],0
JOB01583,HR Analyst,[],0
JOB01584,Power BI Developer,[],0
JOB01585,Financial Analyst,[],0
JOB01586,Data Engineer,[],0
JOB01587,SQL Developer,[],0
JOB01588,Database Administrator,[],0
JOB01589,Marketing Analyst,[],0
JOB01590,Data Engineer,[],0
JOB01591,Machine Learning Engineer,[],0
JOB01592,DevOps Engineer,[],0
JOB01593,Product Analyst,[],0
JOB01594,Product Analyst,[],0
JOB01595,Data Engineer,[],0
JOB01596,Business Analyst,[],0
JOB01597,Data Engineer,[],0
JOB01598,Business Analyst,[],0
JOB01599,Data Engineer,[],0
JOB01600,Product Analyst,[],0
JOB01601,Business Analyst,[],0
JOB01602,Product Analyst,[],0
JOB01603,Database Administrator,[],0
JOB01604,Web Developer,[],0
JOB01605,Business Analyst,[],0
JOB01606,Database Administrator,[],0
JOB01607,Financial Analyst,[],0
JOB01608,Financial Analyst,[],0
JOB01609,Web Developer,[],0
JOB01610,Data Engineer,[],0
JOB01611,DevOps Engineer,[],0
JOB01612,HR Analyst,[],0
JOB01613,QA Engineer,[],0
JOB01614,Financial Analyst,[],0
JOB01615,SQL Developer,[],0
JOB01616,Business Analyst,[],0
JOB01617,Data Analyst,[],0
JOB01618,Machine Learning Engineer,[],0
JOB01619,Python Developer,[],0
JOB01620,Data Scientist,[],0
JOB01621,Business Analyst,[],0
JOB01622,Machine Learning Engineer,[],0
JOB01623,Data Analyst,[],0
JOB01624,Data Engineer,[],0
JOB01625,Python Developer,[],0
JOB01626,Python Developer,[],0
JOB01627,Business Analyst,[],0
JOB01628,Business Analyst,[],0
JOB01629,Full Stack Developer,[],0
JOB01630,Web Developer,[],0
JOB01631,DevOps Engineer,[],0
JOB01632,BI Analyst,[],0
JOB01633,DevOps Engineer,[],0
JOB01634,Database Administrator,[],0
JOB01635,QA Engineer,[],0
JOB01636,QA Engineer,[],0
JOB01637,Marketing Analyst,[],0
JOB01638,SQL Developer,[],0
JOB01639,HR Analyst,[],0
JOB01640,BI Analyst,[],0
JOB01641,Full Stack Developer,[],0
JOB01642,Data Engineer,[],0
JOB01643,Database Administrator,[],0
JOB01644,SQL Developer,[],0
JOB01645,Cloud Engineer,[],0
JOB01646,Data Engineer,[],0
JOB01647,Data Engineer,[],0
JOB01648,Machine Learning Engineer,[],0
JOB01649,Data Scientist,[],0
JOB01650,DevOps Engineer,[],0
JOB01651,Software Engineer,[],0
JOB01652,HR Analyst,[],0
JOB01653,Financial Analyst,[],0
JOB01654,Power BI Developer,[],0
JOB01655,Data Engineer,[],0
JOB01656,DevOps Engineer,[],0
JOB01657,Python Developer,[],0
JOB01658,Software Engineer,[],0
JOB01659,Product Analyst,[],0
JOB01660,SQL Developer,[],0
JOB01661,HR Analyst,[],0
JOB01662,Financial Analyst,[],0
JOB01663,Web Developer,[],0
JOB01664,Marketing Analyst,[],0
JOB01665,SQL Developer,[],0
JOB01666,QA Engineer,[],0
JOB01667,Software Engineer,[],0
JOB01668,SQL Developer,[],0
JOB01669,Product Analyst,[],0
JOB01670,Full Stack Developer,[],0
JOB01671,DevOps Engineer,[],0
JOB01672,Full Stack Developer,[],0
JOB01673,DevOps Engineer,[],0
JOB01674,HR Analyst,[],0
JOB01675,Financial Analyst,[],0
JOB01676,Cloud Engineer,[],0
JOB01677,Data Engineer,[],0
JOB01678,Cloud Engineer,[],0
JOB01679,Data Engineer,[],0
JOB01680,Full Stack Developer,[],0
JOB01681,Power BI Developer,[],0
JOB01682,Marketing Analyst,[],0
JOB01683,Web Developer,[],0
JOB01684,Product Analyst,[],0
JOB01685,Financial Analyst,[],0
JOB01686,Business Analyst,[],0
JOB01687,Data Scientist,[],0
JOB01688,Product Analyst,[],0
JOB01689,Database Administrator,[],0
JOB01690,Machine Learning Engineer,[],0
JOB01691,Data Scientist,[],0
JOB01692,Power BI Developer,[],0
JOB01693,QA Engineer,[],0
JOB01694,DevOps Engineer,[],0
JOB01695,QA Engineer,[],0
JOB01696,Business Analyst,['Oracle'],1
JOB01697,Database Administrator,[],0
JOB01698,Product Analyst,[],0
JOB01699,Financial Analyst,[],0
JOB01700,Power BI Developer,[],0
JOB01701,HR Analyst,[],0
JOB01702,Software Engineer,[],0
JOB01703,DevOps Engineer,[],0
JOB01704,Software Engineer,[],0
JOB01705,Financial Analyst,[],0
JOB01706,Data Analyst,[],0
JOB01707,DevOps Engineer,[],0
JOB01708,Business Analyst,[],0
JOB01709,BI Analyst,[],0
JOB01710,BI Analyst,[],0
JOB01711,Machine Learning Engineer,[],0
JOB01712,Database Administrator,[],0
JOB01713,SQL Developer,[],0
JOB01714,Software Engineer,[],0
JOB01715,Marketing Analyst,[],0
JOB01716,Web Developer,[],0
JOB01717,Marketing Analyst,[],0
JOB01718,Software Engineer,[],0
JOB01719,Product Analyst,[],0
JOB01720,BI Analyst,[],0
JOB01721,Python Developer,[],0
JOB01722,Database Administrator,[],0
JOB01723,Business Analyst,[],0
JOB01724,Cloud Engineer,[],0
JOB01725,Financial Analyst,[],0
JOB01726,Full Stack Developer,[],0
JOB01727,Business Analyst,[],0
JOB01728,SQL Developer,[],0
JOB01729,QA Engineer,[],0
JOB01730,Data Scientist,[],0
JOB01731,HR Analyst,['HR Analytics'],1
JOB01732,DevOps Engineer,[],0
JOB01733,QA Engineer,[],0
JOB01734,Python Developer,[],0
JOB01735,HR Analyst,[],0
JOB01736,DevOps Engineer,[],0
JOB01737,Data Engineer,[],0
JOB01738,Cloud Engineer,[],0
JOB01739,BI Analyst,[],0
JOB01740,Data Engineer,[],0
JOB01741,Data Scientist,[],0
JOB01742,Business Analyst,[],0
JOB01743,BI Analyst,[],0
JOB01744,BI Analyst,[],0
JOB01745,Python Developer,[],0
JOB01746,Full Stack Developer,[],0
JOB01747,Financial Analyst,[],0
JOB01748,DevOps Engineer,[],0
JOB01749,Cloud Engineer,[],0
JOB01750,DevOps Engineer,[],0
JOB01751,Business Analyst,[],0
JOB01752,HR Analyst,[],0
JOB01753,Data Scientist,[],0
JOB01754,Software Engineer,[],0
JOB01755,Machine Learning Engineer,[],0
JOB01756,HR Analyst,[],0
JOB01757,Power BI Developer,[],0
JOB01758,Product Analyst,[],0
JOB01759,Web Developer,[],0
JOB01760,Data Scientist,[],0
JOB01761,Data Engineer,[],0
JOB01762,DevOps Engineer,[],0
JOB01763,Python Developer,[],0
JOB01764,Machine Learning Engineer,[],0
JOB01765,HR Analyst,[],0
JOB01766,Cloud Engineer,[],0
JOB01767,Product Analyst,[],0
JOB01768,Software Engineer,[],0
JOB01769,Data Engineer,[],0
JOB01770,BI Analyst,[],0
JOB01771,Database Administrator,[],0
JOB01772,BI Analyst,[],0
JOB01773,Full Stack Developer,[],0
JOB01774,Data Scientist,[],0
JOB01775,Data Engineer,[],0
JOB01776,Business Analyst,[],0
JOB01777,Power BI Developer,[],0
JOB01778,Data Analyst,[],0
JOB01779,SQL Developer,[],0
JOB01780,BI Analyst,[],0
JOB01781,Cloud Engineer,[],0
JOB01782,Cloud Engineer,[],0
JOB01783,Cloud Engineer,[],0
JOB01784,Web Developer,[],0
JOB01785,Full Stack Developer,[],0
JOB01786,Financial Analyst,[],0
JOB01787,Software Engineer,[],0
JOB01788,Cloud Engineer,[],0
JOB01789,Data Scientist,[],0
JOB01790,HR Analyst,['HR Analytics'],1
JOB01791,QA Engineer,[],0
JOB01792,Product Analyst,[],0
JOB01793,SQL Developer,[],0
JOB01794,Product Analyst,[],0
JOB01795,Machine Learning Engineer,[],0
JOB01796,Financial Analyst,[],0
JOB01797,Data Analyst,[],0
JOB01798,Power BI Developer,[],0
JOB01799,Full Stack Developer,[],0
JOB01800,Data Analyst,[],0
JOB01801,BI Analyst,[],0
JOB01802,Python Developer,[],0
JOB01803,Database Administrator,[],0
JOB01804,HR Analyst,[],0
JOB01805,Marketing Analyst,[],0
JOB01806,Data Scientist,[],0
JOB01807,Power BI Developer,[],0
JOB01808,HR Analyst,[],0
JOB01809,BI Analyst,[],0
JOB01810,Machine Learning Engineer,[],0
JOB01811,BI Analyst,[],0
JOB01812,Cloud Engineer,[],0
JOB01813,Database Administrator,[],0
JOB01814,QA Engineer,[],0
JOB01815,Data Analyst,[],0
JOB01816,DevOps Engineer,[],0
JOB01817,Software Engineer,[],0
JOB01818,Data Analyst,[],0
JOB01819,Marketing Analyst,[],0
JOB01820,QA Engineer,[],0
JOB01821,Marketing Analyst,[],0
JOB01822,Database Administrator,[],0
JOB01823,SQL Developer,[],0
JOB01824,SQL Developer,[],0
JOB01825,Cloud Engineer,[],0
JOB01826,Web Developer,[],0
JOB01827,Python Developer,[],0
JOB01828,Data Scientist,[],0
JOB01829,QA Engineer,[],0
JOB01830,SQL Developer,['Oracle'],1
JOB01831,Product Analyst,[],0
JOB01832,QA Engineer,[],0
JOB01833,QA Engineer,[],0
JOB01834,Financial Analyst,[],0
JOB01835,Cloud Engineer,[],0
JOB01836,Machine Learning Engineer,[],0
JOB01837,Python Developer,[],0
JOB01838,Database Administrator,[],0
JOB01839,DevOps Engineer,[],0
JOB01840,Full Stack Developer,[],0
JOB01841,Python Developer,[],0
JOB01842,Cloud Engineer,[],0
JOB01843,DevOps Engineer,[],0
JOB01844,Data Engineer,[],0
JOB01845,BI Analyst,[],0
JOB01846,DevOps Engineer,[],0
JOB01847,SQL Developer,[],0
JOB01848,Python Developer,[],0
JOB01849,Financial Analyst,[],0
JOB01850,Business Analyst,[],0
JOB01851,Financial Analyst,[],0
JOB01852,QA Engineer,[],0
JOB01853,Database Administrator,[],0
JOB01854,Software Engineer,[],0
JOB01855,Python Developer,[],0
JOB01856,Cloud Engineer,[],0
JOB01857,Data Engineer,[],0
JOB01858,Data Analyst,[],0
JOB01859,DevOps Engineer,[],0
JOB01860,Product Analyst,[],0
JOB01861,Full Stack Developer,[],0
JOB01862,HR Analyst,['HR Analytics'],1
JOB01863,HR Analyst,[],0
JOB01864,Data Analyst,[],0
JOB01865,Data Engineer,[],0
JOB01866,SQL Developer,[],0
JOB01867,SQL Developer,[],0
JOB01868,Data Scientist,[],0
JOB01869,Python Developer,[],0
JOB01870,HR Analyst,[],0
JOB01871,Power BI Developer,[],0
JOB01872,QA Engineer,[],0
JOB01873,Machine Learning Engineer,[],0
JOB01874,SQL Developer,[],0
JOB01875,HR Analyst,[],0
JOB01876,BI Analyst,[],0
JOB01877,Power BI Developer,[],0
JOB01878,Web Developer,[],0
JOB01879,Business Analyst,[],0
JOB01880,Python Developer,[],0
JOB01881,BI Analyst,[],0
JOB01882,Power BI Developer,[],0
JOB01883,Database Administrator,[],0
JOB01884,Product Analyst,[],0
JOB01885,Data Analyst,[],0
JOB01886,Financial Analyst,[],0
JOB01887,DevOps Engineer,[],0
JOB01888,Full Stack Developer,[],0
JOB01889,Marketing Analyst,[],0
JOB01890,Power BI Developer,[],0
JOB01891,Python Developer,[],0
JOB01892,Data Engineer,[],0
JOB01893,Business Analyst,[],0
JOB01894,Power BI Developer,[],0
JOB01895,QA Engineer,[],0
JOB01896,Machine Learning Engineer,[],0
JOB01897,Database Administrator,[],0
JOB01898,Marketing Analyst,[],0
JOB01899,Machine Learning Engineer,[],0
JOB01900,DevOps Engineer,[],0
JOB01901,Software Engineer,[],0
JOB01902,QA Engineer,[],0
JOB01903,Marketing Analyst,[],0
JOB01904,Software Engineer,[],0
JOB01905,DevOps Engineer,[],0
JOB01906,Software Engineer,[],0
JOB01907,Business Analyst,[],0
JOB01908,Python Developer,[],0
JOB01909,Web Developer,[],0
JOB01910,Software Engineer,[],0
JOB01911,Marketing Analyst,[],0
JOB01912,DevOps Engineer,[],0
JOB01913,Cloud Engineer,[],0
JOB01914,Financial Analyst,[],0
JOB01915,Web Developer,[],0
JOB01916,Cloud Engineer,[],0
JOB01917,BI Analyst,[],0
JOB01918,Web Developer,[],0
JOB01919,Full Stack Developer,[],0
JOB01920,QA Engineer,[],0
JOB01921,BI Analyst,[],0
JOB01922,Data Analyst,[],0
JOB01923,Data Engineer,[],0
JOB01924,BI Analyst,[],0
JOB01925,Python Developer,[],0
JOB01926,BI Analyst,[],0
JOB01927,Database Administrator,[],0
JOB01928,Python Developer,[],0
JOB01929,HR Analyst,[],0
JOB01930,SQL Developer,[],0
JOB01931,Power BI Developer,[],0
JOB01932,Cloud Engineer,[],0
JOB01933,Power BI Developer,[],0
JOB01934,HR Analyst,['HR Analytics'],1
JOB01935,Web Developer,[],0
JOB01936,DevOps Engineer,[],0
JOB01937,Data Engineer,[],0
JOB01938,Cloud Engineer,[],0
JOB01939,Database Administrator,[],0
JOB01940,Product Analyst,[],0
JOB01941,Machine Learning Engineer,[],0
JOB01942,QA Engineer,[],0
JOB01943,Data Scientist,[],0
JOB01944,Software Engineer,[],0
JOB01945,Data Analyst,[],0
JOB01946,HR Analyst,[],0
JOB01947,Software Engineer,[],0
JOB01948,BI Analyst,[],0
JOB01949,Python Developer,[],0
JOB01950,Machine Learning Engineer,[],0
JOB01951,Financial Analyst,[],0
JOB01952,Python Developer,[],0
JOB01953,Power BI Developer,['Power BI'],1
JOB01954,Machine Learning Engineer,[],0
JOB01955,BI Analyst,[],0
JOB01956,Power BI Developer,[],0
JOB01957,SQL Developer,[],0
JOB01958,Software Engineer,[],0
JOB01959,Marketing Analyst,[],0
JOB01960,DevOps Engineer,[],0
JOB01961,Machine Learning Engineer,[],0
JOB01962,HR Analyst,[],0
JOB01963,Software Engineer,[],0
JOB01964,Business Analyst,[],0
JOB01965,Marketing Analyst,[],0
JOB01966,DevOps Engineer,[],0
JOB01967,Power BI Developer,[],0
JOB01968,Database Administrator,[],0
JOB01969,Business Analyst,[],0
JOB01970,Database Administrator,[],0
JOB01971,BI Analyst,[],0
JOB01972,Business Analyst,[],0
JOB01973,Data Scientist,[],0
JOB01974,SQL Developer,[],0
JOB01975,Python Developer,[],0
JOB01976,Software Engineer,[],0
JOB01977,SQL Developer,[],0
JOB01978,SQL Developer,['Oracle'],1
JOB01979,Software Engineer,[],0
JOB01980,Python Developer,[],0
JOB01981,DevOps Engineer,[],0
JOB01982,Power BI Developer,['Power BI'],1
JOB01983,Financial Analyst,[],0
JOB01984,Data Scientist,[],0
JOB01985,HR Analyst,[],0
JOB01986,Business Analyst,[],0
JOB01987,HR Analyst,[],0
JOB01988,Marketing Analyst,[],0
JOB01989,Data Analyst,[],0
JOB01990,Software Engineer,[],0
JOB01991,Full Stack Developer,[],0
JOB01992,Web Developer,[],0
JOB01993,Web Developer,[],0
JOB01994,QA Engineer,[],0
JOB01995,Financial Analyst,[],0
JOB01996,HR Analyst,[],0
JOB01997,Power BI Developer,[],0
JOB01998,Software Engineer,[],0
JOB01999,BI Analyst,[],0
JOB02000,HR Analyst,['HR Analytics'],1
JOB02001,Software Engineer,[],0
JOB02002,Full Stack Developer,[],0
JOB02003,SQL Developer,[],0
JOB02004,Business Analyst,[],0
JOB02005,Marketing Analyst,[],0
JOB02006,Cloud Engineer,[],0
JOB02007,Software Engineer,[],0
JOB02008,Full Stack Developer,[],0
JOB02009,Data Analyst,[],0
JOB02010,SQL Developer,[],0
JOB02011,QA Engineer,[],0
JOB02012,Machine Learning Engineer,[],0
JOB02013,Python Developer,[],0
JOB02014,Machine Learning Engineer,[],0
JOB02015,Financial Analyst,[],0
JOB02016,HR Analyst,[],0
JOB02017,Data Scientist,[],0
JOB02018,SQL Developer,[],0
JOB02019,Python Developer,[],0
JOB02020,Financial Analyst,[],0
JOB02021,Cloud Engineer,[],0
JOB02022,Data Scientist,[],0
JOB02023,DevOps Engineer,[],0
JOB02024,Power BI Developer,[],0
JOB02025,Software Engineer,[],0
JOB02026,Cloud Engineer,[],0
JOB02027,Marketing Analyst,[],0
JOB02028,BI Analyst,[],0
JOB02029,Data Analyst,[],0
JOB02030,Database Administrator,[],0
JOB02031,Python Developer,[],0
JOB02032,SQL Developer,[],0
JOB02033,Financial Analyst,[],0
JOB02034,QA Engineer,[],0
JOB02035,SQL Developer,[],0
JOB02036,Data Scientist,[],0
JOB02037,Full Stack Developer,[],0
JOB02038,Web Developer,[],0
JOB02039,Data Scientist,['Oracle'],1
JOB02040,Data Analyst,[],0
JOB02041,Database Administrator,[],0
JOB02042,Database Administrator,[],0
JOB02043,Data Engineer,[],0
JOB02044,HR Analyst,['HR Analytics'],1
JOB02045,Power BI Developer,[],0
JOB02046,Software Engineer,[],0
JOB02047,Software Engineer,[],0
JOB02048,DevOps Engineer,[],0
JOB02049,Data Engineer,[],0
JOB02050,Data Scientist,[],0
JOB02051,Marketing Analyst,[],0
JOB02052,Python Developer,[],0
JOB02053,Full Stack Developer,[],0
JOB02054,BI Analyst,[],0
JOB02055,Web Developer,[],0
JOB02056,QA Engineer,[],0
JOB02057,QA Engineer,[],0
JOB02058,Marketing Analyst,[],0
JOB02059,HR Analyst,[],0
JOB02060,Cloud Engineer,[],0
JOB02061,Database Administrator,[],0
JOB02062,Financial Analyst,[],0
JOB02063,DevOps Engineer,[],0
JOB02064,Data Engineer,[],0
JOB02065,Data Analyst,[],0
JOB02066,Product Analyst,[],0
JOB02067,Cloud Engineer,[],0
JOB02068,Database Administrator,[],0
JOB02069,Database Administrator,[],0
JOB02070,Power BI Developer,[],0
JOB02071,Marketing Analyst,[],0
JOB02072,Software Engineer,[],0
JOB02073,BI Analyst,[],0
JOB02074,Product Analyst,[],0
JOB02075,Product Analyst,[],0
JOB02076,Web Developer,[],0
JOB02077,Financial Analyst,[],0
JOB02078,Database Administrator,[],0
JOB02079,Data Engineer,[],0
JOB02080,QA Engineer,[],0
JOB02081,Marketing Analyst,[],0
JOB02082,Cloud Engineer,[],0
JOB02083,Database Administrator,[],0
JOB02084,HR Analyst,[],0
JOB02085,Machine Learning Engineer,[],0
JOB02086,SQL Developer,[],0
JOB02087,QA Engineer,[],0
JOB02088,Python Developer,[],0
JOB02089,HR Analyst,['HR Analytics'],1
JOB02090,Web Developer,[],0
JOB02091,Data Analyst,[],0
JOB02092,Machine Learning Engineer,[],0
JOB02093,Data Scientist,[],0
JOB02094,Software Engineer,[],0
JOB02095,Data Analyst,[],0
JOB02096,QA Engineer,[],0
JOB02097,Data Analyst,[],0
JOB02098,QA Engineer,[],0
JOB02099,SQL Developer,[],0
JOB02100,Data Analyst,[],0
JOB02101,DevOps Engineer,[],0
JOB02102,BI Analyst,[],0
JOB02103,Data Engineer,[],0
JOB02104,Software Engineer,[],0
JOB02105,Full Stack Developer,[],0
JOB02106,HR Analyst,['HR Analytics'],1
JOB02107,Full Stack Developer,[],0
JOB02108,Data Scientist,[],0
JOB02109,QA Engineer,[],0
JOB02110,Database Administrator,['Oracle'],1
JOB02111,Marketing Analyst,[],0
JOB02112,Web Developer,[],0
JOB02113,Financial Analyst,[],0
JOB02114,DevOps Engineer,[],0
JOB02115,DevOps Engineer,[],0
JOB02116,HR Analyst,[],0
JOB02117,Database Administrator,[],0
JOB02118,Full Stack Developer,[],0
JOB02119,Data Analyst,[],0
JOB02120,Financial Analyst,[],0
JOB02121,Product Analyst,[],0
JOB02122,Database Administrator,[],0
JOB02123,SQL Developer,[],0
JOB02124,Marketing Analyst,[],0
JOB02125,Product Analyst,[],0
JOB02126,DevOps Engineer,[],0
JOB02127,Software Engineer,[],0
JOB02128,Python Developer,[],0
JOB02129,Web Developer,[],0
JOB02130,Full Stack Developer,[],0
JOB02131,Data Analyst,[],0
JOB02132,Business Analyst,[],0
JOB02133,Data Scientist,[],0
JOB02134,Software Engineer,[],0
JOB02135,HR Analyst,[],0
JOB02136,QA Engineer,[],0
JOB02137,DevOps Engineer,[],0
JOB02138,Machine Learning Engineer,[],0
JOB02139,Database Administrator,[],0
JOB02140,Financial Analyst,['Oracle'],1
JOB02141,Software Engineer,[],0
JOB02142,QA Engineer,[],0
JOB02143,Data Engineer,[],0
JOB02144,SQL Developer,[],0
JOB02145,Financial Analyst,[],0
JOB02146,Financial Analyst,[],0
JOB02147,Software Engineer,[],0
JOB02148,DevOps Engineer,[],0
JOB02149,Power BI Developer,[],0
JOB02150,Data Scientist,[],0
JOB02151,Cloud Engineer,[],0
JOB02152,QA Engineer,[],0
JOB02153,Cloud Engineer,[],0
JOB02154,DevOps Engineer,[],0
JOB02155,QA Engineer,[],0
JOB02156,SQL Developer,[],0
JOB02157,Power BI Developer,[],0
JOB02158,Software Engineer,[],0
JOB02159,Data Analyst,[],0
JOB02160,Marketing Analyst,[],0
JOB02161,Full Stack Developer,[],0
JOB02162,Python Developer,[],0
JOB02163,Product Analyst,[],0
JOB02164,QA Engineer,[],0
JOB02165,Web Developer,[],0
JOB02166,Web Developer,[],0
JOB02167,Power BI Developer,['Power BI'],1
JOB02168,Financial Analyst,[],0
JOB02169,Full Stack Developer,[],0
JOB02170,Web Developer,[],0
JOB02171,Web Developer,[],0
JOB02172,Power BI Developer,[],0
JOB02173,Data Engineer,[],0
JOB02174,HR Analyst,[],0
JOB02175,Python Developer,[],0
JOB02176,Web Developer,[],0
JOB02177,Data Scientist,[],0
JOB02178,Data Analyst,[],0
JOB02179,BI Analyst,[],0
JOB02180,Web Developer,[],0
JOB02181,BI Analyst,[],0
JOB02182,Cloud Engineer,[],0
JOB02183,Data Engineer,[],0
JOB02184,Marketing Analyst,[],0
JOB02185,DevOps Engineer,[],0
JOB02186,Full Stack Developer,[],0
JOB02187,HR Analyst,[],0
JOB02188,Web Developer,[],0
JOB02189,Power BI Developer,[],0
JOB02190,Full Stack Developer,[],0
JOB02191,Machine Learning Engineer,[],0
JOB02192,Data Analyst,[],0
JOB02193,Marketing Analyst,[],0
JOB02194,Python Developer,[],0
JOB02195,Full Stack Developer,[],0
JOB02196,DevOps Engineer,[],0
JOB02197,Data Engineer,[],0
JOB02198,Power BI Developer,[],0
JOB02199,Power BI Developer,[],0
JOB02200,Data Engineer,[],0
JOB02201,Business Analyst,[],0
JOB02202,BI Analyst,[],0
JOB02203,Database Administrator,[],0
JOB02204,Product Analyst,[],0
JOB02205,Data Analyst,[],0
JOB02206,DevOps Engineer,[],0
JOB02207,Data Engineer,[],0
JOB02208,Database Administrator,[],0
JOB02209,Full Stack Developer,[],0
JOB02210,Data Analyst,[],0
JOB02211,Data Engineer,[],0
JOB02212,Business Analyst,[],0
JOB02213,Financial Analyst,[],0
JOB02214,QA Engineer,[],0
JOB02215,QA Engineer,[],0
JOB02216,Data Engineer,[],0
JOB02217,Business Analyst,[],0
JOB02218,Web Developer,[],0
JOB02219,Data Engineer,[],0
JOB02220,Data Scientist,[],0
JOB02221,Data Engineer,[],0
JOB02222,Financial Analyst,[],0
JOB02223,Web Developer,[],0
JOB02224,QA Engineer,[],0
JOB02225,Software Engineer,[],0
JOB02226,Financial Analyst,[],0
JOB02227,QA Engineer,[],0
JOB02228,QA Engineer,[],0
JOB02229,Financial Analyst,[],0
JOB02230,Software Engineer,[],0
JOB02231,Financial Analyst,[],0
JOB02232,Financial Analyst,[],0
JOB02233,Data Engineer,[],0
JOB02234,HR Analyst,[],0
JOB02235,Software Engineer,[],0
JOB02236,Database Administrator,[],0
JOB02237,SQL Developer,[],0
JOB02238,BI Analyst,[],0
JOB02239,HR Analyst,['HR Analytics'],1
JOB02240,Database Administrator,[],0
JOB02241,Data Scientist,[],0
JOB02242,Marketing Analyst,[],0
JOB02243,Data Analyst,[],0
JOB02244,Machine Learning Engineer,[],0
JOB02245,Marketing Analyst,[],0
JOB02246,HR Analyst,[],0
JOB02247,Database Administrator,[],0
JOB02248,HR Analyst,[],0
JOB02249,DevOps Engineer,[],0
JOB02250,Data Analyst,[],0
JOB02251,Data Analyst,[],0
JOB02252,Full Stack Developer,[],0
JOB02253,Power BI Developer,[],0
JOB02254,Data Scientist,[],0
JOB02255,Cloud Engineer,[],0
JOB02256,Data Engineer,[],0
JOB02257,Product Analyst,[],0
JOB02258,Web Developer,[],0
JOB02259,Machine Learning Engineer,[],0
JOB02260,Data Scientist,[],0
JOB02261,Product Analyst,[],0
JOB02262,Software Engineer,[],0
JOB02263,Data Analyst,[],0
JOB02264,SQL Developer,[],0
JOB02265,Web Developer,[],0
JOB02266,SQL Developer,[],0
JOB02267,Data Analyst,[],0
JOB02268,Data Scientist,[],0
JOB02269,Financial Analyst,[],0
JOB02270,Database Administrator,[],0
JOB02271,Business Analyst,[],0
JOB02272,Cloud Engineer,[],0
JOB02273,DevOps Engineer,[],0
JOB02274,Data Scientist,[],0
JOB02275,Machine Learning Engineer,[],0
JOB02276,QA Engineer,[],0
JOB02277,Product Analyst,[],0
JOB02278,Business Analyst,[],0
JOB02279,Software Engineer,[],0
JOB02280,Financial Analyst,[],0
JOB02281,Data Scientist,[],0
JOB02282,Financial Analyst,[],0
JOB02283,Marketing Analyst,[],0
JOB02284,SQL Developer,[],0
JOB02285,Power BI Developer,[],0
JOB02286,Data Engineer,[],0
JOB02287,QA Engineer,[],0
JOB02288,QA Engineer,[],0
JOB02289,Business Analyst,[],0
JOB02290,QA Engineer,[],0
JOB02291,Data Engineer,[],0
JOB02292,BI Analyst,[],0
JOB02293,Software Engineer,[],0
JOB02294,Cloud Engineer,[],0
JOB02295,Business Analyst,[],0
JOB02296,Machine Learning Engineer,[],0
JOB02297,Financial Analyst,[],0
JOB02298,HR Analyst,[],0
JOB02299,Financial Analyst,[],0
JOB02300,Power BI Developer,['Power BI'],1
JOB02301,BI Analyst,[],0
JOB02302,Data Analyst,[],0
JOB02303,Product Analyst,[],0
JOB02304,Software Engineer,[],0
JOB02305,SQL Developer,[],0
JOB02306,QA Engineer,[],0
JOB02307,Financial Analyst,[],0
JOB02308,Financial Analyst,[],0
JOB02309,Data Scientist,[],0
JOB02310,HR Analyst,['HR Analytics'],1
JOB02311,Web Developer,[],0
JOB02312,QA Engineer,[],0
JOB02313,Database Administrator,[],0
JOB02314,Business Analyst,[],0
JOB02315,Financial Analyst,[],0
JOB02316,QA Engineer,[],0
JOB02317,Product Analyst,[],0
JOB02318,SQL Developer,[],0
JOB02319,SQL Developer,[],0
JOB02320,Web Developer,[],0
JOB02321,Data Engineer,[],0
JOB02322,Python Developer,[],0
JOB02323,Python Developer,[],0
JOB02324,Python Developer,[],0
JOB02325,Full Stack Developer,[],0
JOB02326,Full Stack Developer,[],0
JOB02327,SQL Developer,[],0
JOB02328,Software Engineer,[],0
JOB02329,Business Analyst,[],0
JOB02330,Marketing Analyst,[],0
JOB02331,Cloud Engineer,[],0
JOB02332,Financial Analyst,[],0
JOB02333,Full Stack Developer,[],0
JOB02334,HR Analyst,[],0
JOB02335,Data Analyst,[],0
JOB02336,Data Scientist,[],0
JOB02337,Software Engineer,[],0
JOB02338,DevOps Engineer,[],0
JOB02339,DevOps Engineer,[],0
JOB02340,Database Administrator,[],0
JOB02341,Business Analyst,[],0
JOB02342,BI Analyst,[],0
JOB02343,Power BI Developer,['Power BI'],1
JOB02344,Marketing Analyst,[],0
JOB02345,Python Developer,[],0
JOB02346,Business Analyst,[],0
JOB02347,Data Analyst,[],0
JOB02348,Cloud Engineer,[],0
JOB02349,Product Analyst,[],0
JOB02350,Product Analyst,[],0
JOB02351,Marketing Analyst,[],0
JOB02352,Software Engineer,[],0
JOB02353,Data Engineer,[],0
JOB02354,BI Analyst,[],0
JOB02355,HR Analyst,['HR Analytics'],1
JOB02356,BI Analyst,[],0
JOB02357,Database Administrator,[],0
JOB02358,Data Scientist,['Oracle'],1
JOB02359,Web Developer,[],0
JOB02360,Software Engineer,[],0
JOB02361,Business Analyst,[],0
JOB02362,Marketing Analyst,[],0
JOB02363,Software Engineer,[],0
JOB02364,Machine Learning Engineer,[],0
JOB02365,SQL Developer,['Oracle'],1
JOB02366,Data Engineer,[],0
JOB02367,Machine Learning Engineer,[],0
JOB02368,SQL Developer,[],0
JOB02369,Machine Learning Engineer,[],0
JOB02370,Database Administrator,['Oracle'],1
JOB02371,Data Engineer,[],0
JOB02372,Full Stack Developer,[],0
JOB02373,Machine Learning Engineer,[],0
JOB02374,Web Developer,[],0
JOB02375,Data Engineer,[],0
JOB02376,HR Analyst,[],0
JOB02377,Business Analyst,[],0
JOB02378,BI Analyst,[],0
JOB02379,Data Engineer,[],0
JOB02380,Business Analyst,[],0
JOB02381,Power BI Developer,[],0
JOB02382,Data Scientist,[],0
JOB02383,Database Administrator,[],0
JOB02384,Financial Analyst,[],0
JOB02385,Marketing Analyst,[],0
JOB02386,Marketing Analyst,[],0
JOB02387,Product Analyst,[],0
JOB02388,Full Stack Developer,[],0
JOB02389,Full Stack Developer,[],0
JOB02390,QA Engineer,[],0
JOB02391,Power BI Developer,[],0
JOB02392,DevOps Engineer,[],0
JOB02393,Software Engineer,[],0
JOB02394,Software Engineer,[],0
JOB02395,QA Engineer,[],0
JOB02396,Web Developer,[],0
JOB02397,Data Engineer,[],0
JOB02398,Machine Learning Engineer,[],0
JOB02399,DevOps Engineer,[],0
JOB02400,Web Developer,[],0
JOB02401,Data Engineer,[],0
JOB02402,Product Analyst,[],0
JOB02403,Data Scientist,[],0
JOB02404,SQL Developer,[],0
JOB02405,SQL Developer,[],0
JOB02406,Cloud Engineer,[],0
JOB02407,Business Analyst,[],0
JOB02408,Marketing Analyst,[],0
JOB02409,Power BI Developer,['Power BI'],1
JOB02410,Data Analyst,[],0
JOB02411,Data Scientist,[],0
JOB02412,Data Engineer,[],0
JOB02413,Software Engineer,[],0
JOB02414,Financial Analyst,[],0
JOB02415,HR Analyst,[],0
JOB02416,BI Analyst,[],0
JOB02417,Power BI Developer,[],0
JOB02418,Power BI Developer,['Power BI'],1
JOB02419,SQL Developer,[],0
JOB02420,SQL Developer,[],0
JOB02421,HR Analyst,[],0
JOB02422,Data Analyst,[],0
JOB02423,Software Engineer,[],0
JOB02424,SQL Developer,[],0
JOB02425,QA Engineer,[],0
JOB02426,Power BI Developer,[],0
JOB02427,Business Analyst,[],0
JOB02428,Financial Analyst,[],0
JOB02429,Python Developer,[],0
JOB02430,Machine Learning Engineer,[],0
JOB02431,Financial Analyst,[],0
JOB02432,Machine Learning Engineer,[],0
JOB02433,Database Administrator,[],0
JOB02434,Power BI Developer,[],0
JOB02435,Web Developer,[],0
JOB02436,Product Analyst,[],0
JOB02437,Database Administrator,[],0
JOB02438,Product Analyst,[],0
JOB02439,Data Scientist,[],0
JOB02440,HR Analyst,[],0
JOB02441,Full Stack Developer,[],0
JOB02442,Business Analyst,[],0
JOB02443,Full Stack Developer,[],0
JOB02444,Full Stack Developer,[],0
JOB02445,HR Analyst,[],0
JOB02446,Python Developer,[],0
JOB02447,SQL Developer,[],0
JOB02448,Data Scientist,[],0
JOB02449,Full Stack Developer,[],0
JOB02450,Software Engineer,[],0
JOB02451,Product Analyst,[],0
JOB02452,Web Developer,[],0
JOB02453,Full Stack Developer,[],0
JOB02454,Python Developer,[],0
JOB02455,Cloud Engineer,[],0
JOB02456,SQL Developer,[],0
JOB02457,Software Engineer,[],0
JOB02458,Product Analyst,[],0
JOB02459,Data Scientist,[],0
JOB02460,Power BI Developer,[],0
JOB02461,Database Administrator,[],0
JOB02462,Product Analyst,[],0
JOB02463,Power BI Developer,[],0
JOB02464,Cloud Engineer,[],0
JOB02465,Machine Learning Engineer,[],0
JOB02466,QA Engineer,[],0
JOB02467,DevOps Engineer,[],0
JOB02468,SQL Developer,[],0
JOB02469,Marketing Analyst,[],0
JOB02470,Full Stack Developer,[],0
JOB02471,Business Analyst,[],0
JOB02472,Product Analyst,[],0
JOB02473,Software Engineer,[],0
JOB02474,Software Engineer,[],0
JOB02475,HR Analyst,[],0
JOB02476,Database Administrator,[],0
JOB02477,BI Analyst,[],0
JOB02478,DevOps Engineer,[],0
JOB02479,Software Engineer,[],0
JOB02480,Web Developer,[],0
JOB02481,Database Administrator,[],0
JOB02482,Business Analyst,[],0
JOB02483,DevOps Engineer,[],0
JOB02484,Software Engineer,[],0
JOB02485,DevOps Engineer,[],0
JOB02486,BI Analyst,[],0
JOB02487,Software Engineer,[],0
JOB02488,Data Analyst,[],0
JOB02489,Data Scientist,[],0
JOB02490,Product Analyst,[],0
JOB02491,Marketing Analyst,[],0
JOB02492,HR Analyst,[],0
JOB02493,Power BI Developer,[],0
JOB02494,Marketing Analyst,[],0
JOB02495,Product Analyst,[],0
JOB02496,HR Analyst,[],0
JOB02497,Data Analyst,[],0
JOB02498,Python Developer,[],0
JOB02499,Web Developer,[],0
JOB02500,Web Developer,[],0
JOB02501,Cloud Engineer,[],0
JOB02502,Web Developer,[],0
JOB02503,Cloud Engineer,[],0
JOB02504,Full Stack Developer,[],0
JOB02505,Python Developer,[],0
JOB02506,Machine Learning Engineer,[],0
JOB02507,Data Analyst,[],0
JOB02508,Python Developer,[],0
JOB02509,Marketing Analyst,[],0
JOB02510,BI Analyst,[],0
JOB02511,SQL Developer,[],0
JOB02512,QA Engineer,[],0
JOB02513,SQL Developer,[],0
JOB02514,QA Engineer,[],0
JOB02515,Cloud Engineer,[],0
JOB02516,Financial Analyst,[],0
JOB02517,Software Engineer,[],0
JOB02518,Python Developer,[],0
JOB02519,Business Analyst,[],0
JOB02520,Machine Learning Engineer,[],0
JOB02521,HR Analyst,[],0
JOB02522,Full Stack Developer,[],0
JOB02523,Database Administrator,[],0
JOB02524,Marketing Analyst,[],0
JOB02525,Data Analyst,[],0
JOB02526,QA Engineer,[],0
JOB02527,Data Analyst,[],0
JOB02528,SQL Developer,[],0
JOB02529,Web Developer,[],0
JOB02530,Product Analyst,[],0
JOB02531,Data Analyst,[],0
JOB02532,Data Engineer,[],0
JOB02533,Cloud Engineer,[],0
JOB02534,Data Engineer,[],0
JOB02535,Software Engineer,[],0
JOB02536,Data Analyst,[],0
JOB02537,Data Analyst,[],0
JOB02538,DevOps Engineer,[],0
JOB02539,Data Engineer,[],0
JOB02540,HR Analyst,['HR Analytics'],1
JOB02541,Business Analyst,[],0
JOB02542,Power BI Developer,[],0
JOB02543,Product Analyst,[],0
JOB02544,Software Engineer,[],0
JOB02545,SQL Developer,[],0
JOB02546,HR Analyst,[],0
JOB02547,Financial Analyst,[],0
JOB02548,Data Analyst,[],0
JOB02549,HR Analyst,['HR Analytics'],1
JOB02550,SQL Developer,[],0
JOB02551,Full Stack Developer,[],0
JOB02552,Software Engineer,[],0
JOB02553,Data Analyst,[],0
JOB02554,DevOps Engineer,[],0
JOB02555,HR Analyst,[],0
JOB02556,Cloud Engineer,[],0
JOB02557,QA Engineer,[],0
JOB02558,Business Analyst,[],0
JOB02559,Full Stack Developer,[],0
JOB02560,Data Scientist,[],0
JOB02561,Full Stack Developer,[],0
JOB02562,Software Engineer,[],0
JOB02563,Web Developer,[],0
JOB02564,Marketing Analyst,[],0
JOB02565,Data Analyst,[],0
JOB02566,Data Analyst,[],0
JOB02567,Machine Learning Engineer,[],0
JOB02568,Machine Learning Engineer,[],0
JOB02569,Software Engineer,[],0
JOB02570,Data Scientist,[],0
JOB02571,Python Developer,[],0
JOB02572,Marketing Analyst,[],0
JOB02573,Cloud Engineer,[],0
JOB02574,Python Developer,[],0
JOB02575,Data Scientist,[],0
JOB02576,Python Developer,[],0
JOB02577,QA Engineer,[],0
JOB02578,Web Developer,[],0
JOB02579,Data Engineer,[],0
JOB02580,DevOps Engineer,[],0
JOB02581,HR Analyst,[],0
JOB02582,Full Stack Developer,[],0
JOB02583,Cloud Engineer,[],0
JOB02584,Software Engineer,[],0
JOB02585,Software Engineer,[],0
JOB02586,Cloud Engineer,[],0
JOB02587,Product Analyst,[],0
JOB02588,Power BI Developer,[],0
JOB02589,Full Stack Developer,[],0
JOB02590,BI Analyst,[],0
JOB02591,SQL Developer,['Oracle'],1
JOB02592,Business Analyst,[],0
JOB02593,Data Analyst,[],0
JOB02594,Machine Learning Engineer,[],0
JOB02595,Cloud Engineer,[],0
JOB02596,Financial Analyst,[],0
JOB02597,Product Analyst,[],0
JOB02598,Machine Learning Engineer,[],0
JOB02599,Web Developer,[],0
JOB02600,Full Stack Developer,[],0
JOB02601,DevOps Engineer,[],0
JOB02602,QA Engineer,[],0
JOB02603,Full Stack Developer,[],0
JOB02604,Business Analyst,[],0
JOB02605,Web Developer,[],0
JOB02606,Web Developer,[],0
JOB02607,Full Stack Developer,[],0
JOB02608,Software Engineer,[],0
JOB02609,Power BI Developer,['Power BI'],1
JOB02610,Data Engineer,[],0
JOB02611,Database Administrator,[],0
JOB02612,QA Engineer,[],0
JOB02613,Data Engineer,[],0
JOB02614,Python Developer,[],0
JOB02615,Full Stack Developer,[],0
JOB02616,Python Developer,[],0
JOB02617,Data Engineer,[],0
JOB02618,Full Stack Developer,[],0
JOB02619,Machine Learning Engineer,[],0
JOB02620,Product Analyst,[],0
JOB02621,Product Analyst,[],0
JOB02622,Cloud Engineer,[],0
JOB02623,Data Scientist,[],0
JOB02624,Web Developer,[],0
JOB02625,Product Analyst,[],0
JOB02626,Marketing Analyst,[],0
JOB02627,Cloud Engineer,[],0
JOB02628,Cloud Engineer,[],0
JOB02629,SQL Developer,[],0
JOB02630,DevOps Engineer,[],0
JOB02631,Power BI Developer,['Power BI'],1
JOB02632,Data Analyst,[],0
JOB02633,Data Scientist,[],0
JOB02634,Web Developer,[],0
JOB02635,Full Stack Developer,[],0
JOB02636,Database Administrator,[],0
JOB02637,Marketing Analyst,[],0
JOB02638,Marketing Analyst,[],0
JOB02639,Cloud Engineer,[],0
JOB02640,Product Analyst,[],0
JOB02641,Data Analyst,[],0
JOB02642,Marketing Analyst,[],0
JOB02643,QA Engineer,[],0
JOB02644,Financial Analyst,[],0
JOB02645,Software Engineer,[],0
JOB02646,Cloud Engineer,[],0
JOB02647,Python Developer,[],0
JOB02648,Product Analyst,[],0
JOB02649,QA Engineer,[],0
JOB02650,Machine Learning Engineer,[],0
JOB02651,Marketing Analyst,[],0
JOB02652,Marketing Analyst,[],0
JOB02653,Machine Learning Engineer,[],0
JOB02654,Data Scientist,[],0
JOB02655,Data Scientist,[],0
JOB02656,SQL Developer,[],0
JOB02657,Business Analyst,[],0
JOB02658,BI Analyst,[],0
JOB02659,Data Analyst,[],0
JOB02660,Data Scientist,[],0
JOB02661,Web Developer,[],0
JOB02662,Full Stack Developer,[],0
JOB02663,BI Analyst,[],0
JOB02664,DevOps Engineer,[],0
JOB02665,Full Stack Developer,[],0
JOB02666,Product Analyst,[],0
JOB02667,Full Stack Developer,[],0
JOB02668,HR Analyst,[],0
JOB02669,Software Engineer,[],0
JOB02670,Power BI Developer,[],0
JOB02671,Software Engineer,[],0
JOB02672,Machine Learning Engineer,[],0
JOB02673,Financial Analyst,[],0
JOB02674,Cloud Engineer,[],0
JOB02675,Python Developer,[],0
JOB02676,HR Analyst,['HR Analytics'],1
JOB02677,Machine Learning Engineer,[],0
JOB02678,Data Engineer,[],0
JOB02679,Financial Analyst,[],0
JOB02680,Web Developer,[],0
JOB02681,Software Engineer,[],0
JOB02682,Cloud Engineer,[],0
JOB02683,HR Analyst,[],0
JOB02684,Data Analyst,[],0
JOB02685,QA Engineer,[],0
JOB02686,Database Administrator,[],0
JOB02687,Web Developer,[],0
JOB02688,HR Analyst,[],0
JOB02689,Data Analyst,['Oracle'],1
JOB02690,DevOps Engineer,[],0
JOB02691,Data Engineer,[],0
JOB02692,Data Engineer,[],0
JOB02693,Product Analyst,[],0
JOB02694,Software Engineer,[],0
JOB02695,Data Scientist,[],0
JOB02696,Marketing Analyst,[],0
JOB02697,Product Analyst,[],0
JOB02698,Cloud Engineer,[],0
JOB02699,Python Developer,[],0
JOB02700,Product Analyst,[],0
JOB02701,Business Analyst,[],0
JOB02702,BI Analyst,[],0
JOB02703,Full Stack Developer,[],0
JOB02704,DevOps Engineer,[],0
JOB02705,Machine Learning Engineer,[],0
JOB02706,Software Engineer,[],0
JOB02707,Business Analyst,[],0
JOB02708,Cloud Engineer,[],0
JOB02709,Python Developer,[],0
JOB02710,Python Developer,[],0
JOB02711,SQL Developer,[],0
JOB02712,Business Analyst,[],0
JOB02713,Software Engineer,[],0
JOB02714,Data Analyst,[],0
JOB02715,Full Stack Developer,[],0
JOB02716,BI Analyst,[],0
JOB02717,Data Scientist,[],0
JOB02718,Full Stack Developer,[],0
JOB02719,BI Analyst,[],0
JOB02720,Business Analyst,[],0
JOB02721,Power BI Developer,[],0
JOB02722,HR Analyst,[],0
JOB02723,Software Engineer,[],0
JOB02724,Web Developer,[],0
JOB02725,Database Administrator,[],0
JOB02726,Financial Analyst,[],0
JOB02727,DevOps Engineer,[],0
JOB02728,Python Developer,[],0
JOB02729,Machine Learning Engineer,[],0
JOB02730,Business Analyst,[],0
JOB02731,Web Developer,[],0
JOB02732,Web Developer,[],0
JOB02733,QA Engineer,[],0
JOB02734,Data Scientist,[],0
JOB02735,Business Analyst,[],0
JOB02736,HR Analyst,['HR Analytics'],1
JOB02737,HR Analyst,[],0
JOB02738,Data Scientist,[],0
JOB02739,Data Engineer,[],0
JOB02740,Marketing Analyst,[],0
JOB02741,QA Engineer,[],0
JOB02742,Database Administrator,[],0
JOB02743,Financial Analyst,[],0
JOB02744,Database Administrator,[],0
JOB02745,Full Stack Developer,[],0
JOB02746,Database Administrator,[],0
JOB02747,Python Developer,[],0
JOB02748,Full Stack Developer,[],0
JOB02749,Business Analyst,[],0
JOB02750,Software Engineer,[],0
JOB02751,Data Analyst,[],0
JOB02752,Business Analyst,[],0
JOB02753,Financial Analyst,[],0
JOB02754,SQL Developer,[],0
JOB02755,Business Analyst,[],0
JOB02756,BI Analyst,[],0
JOB02757,QA Engineer,[],0
JOB02758,Python Developer,[],0
JOB02759,Power BI Developer,[],0
JOB02760,Cloud Engineer,[],0
JOB02761,Power BI Developer,[],0
JOB02762,Financial Analyst,[],0
JOB02763,Data Engineer,[],0
JOB02764,Software Engineer,[],0
JOB02765,DevOps Engineer,[],0
JOB02766,Power BI Developer,['Power BI'],1
JOB02767,QA Engineer,[],0
JOB02768,SQL Developer,[],0
JOB02769,Data Scientist,[],0
JOB02770,Database Administrator,[],0
JOB02771,Product Analyst,['Oracle'],1
JOB02772,DevOps Engineer,[],0
JOB02773,SQL Developer,[],0
JOB02774,BI Analyst,[],0
JOB02775,SQL Developer,[],0
JOB02776,Marketing Analyst,['Oracle'],1
JOB02777,Power BI Developer,[],0
JOB02778,QA Engineer,[],0
JOB02779,BI Analyst,[],0
JOB02780,Data Scientist,[],0
JOB02781,DevOps Engineer,[],0
JOB02782,Full Stack Developer,[],0
JOB02783,Database Administrator,[],0
JOB02784,Machine Learning Engineer,[],0
JOB02785,QA Engineer,[],0
JOB02786,Cloud Engineer,[],0
JOB02787,DevOps Engineer,[],0
JOB02788,Web Developer,[],0
JOB02789,Financial Analyst,[],0
JOB02790,BI Analyst,[],0
JOB02791,SQL Developer,[],0
JOB02792,Cloud Engineer,[],0
JOB02793,Python Developer,[],0
JOB02794,Web Developer,[],0
JOB02795,Data Engineer,[],0
JOB02796,Business Analyst,[],0
JOB02797,Database Administrator,[],0
JOB02798,Python Developer,[],0
JOB02799,Machine Learning Engineer,[],0
JOB02800,SQL Developer,[],0
JOB02801,Machine Learning Engineer,[],0
JOB02802,Marketing Analyst,[],0
JOB02803,Web Developer,[],0
JOB02804,Web Developer,[],0
JOB02805,Marketing Analyst,[],0
JOB02806,Web Developer,[],0
JOB02807,Marketing Analyst,[],0
JOB02808,Business Analyst,[],0
JOB02809,SQL Developer,[],0
JOB02810,Power BI Developer,[],0
JOB02811,Financial Analyst,[],0
JOB02812,SQL Developer,[],0
JOB02813,Software Engineer,[],0
JOB02814,Cloud Engineer,[],0
JOB02815,Python Developer,[],0
JOB02816,SQL Developer,[],0
JOB02817,Web Developer,[],0
JOB02818,Financial Analyst,[],0
JOB02819,Web Developer,[],0
JOB02820,Data Scientist,[],0
JOB02821,Marketing Analyst,[],0
JOB02822,Power BI Developer,[],0
JOB02823,Cloud Engineer,[],0
JOB02824,Data Engineer,[],0
JOB02825,Cloud Engineer,[],0
JOB02826,QA Engineer,[],0
JOB02827,Financial Analyst,[],0
JOB02828,Python Developer,[],0
JOB02829,Data Scientist,[],0
JOB02830,Full Stack Developer,[],0
JOB02831,QA Engineer,[],0
JOB02832,Financial Analyst,[],0
JOB02833,Data Analyst,[],0
JOB02834,BI Analyst,[],0
JOB02835,Full Stack Developer,[],0
JOB02836,Marketing Analyst,[],0
JOB02837,Business Analyst,[],0
JOB02838,Financial Analyst,[],0
JOB02839,Data Analyst,[],0
JOB02840,DevOps Engineer,[],0
JOB02841,QA Engineer,[],0
JOB02842,BI Analyst,[],0
JOB02843,Data Engineer,[],0
JOB02844,Business Analyst,[],0
JOB02845,HR Analyst,['HR Analytics'],1
JOB02846,Web Developer,[],0
JOB02847,Data Analyst,[],0
JOB02848,HR Analyst,['HR Analytics'],1
JOB02849,Database Administrator,[],0
JOB02850,BI Analyst,[],0
JOB02851,DevOps Engineer,[],0
JOB02852,Power BI Developer,[],0
JOB02853,Cloud Engineer,[],0
JOB02854,Data Engineer,[],0
JOB02855,Business Analyst,[],0
JOB02856,SQL Developer,[],0
JOB02857,Python Developer,[],0
JOB02858,Machine Learning Engineer,[],0
JOB02859,SQL Developer,[],0
JOB02860,Software Engineer,[],0
JOB02861,DevOps Engineer,[],0
JOB02862,Data Analyst,[],0
JOB02863,HR Analyst,[],0
JOB02864,QA Engineer,[],0
JOB02865,Data Scientist,[],0
JOB02866,Database Administrator,[],0
JOB02867,Business Analyst,[],0
JOB02868,Business Analyst,[],0
JOB02869,Data Engineer,[],0
JOB02870,QA Engineer,[],0
JOB02871,Software Engineer,[],0
JOB02872,Financial Analyst,[],0
JOB02873,Business Analyst,[],0
JOB02874,Business Analyst,[],0
JOB02875,Database Administrator,[],0
JOB02876,Software Engineer,[],0
JOB02877,Software Engineer,[],0
JOB02878,Web Developer,[],0
JOB02879,Data Scientist,[],0
JOB02880,Data Engineer,[],0
JOB02881,Business Analyst,[],0
JOB02882,Web Developer,[],0
JOB02883,SQL Developer,[],0
JOB02884,HR Analyst,[],0
JOB02885,Python Developer,[],0
JOB02886,HR Analyst,['HR Analytics'],1
JOB02887,Financial Analyst,[],0
JOB02888,Cloud Engineer,[],0
JOB02889,Software Engineer,[],0
JOB02890,Database Administrator,[],0
JOB02891,Product Analyst,[],0
JOB02892,Web Developer,[],0
JOB02893,Data Scientist,[],0
JOB02894,Web Developer,[],0
JOB02895,HR Analyst,['HR Analytics'],1
JOB02896,Full Stack Developer,[],0
JOB02897,Python Developer,[],0
JOB02898,Software Engineer,[],0
JOB02899,Python Developer,[],0
JOB02900,Power BI Developer,[],0
JOB02901,SQL Developer,[],0
JOB02902,DevOps Engineer,[],0
JOB02903,Data Analyst,[],0
JOB02904,Marketing Analyst,[],0
JOB02905,Financial Analyst,[],0
JOB02906,Python Developer,[],0
JOB02907,HR Analyst,[],0
JOB02908,Data Analyst,[],0
JOB02909,Data Analyst,[],0
JOB02910,Database Administrator,[],0
JOB02911,Web Developer,[],0
JOB02912,Python Developer,[],0
JOB02913,Power BI Developer,[],0
JOB02914,Machine Learning Engineer,[],0
JOB02915,QA Engineer,[],0
JOB02916,Python Developer,[],0
JOB02917,Marketing Analyst,[],0
JOB02918,Product Analyst,[],0
JOB02919,Marketing Analyst,[],0
JOB02920,DevOps Engineer,[],0
JOB02921,HR Analyst,[],0
JOB02922,Power BI Developer,[],0
JOB02923,Full Stack Developer,[],0
JOB02924,Machine Learning Engineer,[],0
JOB02925,Python Developer,[],0
JOB02926,Product Analyst,[],0
JOB02927,Data Scientist,[],0
JOB02928,QA Engineer,[],0
JOB02929,Business Analyst,[],0
JOB02930,Data Analyst,[],0
JOB02931,SQL Developer,[],0
JOB02932,Database Administrator,[],0
JOB02933,BI Analyst,[],0
JOB02934,Business Analyst,[],0
JOB02935,Data Engineer,[],0
JOB02936,SQL Developer,[],0
JOB02937,Machine Learning Engineer,[],0
JOB02938,Web Developer,[],0
JOB02939,Software Engineer,[],0
JOB02940,Machine Learning Engineer,[],0
JOB02941,HR Analyst,[],0
JOB02942,Power BI Developer,[],0
JOB02943,QA Engineer,[],0
JOB02944,Web Developer,[],0
JOB02945,HR Analyst,[],0
JOB02946,Product Analyst,[],0
JOB02947,Power BI Developer,['Power BI'],1
JOB02948,QA Engineer,[],0
JOB02949,Database Administrator,[],0
JOB02950,HR Analyst,[],0
JOB02951,Financial Analyst,[],0
JOB02952,Data Scientist,[],0
JOB02953,Product Analyst,[],0
JOB02954,Full Stack Developer,[],0
JOB02955,Full Stack Developer,[],0
JOB02956,DevOps Engineer,[],0
JOB02957,Power BI Developer,[],0
JOB02958,Database Administrator,[],0
JOB02959,Python Developer,[],0
JOB02960,Business Analyst,[],0
JOB02961,Cloud Engineer,[],0
JOB02962,Product Analyst,[],0
JOB02963,DevOps Engineer,[],0
JOB02964,Product Analyst,[],0
JOB02965,Data Analyst,[],0
JOB02966,Power BI Developer,[],0
JOB02967,Power BI Developer,[],0
JOB02968,Data Engineer,[],0
JOB02969,Machine Learning Engineer,[],0
JOB02970,SQL Developer,[],0
JOB02971,DevOps Engineer,[],0
JOB02972,Cloud Engineer,[],0
JOB02973,Business Analyst,[],0
JOB02974,Financial Analyst,[],0
JOB02975,Full Stack Developer,[],0
JOB02976,Cloud Engineer,[],0
JOB02977,Database Administrator,[],0
JOB02978,Machine Learning Engineer,[],0
JOB02979,Software Engineer,[],0
JOB02980,Data Analyst,[],0
JOB02981,Financial Analyst,[],0
JOB02982,Data Engineer,[],0
JOB02983,Product Analyst,[],0
JOB02984,QA Engineer,[],0
JOB02985,Machine Learning Engineer,[],0
JOB02986,Business Analyst,[],0
JOB02987,Full Stack Developer,[],0
JOB02988,Web Developer,[],0
JOB02989,Marketing Analyst,[],0
JOB02990,QA Engineer,[],0
JOB02991,Web Developer,[],0
JOB02992,Marketing Analyst,[],0
JOB02993,Data Engineer,[],0
JOB02994,BI Analyst,[],0
JOB02995,Product Analyst,[],0
JOB02996,Machine Learning Engineer,[],0
JOB02997,Database Administrator,[],0
JOB02998,BI Analyst,[],0
JOB02999,Financial Analyst,[],0
JOB03000,QA Engineer,[],0
JOB03001,Power BI Developer,[],0
JOB03002,Machine Learning Engineer,[],0
JOB03003,QA Engineer,[],0
JOB03004,Data Scientist,[],0
JOB03005,DevOps Engineer,[],0
JOB03006,QA Engineer,[],0
JOB03007,QA Engineer,[],0
JOB03008,Python Developer,[],0
JOB03009,Software Engineer,[],0
JOB03010,Data Analyst,[],0
JOB03011,Machine Learning Engineer,[],0
JOB03012,Marketing Analyst,[],0
JOB03013,SQL Developer,[],0
JOB03014,Full Stack Developer,[],0
JOB03015,Data Analyst,[],0
JOB03016,HR Analyst,[],0
JOB03017,Data Engineer,[],0
JOB03018,Marketing Analyst,[],0
JOB03019,Database Administrator,[],0
JOB03020,QA Engineer,[],0
JOB03021,DevOps Engineer,[],0
JOB03022,Business Analyst,[],0
JOB03023,Business Analyst,[],0
JOB03024,SQL Developer,[],0
JOB03025,Power BI Developer,[],0
JOB03026,Marketing Analyst,[],0
JOB03027,Full Stack Developer,[],0
JOB03028,Data Engineer,[],0
JOB03029,Power BI Developer,[],0
JOB03030,Machine Learning Engineer,[],0
JOB03031,Software Engineer,[],0
JOB03032,Data Analyst,[],0
JOB03033,Database Administrator,[],0
JOB03034,Cloud Engineer,[],0
JOB03035,Database Administrator,[],0
JOB03036,Business Analyst,[],0
JOB03037,SQL Developer,[],0
JOB03038,Software Engineer,[],0
JOB03039,HR Analyst,[],0
JOB03040,QA Engineer,[],0
JOB03041,Full Stack Developer,[],0
JOB03042,Cloud Engineer,[],0
JOB03043,Software Engineer,[],0
JOB03044,Product Analyst,[],0
JOB03045,SQL Developer,[],0
JOB03046,SQL Developer,[],0
JOB03047,Web Developer,[],0
JOB03048,Machine Learning Engineer,[],0
JOB03049,BI Analyst,[],0
JOB03050,Power BI Developer,[],0
JOB03051,Python Developer,[],0
JOB03052,HR Analyst,['HR Analytics'],1
JOB03053,Business Analyst,[],0
JOB03054,Python Developer,[],0
JOB03055,Full Stack Developer,[],0
JOB03056,Data Analyst,[],0
JOB03057,Cloud Engineer,[],0
JOB03058,Financial Analyst,[],0
JOB03059,SQL Developer,[],0
JOB03060,DevOps Engineer,[],0
JOB03061,Financial Analyst,[],0
JOB03062,Business Analyst,[],0
JOB03063,Data Engineer,[],0
JOB03064,Data Analyst,[],0
JOB03065,Machine Learning Engineer,[],0
JOB03066,SQL Developer,[],0
JOB03067,Python Developer,[],0
JOB03068,Marketing Analyst,[],0
JOB03069,Python Developer,[],0
JOB03070,Machine Learning Engineer,[],0
JOB03071,HR Analyst,[],0
JOB03072,DevOps Engineer,[],0
JOB03073,Power BI Developer,['Power BI'],1
JOB03074,Data Scientist,[],0
JOB03075,Financial Analyst,[],0
JOB03076,Data Engineer,[],0
JOB03077,Data Scientist,[],0
JOB03078,Cloud Engineer,[],0
JOB03079,Business Analyst,[],0
JOB03080,Python Developer,[],0
JOB03081,Cloud Engineer,[],0
JOB03082,HR Analyst,['HR Analytics'],1
JOB03083,Cloud Engineer,[],0
JOB03084,QA Engineer,[],0
JOB03085,DevOps Engineer,[],0
JOB03086,SQL Developer,[],0
JOB03087,Cloud Engineer,[],0
JOB03088,Database Administrator,[],0
JOB03089,Python Developer,[],0
JOB03090,Database Administrator,[],0
JOB03091,Data Analyst,[],0
JOB03092,HR Analyst,[],0
JOB03093,Machine Learning Engineer,[],0
JOB03094,Power BI Developer,[],0
JOB03095,SQL Developer,[],0
JOB03096,Power BI Developer,['Power BI'],1
JOB03097,Financial Analyst,[],0
JOB03098,Web Developer,[],0
JOB03099,Machine Learning Engineer,[],0
JOB03100,Cloud Engineer,[],0
JOB03101,SQL Developer,[],0
JOB03102,Web Developer,[],0
JOB03103,QA Engineer,[],0
JOB03104,HR Analyst,[],0
JOB03105,Cloud Engineer,[],0
JOB03106,Software Engineer,[],0
JOB03107,Power BI Developer,[],0
JOB03108,Database Administrator,[],0
JOB03109,Python Developer,[],0
JOB03110,Python Developer,[],0
JOB03111,Data Engineer,[],0
JOB03112,DevOps Engineer,[],0
JOB03113,Web Developer,[],0
JOB03114,Software Engineer,[],0
JOB03115,Data Scientist,[],0
JOB03116,Data Scientist,[],0
JOB03117,Data Engineer,[],0
JOB03118,Business Analyst,[],0
JOB03119,DevOps Engineer,[],0
JOB03120,Data Analyst,[],0
JOB03121,Cloud Engineer,[],0
JOB03122,Product Analyst,[],0
JOB03123,Power BI Developer,[],0
JOB03124,BI Analyst,[],0
JOB03125,Data Engineer,[],0
JOB03126,Data Scientist,[],0
JOB03127,Business Analyst,[],0
JOB03128,DevOps Engineer,[],0
JOB03129,Business Analyst,[],0
JOB03130,Machine Learning Engineer,[],0
JOB03131,Python Developer,[],0
JOB03132,DevOps Engineer,[],0
JOB03133,Marketing Analyst,[],0
JOB03134,Web Developer,[],0
JOB03135,Marketing Analyst,[],0
JOB03136,Cloud Engineer,[],0
JOB03137,Python Developer,[],0
JOB03138,Web Developer,[],0
JOB03139,Data Analyst,[],0
JOB03140,SQL Developer,[],0
JOB03141,Data Scientist,[],0
JOB03142,Financial Analyst,[],0
JOB03143,QA Engineer,[],0
JOB03144,Power BI Developer,[],0
JOB03145,Machine Learning Engineer,[],0
JOB03146,BI Analyst,[],0
JOB03147,Web Developer,[],0
JOB03148,Python Developer,[],0
JOB03149,HR Analyst,[],0
JOB03150,Data Engineer,[],0
JOB03151,Software Engineer,[],0
JOB03152,Financial Analyst,[],0
JOB03153,HR Analyst,['HR Analytics'],1
JOB03154,Product Analyst,[],0
JOB03155,Cloud Engineer,[],0
JOB03156,Machine Learning Engineer,[],0
JOB03157,HR Analyst,[],0
JOB03158,Data Scientist,[],0
JOB03159,Data Scientist,[],0
JOB03160,Data Scientist,[],0
JOB03161,Marketing Analyst,[],0
JOB03162,Full Stack Developer,[],0
JOB03163,Marketing Analyst,[],0
JOB03164,Full Stack Developer,[],0
JOB03165,Machine Learning Engineer,[],0
JOB03166,Product Analyst,[],0
JOB03167,Web Developer,[],0
JOB03168,Machine Learning Engineer,[],0
JOB03169,Marketing Analyst,[],0
JOB03170,Product Analyst,[],0
JOB03171,Database Administrator,[],0
JOB03172,Marketing Analyst,[],0
JOB03173,Full Stack Developer,[],0
JOB03174,DevOps Engineer,[],0
JOB03175,Software Engineer,[],0
JOB03176,SQL Developer,[],0
JOB03177,Cloud Engineer,[],0
JOB03178,Financial Analyst,[],0
JOB03179,DevOps Engineer,[],0
JOB03180,Python Developer,[],0
JOB03181,Power BI Developer,[],0
JOB03182,Business Analyst,[],0
JOB03183,Power BI Developer,['Power BI'],1
JOB03184,Product Analyst,[],0
JOB03185,SQL Developer,[],0
JOB03186,Cloud Engineer,[],0
JOB03187,Database Administrator,[],0
JOB03188,Marketing Analyst,[],0
JOB03189,Data Scientist,[],0
JOB03190,SQL Developer,[],0
JOB03191,Financial Analyst,[],0
JOB03192,Web Developer,[],0
JOB03193,Software Engineer,[],0
JOB03194,Python Developer,[],0
JOB03195,Financial Analyst,[],0
JOB03196,Business Analyst,[],0
JOB03197,Cloud Engineer,[],0
JOB03198,Python Developer,[],0
JOB03199,Python Developer,[],0
JOB03200,Machine Learning Engineer,[],0
JOB03201,Data Engineer,[],0
JOB03202,Data Scientist,[],0
JOB03203,Business Analyst,[],0
JOB03204,Python Developer,[],0
JOB03205,Python Developer,[],0
JOB03206,Product Analyst,[],0
JOB03207,Business Analyst,[],0
JOB03208,Full Stack Developer,[],0
JOB03209,Product Analyst,[],0
JOB03210,Business Analyst,[],0
JOB03211,Data Engineer,[],0
JOB03212,BI Analyst,[],0
JOB03213,Data Analyst,[],0
JOB03214,Financial Analyst,[],0
JOB03215,Machine Learning Engineer,[],0
JOB03216,Data Scientist,[],0
JOB03217,Product Analyst,[],0
JOB03218,BI Analyst,[],0
JOB03219,BI Analyst,[],0
JOB03220,Machine Learning Engineer,[],0
JOB03221,Web Developer,[],0
JOB03222,Full Stack Developer,[],0
JOB03223,Power BI Developer,[],0
JOB03224,BI Analyst,[],0
JOB03225,Cloud Engineer,[],0
JOB03226,Full Stack Developer,[],0
JOB03227,Software Engineer,[],0
JOB03228,DevOps Engineer,[],0
JOB03229,Python Developer,[],0
JOB03230,HR Analyst,[],0
JOB03231,HR Analyst,[],0
JOB03232,Power BI Developer,[],0
JOB03233,Cloud Engineer,[],0
JOB03234,Machine Learning Engineer,[],0
JOB03235,Product Analyst,[],0
JOB03236,Machine Learning Engineer,[],0
JOB03237,Machine Learning Engineer,[],0
JOB03238,Business Analyst,[],0
JOB03239,Cloud Engineer,[],0
JOB03240,Data Scientist,[],0
JOB03241,Product Analyst,[],0
JOB03242,Financial Analyst,[],0
JOB03243,SQL Developer,[],0
JOB03244,BI Analyst,[],0
JOB03245,Data Engineer,[],0
JOB03246,Product Analyst,[],0
JOB03247,Software Engineer,[],0
JOB03248,Software Engineer,[],0
JOB03249,BI Analyst,[],0
JOB03250,Python Developer,[],0
JOB03251,BI Analyst,[],0
JOB03252,SQL Developer,[],0
JOB03253,Python Developer,[],0
JOB03254,Full Stack Developer,[],0
JOB03255,HR Analyst,['HR Analytics'],1
JOB03256,Business Analyst,[],0
JOB03257,DevOps Engineer,[],0
JOB03258,QA Engineer,[],0
JOB03259,DevOps Engineer,[],0
JOB03260,Business Analyst,[],0
JOB03261,Database Administrator,[],0
JOB03262,Data Engineer,[],0
JOB03263,QA Engineer,[],0
JOB03264,Data Scientist,[],0
JOB03265,SQL Developer,[],0
JOB03266,DevOps Engineer,[],0
JOB03267,Power BI Developer,['Power BI'],1
JOB03268,HR Analyst,[],0
JOB03269,Business Analyst,[],0
JOB03270,Cloud Engineer,[],0
JOB03271,Marketing Analyst,[],0
JOB03272,Python Developer,[],0
JOB03273,HR Analyst,[],0
JOB03274,Cloud Engineer,[],0
JOB03275,HR Analyst,[],0
JOB03276,Web Developer,[],0
JOB03277,Python Developer,[],0
JOB03278,Data Analyst,[],0
JOB03279,Financial Analyst,[],0
JOB03280,QA Engineer,[],0
JOB03281,Cloud Engineer,[],0
JOB03282,DevOps Engineer,[],0
JOB03283,HR Analyst,['HR Analytics'],1
JOB03284,Data Engineer,[],0
JOB03285,Web Developer,[],0
JOB03286,Marketing Analyst,[],0
JOB03287,HR Analyst,[],0
JOB03288,Database Administrator,[],0
JOB03289,Web Developer,[],0
JOB03290,Web Developer,[],0
JOB03291,Power BI Developer,[],0
JOB03292,Financial Analyst,[],0
JOB03293,Financial Analyst,[],0
JOB03294,Marketing Analyst,[],0
JOB03295,Power BI Developer,[],0
JOB03296,Python Developer,[],0
JOB03297,Database Administrator,[],0
JOB03298,Software Engineer,[],0
JOB03299,Data Scientist,[],0
JOB03300,Power BI Developer,[],0
JOB03301,Financial Analyst,[],0
JOB03302,QA Engineer,[],0
JOB03303,Data Engineer,[],0
JOB03304,Data Analyst,[],0
JOB03305,QA Engineer,[],0
JOB03306,Database Administrator,[],0
JOB03307,BI Analyst,[],0
JOB03308,Data Scientist,[],0
JOB03309,Cloud Engineer,[],0
JOB03310,Web Developer,[],0
JOB03311,Data Engineer,[],0
JOB03312,Web Developer,[],0
JOB03313,Cloud Engineer,[],0
JOB03314,SQL Developer,[],0
JOB03315,Data Engineer,[],0
JOB03316,Marketing Analyst,[],0
JOB03317,Full Stack Developer,[],0
JOB03318,Data Analyst,[],0
JOB03319,HR Analyst,[],0
JOB03320,Full Stack Developer,[],0
JOB03321,Software Engineer,[],0
JOB03322,Full Stack Developer,[],0
JOB03323,Cloud Engineer,[],0
JOB03324,Cloud Engineer,[],0
JOB03325,DevOps Engineer,[],0
JOB03326,Full Stack Developer,[],0
JOB03327,Web Developer,[],0
JOB03328,Web Developer,[],0
JOB03329,Power BI Developer,[],0
JOB03330,Data Engineer,[],0
JOB03331,Data Analyst,[],0
JOB03332,Machine Learning Engineer,[],0
JOB03333,Cloud Engineer,[],0
JOB03334,Business Analyst,[],0
JOB03335,Software Engineer,[],0
JOB03336,Software Engineer,[],0
JOB03337,Data Engineer,[],0
JOB03338,Data Scientist,[],0
JOB03339,BI Analyst,[],0
JOB03340,SQL Developer,[],0
JOB03341,Financial Analyst,[],0
JOB03342,Machine Learning Engineer,[],0
JOB03343,Full Stack Developer,[],0
JOB03344,Software Engineer,[],0
JOB03345,DevOps Engineer,[],0
JOB03346,DevOps Engineer,[],0
JOB03347,Machine Learning Engineer,[],0
JOB03348,Product Analyst,['Oracle'],1
JOB03349,Power BI Developer,[],0
JOB03350,Business Analyst,[],0
JOB03351,Data Engineer,[],0
JOB03352,Software Engineer,[],0
JOB03353,Data Analyst,[],0
JOB03354,Data Engineer,[],0
JOB03355,DevOps Engineer,[],0
JOB03356,Python Developer,[],0
JOB03357,Power BI Developer,[],0
JOB03358,Python Developer,[],0
JOB03359,QA Engineer,[],0
JOB03360,QA Engineer,[],0
JOB03361,SQL Developer,[],0
JOB03362,DevOps Engineer,[],0
JOB03363,HR Analyst,[],0
JOB03364,Financial Analyst,[],0
JOB03365,Product Analyst,[],0
JOB03366,Product Analyst,[],0
JOB03367,Cloud Engineer,[],0
JOB03368,BI Analyst,[],0
JOB03369,Cloud Engineer,[],0
JOB03370,Power BI Developer,[],0
JOB03371,Data Analyst,[],0
JOB03372,Machine Learning Engineer,[],0
JOB03373,Product Analyst,[],0
JOB03374,Business Analyst,[],0
JOB03375,Data Analyst,[],0
JOB03376,Python Developer,[],0
JOB03377,Full Stack Developer,[],0
JOB03378,Software Engineer,[],0
JOB03379,Data Analyst,[],0
JOB03380,Marketing Analyst,[],0
JOB03381,Full Stack Developer,[],0
JOB03382,Data Scientist,[],0
JOB03383,Database Administrator,[],0
JOB03384,Power BI Developer,[],0
JOB03385,HR Analyst,[],0
JOB03386,Data Analyst,['Oracle'],1
JOB03387,Business Analyst,[],0
JOB03388,Data Scientist,[],0
JOB03389,QA Engineer,[],0
JOB03390,Python Developer,[],0
JOB03391,Data Analyst,[],0
JOB03392,BI Analyst,[],0
JOB03393,Marketing Analyst,[],0
JOB03394,Power BI Developer,['Power BI'],1
JOB03395,Marketing Analyst,[],0
JOB03396,Data Analyst,[],0
JOB03397,Web Developer,[],0
JOB03398,Database Administrator,[],0
JOB03399,Full Stack Developer,[],0
JOB03400,Business Analyst,[],0
JOB03401,BI Analyst,[],0
JOB03402,QA Engineer,[],0
JOB03403,Database Administrator,[],0
JOB03404,Product Analyst,[],0
JOB03405,DevOps Engineer,[],0
JOB03406,Full Stack Developer,[],0
JOB03407,Data Engineer,[],0
JOB03408,DevOps Engineer,[],0
JOB03409,Software Engineer,[],0
JOB03410,Data Scientist,[],0
JOB03411,Data Analyst,[],0
JOB03412,Machine Learning Engineer,[],0
JOB03413,BI Analyst,[],0
JOB03414,QA Engineer,[],0
JOB03415,Cloud Engineer,[],0
JOB03416,QA Engineer,[],0
JOB03417,Data Engineer,[],0
JOB03418,Power BI Developer,[],0
JOB03419,Cloud Engineer,[],0
JOB03420,Business Analyst,[],0
JOB03421,Web Developer,[],0
JOB03422,Full Stack Developer,[],0
JOB03423,Full Stack Developer,[],0
JOB03424,Business Analyst,[],0
JOB03425,Power BI Developer,[],0
JOB03426,HR Analyst,[],0
JOB03427,Software Engineer,[],0
JOB03428,Cloud Engineer,[],0
JOB03429,Marketing Analyst,[],0
JOB03430,Full Stack Developer,[],0
JOB03431,Database Administrator,[],0
JOB03432,Software Engineer,[],0
JOB03433,SQL Developer,[],0
JOB03434,DevOps Engineer,[],0
JOB03435,Software Engineer,[],0
JOB03436,Data Engineer,[],0
JOB03437,Data Analyst,[],0
JOB03438,Power BI Developer,[],0
JOB03439,Software Engineer,[],0
JOB03440,Business Analyst,[],0
JOB03441,Financial Analyst,[],0
JOB03442,BI Analyst,[],0
JOB03443,Web Developer,[],0
JOB03444,Cloud Engineer,[],0
JOB03445,Full Stack Developer,[],0
JOB03446,QA Engineer,[],0
JOB03447,Cloud Engineer,[],0
JOB03448,Database Administrator,[],0
JOB03449,Data Engineer,[],0
JOB03450,Power BI Developer,[],0
JOB03451,Database Administrator,[],0
JOB03452,Data Analyst,[],0
JOB03453,QA Engineer,[],0
JOB03454,Database Administrator,[],0
JOB03455,Software Engineer,[],0
JOB03456,Product Analyst,[],0
JOB03457,SQL Developer,[],0
JOB03458,Power BI Developer,[],0
JOB03459,Full Stack Developer,[],0
JOB03460,Software Engineer,[],0
JOB03461,Data Engineer,[],0
JOB03462,Database Administrator,[],0
JOB03463,Cloud Engineer,[],0
JOB03464,Financial Analyst,[],0
JOB03465,Data Analyst,[],0
JOB03466,Marketing Analyst,[],0
JOB03467,BI Analyst,[],0
JOB03468,Cloud Engineer,[],0
JOB03469,Software Engineer,[],0
JOB03470,Database Administrator,[],0
JOB03471,Web Developer,[],0
JOB03472,SQL Developer,[],0
JOB03473,Business Analyst,[],0
JOB03474,Data Scientist,[],0
JOB03475,Full Stack Developer,[],0
JOB03476,Database Administrator,[],0
JOB03477,Full Stack Developer,[],0
JOB03478,SQL Developer,[],0
JOB03479,QA Engineer,[],0
JOB03480,Database Administrator,[],0
JOB03481,Data Analyst,[],0
JOB03482,Web Developer,[],0
JOB03483,Full Stack Developer,[],0
JOB03484,Machine Learning Engineer,[],0
JOB03485,Product Analyst,[],0
JOB03486,Data Scientist,[],0
JOB03487,SQL Developer,[],0
JOB03488,Marketing Analyst,[],0
JOB03489,Python Developer,[],0
JOB03490,Product Analyst,[],0
JOB03491,Financial Analyst,[],0
JOB03492,Data Analyst,[],0
JOB03493,BI Analyst,[],0
JOB03494,DevOps Engineer,[],0
JOB03495,Data Engineer,[],0
JOB03496,Software Engineer,[],0
JOB03497,Full Stack Developer,[],0
JOB03498,QA Engineer,[],0
JOB03499,Business Analyst,[],0
JOB03500,Data Scientist,[],0
JOB03501,Product Analyst,[],0
JOB03502,BI Analyst,[],0
JOB03503,BI Analyst,[],0
JOB03504,Marketing Analyst,[],0
JOB03505,Software Engineer,[],0
JOB03506,QA Engineer,[],0
JOB03507,Database Administrator,[],0
JOB03508,Machine Learning Engineer,[],0
JOB03509,Power BI Developer,[],0
JOB03510,Web Developer,[],0
JOB03511,Web Developer,[],0
JOB03512,Full Stack Developer,[],0
JOB03513,Financial Analyst,[],0
JOB03514,SQL Developer,[],0
JOB03515,Machine Learning Engineer,[],0
JOB03516,Business Analyst,[],0
JOB03517,Marketing Analyst,[],0
JOB03518,Cloud Engineer,[],0
JOB03519,DevOps Engineer,[],0
JOB03520,Database Administrator,[],0
JOB03521,Power BI Developer,[],0
JOB03522,HR Analyst,[],0
JOB03523,Cloud Engineer,[],0
JOB03524,QA Engineer,[],0
JOB03525,Data Scientist,[],0
JOB03526,Financial Analyst,[],0
JOB03527,BI Analyst,[],0
JOB03528,Web Developer,[],0
JOB03529,Software Engineer,[],0
JOB03530,Python Developer,[],0
JOB03531,Data Scientist,[],0
JOB03532,Power BI Developer,[],0
JOB03533,Cloud Engineer,[],0
JOB03534,Data Scientist,['Oracle'],1
JOB03535,Data Analyst,[],0
JOB03536,Power BI Developer,[],0
JOB03537,DevOps Engineer,[],0
JOB03538,Product Analyst,[],0
JOB03539,QA Engineer,[],0
JOB03540,Software Engineer,[],0
JOB03541,Python Developer,[],0
JOB03542,Machine Learning Engineer,[],0
JOB03543,Data Analyst,[],0
JOB03544,Software Engineer,[],0
JOB03545,HR Analyst,['HR Analytics'],1
JOB03546,Machine Learning Engineer,[],0
JOB03547,DevOps Engineer,[],0
JOB03548,Full Stack Developer,[],0
JOB03549,Power BI Developer,['Power BI'],1
JOB03550,Product Analyst,[],0
JOB03551,QA Engineer,[],0
JOB03552,BI Analyst,[],0
JOB03553,Power BI Developer,[],0
JOB03554,Product Analyst,[],0
JOB03555,SQL Developer,[],0
JOB03556,Financial Analyst,[],0
JOB03557,DevOps Engineer,[],0
JOB03558,Cloud Engineer,[],0
JOB03559,Software Engineer,[],0
JOB03560,QA Engineer,[],0
JOB03561,QA Engineer,[],0
JOB03562,Data Engineer,[],0
JOB03563,Business Analyst,[],0
JOB03564,SQL Developer,[],0
JOB03565,Data Engineer,[],0
JOB03566,Product Analyst,[],0
JOB03567,Marketing Analyst,[],0
JOB03568,Data Engineer,[],0
JOB03569,Web Developer,[],0
JOB03570,Business Analyst,[],0
JOB03571,Database Administrator,[],0
JOB03572,DevOps Engineer,[],0
JOB03573,Financial Analyst,[],0
JOB03574,Data Analyst,[],0
JOB03575,Software Engineer,[],0
JOB03576,Web Developer,[],0
JOB03577,Power BI Developer,[],0
JOB03578,SQL Developer,[],0
JOB03579,SQL Developer,[],0
JOB03580,Machine Learning Engineer,[],0
JOB03581,DevOps Engineer,[],0
JOB03582,DevOps Engineer,[],0
JOB03583,QA Engineer,[],0
JOB03584,QA Engineer,[],0
JOB03585,Cloud Engineer,[],0
JOB03586,Power BI Developer,[],0
JOB03587,QA Engineer,[],0
JOB03588,Marketing Analyst,[],0
JOB03589,Financial Analyst,[],0
JOB03590,HR Analyst,[],0
JOB03591,Database Administrator,[],0
JOB03592,Web Developer,[],0
JOB03593,DevOps Engineer,[],0
JOB03594,Data Engineer,[],0
JOB03595,DevOps Engineer,[],0
JOB03596,Data Engineer,[],0
JOB03597,QA Engineer,[],0
JOB03598,BI Analyst,[],0
JOB03599,HR Analyst,[],0
JOB03600,Software Engineer,[],0
JOB03601,Cloud Engineer,[],0
JOB03602,Power BI Developer,[],0
JOB03603,Power BI Developer,[],0
JOB03604,Cloud Engineer,[],0
JOB03605,BI Analyst,[],0
JOB03606,QA Engineer,[],0
JOB03607,Marketing Analyst,[],0
JOB03608,DevOps Engineer,[],0
JOB03609,Data Engineer,[],0
JOB03610,Business Analyst,[],0
JOB03611,Machine Learning Engineer,[],0
JOB03612,Data Scientist,[],0
JOB03613,Data Engineer,[],0
JOB03614,DevOps Engineer,[],0
JOB03615,Data Scientist,[],0
JOB03616,Product Analyst,[],0
JOB03617,Data Analyst,[],0
JOB03618,Marketing Analyst,[],0
JOB03619,Data Scientist,[],0
JOB03620,SQL Developer,[],0
JOB03621,SQL Developer,[],0
JOB03622,QA Engineer,[],0
JOB03623,Business Analyst,[],0
JOB03624,SQL Developer,[],0
JOB03625,DevOps Engineer,[],0
JOB03626,Machine Learning Engineer,[],0
JOB03627,Financial Analyst,[],0
JOB03628,Financial Analyst,[],0
JOB03629,Business Analyst,['Oracle'],1
JOB03630,Python Developer,[],0
JOB03631,Data Scientist,[],0
JOB03632,Full Stack Developer,[],0
JOB03633,BI Analyst,[],0
JOB03634,Data Scientist,[],0
JOB03635,HR Analyst,[],0
JOB03636,Data Engineer,[],0
JOB03637,BI Analyst,[],0
JOB03638,SQL Developer,[],0
JOB03639,Data Scientist,[],0
JOB03640,Power BI Developer,['Power BI'],1
JOB03641,Business Analyst,[],0
JOB03642,Marketing Analyst,[],0
JOB03643,Machine Learning Engineer,[],0
JOB03644,Machine Learning Engineer,[],0
JOB03645,Python Developer,[],0
JOB03646,Software Engineer,[],0
JOB03647,DevOps Engineer,[],0
JOB03648,BI Analyst,[],0
JOB03649,Data Scientist,[],0
JOB03650,Web Developer,[],0
JOB03651,Data Analyst,[],0
JOB03652,Data Analyst,[],0
JOB03653,Full Stack Developer,[],0
JOB03654,Data Scientist,[],0
JOB03655,Web Developer,[],0
JOB03656,Cloud Engineer,[],0
JOB03657,Product Analyst,[],0
JOB03658,Web Developer,[],0
JOB03659,HR Analyst,['HR Analytics'],1
JOB03660,Full Stack Developer,[],0
JOB03661,Database Administrator,[],0
JOB03662,Data Analyst,[],0
JOB03663,QA Engineer,[],0
JOB03664,Data Analyst,[],0
JOB03665,Web Developer,[],0
JOB03666,Power BI Developer,[],0
JOB03667,Product Analyst,[],0
JOB03668,Web Developer,[],0
JOB03669,Full Stack Developer,[],0
JOB03670,HR Analyst,[],0
JOB03671,Python Developer,[],0
JOB03672,Marketing Analyst,[],0
JOB03673,DevOps Engineer,[],0
JOB03674,Database Administrator,[],0
JOB03675,Power BI Developer,[],0
JOB03676,Cloud Engineer,[],0
JOB03677,Software Engineer,[],0
JOB03678,Web Developer,[],0
JOB03679,Cloud Engineer,[],0
JOB03680,Full Stack Developer,[],0
JOB03681,Python Developer,[],0
JOB03682,HR Analyst,[],0
JOB03683,QA Engineer,[],0
JOB03684,Power BI Developer,[],0
JOB03685,QA Engineer,[],0
JOB03686,Software Engineer,[],0
JOB03687,Web Developer,[],0
JOB03688,Data Scientist,[],0
JOB03689,Data Engineer,[],0
JOB03690,Financial Analyst,[],0
JOB03691,QA Engineer,[],0
JOB03692,SQL Developer,[],0
JOB03693,HR Analyst,['HR Analytics'],1
JOB03694,HR Analyst,[],0
JOB03695,Full Stack Developer,[],0
JOB03696,Financial Analyst,[],0
JOB03697,Financial Analyst,[],0
JOB03698,Database Administrator,[],0
JOB03699,Software Engineer,[],0
JOB03700,Product Analyst,[],0
JOB03701,SQL Developer,[],0
JOB03702,Machine Learning Engineer,[],0
JOB03703,Marketing Analyst,[],0
JOB03704,Data Scientist,[],0
JOB03705,Business Analyst,[],0
JOB03706,Web Developer,[],0
JOB03707,Power BI Developer,[],0
JOB03708,Product Analyst,[],0
JOB03709,Database Administrator,[],0
JOB03710,Cloud Engineer,[],0
JOB03711,Power BI Developer,[],0
JOB03712,Software Engineer,[],0
JOB03713,Financial Analyst,[],0
JOB03714,Data Engineer,[],0
JOB03715,Python Developer,[],0
JOB03716,DevOps Engineer,[],0
JOB03717,QA Engineer,[],0
JOB03718,Business Analyst,[],0
JOB03719,Python Developer,[],0
JOB03720,QA Engineer,[],0
JOB03721,DevOps Engineer,[],0
JOB03722,DevOps Engineer,[],0
JOB03723,Financial Analyst,[],0
JOB03724,Business Analyst,[],0
JOB03725,HR Analyst,['HR Analytics'],1
JOB03726,Business Analyst,[],0
JOB03727,Financial Analyst,[],0
JOB03728,Web Developer,[],0
JOB03729,Data Scientist,[],0
JOB03730,Marketing Analyst,[],0
JOB03731,Data Engineer,[],0
JOB03732,Product Analyst,[],0
JOB03733,Power BI Developer,[],0
JOB03734,Data Engineer,[],0
JOB03735,QA Engineer,[],0
JOB03736,Data Scientist,[],0
JOB03737,Data Scientist,[],0
JOB03738,BI Analyst,[],0
JOB03739,DevOps Engineer,[],0
JOB03740,Web Developer,[],0
JOB03741,Database Administrator,[],0
JOB03742,HR Analyst,[],0
JOB03743,Machine Learning Engineer,[],0
JOB03744,Financial Analyst,[],0
JOB03745,Software Engineer,[],0
JOB03746,Data Engineer,[],0
JOB03747,Machine Learning Engineer,[],0
JOB03748,QA Engineer,[],0
JOB03749,Business Analyst,[],0
JOB03750,Cloud Engineer,[],0
JOB03751,HR Analyst,[],0
JOB03752,QA Engineer,[],0
JOB03753,Power BI Developer,[],0
JOB03754,Data Scientist,[],0
JOB03755,Full Stack Developer,[],0
JOB03756,SQL Developer,[],0
JOB03757,QA Engineer,[],0
JOB03758,Business Analyst,[],0
JOB03759,Machine Learning Engineer,[],0
JOB03760,Software Engineer,[],0
JOB03761,Financial Analyst,[],0
JOB03762,Software Engineer,[],0
JOB03763,Data Analyst,[],0
JOB03764,Cloud Engineer,[],0
JOB03765,Business Analyst,[],0
JOB03766,Full Stack Developer,[],0
JOB03767,BI Analyst,[],0
JOB03768,DevOps Engineer,[],0
JOB03769,SQL Developer,[],0
JOB03770,Software Engineer,[],0
JOB03771,SQL Developer,[],0
JOB03772,QA Engineer,[],0
JOB03773,BI Analyst,[],0
JOB03774,Financial Analyst,[],0
JOB03775,Business Analyst,[],0
JOB03776,Software Engineer,[],0
JOB03777,HR Analyst,[],0
JOB03778,DevOps Engineer,[],0
JOB03779,Machine Learning Engineer,[],0
JOB03780,Web Developer,[],0
JOB03781,Software Engineer,[],0
JOB03782,Data Engineer,[],0
JOB03783,Product Analyst,[],0
JOB03784,DevOps Engineer,[],0
JOB03785,Business Analyst,[],0
JOB03786,Product Analyst,[],0
JOB03787,SQL Developer,[],0
JOB03788,Power BI Developer,[],0
JOB03789,Business Analyst,[],0
JOB03790,Marketing Analyst,[],0
JOB03791,Database Administrator,[],0
JOB03792,Full Stack Developer,[],0
JOB03793,Data Engineer,[],0
JOB03794,Marketing Analyst,[],0
JOB03795,BI Analyst,[],0
JOB03796,BI Analyst,[],0
JOB03797,Web Developer,[],0
JOB03798,Full Stack Developer,[],0
JOB03799,Software Engineer,[],0
JOB03800,Data Analyst,[],0
JOB03801,Marketing Analyst,[],0
JOB03802,Data Engineer,[],0
JOB03803,Python Developer,[],0
JOB03804,Data Engineer,[],0
JOB03805,HR Analyst,['HR Analytics'],1
JOB03806,HR Analyst,[],0
JOB03807,Software Engineer,[],0
JOB03808,Data Engineer,[],0
JOB03809,Product Analyst,[],0
JOB03810,DevOps Engineer,[],0
JOB03811,Product Analyst,[],0
JOB03812,Power BI Developer,['Power BI'],1
JOB03813,DevOps Engineer,[],0
JOB03814,Full Stack Developer,[],0
JOB03815,Product Analyst,[],0
JOB03816,Software Engineer,[],0
JOB03817,Database Administrator,[],0
JOB03818,Python Developer,[],0
JOB03819,Python Developer,[],0
JOB03820,Power BI Developer,[],0
JOB03821,Data Analyst,[],0
JOB03822,Software Engineer,[],0
JOB03823,DevOps Engineer,[],0
JOB03824,DevOps Engineer,[],0
JOB03825,Cloud Engineer,[],0
JOB03826,DevOps Engineer,[],0
JOB03827,Cloud Engineer,[],0
JOB03828,Cloud Engineer,[],0
JOB03829,Product Analyst,[],0
JOB03830,Power BI Developer,[],0
JOB03831,Financial Analyst,[],0
JOB03832,Data Engineer,[],0
JOB03833,Data Engineer,[],0
JOB03834,DevOps Engineer,[],0
JOB03835,Product Analyst,[],0
JOB03836,SQL Developer,[],0
JOB03837,HR Analyst,[],0
JOB03838,Data Analyst,[],0
JOB03839,Product Analyst,[],0
JOB03840,DevOps Engineer,[],0
JOB03841,Database Administrator,[],0
JOB03842,Web Developer,[],0
JOB03843,Machine Learning Engineer,[],0
JOB03844,Cloud Engineer,[],0
JOB03845,Product Analyst,[],0
JOB03846,Marketing Analyst,[],0
JOB03847,BI Analyst,[],0
JOB03848,QA Engineer,[],0
JOB03849,BI Analyst,[],0
JOB03850,Data Engineer,[],0
JOB03851,SQL Developer,[],0
JOB03852,Database Administrator,[],0
JOB03853,Machine Learning Engineer,[],0
JOB03854,Marketing Analyst,[],0
JOB03855,Data Scientist,[],0
JOB03856,Data Scientist,[],0
JOB03857,Database Administrator,[],0
JOB03858,HR Analyst,[],0
JOB03859,Marketing Analyst,[],0
JOB03860,Software Engineer,[],0
JOB03861,BI Analyst,[],0
JOB03862,Machine Learning Engineer,[],0
JOB03863,Power BI Developer,[],0
JOB03864,DevOps Engineer,[],0
JOB03865,Marketing Analyst,[],0
JOB03866,Web Developer,[],0
JOB03867,Financial Analyst,[],0
JOB03868,QA Engineer,[],0
JOB03869,Data Scientist,[],0
JOB03870,Full Stack Developer,[],0
JOB03871,Python Developer,[],0
JOB03872,Database Administrator,[],0
JOB03873,BI Analyst,[],0
JOB03874,HR Analyst,[],0
JOB03875,Business Analyst,[],0
JOB03876,Software Engineer,[],0
JOB03877,SQL Developer,[],0
JOB03878,Marketing Analyst,[],0
JOB03879,Cloud Engineer,[],0
JOB03880,BI Analyst,[],0
JOB03881,Product Analyst,[],0
JOB03882,HR Analyst,[],0
JOB03883,Cloud Engineer,[],0
JOB03884,Data Analyst,[],0
JOB03885,Python Developer,[],0
JOB03886,Power BI Developer,[],0
JOB03887,Product Analyst,[],0
JOB03888,Full Stack Developer,[],0
JOB03889,Data Engineer,[],0
JOB03890,Data Scientist,[],0
JOB03891,Machine Learning Engineer,[],0
JOB03892,Machine Learning Engineer,[],0
JOB03893,QA Engineer,[],0
JOB03894,BI Analyst,[],0
JOB03895,Power BI Developer,[],0
JOB03896,Web Developer,[],0
JOB03897,Web Developer,[],0
JOB03898,Power BI Developer,[],0
JOB03899,SQL Developer,[],0
JOB03900,Business Analyst,[],0
JOB03901,Data Scientist,[],0
JOB03902,SQL Developer,[],0
JOB03903,Data Engineer,[],0
JOB03904,DevOps Engineer,[],0
JOB03905,SQL Developer,[],0
JOB03906,Power BI Developer,[],0
JOB03907,Power BI Developer,[],0
JOB03908,Financial Analyst,[],0
JOB03909,BI Analyst,[],0
JOB03910,Financial Analyst,[],0
JOB03911,Business Analyst,[],0
JOB03912,Data Scientist,[],0
JOB03913,Machine Learning Engineer,[],0
JOB03914,Business Analyst,['Oracle'],1
JOB03915,DevOps Engineer,[],0
JOB03916,Software Engineer,[],0
JOB03917,Database Administrator,[],0
JOB03918,Data Analyst,[],0
JOB03919,Machine Learning Engineer,[],0
JOB03920,HR Analyst,[],0
JOB03921,Full Stack Developer,[],0
JOB03922,Marketing Analyst,[],0
JOB03923,Business Analyst,[],0
JOB03924,Data Engineer,[],0
JOB03925,Web Developer,[],0
JOB03926,Cloud Engineer,[],0
JOB03927,Python Developer,[],0
JOB03928,Database Administrator,[],0
JOB03929,Cloud Engineer,[],0
JOB03930,HR Analyst,[],0
JOB03931,Cloud Engineer,[],0
JOB03932,SQL Developer,[],0
JOB03933,BI Analyst,[],0
JOB03934,Machine Learning Engineer,[],0
JOB03935,Full Stack Developer,[],0
JOB03936,DevOps Engineer,[],0
JOB03937,Business Analyst,[],0
JOB03938,HR Analyst,[],0
JOB03939,Marketing Analyst,[],0
JOB03940,HR Analyst,[],0
JOB03941,DevOps Engineer,[],0
JOB03942,Python Developer,[],0
JOB03943,Web Developer,[],0
JOB03944,Machine Learning Engineer,[],0
JOB03945,Product Analyst,[],0
JOB03946,Data Analyst,[],0
JOB03947,Machine Learning Engineer,[],0
JOB03948,Full Stack Developer,[],0
JOB03949,Full Stack Developer,[],0
JOB03950,DevOps Engineer,[],0
JOB03951,Power BI Developer,[],0
JOB03952,Database Administrator,[],0
JOB03953,Web Developer,[],0
JOB03954,Python Developer,[],0
JOB03955,Data Scientist,[],0
JOB03956,DevOps Engineer,[],0
JOB03957,Python Developer,[],0
JOB03958,DevOps Engineer,[],0
JOB03959,Financial Analyst,[],0
JOB03960,Business Analyst,[],0
JOB03961,Product Analyst,[],0
JOB03962,HR Analyst,[],0
JOB03963,Full Stack Developer,[],0
JOB03964,Full Stack Developer,[],0
JOB03965,Financial Analyst,[],0
JOB03966,Data Analyst,[],0
JOB03967,Product Analyst,[],0
JOB03968,Power BI Developer,[],0
JOB03969,Data Engineer,[],0
JOB03970,Full Stack Developer,[],0
JOB03971,HR Analyst,[],0
JOB03972,Database Administrator,[],0
JOB03973,Power BI Developer,[],0
JOB03974,SQL Developer,[],0
JOB03975,Database Administrator,[],0
JOB03976,Financial Analyst,[],0
JOB03977,Data Scientist,[],0
JOB03978,Machine Learning Engineer,[],0
JOB03979,Product Analyst,[],0
JOB03980,Marketing Analyst,[],0
JOB03981,Data Engineer,[],0
JOB03982,Marketing Analyst,[],0
JOB03983,Software Engineer,[],0
JOB03984,Data Analyst,[],0
JOB03985,HR Analyst,['HR Analytics'],1
JOB03986,Database Administrator,[],0
JOB03987,DevOps Engineer,[],0
JOB03988,Web Developer,[],0
JOB03989,BI Analyst,[],0
JOB03990,HR Analyst,[],0
JOB03991,HR Analyst,['HR Analytics'],1
JOB03992,Web Developer,[],0
JOB03993,Financial Analyst,[],0
JOB03994,Web Developer,[],0
JOB03995,SQL Developer,[],0
JOB03996,Power BI Developer,[],0
JOB03997,Software Engineer,[],0
JOB03998,DevOps Engineer,[],0
JOB03999,Database Administrator,[],0
JOB04000,Business Analyst,[],0
JOB04001,Power BI Developer,['Power BI'],1
JOB04002,Cloud Engineer,[],0
JOB04003,Database Administrator,[],0
JOB04004,Business Analyst,[],0
JOB04005,Data Scientist,[],0
JOB04006,Data Scientist,[],0
JOB04007,Data Scientist,[],0
JOB04008,Cloud Engineer,[],0
JOB04009,Data Engineer,[],0
JOB04010,Cloud Engineer,[],0
JOB04011,Product Analyst,[],0
JOB04012,BI Analyst,[],0
JOB04013,Cloud Engineer,[],0
JOB04014,QA Engineer,[],0
JOB04015,Financial Analyst,[],0
JOB04016,Cloud Engineer,[],0
JOB04017,Power BI Developer,[],0
JOB04018,Product Analyst,[],0
JOB04019,Python Developer,[],0
JOB04020,Database Administrator,[],0
JOB04021,Web Developer,[],0
JOB04022,Data Engineer,[],0
JOB04023,Data Scientist,[],0
JOB04024,BI Analyst,[],0
JOB04025,BI Analyst,[],0
JOB04026,Machine Learning Engineer,[],0
JOB04027,QA Engineer,[],0
JOB04028,Marketing Analyst,[],0
JOB04029,Machine Learning Engineer,[],0
JOB04030,Business Analyst,[],0
JOB04031,Software Engineer,[],0
JOB04032,QA Engineer,[],0
JOB04033,Marketing Analyst,[],0
JOB04034,DevOps Engineer,[],0
JOB04035,BI Analyst,[],0
JOB04036,SQL Developer,[],0
JOB04037,Product Analyst,[],0
JOB04038,Database Administrator,[],0
JOB04039,Database Administrator,[],0
JOB04040,Software Engineer,[],0
JOB04041,Data Engineer,[],0
JOB04042,Machine Learning Engineer,[],0
JOB04043,Marketing Analyst,[],0
JOB04044,Data Engineer,[],0
JOB04045,BI Analyst,[],0
JOB04046,Marketing Analyst,[],0
JOB04047,Data Analyst,[],0
JOB04048,Software Engineer,[],0
JOB04049,Data Analyst,[],0
JOB04050,Software Engineer,[],0
JOB04051,Full Stack Developer,[],0
JOB04052,Database Administrator,[],0
JOB04053,Data Analyst,[],0
JOB04054,Cloud Engineer,[],0
JOB04055,Power BI Developer,[],0
JOB04056,Marketing Analyst,[],0
JOB04057,SQL Developer,[],0
JOB04058,Web Developer,[],0
JOB04059,BI Analyst,[],0
JOB04060,Power BI Developer,[],0
JOB04061,SQL Developer,[],0
JOB04062,HR Analyst,[],0
JOB04063,SQL Developer,[],0
JOB04064,Product Analyst,[],0
JOB04065,Cloud Engineer,[],0
JOB04066,DevOps Engineer,[],0
JOB04067,Financial Analyst,[],0
JOB04068,Software Engineer,[],0
JOB04069,Marketing Analyst,[],0
JOB04070,BI Analyst,[],0
JOB04071,Machine Learning Engineer,[],0
JOB04072,Data Engineer,[],0
JOB04073,Financial Analyst,[],0
JOB04074,Cloud Engineer,[],0
JOB04075,QA Engineer,[],0
JOB04076,Web Developer,[],0
JOB04077,Database Administrator,[],0
JOB04078,Cloud Engineer,[],0
JOB04079,Python Developer,[],0
JOB04080,Data Engineer,[],0
JOB04081,Data Scientist,[],0
JOB04082,HR Analyst,[],0
JOB04083,BI Analyst,[],0
JOB04084,Business Analyst,[],0
JOB04085,Python Developer,[],0
JOB04086,DevOps Engineer,[],0
JOB04087,QA Engineer,[],0
JOB04088,Cloud Engineer,[],0
JOB04089,Data Scientist,[],0
JOB04090,Power BI Developer,[],0
JOB04091,Data Analyst,[],0
JOB04092,Financial Analyst,[],0
JOB04093,Business Analyst,[],0
JOB04094,Machine Learning Engineer,[],0
JOB04095,Software Engineer,[],0
JOB04096,SQL Developer,[],0
JOB04097,Database Administrator,[],0
JOB04098,Cloud Engineer,[],0
JOB04099,DevOps Engineer,[],0
JOB04100,Data Scientist,[],0
JOB04101,BI Analyst,[],0
JOB04102,DevOps Engineer,[],0
JOB04103,Data Engineer,[],0
JOB04104,QA Engineer,[],0
JOB04105,Database Administrator,[],0
JOB04106,DevOps Engineer,[],0
JOB04107,Product Analyst,['Oracle'],1
JOB04108,Software Engineer,[],0
JOB04109,Web Developer,[],0
JOB04110,HR Analyst,[],0
JOB04111,HR Analyst,['HR Analytics'],1
JOB04112,Cloud Engineer,[],0
JOB04113,Marketing Analyst,[],0
JOB04114,Financial Analyst,[],0
JOB04115,HR Analyst,[],0
JOB04116,BI Analyst,[],0
JOB04117,Financial Analyst,[],0
JOB04118,Software Engineer,[],0
JOB04119,Python Developer,[],0
JOB04120,HR Analyst,[],0
JOB04121,Cloud Engineer,[],0
JOB04122,Product Analyst,[],0
JOB04123,Financial Analyst,[],0
JOB04124,SQL Developer,[],0
JOB04125,BI Analyst,[],0
JOB04126,Business Analyst,[],0
JOB04127,Financial Analyst,[],0
JOB04128,Power BI Developer,[],0
JOB04129,HR Analyst,['HR Analytics'],1
JOB04130,Web Developer,[],0
JOB04131,Business Analyst,[],0
JOB04132,SQL Developer,[],0
JOB04133,Data Scientist,[],0
JOB04134,Financial Analyst,[],0
JOB04135,Database Administrator,['Oracle'],1
JOB04136,Marketing Analyst,[],0
JOB04137,BI Analyst,[],0
JOB04138,Marketing Analyst,[],0
JOB04139,QA Engineer,[],0
JOB04140,Data Scientist,[],0
JOB04141,Python Developer,[],0
JOB04142,Product Analyst,[],0
JOB04143,HR Analyst,[],0
JOB04144,Python Developer,[],0
JOB04145,Marketing Analyst,[],0
JOB04146,Power BI Developer,[],0
JOB04147,SQL Developer,[],0
JOB04148,Marketing Analyst,[],0
JOB04149,Cloud Engineer,[],0
JOB04150,Marketing Analyst,[],0
JOB04151,Machine Learning Engineer,[],0
JOB04152,SQL Developer,[],0
JOB04153,Business Analyst,[],0
JOB04154,Product Analyst,[],0
JOB04155,Data Analyst,[],0
JOB04156,Python Developer,[],0
JOB04157,Product Analyst,['Product Analytics'],1
JOB04158,Business Analyst,[],0
JOB04159,Power BI Developer,[],0
JOB04160,Power BI Developer,[],0
JOB04161,QA Engineer,[],0
JOB04162,Software Engineer,[],0
JOB04163,Machine Learning Engineer,[],0
JOB04164,Product Analyst,[],0
JOB04165,Python Developer,[],0
JOB04166,Software Engineer,[],0
JOB04167,Data Engineer,[],0
JOB04168,Marketing Analyst,[],0
JOB04169,Marketing Analyst,[],0
JOB04170,BI Analyst,[],0
JOB04171,Cloud Engineer,[],0
JOB04172,Python Developer,[],0
JOB04173,SQL Developer,[],0
JOB04174,Web Developer,[],0
JOB04175,Data Scientist,[],0
JOB04176,Marketing Analyst,[],0
JOB04177,Cloud Engineer,[],0
JOB04178,Product Analyst,[],0
JOB04179,Machine Learning Engineer,[],0
JOB04180,Business Analyst,[],0
JOB04181,Web Developer,[],0
JOB04182,Python Developer,[],0
JOB04183,Cloud Engineer,[],0
JOB04184,QA Engineer,[],0
JOB04185,BI Analyst,[],0
JOB04186,HR Analyst,[],0
JOB04187,Machine Learning Engineer,[],0
JOB04188,HR Analyst,[],0
JOB04189,Marketing Analyst,[],0
JOB04190,DevOps Engineer,[],0
JOB04191,Full Stack Developer,[],0
JOB04192,Data Analyst,[],0
JOB04193,Data Scientist,[],0
JOB04194,HR Analyst,['HR Analytics'],1
JOB04195,QA Engineer,[],0
JOB04196,HR Analyst,[],0
JOB04197,Web Developer,[],0
JOB04198,Business Analyst,[],0
JOB04199,SQL Developer,[],0
JOB04200,Power BI Developer,['Power BI'],1
JOB04201,Web Developer,[],0
JOB04202,HR Analyst,[],0
JOB04203,Data Scientist,[],0
JOB04204,Business Analyst,[],0
JOB04205,Database Administrator,[],0
JOB04206,BI Analyst,[],0
JOB04207,HR Analyst,['HR Analytics'],1
JOB04208,Financial Analyst,[],0
JOB04209,Data Analyst,[],0
JOB04210,Web Developer,[],0
JOB04211,Product Analyst,[],0
JOB04212,QA Engineer,[],0
JOB04213,Cloud Engineer,[],0
JOB04214,QA Engineer,[],0
JOB04215,Data Engineer,[],0
JOB04216,Data Analyst,[],0
JOB04217,Data Scientist,[],0
JOB04218,Data Scientist,['Oracle'],1
JOB04219,Cloud Engineer,[],0
JOB04220,Power BI Developer,[],0
JOB04221,Python Developer,[],0
JOB04222,Business Analyst,[],0
JOB04223,DevOps Engineer,[],0
JOB04224,Marketing Analyst,[],0
JOB04225,Data Engineer,[],0
JOB04226,Web Developer,[],0
JOB04227,Marketing Analyst,[],0
JOB04228,Machine Learning Engineer,[],0
JOB04229,Data Analyst,[],0
JOB04230,Product Analyst,[],0
JOB04231,QA Engineer,[],0
JOB04232,Marketing Analyst,[],0
JOB04233,Data Scientist,[],0
JOB04234,Full Stack Developer,[],0
JOB04235,DevOps Engineer,[],0
JOB04236,Python Developer,[],0
JOB04237,Data Scientist,[],0
JOB04238,HR Analyst,[],0
JOB04239,SQL Developer,[],0
JOB04240,Python Developer,[],0
JOB04241,Power BI Developer,[],0
JOB04242,Web Developer,[],0
JOB04243,Software Engineer,[],0
JOB04244,Business Analyst,[],0
JOB04245,Financial Analyst,[],0
JOB04246,Power BI Developer,[],0
JOB04247,Data Engineer,[],0
JOB04248,Business Analyst,[],0
JOB04249,Machine Learning Engineer,[],0
JOB04250,Financial Analyst,[],0
JOB04251,Marketing Analyst,[],0
JOB04252,HR Analyst,[],0
JOB04253,Full Stack Developer,[],0
JOB04254,BI Analyst,[],0
JOB04255,Python Developer,[],0
JOB04256,SQL Developer,[],0
JOB04257,Data Engineer,[],0
JOB04258,DevOps Engineer,[],0
JOB04259,Database Administrator,[],0
JOB04260,Machine Learning Engineer,[],0
JOB04261,Data Engineer,[],0
JOB04262,DevOps Engineer,[],0
JOB04263,SQL Developer,[],0
JOB04264,Product Analyst,[],0
JOB04265,Web Developer,[],0
JOB04266,SQL Developer,[],0
JOB04267,Software Engineer,[],0
JOB04268,SQL Developer,[],0
JOB04269,Database Administrator,[],0
JOB04270,Machine Learning Engineer,[],0
JOB04271,Business Analyst,[],0
JOB04272,Database Administrator,[],0
JOB04273,Data Scientist,[],0
JOB04274,QA Engineer,[],0
JOB04275,Web Developer,[],0
JOB04276,Financial Analyst,[],0
JOB04277,Python Developer,['Django'],1
JOB04278,Data Engineer,[],0
JOB04279,Data Engineer,[],0
JOB04280,Data Scientist,[],0
JOB04281,Marketing Analyst,[],0
JOB04282,DevOps Engineer,[],0
JOB04283,QA Engineer,[],0
JOB04284,Business Analyst,[],0
JOB04285,Business Analyst,[],0
JOB04286,Product Analyst,[],0
JOB04287,Data Scientist,[],0
JOB04288,QA Engineer,[],0
JOB04289,Python Developer,[],0
JOB04290,Python Developer,[],0
JOB04291,SQL Developer,[],0
JOB04292,Marketing Analyst,[],0
JOB04293,Full Stack Developer,[],0
JOB04294,BI Analyst,[],0
JOB04295,Cloud Engineer,[],0
JOB04296,Marketing Analyst,[],0
JOB04297,Financial Analyst,[],0
JOB04298,BI Analyst,[],0
JOB04299,Data Scientist,[],0
JOB04300,Software Engineer,[],0
JOB04301,Financial Analyst,[],0
JOB04302,Financial Analyst,[],0
JOB04303,BI Analyst,[],0
JOB04304,Software Engineer,[],0
JOB04305,Database Administrator,[],0
JOB04306,Marketing Analyst,[],0
JOB04307,Power BI Developer,[],0
JOB04308,Power BI Developer,[],0
JOB04309,Marketing Analyst,[],0
JOB04310,DevOps Engineer,[],0
JOB04311,Data Analyst,['Oracle'],1
JOB04312,Database Administrator,[],0
JOB04313,BI Analyst,[],0
JOB04314,Software Engineer,[],0
JOB04315,Python Developer,[],0
JOB04316,BI Analyst,[],0
JOB04317,Data Scientist,[],0
JOB04318,Marketing Analyst,[],0
JOB04319,Power BI Developer,[],0
JOB04320,Financial Analyst,[],0
JOB04321,QA Engineer,[],0
JOB04322,Financial Analyst,[],0
JOB04323,Software Engineer,[],0
JOB04324,SQL Developer,[],0
JOB04325,BI Analyst,[],0
JOB04326,Power BI Developer,['Power BI'],1
JOB04327,QA Engineer,[],0
JOB04328,Data Scientist,[],0
JOB04329,Power BI Developer,[],0
JOB04330,DevOps Engineer,[],0
JOB04331,SQL Developer,[],0
JOB04332,Database Administrator,[],0
JOB04333,HR Analyst,[],0
JOB04334,Marketing Analyst,[],0
JOB04335,HR Analyst,[],0
JOB04336,SQL Developer,[],0
JOB04337,Software Engineer,[],0
JOB04338,Business Analyst,[],0
JOB04339,Cloud Engineer,[],0
JOB04340,Web Developer,[],0
JOB04341,Power BI Developer,[],0
JOB04342,Data Engineer,[],0
JOB04343,Power BI Developer,[],0
JOB04344,Database Administrator,[],0
JOB04345,Business Analyst,[],0
JOB04346,DevOps Engineer,[],0
JOB04347,QA Engineer,[],0
JOB04348,HR Analyst,[],0
JOB04349,HR Analyst,['HR Analytics'],1
JOB04350,Database Administrator,[],0
JOB04351,HR Analyst,[],0
JOB04352,Business Analyst,[],0
JOB04353,DevOps Engineer,[],0
JOB04354,Web Developer,[],0
JOB04355,BI Analyst,[],0
JOB04356,SQL Developer,[],0
JOB04357,Power BI Developer,['Power BI'],1
JOB04358,Full Stack Developer,[],0
JOB04359,QA Engineer,[],0
JOB04360,Software Engineer,[],0
JOB04361,Full Stack Developer,[],0
JOB04362,Data Scientist,[],0
JOB04363,Machine Learning Engineer,[],0
JOB04364,Data Analyst,[],0
JOB04365,Database Administrator,[],0
JOB04366,Database Administrator,[],0
JOB04367,Power BI Developer,[],0
JOB04368,DevOps Engineer,[],0
JOB04369,Cloud Engineer,[],0
JOB04370,BI Analyst,[],0
JOB04371,Full Stack Developer,[],0
JOB04372,Machine Learning Engineer,[],0
JOB04373,QA Engineer,[],0
JOB04374,Software Engineer,[],0
JOB04375,SQL Developer,[],0
JOB04376,Product Analyst,[],0
JOB04377,Cloud Engineer,[],0
JOB04378,Data Engineer,[],0
JOB04379,Marketing Analyst,[],0
JOB04380,Marketing Analyst,[],0
JOB04381,Web Developer,[],0
JOB04382,Full Stack Developer,[],0
JOB04383,Data Engineer,[],0
JOB04384,QA Engineer,[],0
JOB04385,Database Administrator,[],0
JOB04386,Python Developer,[],0
JOB04387,Full Stack Developer,[],0
JOB04388,Full Stack Developer,[],0
JOB04389,Web Developer,[],0
JOB04390,DevOps Engineer,[],0
JOB04391,Database Administrator,[],0
JOB04392,Full Stack Developer,[],0
JOB04393,Full Stack Developer,[],0
JOB04394,Data Analyst,[],0
JOB04395,Python Developer,[],0
JOB04396,Marketing Analyst,[],0
JOB04397,BI Analyst,[],0
JOB04398,QA Engineer,[],0
JOB04399,QA Engineer,[],0
JOB04400,Financial Analyst,[],0
JOB04401,Software Engineer,[],0
JOB04402,BI Analyst,[],0
JOB04403,Product Analyst,[],0
JOB04404,QA Engineer,[],0
JOB04405,Web Developer,[],0
JOB04406,Data Scientist,[],0
JOB04407,Product Analyst,[],0
JOB04408,Data Scientist,[],0
JOB04409,Cloud Engineer,[],0
JOB04410,Database Administrator,[],0
JOB04411,Data Scientist,[],0
JOB04412,Full Stack Developer,[],0
JOB04413,Python Developer,[],0
JOB04414,HR Analyst,['HR Analytics'],1
JOB04415,Data Analyst,[],0
JOB04416,SQL Developer,[],0
JOB04417,Product Analyst,[],0
JOB04418,Web Developer,[],0
JOB04419,DevOps Engineer,[],0
JOB04420,Cloud Engineer,[],0
JOB04421,QA Engineer,[],0
JOB04422,Product Analyst,[],0
JOB04423,DevOps Engineer,[],0
JOB04424,QA Engineer,[],0
JOB04425,Data Analyst,[],0
JOB04426,Machine Learning Engineer,[],0
JOB04427,Web Developer,[],0
JOB04428,HR Analyst,['HR Analytics'],1
JOB04429,DevOps Engineer,[],0
JOB04430,Business Analyst,[],0
JOB04431,Marketing Analyst,[],0
JOB04432,Power BI Developer,[],0
JOB04433,Web Developer,[],0
JOB04434,Machine Learning Engineer,[],0
JOB04435,BI Analyst,[],0
JOB04436,Business Analyst,[],0
JOB04437,HR Analyst,[],0
JOB04438,HR Analyst,[],0
JOB04439,Database Administrator,[],0
JOB04440,Data Scientist,[],0
JOB04441,Business Analyst,[],0
JOB04442,SQL Developer,[],0
JOB04443,Marketing Analyst,[],0
JOB04444,Data Analyst,[],0
JOB04445,QA Engineer,[],0
JOB04446,Database Administrator,[],0
JOB04447,Product Analyst,[],0
JOB04448,Marketing Analyst,[],0
JOB04449,Business Analyst,[],0
JOB04450,Full Stack Developer,[],0
JOB04451,DevOps Engineer,[],0
JOB04452,Data Engineer,[],0
JOB04453,BI Analyst,[],0
JOB04454,QA Engineer,[],0
JOB04455,HR Analyst,[],0
JOB04456,HR Analyst,[],0
JOB04457,Product Analyst,[],0
JOB04458,Business Analyst,[],0
JOB04459,HR Analyst,[],0
JOB04460,Data Analyst,[],0
JOB04461,Software Engineer,[],0
JOB04462,SQL Developer,[],0
JOB04463,Business Analyst,[],0
JOB04464,Python Developer,[],0
JOB04465,Full Stack Developer,[],0
JOB04466,Software Engineer,[],0
JOB04467,Full Stack Developer,[],0
JOB04468,Database Administrator,[],0
JOB04469,Data Engineer,[],0
JOB04470,Cloud Engineer,[],0
JOB04471,Machine Learning Engineer,[],0
JOB04472,Financial Analyst,[],0
JOB04473,Machine Learning Engineer,[],0
JOB04474,BI Analyst,[],0
JOB04475,Cloud Engineer,[],0
JOB04476,Data Engineer,[],0
JOB04477,Financial Analyst,[],0
JOB04478,Financial Analyst,[],0
JOB04479,Business Analyst,[],0
JOB04480,Software Engineer,[],0
JOB04481,Software Engineer,[],0
JOB04482,Power BI Developer,[],0
JOB04483,Data Analyst,[],0
JOB04484,QA Engineer,[],0
JOB04485,Full Stack Developer,[],0
JOB04486,Product Analyst,[],0
JOB04487,Full Stack Developer,[],0
JOB04488,Database Administrator,[],0
JOB04489,Business Analyst,[],0
JOB04490,HR Analyst,['HR Analytics'],1
JOB04491,DevOps Engineer,[],0
JOB04492,Business Analyst,[],0
JOB04493,Data Engineer,[],0
JOB04494,BI Analyst,[],0
JOB04495,Data Analyst,[],0
JOB04496,Software Engineer,[],0
JOB04497,HR Analyst,[],0
JOB04498,Data Analyst,[],0
JOB04499,HR Analyst,[],0
JOB04500,Software Engineer,[],0
JOB04501,Marketing Analyst,[],0
JOB04502,Cloud Engineer,[],0
JOB04503,Data Scientist,[],0
JOB04504,Product Analyst,[],0
JOB04505,Financial Analyst,[],0
JOB04506,QA Engineer,[],0
JOB04507,Web Developer,[],0
JOB04508,QA Engineer,[],0
JOB04509,Marketing Analyst,[],0
JOB04510,Financial Analyst,[],0
JOB04511,Business Analyst,[],0
JOB04512,Data Engineer,[],0
JOB04513,HR Analyst,['HR Analytics'],1
JOB04514,Database Administrator,[],0
JOB04515,Business Analyst,[],0
JOB04516,Data Analyst,[],0
JOB04517,Python Developer,[],0
JOB04518,Python Developer,[],0
JOB04519,Database Administrator,[],0
JOB04520,DevOps Engineer,[],0
JOB04521,Python Developer,[],0
JOB04522,SQL Developer,[],0
JOB04523,Web Developer,[],0
JOB04524,QA Engineer,[],0
JOB04525,Data Analyst,[],0
JOB04526,Full Stack Developer,[],0
JOB04527,Marketing Analyst,[],0
JOB04528,SQL Developer,[],0
JOB04529,BI Analyst,[],0
JOB04530,SQL Developer,[],0
JOB04531,QA Engineer,[],0
JOB04532,Data Scientist,[],0
JOB04533,Full Stack Developer,[],0
JOB04534,Machine Learning Engineer,[],0
JOB04535,Cloud Engineer,[],0
JOB04536,Cloud Engineer,[],0
JOB04537,Database Administrator,[],0
JOB04538,Full Stack Developer,[],0
JOB04539,HR Analyst,[],0
JOB04540,HR Analyst,[],0
JOB04541,Cloud Engineer,[],0
JOB04542,Cloud Engineer,[],0
JOB04543,Data Engineer,[],0
JOB04544,Financial Analyst,[],0
JOB04545,Data Scientist,[],0
JOB04546,Data Engineer,[],0
JOB04547,Database Administrator,[],0
JOB04548,Marketing Analyst,[],0
JOB04549,DevOps Engineer,[],0
JOB04550,Data Scientist,[],0
JOB04551,Web Developer,[],0
JOB04552,Marketing Analyst,[],0
JOB04553,Software Engineer,[],0
JOB04554,HR Analyst,[],0
JOB04555,DevOps Engineer,[],0
JOB04556,Software Engineer,[],0
JOB04557,Product Analyst,['Oracle'],1
JOB04558,DevOps Engineer,[],0
JOB04559,BI Analyst,[],0
JOB04560,Database Administrator,[],0
JOB04561,Database Administrator,[],0
JOB04562,Product Analyst,[],0
JOB04563,Data Scientist,[],0
JOB04564,SQL Developer,[],0
JOB04565,DevOps Engineer,[],0
JOB04566,Software Engineer,[],0
JOB04567,Power BI Developer,['Power BI'],1
JOB04568,HR Analyst,['HR Analytics'],1
JOB04569,Data Engineer,[],0
JOB04570,BI Analyst,[],0
JOB04571,HR Analyst,[],0
JOB04572,Database Administrator,[],0
JOB04573,HR Analyst,[],0
JOB04574,DevOps Engineer,[],0
JOB04575,Database Administrator,[],0
JOB04576,HR Analyst,['HR Analytics'],1
JOB04577,BI Analyst,[],0
JOB04578,Database Administrator,[],0
JOB04579,Data Engineer,[],0
JOB04580,Full Stack Developer,[],0
JOB04581,HR Analyst,[],0
JOB04582,Database Administrator,[],0
JOB04583,Cloud Engineer,[],0
JOB04584,Data Scientist,[],0
JOB04585,Machine Learning Engineer,[],0
JOB04586,Product Analyst,[],0
JOB04587,Business Analyst,[],0
JOB04588,HR Analyst,[],0
JOB04589,Software Engineer,[],0
JOB04590,Power BI Developer,['Power BI'],1
JOB04591,BI Analyst,[],0
JOB04592,Database Administrator,[],0
JOB04593,HR Analyst,[],0
JOB04594,Full Stack Developer,[],0
JOB04595,HR Analyst,['HR Analytics'],1
JOB04596,Machine Learning Engineer,[],0
JOB04597,DevOps Engineer,[],0
JOB04598,Financial Analyst,[],0
JOB04599,Marketing Analyst,[],0
JOB04600,Web Developer,[],0
JOB04601,Python Developer,[],0
JOB04602,QA Engineer,[],0
JOB04603,BI Analyst,[],0
JOB04604,Data Analyst,[],0
JOB04605,Web Developer,[],0
JOB04606,Machine Learning Engineer,[],0
JOB04607,Financial Analyst,[],0
JOB04608,HR Analyst,['HR Analytics'],1
JOB04609,DevOps Engineer,[],0
JOB04610,SQL Developer,[],0
JOB04611,Product Analyst,[],0
JOB04612,QA Engineer,[],0
JOB04613,Machine Learning Engineer,[],0
JOB04614,Data Scientist,[],0
JOB04615,Software Engineer,[],0
JOB04616,DevOps Engineer,[],0
JOB04617,Product Analyst,[],0
JOB04618,Database Administrator,[],0
JOB04619,Web Developer,[],0
JOB04620,Financial Analyst,[],0
JOB04621,Financial Analyst,[],0
JOB04622,Data Scientist,[],0
JOB04623,Financial Analyst,[],0
JOB04624,Data Analyst,[],0
JOB04625,Data Engineer,[],0
JOB04626,Power BI Developer,[],0
JOB04627,Web Developer,[],0
JOB04628,Database Administrator,[],0
JOB04629,Business Analyst,[],0
JOB04630,SQL Developer,[],0
JOB04631,Product Analyst,[],0
JOB04632,Database Administrator,[],0
JOB04633,Marketing Analyst,[],0
JOB04634,Product Analyst,[],0
JOB04635,Full Stack Developer,[],0
JOB04636,Marketing Analyst,[],0
JOB04637,Product Analyst,[],0
JOB04638,Product Analyst,[],0
JOB04639,HR Analyst,[],0
JOB04640,Financial Analyst,[],0
JOB04641,Business Analyst,[],0
JOB04642,QA Engineer,[],0
JOB04643,Marketing Analyst,[],0
JOB04644,Cloud Engineer,[],0
JOB04645,SQL Developer,[],0
JOB04646,Machine Learning Engineer,[],0
JOB04647,Data Scientist,[],0
JOB04648,Database Administrator,[],0
JOB04649,Marketing Analyst,[],0
JOB04650,Data Scientist,[],0
JOB04651,Database Administrator,[],0
JOB04652,Data Analyst,[],0
JOB04653,Software Engineer,[],0
JOB04654,Cloud Engineer,[],0
JOB04655,Power BI Developer,['Power BI'],1
JOB04656,HR Analyst,[],0
JOB04657,Data Engineer,[],0
JOB04658,Cloud Engineer,[],0
JOB04659,SQL Developer,[],0
JOB04660,Python Developer,[],0
JOB04661,DevOps Engineer,[],0
JOB04662,Data Engineer,[],0
JOB04663,BI Analyst,[],0
JOB04664,Data Analyst,[],0
JOB04665,DevOps Engineer,[],0
JOB04666,Web Developer,[],0
JOB04667,Python Developer,[],0
JOB04668,Business Analyst,[],0
JOB04669,Software Engineer,[],0
JOB04670,Business Analyst,[],0
JOB04671,Python Developer,[],0
JOB04672,Financial Analyst,[],0
JOB04673,QA Engineer,[],0
JOB04674,Power BI Developer,[],0
JOB04675,Database Administrator,[],0
JOB04676,Business Analyst,[],0
JOB04677,Financial Analyst,[],0
JOB04678,Power BI Developer,[],0
JOB04679,Business Analyst,[],0
JOB04680,Financial Analyst,[],0
JOB04681,Web Developer,[],0
JOB04682,Business Analyst,[],0
JOB04683,Python Developer,[],0
JOB04684,Product Analyst,[],0
JOB04685,Full Stack Developer,[],0
JOB04686,BI Analyst,[],0
JOB04687,Data Engineer,[],0
JOB04688,Data Analyst,[],0
JOB04689,Web Developer,[],0
JOB04690,QA Engineer,[],0
JOB04691,Cloud Engineer,[],0
JOB04692,Product Analyst,[],0
JOB04693,BI Analyst,[],0
JOB04694,Database Administrator,[],0
JOB04695,Data Scientist,[],0
JOB04696,Financial Analyst,[],0
JOB04697,Database Administrator,[],0
JOB04698,Power BI Developer,[],0
JOB04699,Cloud Engineer,[],0
JOB04700,Full Stack Developer,[],0
JOB04701,Data Scientist,[],0
JOB04702,Power BI Developer,[],0
JOB04703,Financial Analyst,[],0
JOB04704,Data Engineer,[],0
JOB04705,Web Developer,[],0
JOB04706,Python Developer,[],0
JOB04707,Python Developer,[],0
JOB04708,Web Developer,[],0
JOB04709,Cloud Engineer,[],0
JOB04710,Web Developer,[],0
JOB04711,BI Analyst,[],0
JOB04712,Product Analyst,[],0
JOB04713,Machine Learning Engineer,[],0
JOB04714,Power BI Developer,[],0
JOB04715,Machine Learning Engineer,[],0
JOB04716,Data Engineer,[],0
JOB04717,SQL Developer,[],0
JOB04718,Cloud Engineer,[],0
JOB04719,Full Stack Developer,[],0
JOB04720,Data Analyst,[],0
JOB04721,BI Analyst,[],0
JOB04722,Data Analyst,[],0
JOB04723,Power BI Developer,[],0
JOB04724,DevOps Engineer,[],0
JOB04725,Full Stack Developer,[],0
JOB04726,Software Engineer,[],0
JOB04727,QA Engineer,[],0
JOB04728,Web Developer,[],0
JOB04729,Data Analyst,[],0
JOB04730,Data Engineer,[],0
JOB04731,Marketing Analyst,[],0
JOB04732,Data Analyst,[],0
JOB04733,Web Developer,[],0
JOB04734,Python Developer,[],0
JOB04735,Full Stack Developer,[],0
JOB04736,Business Analyst,[],0
JOB04737,HR Analyst,[],0
JOB04738,Product Analyst,[],0
JOB04739,Full Stack Developer,[],0
JOB04740,Full Stack Developer,[],0
JOB04741,BI Analyst,[],0
JOB04742,Cloud Engineer,[],0
JOB04743,Web Developer,[],0
JOB04744,Database Administrator,[],0
JOB04745,HR Analyst,[],0
JOB04746,Web Developer,[],0
JOB04747,Full Stack Developer,[],0
JOB04748,Business Analyst,[],0
JOB04749,Full Stack Developer,[],0
JOB04750,Marketing Analyst,[],0
JOB04751,BI Analyst,[],0
JOB04752,Marketing Analyst,[],0
JOB04753,Power BI Developer,[],0
JOB04754,Power BI Developer,[],0
JOB04755,Data Scientist,[],0
JOB04756,Web Developer,[],0
JOB04757,Marketing Analyst,[],0
JOB04758,Machine Learning Engineer,[],0
JOB04759,Software Engineer,[],0
JOB04760,Database Administrator,[],0
JOB04761,Marketing Analyst,[],0
JOB04762,HR Analyst,[],0
JOB04763,Full Stack Developer,[],0
JOB04764,BI Analyst,[],0
JOB04765,QA Engineer,[],0
JOB04766,Financial Analyst,[],0
JOB04767,Full Stack Developer,[],0
JOB04768,Data Analyst,[],0
JOB04769,QA Engineer,[],0
JOB04770,Python Developer,[],0
JOB04771,SQL Developer,['Oracle'],1
JOB04772,Power BI Developer,[],0
JOB04773,Machine Learning Engineer,[],0
JOB04774,Web Developer,[],0
JOB04775,Financial Analyst,[],0
JOB04776,Product Analyst,[],0
JOB04777,Full Stack Developer,[],0
JOB04778,BI Analyst,[],0
JOB04779,Software Engineer,[],0
JOB04780,Product Analyst,[],0
JOB04781,Machine Learning Engineer,[],0
JOB04782,Data Analyst,[],0
JOB04783,Data Engineer,[],0
JOB04784,Cloud Engineer,[],0
JOB04785,Machine Learning Engineer,[],0
JOB04786,Cloud Engineer,[],0
JOB04787,Marketing Analyst,[],0
JOB04788,Power BI Developer,[],0
JOB04789,Financial Analyst,[],0
JOB04790,Full Stack Developer,[],0
JOB04791,Data Engineer,[],0
JOB04792,Power BI Developer,[],0
JOB04793,Power BI Developer,[],0
JOB04794,DevOps Engineer,[],0
JOB04795,Software Engineer,[],0
JOB04796,Power BI Developer,[],0
JOB04797,DevOps Engineer,[],0
JOB04798,Financial Analyst,[],0
JOB04799,Financial Analyst,[],0
JOB04800,SQL Developer,[],0
JOB04801,SQL Developer,[],0
JOB04802,Marketing Analyst,[],0
JOB04803,Data Scientist,[],0
JOB04804,Data Analyst,[],0
JOB04805,Machine Learning Engineer,[],0
JOB04806,DevOps Engineer,[],0
JOB04807,Software Engineer,[],0
JOB04808,Cloud Engineer,[],0
JOB04809,Cloud Engineer,[],0
JOB04810,Business Analyst,[],0
JOB04811,SQL Developer,[],0
JOB04812,Data Analyst,[],0
JOB04813,Data Engineer,[],0
JOB04814,BI Analyst,[],0
JOB04815,SQL Developer,[],0
JOB04816,Software Engineer,[],0
JOB04817,SQL Developer,[],0
JOB04818,Database Administrator,[],0
JOB04819,Marketing Analyst,[],0
JOB04820,Data Engineer,[],0
JOB04821,Product Analyst,[],0
JOB04822,Business Analyst,[],0
JOB04823,Product Analyst,[],0
JOB04824,Power BI Developer,[],0
JOB04825,Cloud Engineer,[],0
JOB04826,Data Scientist,[],0
JOB04827,DevOps Engineer,[],0
JOB04828,Data Scientist,[],0
JOB04829,Web Developer,[],0
JOB04830,Full Stack Developer,[],0
JOB04831,DevOps Engineer,[],0
JOB04832,Product Analyst,[],0
JOB04833,Business Analyst,[],0
JOB04834,SQL Developer,[],0
JOB04835,QA Engineer,[],0
JOB04836,Python Developer,[],0
JOB04837,HR Analyst,[],0
JOB04838,Power BI Developer,[],0
JOB04839,Cloud Engineer,[],0
JOB04840,BI Analyst,[],0
JOB04841,Python Developer,[],0
JOB04842,Machine Learning Engineer,[],0
JOB04843,Financial Analyst,[],0
JOB04844,SQL Developer,[],0
JOB04845,QA Engineer,[],0
JOB04846,Power BI Developer,[],0
JOB04847,Python Developer,[],0
JOB04848,QA Engineer,[],0
JOB04849,Machine Learning Engineer,[],0
JOB04850,HR Analyst,['HR Analytics'],1
JOB04851,Power BI Developer,[],0
JOB04852,Database Administrator,[],0
JOB04853,Python Developer,[],0
JOB04854,Data Engineer,[],0
JOB04855,Power BI Developer,[],0
JOB04856,QA Engineer,[],0
JOB04857,Data Scientist,['Oracle'],1
JOB04858,Product Analyst,[],0
JOB04859,SQL Developer,[],0
JOB04860,BI Analyst,[],0
JOB04861,Database Administrator,[],0
JOB04862,Data Engineer,[],0
JOB04863,Data Scientist,[],0
JOB04864,HR Analyst,[],0
JOB04865,Web Developer,[],0
JOB04866,HR Analyst,[],0
JOB04867,Machine Learning Engineer,[],0
JOB04868,DevOps Engineer,[],0
JOB04869,QA Engineer,[],0
JOB04870,Machine Learning Engineer,[],0
JOB04871,HR Analyst,[],0
JOB04872,HR Analyst,[],0
JOB04873,Marketing Analyst,[],0
JOB04874,Marketing Analyst,[],0
JOB04875,Financial Analyst,[],0
JOB04876,Cloud Engineer,[],0
JOB04877,Power BI Developer,[],0
JOB04878,Marketing Analyst,[],0
JOB04879,HR Analyst,[],0
JOB04880,Cloud Engineer,[],0
JOB04881,BI Analyst,[],0
JOB04882,Marketing Analyst,[],0
JOB04883,Web Developer,[],0
JOB04884,BI Analyst,[],0
JOB04885,Python Developer,[],0
JOB04886,Cloud Engineer,[],0
JOB04887,Data Scientist,[],0
JOB04888,Data Analyst,[],0
JOB04889,Marketing Analyst,[],0
JOB04890,DevOps Engineer,[],0
JOB04891,Data Engineer,[],0
JOB04892,Cloud Engineer,[],0
JOB04893,Data Scientist,[],0
JOB04894,Data Engineer,[],0
JOB04895,DevOps Engineer,[],0
JOB04896,SQL Developer,[],0
JOB04897,Cloud Engineer,[],0
JOB04898,Marketing Analyst,[],0
JOB04899,Data Engineer,[],0
JOB04900,Database Administrator,[],0
JOB04901,Python Developer,[],0
JOB04902,QA Engineer,[],0
JOB04903,Full Stack Developer,[],0
JOB04904,Web Developer,[],0
JOB04905,Financial Analyst,[],0
JOB04906,Machine Learning Engineer,[],0
JOB04907,HR Analyst,[],0
JOB04908,Marketing Analyst,[],0
JOB04909,HR Analyst,[],0
JOB04910,DevOps Engineer,[],0
JOB04911,Full Stack Developer,[],0
JOB04912,Cloud Engineer,[],0
JOB04913,Full Stack Developer,[],0
JOB04914,QA Engineer,[],0
JOB04915,Data Engineer,[],0
JOB04916,Machine Learning Engineer,[],0
JOB04917,Power BI Developer,['Power BI'],1
JOB04918,Power BI Developer,['Power BI'],1
JOB04919,BI Analyst,[],0
JOB04920,Data Analyst,[],0
JOB04921,Data Analyst,[],0
JOB04922,Business Analyst,[],0
JOB04923,Business Analyst,[],0
JOB04924,HR Analyst,[],0
JOB04925,SQL Developer,[],0
JOB04926,Database Administrator,[],0
JOB04927,Financial Analyst,[],0
JOB04928,Software Engineer,[],0
JOB04929,BI Analyst,[],0
JOB04930,QA Engineer,[],0
JOB04931,Full Stack Developer,[],0
JOB04932,Database Administrator,[],0
JOB04933,Database Administrator,[],0
JOB04934,DevOps Engineer,[],0
JOB04935,BI Analyst,[],0
JOB04936,Business Analyst,[],0
JOB04937,Database Administrator,[],0
JOB04938,BI Analyst,[],0
JOB04939,Software Engineer,[],0
JOB04940,Financial Analyst,[],0
JOB04941,DevOps Engineer,[],0
JOB04942,QA Engineer,[],0
JOB04943,Software Engineer,[],0
JOB04944,Machine Learning Engineer,[],0
JOB04945,Python Developer,[],0
JOB04946,Machine Learning Engineer,[],0
JOB04947,Power BI Developer,['Power BI'],1
JOB04948,Cloud Engineer,[],0
JOB04949,Database Administrator,[],0
JOB04950,BI Analyst,[],0
JOB04951,SQL Developer,[],0
JOB04952,Product Analyst,[],0
JOB04953,Business Analyst,[],0
JOB04954,Financial Analyst,[],0
JOB04955,Web Developer,[],0
JOB04956,Business Analyst,[],0
JOB04957,Data Scientist,[],0
JOB04958,Data Scientist,[],0
JOB04959,DevOps Engineer,[],0
JOB04960,SQL Developer,[],0
JOB04961,Web Developer,[],0
JOB04962,Product Analyst,[],0
JOB04963,Marketing Analyst,[],0
JOB04964,Cloud Engineer,[],0
JOB04965,Python Developer,[],0
JOB04966,Software Engineer,[],0
JOB04967,Python Developer,[],0
JOB04968,Marketing Analyst,[],0
JOB04969,Full Stack Developer,[],0
JOB04970,DevOps Engineer,[],0
JOB04971,Database Administrator,[],0
JOB04972,SQL Developer,[],0
JOB04973,Product Analyst,[],0
JOB04974,Marketing Analyst,[],0
JOB04975,Web Developer,[],0
JOB04976,Business Analyst,[],0
JOB04977,Business Analyst,[],0
JOB04978,Marketing Analyst,[],0
JOB04979,Database Administrator,[],0
JOB04980,BI Analyst,[],0
JOB04981,Database Administrator,[],0
JOB04982,Cloud Engineer,[],0
JOB04983,HR Analyst,['HR Analytics'],1
JOB04984,SQL Developer,[],0
JOB04985,Software Engineer,[],0
JOB04986,Machine Learning Engineer,[],0
JOB04987,QA Engineer,[],0
JOB04988,Web Developer,[],0
JOB04989,Cloud Engineer,[],0
JOB04990,SQL Developer,[],0
JOB04991,SQL Developer,[],0
JOB04992,Financial Analyst,[],0
JOB04993,Marketing Analyst,[],0
JOB04994,BI Analyst,[],0
JOB04995,Python Developer,[],0
JOB04996,SQL Developer,[],0
JOB04997,Financial Analyst,[],0
JOB04998,Data Scientist,[],0
JOB04999,DevOps Engineer,[],0
JOB05000,Web Developer,[],0
JOB05001,HR Analyst,[],0
JOB05002,BI Analyst,[],0
JOB05003,Data Scientist,[],0
JOB05004,Cloud Engineer,[],0
JOB05005,Software Engineer,[],0
JOB05006,Software Engineer,[],0
JOB05007,Data Engineer,[],0
JOB05008,Data Scientist,[],0
JOB05009,Full Stack Developer,[],0
JOB05010,Web Developer,[],0
JOB05011,Data Scientist,[],0
JOB05012,SQL Developer,[],0
JOB05013,Cloud Engineer,[],0
JOB05014,Machine Learning Engineer,[],0
JOB05015,Data Scientist,[],0
JOB05016,Business Analyst,[],0
JOB05017,Web Developer,[],0
JOB05018,DevOps Engineer,[],0
JOB05019,Cloud Engineer,[],0
JOB05020,Data Analyst,[],0
JOB05021,Product Analyst,[],0
JOB05022,Product Analyst,[],0
JOB05023,BI Analyst,[],0
JOB05024,QA Engineer,[],0
JOB05025,QA Engineer,[],0
JOB05026,Financial Analyst,[],0
JOB05027,DevOps Engineer,[],0
JOB05028,Database Administrator,[],0
JOB05029,Power BI Developer,['Power BI'],1
JOB05030,Financial Analyst,[],0
JOB05031,HR Analyst,[],0
JOB05032,Data Scientist,[],0
JOB05033,Data Analyst,[],0
JOB05034,QA Engineer,[],0
JOB05035,Business Analyst,[],0
JOB05036,Python Developer,[],0
JOB05037,Financial Analyst,[],0
JOB05038,Marketing Analyst,[],0
JOB05039,DevOps Engineer,[],0
JOB05040,Full Stack Developer,[],0
JOB05041,Software Engineer,[],0
JOB05042,QA Engineer,[],0
JOB05043,Business Analyst,['Oracle'],1
JOB05044,Marketing Analyst,[],0
JOB05045,Product Analyst,[],0
JOB05046,DevOps Engineer,[],0
JOB05047,Product Analyst,[],0
JOB05048,Machine Learning Engineer,[],0
JOB05049,Business Analyst,[],0
JOB05050,Financial Analyst,[],0
JOB05051,SQL Developer,[],0
JOB05052,Product Analyst,[],0
JOB05053,Marketing Analyst,['Oracle'],1
JOB05054,Data Engineer,[],0
JOB05055,Cloud Engineer,[],0
JOB05056,Power BI Developer,[],0
JOB05057,Machine Learning Engineer,[],0
JOB05058,Data Scientist,[],0
JOB05059,Web Developer,[],0
JOB05060,Database Administrator,[],0
JOB05061,HR Analyst,[],0
JOB05062,Database Administrator,[],0
JOB05063,Financial Analyst,[],0
JOB05064,Full Stack Developer,[],0
JOB05065,HR Analyst,[],0
JOB05066,QA Engineer,[],0
JOB05067,Database Administrator,[],0
JOB05068,Cloud Engineer,[],0
JOB05069,QA Engineer,[],0
JOB05070,Machine Learning Engineer,[],0
JOB05071,SQL Developer,[],0
JOB05072,SQL Developer,[],0
JOB05073,Database Administrator,['Oracle'],1
JOB05074,Business Analyst,[],0
JOB05075,DevOps Engineer,[],0
JOB05076,Python Developer,[],0
JOB05077,Software Engineer,[],0
JOB05078,Web Developer,[],0
JOB05079,Cloud Engineer,[],0
JOB05080,Web Developer,[],0
JOB05081,Machine Learning Engineer,[],0
JOB05082,Python Developer,[],0
JOB05083,Financial Analyst,[],0
JOB05084,Data Engineer,[],0
JOB05085,SQL Developer,[],0
JOB05086,Software Engineer,[],0
JOB05087,Product Analyst,[],0
JOB05088,Product Analyst,[],0
JOB05089,QA Engineer,[],0
JOB05090,DevOps Engineer,[],0
JOB05091,DevOps Engineer,[],0
JOB05092,Power BI Developer,[],0
JOB05093,Data Engineer,[],0
JOB05094,Machine Learning Engineer,[],0
JOB05095,DevOps Engineer,[],0
JOB05096,Full Stack Developer,[],0
JOB05097,Full Stack Developer,[],0
JOB05098,Data Engineer,[],0
JOB05099,Machine Learning Engineer,[],0
JOB05100,Marketing Analyst,[],0
JOB05101,Product Analyst,[],0
JOB05102,Data Analyst,[],0
JOB05103,Data Scientist,[],0
JOB05104,Cloud Engineer,[],0
JOB05105,Financial Analyst,[],0
JOB05106,Data Engineer,[],0
JOB05107,Financial Analyst,[],0
JOB05108,Business Analyst,[],0
JOB05109,Data Analyst,[],0
JOB05110,BI Analyst,[],0
JOB05111,Product Analyst,[],0
JOB05112,Web Developer,[],0
JOB05113,Product Analyst,[],0
JOB05114,Python Developer,[],0
JOB05115,Cloud Engineer,[],0
JOB05116,Data Scientist,[],0
JOB05117,Data Engineer,[],0
JOB05118,Database Administrator,[],0
JOB05119,Financial Analyst,[],0
JOB05120,QA Engineer,[],0
JOB05121,HR Analyst,['HR Analytics'],1
JOB05122,Web Developer,[],0
JOB05123,Product Analyst,[],0
JOB05124,QA Engineer,[],0
JOB05125,Database Administrator,[],0
JOB05126,SQL Developer,[],0
JOB05127,Database Administrator,[],0
JOB05128,Full Stack Developer,[],0
JOB05129,Financial Analyst,[],0
JOB05130,Data Engineer,[],0
JOB05131,Python Developer,[],0
JOB05132,HR Analyst,[],0
JOB05133,HR Analyst,[],0
JOB05134,Database Administrator,[],0
JOB05135,DevOps Engineer,[],0
JOB05136,Python Developer,[],0
JOB05137,Data Analyst,[],0
JOB05138,DevOps Engineer,[],0
JOB05139,Data Scientist,[],0
JOB05140,HR Analyst,['HR Analytics'],1
JOB05141,Product Analyst,[],0
JOB05142,DevOps Engineer,[],0
JOB05143,Data Analyst,[],0
JOB05144,SQL Developer,[],0
JOB05145,Data Scientist,[],0
JOB05146,Data Analyst,[],0
JOB05147,Database Administrator,[],0
JOB05148,Software Engineer,[],0
JOB05149,Software Engineer,[],0
JOB05150,Financial Analyst,[],0
JOB05151,HR Analyst,[],0
JOB05152,Full Stack Developer,[],0
JOB05153,Web Developer,[],0
JOB05154,Marketing Analyst,[],0
JOB05155,Cloud Engineer,[],0
JOB05156,DevOps Engineer,[],0
JOB05157,Full Stack Developer,[],0
JOB05158,Software Engineer,[],0
JOB05159,HR Analyst,[],0
JOB05160,Web Developer,[],0
JOB05161,HR Analyst,[],0
JOB05162,Python Developer,[],0
JOB05163,Web Developer,[],0
JOB05164,HR Analyst,['HR Analytics'],1
JOB05165,Machine Learning Engineer,[],0
JOB05166,Cloud Engineer,[],0
JOB05167,Python Developer,[],0
JOB05168,Product Analyst,[],0
JOB05169,Product Analyst,[],0
JOB05170,Software Engineer,[],0
JOB05171,QA Engineer,[],0
JOB05172,Marketing Analyst,[],0
JOB05173,HR Analyst,['HR Analytics'],1
JOB05174,HR Analyst,[],0
JOB05175,Cloud Engineer,[],0
JOB05176,Marketing Analyst,[],0
JOB05177,QA Engineer,[],0
JOB05178,Machine Learning Engineer,[],0
JOB05179,Software Engineer,[],0
JOB05180,Marketing Analyst,[],0
JOB05181,Data Analyst,[],0
JOB05182,BI Analyst,[],0
JOB05183,SQL Developer,[],0
JOB05184,Data Scientist,[],0
JOB05185,Software Engineer,[],0
JOB05186,QA Engineer,[],0
JOB05187,DevOps Engineer,[],0
JOB05188,SQL Developer,[],0
JOB05189,Data Engineer,[],0
JOB05190,Data Engineer,[],0
JOB05191,Database Administrator,[],0
JOB05192,Business Analyst,[],0
JOB05193,SQL Developer,[],0
JOB05194,BI Analyst,[],0
JOB05195,Marketing Analyst,[],0
JOB05196,Financial Analyst,[],0
JOB05197,Cloud Engineer,[],0
JOB05198,Financial Analyst,[],0
JOB05199,Cloud Engineer,[],0
JOB05200,Business Analyst,[],0
JOB05201,Product Analyst,[],0
JOB05202,HR Analyst,[],0
JOB05203,Data Analyst,[],0
JOB05204,HR Analyst,[],0
JOB05205,Full Stack Developer,[],0
JOB05206,Software Engineer,[],0
JOB05207,BI Analyst,[],0
JOB05208,Business Analyst,[],0
JOB05209,Web Developer,[],0
JOB05210,Product Analyst,[],0
JOB05211,Financial Analyst,[],0
JOB05212,Database Administrator,[],0
JOB05213,Python Developer,[],0
JOB05214,Software Engineer,[],0
JOB05215,Cloud Engineer,[],0
JOB05216,Financial Analyst,[],0
JOB05217,Cloud Engineer,[],0
JOB05218,Python Developer,[],0
JOB05219,BI Analyst,[],0
JOB05220,DevOps Engineer,[],0
JOB05221,Financial Analyst,[],0
JOB05222,Database Administrator,[],0
JOB05223,HR Analyst,[],0
JOB05224,Machine Learning Engineer,[],0
JOB05225,Python Developer,[],0
JOB05226,QA Engineer,[],0
JOB05227,BI Analyst,[],0
JOB05228,Product Analyst,[],0
JOB05229,QA Engineer,[],0
JOB05230,HR Analyst,[],0
JOB05231,Data Scientist,[],0
JOB05232,BI Analyst,[],0
JOB05233,Data Analyst,[],0
JOB05234,Data Scientist,[],0
JOB05235,Web Developer,[],0
JOB05236,Web Developer,[],0
JOB05237,HR Analyst,['HR Analytics'],1
JOB05238,Data Analyst,[],0
JOB05239,Data Scientist,[],0
JOB05240,Data Analyst,[],0
JOB05241,Marketing Analyst,['Oracle'],1
JOB05242,QA Engineer,[],0
JOB05243,Python Developer,[],0
JOB05244,Software Engineer,[],0
JOB05245,DevOps Engineer,[],0
JOB05246,Business Analyst,[],0
JOB05247,Cloud Engineer,[],0
JOB05248,Machine Learning Engineer,[],0
JOB05249,Product Analyst,[],0
JOB05250,HR Analyst,[],0
JOB05251,HR Analyst,[],0
JOB05252,QA Engineer,[],0
JOB05253,Business Analyst,[],0
JOB05254,Cloud Engineer,[],0
JOB05255,HR Analyst,['HR Analytics'],1
JOB05256,Financial Analyst,[],0
JOB05257,BI Analyst,[],0
JOB05258,Business Analyst,[],0
JOB05259,Machine Learning Engineer,[],0
JOB05260,Web Developer,[],0
JOB05261,QA Engineer,[],0
JOB05262,Power BI Developer,[],0
JOB05263,Product Analyst,[],0
JOB05264,Cloud Engineer,[],0
JOB05265,Software Engineer,[],0
JOB05266,HR Analyst,[],0
JOB05267,Financial Analyst,[],0
JOB05268,Business Analyst,[],0
JOB05269,DevOps Engineer,[],0
JOB05270,Web Developer,[],0
JOB05271,Financial Analyst,['Oracle'],1
JOB05272,Marketing Analyst,[],0
JOB05273,DevOps Engineer,[],0
JOB05274,Cloud Engineer,[],0
JOB05275,SQL Developer,[],0
JOB05276,Software Engineer,[],0
JOB05277,QA Engineer,[],0
JOB05278,Data Analyst,[],0
JOB05279,HR Analyst,[],0
JOB05280,Power BI Developer,['Power BI'],1
JOB05281,QA Engineer,[],0
JOB05282,Power BI Developer,[],0
JOB05283,Power BI Developer,['Power BI'],1
JOB05284,Software Engineer,[],0
JOB05285,DevOps Engineer,[],0
JOB05286,Business Analyst,[],0
JOB05287,QA Engineer,[],0
JOB05288,Cloud Engineer,[],0
JOB05289,Business Analyst,[],0
JOB05290,Marketing Analyst,[],0
JOB05291,Software Engineer,[],0
JOB05292,Data Scientist,[],0
JOB05293,QA Engineer,[],0
JOB05294,Data Analyst,[],0
JOB05295,Database Administrator,[],0
JOB05296,Machine Learning Engineer,[],0
JOB05297,Cloud Engineer,[],0
JOB05298,QA Engineer,[],0
JOB05299,Database Administrator,[],0
JOB05300,Product Analyst,[],0
JOB05301,Product Analyst,[],0
JOB05302,Data Engineer,[],0
JOB05303,Data Engineer,[],0
JOB05304,Marketing Analyst,[],0
JOB05305,Financial Analyst,[],0
JOB05306,Financial Analyst,[],0
JOB05307,Data Analyst,[],0
JOB05308,BI Analyst,[],0
JOB05309,Python Developer,[],0
JOB05310,Machine Learning Engineer,[],0
JOB05311,Full Stack Developer,[],0
JOB05312,Software Engineer,[],0
JOB05313,Web Developer,[],0
JOB05314,Data Scientist,[],0
JOB05315,SQL Developer,[],0
JOB05316,Web Developer,[],0
JOB05317,Cloud Engineer,[],0
JOB05318,HR Analyst,[],0
JOB05319,Web Developer,[],0
JOB05320,BI Analyst,[],0
JOB05321,HR Analyst,[],0
JOB05322,DevOps Engineer,[],0
JOB05323,Database Administrator,[],0
JOB05324,Python Developer,[],0
JOB05325,Machine Learning Engineer,[],0
JOB05326,Data Engineer,[],0
JOB05327,DevOps Engineer,[],0
JOB05328,Web Developer,[],0
JOB05329,BI Analyst,[],0
JOB05330,Data Scientist,[],0
JOB05331,Python Developer,[],0
JOB05332,Business Analyst,[],0
JOB05333,SQL Developer,[],0
JOB05334,QA Engineer,[],0
JOB05335,HR Analyst,['HR Analytics'],1
JOB05336,HR Analyst,[],0
JOB05337,Machine Learning Engineer,[],0
JOB05338,Data Analyst,[],0
JOB05339,Database Administrator,[],0
JOB05340,DevOps Engineer,[],0
JOB05341,Product Analyst,[],0
JOB05342,SQL Developer,[],0
JOB05343,Marketing Analyst,[],0
JOB05344,SQL Developer,[],0
JOB05345,Data Scientist,[],0
JOB05346,BI Analyst,[],0
JOB05347,Business Analyst,[],0
JOB05348,QA Engineer,[],0
JOB05349,Data Scientist,[],0
JOB05350,Cloud Engineer,[],0
JOB05351,HR Analyst,[],0
JOB05352,Data Scientist,[],0
JOB05353,Full Stack Developer,[],0
JOB05354,Python Developer,[],0
JOB05355,BI Analyst,[],0
JOB05356,Business Analyst,[],0
JOB05357,Data Analyst,[],0
JOB05358,Product Analyst,[],0
JOB05359,HR Analyst,[],0
JOB05360,Power BI Developer,[],0
JOB05361,Data Engineer,[],0
JOB05362,Marketing Analyst,[],0
JOB05363,Database Administrator,[],0
JOB05364,Python Developer,[],0
JOB05365,HR Analyst,[],0
JOB05366,Product Analyst,[],0
JOB05367,HR Analyst,[],0
JOB05368,Power BI Developer,[],0
JOB05369,Data Scientist,[],0
JOB05370,Marketing Analyst,[],0
JOB05371,Data Analyst,[],0
JOB05372,Full Stack Developer,[],0
JOB05373,Product Analyst,[],0
JOB05374,Machine Learning Engineer,[],0
JOB05375,Software Engineer,[],0
JOB05376,Data Scientist,[],0
JOB05377,Marketing Analyst,[],0
JOB05378,BI Analyst,[],0
JOB05379,Data Scientist,[],0
JOB05380,Financial Analyst,[],0
JOB05381,Business Analyst,[],0
JOB05382,HR Analyst,[],0
JOB05383,Machine Learning Engineer,[],0
JOB05384,Python Developer,[],0
JOB05385,Marketing Analyst,[],0
JOB05386,DevOps Engineer,[],0
JOB05387,Product Analyst,[],0
JOB05388,Business Analyst,[],0
JOB05389,Product Analyst,[],0
JOB05390,Python Developer,[],0
JOB05391,Python Developer,[],0
JOB05392,Python Developer,[],0
JOB05393,Python Developer,[],0
JOB05394,DevOps Engineer,[],0
JOB05395,Machine Learning Engineer,[],0
JOB05396,HR Analyst,['HR Analytics'],1
JOB05397,Machine Learning Engineer,[],0
JOB05398,HR Analyst,[],0
JOB05399,Data Scientist,[],0
JOB05400,BI Analyst,[],0
JOB05401,Database Administrator,[],0
JOB05402,Marketing Analyst,[],0
JOB05403,Business Analyst,[],0
JOB05404,Full Stack Developer,[],0
JOB05405,Power BI Developer,[],0
JOB05406,Database Administrator,[],0
JOB05407,Python Developer,[],0
JOB05408,Product Analyst,[],0
JOB05409,BI Analyst,[],0
JOB05410,Data Engineer,[],0
JOB05411,BI Analyst,[],0
JOB05412,Data Scientist,[],0
JOB05413,HR Analyst,['HR Analytics'],1
JOB05414,Marketing Analyst,[],0
JOB05415,Business Analyst,[],0
JOB05416,Product Analyst,[],0
JOB05417,Machine Learning Engineer,[],0
JOB05418,HR Analyst,['HR Analytics'],1
JOB05419,QA Engineer,[],0
JOB05420,Machine Learning Engineer,[],0
JOB05421,Business Analyst,[],0
JOB05422,Cloud Engineer,[],0
JOB05423,Software Engineer,[],0
JOB05424,QA Engineer,[],0
JOB05425,Marketing Analyst,[],0
JOB05426,Financial Analyst,[],0
JOB05427,Data Engineer,[],0
JOB05428,Product Analyst,[],0
JOB05429,Database Administrator,[],0
JOB05430,Product Analyst,[],0
JOB05431,Web Developer,[],0
JOB05432,Python Developer,[],0
JOB05433,Cloud Engineer,[],0
JOB05434,Power BI Developer,[],0
JOB05435,Python Developer,[],0
JOB05436,HR Analyst,['HR Analytics'],1
JOB05437,DevOps Engineer,[],0
JOB05438,HR Analyst,[],0
JOB05439,Financial Analyst,[],0
JOB05440,Power BI Developer,['Power BI'],1
JOB05441,Machine Learning Engineer,[],0
JOB05442,DevOps Engineer,[],0
JOB05443,HR Analyst,[],0
JOB05444,BI Analyst,[],0
JOB05445,Cloud Engineer,[],0
JOB05446,QA Engineer,[],0
JOB05447,Cloud Engineer,[],0
JOB05448,Software Engineer,[],0
JOB05449,Python Developer,[],0
JOB05450,Data Analyst,[],0
JOB05451,Power BI Developer,[],0
JOB05452,Software Engineer,[],0
JOB05453,Data Analyst,[],0
JOB05454,Machine Learning Engineer,[],0
JOB05455,Data Scientist,[],0
JOB05456,Python Developer,[],0
JOB05457,Software Engineer,[],0
JOB05458,Full Stack Developer,[],0
JOB05459,Power BI Developer,[],0
JOB05460,Business Analyst,[],0
JOB05461,Power BI Developer,[],0
JOB05462,Product Analyst,[],0
JOB05463,Full Stack Developer,[],0
JOB05464,SQL Developer,[],0
JOB05465,Data Analyst,[],0
JOB05466,Power BI Developer,[],0
JOB05467,Business Analyst,[],0
JOB05468,Database Administrator,[],0
JOB05469,Data Engineer,[],0
JOB05470,Full Stack Developer,[],0
JOB05471,DevOps Engineer,[],0
JOB05472,Python Developer,[],0
JOB05473,Python Developer,[],0
JOB05474,Software Engineer,[],0
JOB05475,Full Stack Developer,[],0
JOB05476,Cloud Engineer,[],0
JOB05477,Data Engineer,[],0
JOB05478,Product Analyst,[],0
JOB05479,Database Administrator,[],0
JOB05480,Data Scientist,[],0
JOB05481,Full Stack Developer,[],0
JOB05482,Financial Analyst,[],0
JOB05483,Web Developer,[],0
JOB05484,Product Analyst,[],0
JOB05485,Software Engineer,[],0
JOB05486,Data Scientist,[],0
JOB05487,Database Administrator,[],0
JOB05488,Data Engineer,[],0
JOB05489,Power BI Developer,[],0
JOB05490,Marketing Analyst,[],0
JOB05491,BI Analyst,[],0
JOB05492,DevOps Engineer,[],0
JOB05493,Business Analyst,[],0
JOB05494,Data Scientist,[],0
JOB05495,Business Analyst,[],0
JOB05496,Financial Analyst,[],0
JOB05497,Business Analyst,[],0
JOB05498,HR Analyst,['HR Analytics'],1
JOB05499,BI Analyst,[],0
JOB05500,Marketing Analyst,[],0
JOB05501,Machine Learning Engineer,[],0
JOB05502,QA Engineer,[],0
JOB05503,SQL Developer,[],0
JOB05504,DevOps Engineer,[],0
JOB05505,Software Engineer,[],0
JOB05506,Power BI Developer,[],0
JOB05507,DevOps Engineer,[],0
JOB05508,Product Analyst,[],0
JOB05509,Web Developer,[],0
JOB05510,Financial Analyst,[],0
JOB05511,BI Analyst,[],0
JOB05512,BI Analyst,[],0
JOB05513,Full Stack Developer,[],0
JOB05514,QA Engineer,[],0
JOB05515,Cloud Engineer,[],0
JOB05516,Data Scientist,[],0
JOB05517,Database Administrator,[],0
JOB05518,Business Analyst,[],0
JOB05519,Data Engineer,[],0
JOB05520,Business Analyst,[],0
JOB05521,Financial Analyst,[],0
JOB05522,Machine Learning Engineer,[],0
JOB05523,Data Scientist,[],0
JOB05524,Financial Analyst,[],0
JOB05525,Financial Analyst,[],0
JOB05526,Marketing Analyst,[],0
JOB05527,BI Analyst,[],0
JOB05528,Business Analyst,[],0
JOB05529,Data Engineer,[],0
JOB05530,Machine Learning Engineer,[],0
JOB05531,Python Developer,[],0
JOB05532,Full Stack Developer,[],0
JOB05533,QA Engineer,[],0
JOB05534,Product Analyst,[],0
JOB05535,Data Scientist,[],0
JOB05536,Business Analyst,[],0
JOB05537,QA Engineer,[],0
JOB05538,Software Engineer,[],0
JOB05539,Power BI Developer,[],0
JOB05540,Data Analyst,[],0
JOB05541,Software Engineer,[],0
JOB05542,Financial Analyst,[],0
JOB05543,Full Stack Developer,[],0
JOB05544,DevOps Engineer,[],0
JOB05545,Data Analyst,[],0
JOB05546,DevOps Engineer,[],0
JOB05547,Data Scientist,[],0
JOB05548,Product Analyst,[],0
JOB05549,Software Engineer,[],0
JOB05550,Machine Learning Engineer,[],0
JOB05551,SQL Developer,[],0
JOB05552,Financial Analyst,[],0
JOB05553,Database Administrator,[],0
JOB05554,Financial Analyst,[],0
JOB05555,Financial Analyst,[],0
JOB05556,SQL Developer,[],0
JOB05557,Database Administrator,[],0
JOB05558,Business Analyst,[],0
JOB05559,Software Engineer,[],0
JOB05560,Marketing Analyst,[],0
JOB05561,Data Analyst,[],0
JOB05562,Data Engineer,[],0
JOB05563,Data Engineer,[],0
JOB05564,Software Engineer,[],0
JOB05565,QA Engineer,[],0
JOB05566,QA Engineer,[],0
JOB05567,Data Engineer,[],0
JOB05568,Data Analyst,[],0
JOB05569,Power BI Developer,[],0
JOB05570,QA Engineer,[],0
JOB05571,HR Analyst,[],0
JOB05572,Data Engineer,[],0
JOB05573,Data Analyst,[],0
JOB05574,Data Scientist,[],0
JOB05575,Data Engineer,[],0
JOB05576,Web Developer,[],0
JOB05577,Data Engineer,[],0
JOB05578,BI Analyst,[],0
JOB05579,Financial Analyst,[],0
JOB05580,Full Stack Developer,[],0
JOB05581,Cloud Engineer,[],0
JOB05582,Business Analyst,[],0
JOB05583,Database Administrator,[],0
JOB05584,Software Engineer,[],0
JOB05585,QA Engineer,[],0
JOB05586,Power BI Developer,[],0
JOB05587,Business Analyst,[],0
JOB05588,SQL Developer,[],0
JOB05589,DevOps Engineer,[],0
JOB05590,Product Analyst,[],0
JOB05591,QA Engineer,[],0
JOB05592,SQL Developer,[],0
JOB05593,BI Analyst,[],0
JOB05594,Full Stack Developer,[],0
JOB05595,Data Scientist,[],0
JOB05596,Software Engineer,[],0
JOB05597,HR Analyst,['HR Analytics'],1
JOB05598,Data Scientist,[],0
JOB05599,Product Analyst,[],0
JOB05600,Data Analyst,[],0
JOB05601,QA Engineer,[],0
JOB05602,Python Developer,[],0
JOB05603,Machine Learning Engineer,[],0
JOB05604,Machine Learning Engineer,[],0
JOB05605,Business Analyst,[],0
JOB05606,QA Engineer,[],0
JOB05607,Business Analyst,[],0
JOB05608,BI Analyst,[],0
JOB05609,Data Analyst,[],0
JOB05610,Cloud Engineer,[],0
JOB05611,Data Scientist,[],0
JOB05612,BI Analyst,[],0
JOB05613,Python Developer,[],0
JOB05614,Data Engineer,[],0
JOB05615,Machine Learning Engineer,[],0
JOB05616,Web Developer,[],0
JOB05617,DevOps Engineer,[],0
JOB05618,Product Analyst,[],0
JOB05619,Cloud Engineer,[],0
JOB05620,Business Analyst,[],0
JOB05621,Web Developer,[],0
JOB05622,Full Stack Developer,[],0
JOB05623,Data Scientist,[],0
JOB05624,Power BI Developer,['Power BI'],1
JOB05625,Software Engineer,[],0
JOB05626,QA Engineer,[],0
JOB05627,SQL Developer,['Oracle'],1
JOB05628,Financial Analyst,[],0
JOB05629,QA Engineer,[],0
JOB05630,Data Scientist,[],0
JOB05631,BI Analyst,[],0
JOB05632,Cloud Engineer,[],0
JOB05633,Data Scientist,[],0
JOB05634,Web Developer,[],0
JOB05635,SQL Developer,[],0
JOB05636,QA Engineer,[],0
JOB05637,Software Engineer,[],0
JOB05638,Python Developer,[],0
JOB05639,DevOps Engineer,[],0
JOB05640,QA Engineer,[],0
JOB05641,Power BI Developer,[],0
JOB05642,SQL Developer,[],0
JOB05643,Financial Analyst,[],0
JOB05644,Power BI Developer,[],0
JOB05645,DevOps Engineer,[],0
JOB05646,Business Analyst,[],0
JOB05647,Web Developer,[],0
JOB05648,DevOps Engineer,[],0
JOB05649,Software Engineer,[],0
JOB05650,Marketing Analyst,[],0
JOB05651,Business Analyst,[],0
JOB05652,Machine Learning Engineer,[],0
JOB05653,Power BI Developer,[],0
JOB05654,Power BI Developer,[],0
JOB05655,Software Engineer,[],0
JOB05656,Software Engineer,[],0
JOB05657,Cloud Engineer,[],0
JOB05658,Python Developer,[],0
JOB05659,BI Analyst,[],0
JOB05660,Product Analyst,[],0
JOB05661,Data Scientist,[],0
JOB05662,Python Developer,[],0
JOB05663,Python Developer,[],0
JOB05664,Business Analyst,[],0
JOB05665,Product Analyst,[],0
JOB05666,Business Analyst,[],0
JOB05667,Cloud Engineer,[],0
JOB05668,Web Developer,[],0
JOB05669,Full Stack Developer,[],0
JOB05670,DevOps Engineer,[],0
JOB05671,SQL Developer,[],0
JOB05672,Marketing Analyst,[],0
JOB05673,Machine Learning Engineer,[],0
JOB05674,Marketing Analyst,[],0
JOB05675,Machine Learning Engineer,[],0
JOB05676,SQL Developer,[],0
JOB05677,Financial Analyst,[],0
JOB05678,Data Scientist,[],0
JOB05679,Cloud Engineer,[],0
JOB05680,Database Administrator,['Oracle'],1
JOB05681,Power BI Developer,[],0
JOB05682,Business Analyst,[],0
JOB05683,Product Analyst,[],0
JOB05684,Marketing Analyst,[],0
JOB05685,SQL Developer,[],0
JOB05686,Power BI Developer,[],0
JOB05687,Data Engineer,[],0
JOB05688,Data Engineer,[],0
JOB05689,Software Engineer,[],0
JOB05690,Financial Analyst,[],0
JOB05691,Data Analyst,[],0
JOB05692,Business Analyst,[],0
JOB05693,Web Developer,[],0
JOB05694,DevOps Engineer,[],0
JOB05695,HR Analyst,['HR Analytics'],1
JOB05696,HR Analyst,[],0
JOB05697,QA Engineer,[],0
JOB05698,SQL Developer,[],0
JOB05699,Business Analyst,[],0
JOB05700,Database Administrator,[],0
JOB05701,Machine Learning Engineer,[],0
JOB05702,QA Engineer,[],0
JOB05703,Data Engineer,[],0
JOB05704,HR Analyst,[],0
JOB05705,Database Administrator,[],0
JOB05706,QA Engineer,[],0
JOB05707,Cloud Engineer,[],0
JOB05708,Machine Learning Engineer,[],0
JOB05709,Web Developer,[],0
JOB05710,Machine Learning Engineer,[],0
JOB05711,Financial Analyst,[],0
JOB05712,Cloud Engineer,[],0
JOB05713,BI Analyst,[],0
JOB05714,DevOps Engineer,[],0
JOB05715,Marketing Analyst,[],0
JOB05716,Software Engineer,[],0
JOB05717,QA Engineer,[],0
JOB05718,Data Engineer,[],0
JOB05719,Marketing Analyst,[],0
JOB05720,Data Scientist,[],0
JOB05721,Data Engineer,[],0
JOB05722,Data Analyst,[],0
JOB05723,Python Developer,[],0
JOB05724,Machine Learning Engineer,[],0
JOB05725,Financial Analyst,[],0
JOB05726,Machine Learning Engineer,[],0
JOB05727,DevOps Engineer,[],0
JOB05728,SQL Developer,[],0
JOB05729,Software Engineer,[],0
JOB05730,DevOps Engineer,[],0
JOB05731,Database Administrator,[],0
JOB05732,Data Engineer,[],0
JOB05733,Business Analyst,[],0
JOB05734,Database Administrator,[],0
JOB05735,Data Analyst,[],0
JOB05736,Business Analyst,[],0
JOB05737,Data Analyst,[],0
JOB05738,Data Engineer,[],0
JOB05739,Marketing Analyst,[],0
JOB05740,Web Developer,[],0
JOB05741,Web Developer,[],0
JOB05742,Database Administrator,[],0
JOB05743,HR Analyst,[],0
JOB05744,BI Analyst,[],0
JOB05745,Cloud Engineer,[],0
JOB05746,Python Developer,[],0
JOB05747,Database Administrator,[],0
JOB05748,Data Scientist,[],0
JOB05749,Data Scientist,[],0
JOB05750,SQL Developer,[],0
JOB05751,Database Administrator,[],0
JOB05752,Data Engineer,[],0
JOB05753,Cloud Engineer,[],0
JOB05754,Software Engineer,[],0
JOB05755,Data Analyst,[],0
JOB05756,Data Scientist,[],0
JOB05757,Web Developer,[],0
JOB05758,Marketing Analyst,[],0
JOB05759,Marketing Analyst,[],0
JOB05760,Product Analyst,[],0
JOB05761,Database Administrator,[],0
JOB05762,Web Developer,[],0
JOB05763,Python Developer,[],0
JOB05764,QA Engineer,[],0
JOB05765,Data Engineer,[],0
JOB05766,Software Engineer,[],0
JOB05767,HR Analyst,[],0
JOB05768,Full Stack Developer,[],0
JOB05769,Data Analyst,[],0
JOB05770,BI Analyst,[],0
JOB05771,BI Analyst,[],0
JOB05772,DevOps Engineer,[],0
JOB05773,DevOps Engineer,[],0
JOB05774,Software Engineer,[],0
JOB05775,Data Analyst,[],0
JOB05776,Machine Learning Engineer,[],0
JOB05777,Cloud Engineer,[],0
JOB05778,Marketing Analyst,[],0
JOB05779,BI Analyst,[],0
JOB05780,QA Engineer,[],0
JOB05781,Full Stack Developer,[],0
JOB05782,Full Stack Developer,[],0
JOB05783,Software Engineer,[],0
JOB05784,Database Administrator,[],0
JOB05785,Database Administrator,[],0
JOB05786,Marketing Analyst,[],0
JOB05787,Data Engineer,[],0
JOB05788,QA Engineer,[],0
JOB05789,Cloud Engineer,[],0
JOB05790,Data Analyst,[],0
JOB05791,Data Engineer,[],0
JOB05792,Financial Analyst,[],0
JOB05793,Data Scientist,[],0
JOB05794,Web Developer,[],0
JOB05795,Product Analyst,[],0
JOB05796,SQL Developer,[],0
JOB05797,Full Stack Developer,[],0
JOB05798,HR Analyst,[],0
JOB05799,Business Analyst,[],0
JOB05800,Machine Learning Engineer,[],0
JOB05801,SQL Developer,[],0
JOB05802,Python Developer,[],0
JOB05803,BI Analyst,[],0
JOB05804,Power BI Developer,[],0
JOB05805,Web Developer,[],0
JOB05806,Data Scientist,[],0
JOB05807,HR Analyst,[],0
JOB05808,Data Scientist,[],0
JOB05809,QA Engineer,[],0
JOB05810,Python Developer,[],0
JOB05811,HR Analyst,[],0
JOB05812,SQL Developer,[],0
JOB05813,HR Analyst,[],0
JOB05814,Business Analyst,[],0
JOB05815,Python Developer,[],0
JOB05816,Power BI Developer,[],0
JOB05817,Machine Learning Engineer,[],0
JOB05818,Data Analyst,[],0
JOB05819,Marketing Analyst,[],0
JOB05820,Financial Analyst,[],0
JOB05821,Full Stack Developer,[],0
JOB05822,HR Analyst,[],0
JOB05823,SQL Developer,[],0
JOB05824,BI Analyst,[],0
JOB05825,Software Engineer,[],0
JOB05826,SQL Developer,[],0
JOB05827,Cloud Engineer,[],0
JOB05828,Data Engineer,[],0
JOB05829,Power BI Developer,['Power BI'],1
JOB05830,Financial Analyst,[],0
JOB05831,Web Developer,[],0
JOB05832,SQL Developer,[],0
JOB05833,BI Analyst,[],0
JOB05834,Database Administrator,[],0
JOB05835,Python Developer,[],0
JOB05836,Cloud Engineer,[],0
JOB05837,Full Stack Developer,[],0
JOB05838,Python Developer,[],0
JOB05839,QA Engineer,[],0
JOB05840,SQL Developer,[],0
JOB05841,Business Analyst,[],0
JOB05842,Marketing Analyst,[],0
JOB05843,BI Analyst,[],0
JOB05844,BI Analyst,[],0
JOB05845,HR Analyst,['HR Analytics'],1
JOB05846,Financial Analyst,[],0
JOB05847,Database Administrator,[],0
JOB05848,Software Engineer,[],0
JOB05849,Power BI Developer,[],0
JOB05850,Python Developer,[],0
JOB05851,Financial Analyst,[],0
JOB05852,Python Developer,[],0
JOB05853,Data Engineer,[],0
JOB05854,BI Analyst,[],0
JOB05855,Data Analyst,[],0
JOB05856,Full Stack Developer,[],0
JOB05857,Marketing Analyst,[],0
JOB05858,DevOps Engineer,[],0
JOB05859,Cloud Engineer,[],0
JOB05860,Marketing Analyst,[],0
JOB05861,Marketing Analyst,[],0
JOB05862,BI Analyst,[],0
JOB05863,Database Administrator,[],0
JOB05864,Cloud Engineer,[],0
JOB05865,Power BI Developer,[],0
JOB05866,Web Developer,[],0
JOB05867,Web Developer,[],0
JOB05868,Python Developer,[],0
JOB05869,SQL Developer,['Oracle'],1
JOB05870,Database Administrator,[],0
JOB05871,Data Analyst,[],0
JOB05872,QA Engineer,[],0
JOB05873,HR Analyst,[],0
JOB05874,Full Stack Developer,[],0
JOB05875,Power BI Developer,[],0
JOB05876,Marketing Analyst,[],0
JOB05877,HR Analyst,[],0
JOB05878,Full Stack Developer,[],0
JOB05879,Financial Analyst,[],0
JOB05880,Python Developer,[],0
JOB05881,HR Analyst,['HR Analytics'],1
JOB05882,Database Administrator,[],0
JOB05883,Full Stack Developer,[],0
JOB05884,Database Administrator,[],0
JOB05885,Product Analyst,[],0
JOB05886,Cloud Engineer,[],0
JOB05887,Machine Learning Engineer,[],0
JOB05888,Database Administrator,[],0
JOB05889,Database Administrator,[],0
JOB05890,Machine Learning Engineer,[],0
JOB05891,Database Administrator,['Oracle'],1
JOB05892,Data Engineer,[],0
JOB05893,Data Engineer,[],0
JOB05894,Marketing Analyst,[],0
JOB05895,Cloud Engineer,[],0
JOB05896,Python Developer,[],0
JOB05897,Full Stack Developer,[],0
JOB05898,Software Engineer,[],0
JOB05899,Data Analyst,[],0
JOB05900,Data Engineer,[],0
JOB05901,QA Engineer,[],0
JOB05902,Product Analyst,[],0
JOB05903,Marketing Analyst,[],0
JOB05904,SQL Developer,[],0
JOB05905,Database Administrator,[],0
JOB05906,Full Stack Developer,[],0
JOB05907,SQL Developer,[],0
JOB05908,Software Engineer,[],0
JOB05909,Data Analyst,[],0
JOB05910,Machine Learning Engineer,[],0
JOB05911,Financial Analyst,[],0
JOB05912,QA Engineer,[],0
JOB05913,Product Analyst,[],0
JOB05914,Data Engineer,[],0
JOB05915,Data Engineer,[],0
JOB05916,QA Engineer,[],0
JOB05917,Data Analyst,[],0
JOB05918,DevOps Engineer,[],0
JOB05919,Database Administrator,[],0
JOB05920,BI Analyst,[],0
JOB05921,Machine Learning Engineer,[],0
JOB05922,DevOps Engineer,[],0
JOB05923,Data Engineer,[],0
JOB05924,Data Engineer,[],0
JOB05925,Business Analyst,[],0
JOB05926,Software Engineer,[],0
JOB05927,DevOps Engineer,[],0
JOB05928,BI Analyst,[],0
JOB05929,Power BI Developer,[],0
JOB05930,Marketing Analyst,[],0
JOB05931,Data Scientist,[],0
JOB05932,Power BI Developer,[],0
JOB05933,Cloud Engineer,[],0
JOB05934,Financial Analyst,[],0
JOB05935,Machine Learning Engineer,[],0
JOB05936,Financial Analyst,[],0
JOB05937,Web Developer,[],0
JOB05938,Python Developer,[],0
JOB05939,Database Administrator,[],0
JOB05940,Web Developer,[],0
JOB05941,HR Analyst,['HR Analytics'],1
JOB05942,QA Engineer,[],0
JOB05943,BI Analyst,[],0
JOB05944,Web Developer,[],0
JOB05945,Cloud Engineer,[],0
JOB05946,Data Engineer,[],0
JOB05947,Data Engineer,[],0
JOB05948,Full Stack Developer,[],0
JOB05949,Web Developer,[],0
JOB05950,Data Analyst,[],0
JOB05951,Database Administrator,[],0
JOB05952,DevOps Engineer,[],0
JOB05953,Data Engineer,[],0
JOB05954,BI Analyst,[],0
JOB05955,Software Engineer,[],0
JOB05956,BI Analyst,[],0
JOB05957,BI Analyst,[],0
JOB05958,Product Analyst,[],0
JOB05959,Data Analyst,[],0
JOB05960,SQL Developer,[],0
JOB05961,Web Developer,[],0
JOB05962,Software Engineer,[],0
JOB05963,Data Engineer,[],0
JOB05964,Power BI Developer,[],0
JOB05965,Cloud Engineer,[],0
JOB05966,BI Analyst,[],0
JOB05967,Database Administrator,[],0
JOB05968,SQL Developer,[],0
JOB05969,HR Analyst,[],0
JOB05970,Product Analyst,[],0
JOB05971,Machine Learning Engineer,[],0
JOB05972,Python Developer,[],0
JOB05973,Marketing Analyst,[],0
JOB05974,Machine Learning Engineer,[],0
JOB05975,BI Analyst,[],0
JOB05976,Data Analyst,[],0
JOB05977,Power BI Developer,['Power BI'],1
JOB05978,Python Developer,[],0
JOB05979,Machine Learning Engineer,[],0
JOB05980,Business Analyst,[],0
JOB05981,Database Administrator,['Oracle'],1
JOB05982,Power BI Developer,[],0
JOB05983,BI Analyst,[],0
JOB05984,Business Analyst,[],0
JOB05985,Machine Learning Engineer,[],0
JOB05986,Marketing Analyst,[],0
JOB05987,Full Stack Developer,[],0
JOB05988,Business Analyst,[],0
JOB05989,Marketing Analyst,[],0
JOB05990,Python Developer,[],0
JOB05991,Full Stack Developer,[],0
JOB05992,Database Administrator,[],0
JOB05993,Financial Analyst,[],0
JOB05994,DevOps Engineer,[],0
JOB05995,QA Engineer,[],0
JOB05996,Full Stack Developer,[],0
JOB05997,Data Analyst,[],0
JOB05998,BI Analyst,[],0
JOB05999,SQL Developer,[],0
JOB06000,QA Engineer,[],0
JOB06001,BI Analyst,[],0
JOB06002,Data Scientist,[],0
JOB06003,Python Developer,[],0
JOB06004,QA Engineer,[],0
JOB06005,Power BI Developer,[],0
JOB06006,Product Analyst,[],0
JOB06007,HR Analyst,[],0
JOB06008,Business Analyst,[],0
JOB06009,Full Stack Developer,[],0
JOB06010,Python Developer,[],0
JOB06011,Data Engineer,[],0
JOB06012,Software Engineer,[],0
JOB06013,Power BI Developer,[],0
JOB06014,SQL Developer,[],0
JOB06015,DevOps Engineer,[],0
JOB06016,SQL Developer,[],0
JOB06017,Python Developer,[],0
JOB06018,Power BI Developer,[],0
JOB06019,Machine Learning Engineer,[],0
JOB06020,DevOps Engineer,[],0
JOB06021,Data Scientist,[],0
JOB06022,Data Scientist,[],0
JOB06023,DevOps Engineer,[],0
JOB06024,SQL Developer,[],0
JOB06025,Data Scientist,[],0
JOB06026,Machine Learning Engineer,[],0
JOB06027,Data Scientist,[],0
JOB06028,Database Administrator,['Oracle'],1
JOB06029,Data Analyst,[],0
JOB06030,Power BI Developer,[],0
JOB06031,Machine Learning Engineer,[],0
JOB06032,DevOps Engineer,[],0
JOB06033,Power BI Developer,[],0
JOB06034,Business Analyst,[],0
JOB06035,Marketing Analyst,[],0
JOB06036,Full Stack Developer,[],0
JOB06037,Software Engineer,[],0
JOB06038,SQL Developer,[],0
JOB06039,Business Analyst,[],0
JOB06040,Financial Analyst,[],0
JOB06041,Web Developer,[],0
JOB06042,Product Analyst,[],0
JOB06043,Product Analyst,[],0
JOB06044,Cloud Engineer,[],0
JOB06045,Web Developer,[],0
JOB06046,Business Analyst,[],0
JOB06047,Web Developer,[],0
JOB06048,QA Engineer,[],0
JOB06049,Full Stack Developer,[],0
JOB06050,Full Stack Developer,[],0
JOB06051,Business Analyst,[],0
JOB06052,Marketing Analyst,[],0
JOB06053,Power BI Developer,['Power BI'],1
JOB06054,Data Engineer,[],0
JOB06055,Python Developer,[],0
JOB06056,Data Scientist,[],0
JOB06057,Product Analyst,[],0
JOB06058,Database Administrator,[],0
JOB06059,Marketing Analyst,[],0
JOB06060,Machine Learning Engineer,[],0
JOB06061,SQL Developer,[],0
JOB06062,Cloud Engineer,[],0
JOB06063,Data Analyst,[],0
JOB06064,Financial Analyst,[],0
JOB06065,Software Engineer,[],0
JOB06066,Web Developer,[],0
JOB06067,Financial Analyst,[],0
JOB06068,Financial Analyst,[],0
JOB06069,Marketing Analyst,[],0
JOB06070,Database Administrator,[],0
JOB06071,Data Analyst,[],0
JOB06072,Power BI Developer,[],0
JOB06073,Software Engineer,[],0
JOB06074,Web Developer,[],0
JOB06075,SQL Developer,[],0
JOB06076,Product Analyst,[],0
JOB06077,Machine Learning Engineer,[],0
JOB06078,Marketing Analyst,[],0
JOB06079,Machine Learning Engineer,[],0
JOB06080,Product Analyst,[],0
JOB06081,Web Developer,[],0
JOB06082,Cloud Engineer,[],0
JOB06083,DevOps Engineer,[],0
JOB06084,BI Analyst,[],0
JOB06085,Product Analyst,[],0
JOB06086,QA Engineer,[],0
JOB06087,Financial Analyst,['Oracle'],1
JOB06088,BI Analyst,[],0
JOB06089,Database Administrator,[],0
JOB06090,Data Engineer,[],0
JOB06091,QA Engineer,[],0
JOB06092,Database Administrator,[],0
JOB06093,SQL Developer,[],0
JOB06094,HR Analyst,[],0
JOB06095,Machine Learning Engineer,[],0
JOB06096,Marketing Analyst,[],0
JOB06097,Cloud Engineer,[],0
JOB06098,Financial Analyst,[],0
JOB06099,Software Engineer,[],0
JOB06100,Power BI Developer,[],0
JOB06101,Business Analyst,[],0
JOB06102,Database Administrator,[],0
JOB06103,Cloud Engineer,[],0
JOB06104,HR Analyst,[],0
JOB06105,BI Analyst,[],0
JOB06106,Cloud Engineer,[],0
JOB06107,Financial Analyst,[],0
JOB06108,Data Scientist,[],0
JOB06109,BI Analyst,[],0
JOB06110,Cloud Engineer,[],0
JOB06111,Data Analyst,[],0
JOB06112,Cloud Engineer,[],0
JOB06113,DevOps Engineer,[],0
JOB06114,Data Analyst,[],0
JOB06115,Data Engineer,[],0
JOB06116,Marketing Analyst,[],0
JOB06117,Data Scientist,[],0
JOB06118,Python Developer,[],0
JOB06119,Full Stack Developer,[],0
JOB06120,Data Scientist,['Oracle'],1
JOB06121,Financial Analyst,[],0
JOB06122,Web Developer,[],0
JOB06123,Business Analyst,[],0
JOB06124,DevOps Engineer,[],0
JOB06125,Cloud Engineer,[],0
JOB06126,Data Scientist,[],0
JOB06127,Financial Analyst,[],0
JOB06128,QA Engineer,[],0
JOB06129,QA Engineer,[],0
JOB06130,QA Engineer,[],0
JOB06131,Financial Analyst,[],0
JOB06132,QA Engineer,[],0
JOB06133,Cloud Engineer,[],0
JOB06134,Machine Learning Engineer,[],0
JOB06135,Data Engineer,[],0
JOB06136,QA Engineer,[],0
JOB06137,Software Engineer,[],0
JOB06138,QA Engineer,[],0
JOB06139,Database Administrator,[],0
JOB06140,SQL Developer,[],0
JOB06141,Cloud Engineer,[],0
JOB06142,HR Analyst,['HR Analytics'],1
JOB06143,Data Scientist,[],0
JOB06144,HR Analyst,[],0
JOB06145,Cloud Engineer,[],0
JOB06146,Power BI Developer,['Power BI'],1
JOB06147,Database Administrator,[],0
JOB06148,Python Developer,[],0
JOB06149,QA Engineer,[],0
JOB06150,Python Developer,[],0
JOB06151,Full Stack Developer,[],0
JOB06152,Cloud Engineer,[],0
JOB06153,Business Analyst,[],0
JOB06154,Web Developer,[],0
JOB06155,Financial Analyst,[],0
JOB06156,Power BI Developer,[],0
JOB06157,Python Developer,[],0
JOB06158,Full Stack Developer,[],0
JOB06159,Financial Analyst,[],0
JOB06160,Data Analyst,[],0
JOB06161,Software Engineer,[],0
JOB06162,QA Engineer,[],0
JOB06163,Data Scientist,[],0
JOB06164,Machine Learning Engineer,[],0
JOB06165,Data Scientist,[],0
JOB06166,Cloud Engineer,[],0
JOB06167,Software Engineer,[],0
JOB06168,Data Engineer,[],0
JOB06169,SQL Developer,[],0
JOB06170,Python Developer,[],0
JOB06171,Web Developer,[],0
JOB06172,Data Analyst,[],0
JOB06173,HR Analyst,[],0
JOB06174,Database Administrator,[],0
JOB06175,Cloud Engineer,[],0
JOB06176,Product Analyst,[],0
JOB06177,Full Stack Developer,[],0
JOB06178,Marketing Analyst,[],0
JOB06179,Business Analyst,[],0
JOB06180,Full Stack Developer,[],0
JOB06181,Financial Analyst,[],0
JOB06182,Data Analyst,[],0
JOB06183,Software Engineer,[],0
JOB06184,Python Developer,[],0
JOB06185,Web Developer,[],0
JOB06186,Data Scientist,[],0
JOB06187,BI Analyst,[],0
JOB06188,Business Analyst,[],0
JOB06189,BI Analyst,[],0
JOB06190,HR Analyst,[],0
JOB06191,Data Scientist,[],0
JOB06192,Data Scientist,[],0
JOB06193,Data Engineer,[],0
JOB06194,Power BI Developer,[],0
JOB06195,Product Analyst,[],0
JOB06196,Business Analyst,[],0
JOB06197,Data Scientist,[],0
JOB06198,Financial Analyst,[],0
JOB06199,Full Stack Developer,[],0
JOB06200,Power BI Developer,[],0
JOB06201,Python Developer,[],0
JOB06202,Marketing Analyst,[],0
JOB06203,Machine Learning Engineer,[],0
JOB06204,Product Analyst,[],0
JOB06205,Data Scientist,[],0
JOB06206,Power BI Developer,[],0
JOB06207,Cloud Engineer,[],0
JOB06208,Software Engineer,[],0
JOB06209,Business Analyst,[],0
JOB06210,Python Developer,[],0
JOB06211,Software Engineer,[],0
JOB06212,Data Analyst,[],0
JOB06213,Business Analyst,[],0
JOB06214,QA Engineer,[],0
JOB06215,Machine Learning Engineer,[],0
JOB06216,Business Analyst,[],0
JOB06217,BI Analyst,[],0
JOB06218,Product Analyst,[],0
JOB06219,Data Engineer,[],0
JOB06220,Data Engineer,[],0
JOB06221,DevOps Engineer,[],0
JOB06222,Machine Learning Engineer,[],0
JOB06223,Product Analyst,[],0
JOB06224,Marketing Analyst,[],0
JOB06225,DevOps Engineer,[],0
JOB06226,Python Developer,[],0
JOB06227,Data Engineer,[],0
JOB06228,Financial Analyst,[],0
JOB06229,Power BI Developer,[],0
JOB06230,Full Stack Developer,[],0
JOB06231,Data Engineer,[],0
JOB06232,SQL Developer,[],0
JOB06233,Marketing Analyst,[],0
JOB06234,Cloud Engineer,[],0
JOB06235,Data Analyst,[],0
JOB06236,Machine Learning Engineer,[],0
JOB06237,Business Analyst,[],0
JOB06238,Web Developer,[],0
JOB06239,Web Developer,[],0
JOB06240,Cloud Engineer,[],0
JOB06241,DevOps Engineer,[],0
JOB06242,Business Analyst,[],0
JOB06243,Python Developer,[],0
JOB06244,Business Analyst,[],0
JOB06245,DevOps Engineer,[],0
JOB06246,Python Developer,[],0
JOB06247,Marketing Analyst,[],0
JOB06248,Web Developer,[],0
JOB06249,Data Scientist,[],0
JOB06250,Python Developer,[],0
JOB06251,BI Analyst,[],0
JOB06252,Marketing Analyst,[],0
JOB06253,DevOps Engineer,[],0
JOB06254,Business Analyst,[],0
JOB06255,SQL Developer,[],0
JOB06256,HR Analyst,[],0
JOB06257,BI Analyst,[],0
JOB06258,BI Analyst,[],0
JOB06259,DevOps Engineer,[],0
JOB06260,Software Engineer,[],0
JOB06261,QA Engineer,[],0
JOB06262,BI Analyst,[],0
JOB06263,BI Analyst,[],0
JOB06264,Machine Learning Engineer,[],0
JOB06265,Full Stack Developer,[],0
JOB06266,Software Engineer,[],0
JOB06267,Marketing Analyst,[],0
JOB06268,Database Administrator,[],0
JOB06269,Data Analyst,[],0
JOB06270,HR Analyst,[],0
JOB06271,Python Developer,[],0
JOB06272,Data Engineer,[],0
JOB06273,Product Analyst,[],0
JOB06274,Data Analyst,[],0
JOB06275,Financial Analyst,[],0
JOB06276,Software Engineer,[],0
JOB06277,HR Analyst,[],0
JOB06278,Data Analyst,[],0
JOB06279,QA Engineer,[],0
JOB06280,Power BI Developer,[],0
JOB06281,Full Stack Developer,[],0
JOB06282,Data Analyst,[],0
JOB06283,Cloud Engineer,[],0
JOB06284,Cloud Engineer,[],0
JOB06285,SQL Developer,[],0
JOB06286,Software Engineer,[],0
JOB06287,Data Engineer,[],0
JOB06288,DevOps Engineer,[],0
JOB06289,SQL Developer,[],0
JOB06290,HR Analyst,[],0
JOB06291,Data Scientist,[],0
JOB06292,SQL Developer,[],0
JOB06293,Power BI Developer,[],0
JOB06294,Web Developer,[],0
JOB06295,Business Analyst,[],0
JOB06296,Business Analyst,[],0
JOB06297,Cloud Engineer,[],0
JOB06298,Data Engineer,[],0
JOB06299,Data Engineer,[],0
JOB06300,Software Engineer,[],0
JOB06301,Full Stack Developer,[],0
JOB06302,Data Engineer,[],0
JOB06303,Machine Learning Engineer,[],0
JOB06304,HR Analyst,[],0
JOB06305,SQL Developer,[],0
JOB06306,BI Analyst,[],0
JOB06307,Data Engineer,[],0
JOB06308,Cloud Engineer,[],0
JOB06309,DevOps Engineer,[],0
JOB06310,Data Analyst,[],0
JOB06311,Data Engineer,[],0
JOB06312,Data Scientist,[],0
JOB06313,Full Stack Developer,[],0
JOB06314,DevOps Engineer,[],0
JOB06315,Power BI Developer,[],0
JOB06316,Data Analyst,[],0
JOB06317,Business Analyst,[],0
JOB06318,BI Analyst,[],0
JOB06319,Data Scientist,[],0
JOB06320,Data Analyst,[],0
JOB06321,Software Engineer,[],0
JOB06322,Data Engineer,[],0
JOB06323,SQL Developer,[],0
JOB06324,Data Engineer,[],0
JOB06325,Database Administrator,[],0
JOB06326,Business Analyst,[],0
JOB06327,Marketing Analyst,[],0
JOB06328,Web Developer,[],0
JOB06329,HR Analyst,[],0
JOB06330,QA Engineer,[],0
JOB06331,Business Analyst,[],0
JOB06332,Cloud Engineer,[],0
JOB06333,Machine Learning Engineer,[],0
JOB06334,Data Analyst,[],0
JOB06335,Full Stack Developer,[],0
JOB06336,Cloud Engineer,[],0
JOB06337,Marketing Analyst,[],0
JOB06338,Data Analyst,[],0
JOB06339,Web Developer,[],0
JOB06340,Web Developer,[],0
JOB06341,Data Analyst,[],0
JOB06342,QA Engineer,[],0
JOB06343,Database Administrator,[],0
JOB06344,Data Scientist,[],0
JOB06345,Machine Learning Engineer,[],0
JOB06346,HR Analyst,['HR Analytics'],1
JOB06347,Data Analyst,[],0
JOB06348,SQL Developer,[],0
JOB06349,Software Engineer,[],0
JOB06350,Cloud Engineer,[],0
JOB06351,Financial Analyst,[],0
JOB06352,QA Engineer,[],0
JOB06353,Machine Learning Engineer,[],0
JOB06354,Marketing Analyst,[],0
JOB06355,BI Analyst,[],0
JOB06356,DevOps Engineer,[],0
JOB06357,Database Administrator,[],0
JOB06358,Data Scientist,[],0
JOB06359,Full Stack Developer,[],0
JOB06360,Software Engineer,[],0
JOB06361,Marketing Analyst,[],0
JOB06362,Business Analyst,[],0
JOB06363,Marketing Analyst,[],0
JOB06364,Database Administrator,[],0
JOB06365,QA Engineer,[],0
JOB06366,Power BI Developer,[],0
JOB06367,Data Scientist,[],0
JOB06368,HR Analyst,[],0
JOB06369,Cloud Engineer,[],0
JOB06370,Database Administrator,[],0
JOB06371,Product Analyst,[],0
JOB06372,Data Scientist,[],0
JOB06373,Data Analyst,[],0
JOB06374,BI Analyst,[],0
JOB06375,HR Analyst,['HR Analytics'],1
JOB06376,BI Analyst,[],0
JOB06377,Power BI Developer,[],0
JOB06378,Data Analyst,[],0
JOB06379,Power BI Developer,[],0
JOB06380,SQL Developer,[],0
JOB06381,Database Administrator,[],0
JOB06382,Web Developer,[],0
JOB06383,Machine Learning Engineer,[],0
JOB06384,Power BI Developer,[],0
JOB06385,DevOps Engineer,[],0
JOB06386,Data Engineer,[],0
JOB06387,Business Analyst,['Oracle'],1
JOB06388,Full Stack Developer,[],0
JOB06389,Cloud Engineer,[],0
JOB06390,SQL Developer,[],0
JOB06391,QA Engineer,[],0
JOB06392,Data Scientist,[],0
JOB06393,Product Analyst,[],0
JOB06394,HR Analyst,[],0
JOB06395,Python Developer,[],0
JOB06396,QA Engineer,[],0
JOB06397,Data Analyst,[],0
JOB06398,Data Scientist,[],0
JOB06399,Cloud Engineer,[],0
JOB06400,DevOps Engineer,[],0
JOB06401,Data Engineer,[],0
JOB06402,Machine Learning Engineer,[],0
JOB06403,Web Developer,[],0
JOB06404,Web Developer,[],0
JOB06405,Full Stack Developer,[],0
JOB06406,Business Analyst,[],0
JOB06407,Full Stack Developer,[],0
JOB06408,Full Stack Developer,[],0
JOB06409,Business Analyst,[],0
JOB06410,Data Engineer,[],0
JOB06411,Software Engineer,[],0
JOB06412,Product Analyst,[],0
JOB06413,Cloud Engineer,[],0
JOB06414,Financial Analyst,[],0
JOB06415,Data Scientist,[],0
JOB06416,QA Engineer,[],0
JOB06417,Full Stack Developer,[],0
JOB06418,Full Stack Developer,[],0
JOB06419,Data Scientist,[],0
JOB06420,Web Developer,[],0
JOB06421,Financial Analyst,[],0
JOB06422,Data Engineer,[],0
JOB06423,Cloud Engineer,[],0
JOB06424,Marketing Analyst,[],0
JOB06425,Full Stack Developer,[],0
JOB06426,Full Stack Developer,[],0
JOB06427,Financial Analyst,[],0
JOB06428,HR Analyst,[],0
JOB06429,Software Engineer,[],0
JOB06430,QA Engineer,[],0
JOB06431,Python Developer,[],0
JOB06432,Data Analyst,[],0
JOB06433,DevOps Engineer,[],0
JOB06434,Marketing Analyst,[],0
JOB06435,Python Developer,[],0
JOB06436,Marketing Analyst,[],0
JOB06437,BI Analyst,[],0
JOB06438,SQL Developer,[],0
JOB06439,BI Analyst,[],0
JOB06440,SQL Developer,[],0
JOB06441,Power BI Developer,[],0
JOB06442,HR Analyst,[],0
JOB06443,Database Administrator,[],0
JOB06444,Web Developer,[],0
JOB06445,Power BI Developer,[],0
JOB06446,Power BI Developer,[],0
JOB06447,Cloud Engineer,[],0
JOB06448,Marketing Analyst,[],0
JOB06449,QA Engineer,[],0
JOB06450,Business Analyst,[],0
JOB06451,Data Scientist,[],0
JOB06452,Python Developer,[],0
JOB06453,Web Developer,[],0
JOB06454,Full Stack Developer,[],0
JOB06455,QA Engineer,[],0
JOB06456,Python Developer,[],0
JOB06457,Data Analyst,[],0
JOB06458,Full Stack Developer,[],0
JOB06459,Data Engineer,[],0
JOB06460,Cloud Engineer,[],0
JOB06461,Data Engineer,[],0
JOB06462,Marketing Analyst,[],0
JOB06463,Business Analyst,[],0
JOB06464,Python Developer,[],0
JOB06465,Cloud Engineer,[],0
JOB06466,Python Developer,[],0
JOB06467,Data Analyst,[],0
JOB06468,Data Scientist,[],0
JOB06469,Web Developer,[],0
JOB06470,Full Stack Developer,[],0
JOB06471,Power BI Developer,['Power BI'],1
JOB06472,Data Analyst,[],0
JOB06473,HR Analyst,[],0
JOB06474,Python Developer,[],0
JOB06475,HR Analyst,['HR Analytics'],1
JOB06476,Data Analyst,[],0
JOB06477,Power BI Developer,[],0
JOB06478,Business Analyst,[],0
JOB06479,BI Analyst,[],0
JOB06480,Python Developer,[],0
JOB06481,Power BI Developer,[],0
JOB06482,Database Administrator,[],0
JOB06483,HR Analyst,[],0
JOB06484,DevOps Engineer,[],0
JOB06485,Web Developer,[],0
JOB06486,Financial Analyst,[],0
JOB06487,Marketing Analyst,[],0
JOB06488,Software Engineer,[],0
JOB06489,Data Engineer,[],0
JOB06490,Data Analyst,[],0
JOB06491,Power BI Developer,[],0
JOB06492,Full Stack Developer,[],0
JOB06493,BI Analyst,[],0
JOB06494,Full Stack Developer,[],0
JOB06495,Machine Learning Engineer,[],0
JOB06496,Data Analyst,[],0
JOB06497,Marketing Analyst,[],0
JOB06498,Product Analyst,[],0
JOB06499,Cloud Engineer,[],0
JOB06500,Web Developer,[],0
JOB06501,Software Engineer,['Oracle'],1
JOB06502,Data Scientist,[],0
JOB06503,Business Analyst,[],0
JOB06504,DevOps Engineer,[],0
JOB06505,Software Engineer,[],0
JOB06506,QA Engineer,[],0
JOB06507,Cloud Engineer,[],0
JOB06508,Data Engineer,[],0
JOB06509,Data Analyst,[],0
JOB06510,Data Scientist,[],0
JOB06511,Product Analyst,[],0
JOB06512,BI Analyst,[],0
JOB06513,Full Stack Developer,[],0
JOB06514,HR Analyst,[],0
JOB06515,Data Analyst,[],0
JOB06516,Software Engineer,[],0
JOB06517,Financial Analyst,[],0
JOB06518,Database Administrator,[],0
JOB06519,DevOps Engineer,[],0
JOB06520,Data Analyst,[],0
JOB06521,Software Engineer,[],0
JOB06522,Database Administrator,[],0
JOB06523,Database Administrator,[],0
JOB06524,Marketing Analyst,[],0
JOB06525,Data Engineer,[],0
JOB06526,Product Analyst,[],0
JOB06527,HR Analyst,['HR Analytics'],1
JOB06528,Data Analyst,[],0
JOB06529,Financial Analyst,[],0
JOB06530,QA Engineer,[],0
JOB06531,SQL Developer,[],0
JOB06532,BI Analyst,[],0
JOB06533,Full Stack Developer,[],0
JOB06534,Financial Analyst,[],0
JOB06535,Full Stack Developer,[],0
JOB06536,Machine Learning Engineer,[],0
JOB06537,Power BI Developer,[],0
JOB06538,Data Engineer,[],0
JOB06539,Financial Analyst,[],0
JOB06540,HR Analyst,[],0
JOB06541,Data Scientist,[],0
JOB06542,SQL Developer,[],0
JOB06543,Data Engineer,[],0
JOB06544,Python Developer,[],0
JOB06545,Web Developer,[],0
JOB06546,DevOps Engineer,[],0
JOB06547,QA Engineer,[],0
JOB06548,Data Analyst,[],0
JOB06549,Business Analyst,[],0
JOB06550,Power BI Developer,['Power BI'],1
JOB06551,Data Scientist,[],0
JOB06552,Power BI Developer,[],0
JOB06553,SQL Developer,[],0
JOB06554,SQL Developer,[],0
JOB06555,SQL Developer,[],0
JOB06556,DevOps Engineer,[],0
JOB06557,Data Scientist,[],0
JOB06558,Financial Analyst,[],0
JOB06559,Financial Analyst,[],0
JOB06560,Product Analyst,[],0
JOB06561,Business Analyst,[],0
JOB06562,Business Analyst,[],0
JOB06563,Marketing Analyst,[],0
JOB06564,Financial Analyst,[],0
JOB06565,Data Analyst,[],0
JOB06566,Python Developer,[],0
JOB06567,QA Engineer,[],0
JOB06568,Marketing Analyst,[],0
JOB06569,Web Developer,[],0
JOB06570,Business Analyst,[],0
JOB06571,Database Administrator,[],0
JOB06572,Financial Analyst,[],0
JOB06573,Business Analyst,[],0
JOB06574,HR Analyst,[],0
JOB06575,DevOps Engineer,[],0
JOB06576,SQL Developer,[],0
JOB06577,Software Engineer,[],0
JOB06578,Data Scientist,[],0
JOB06579,Financial Analyst,[],0
JOB06580,Data Engineer,[],0
JOB06581,Data Engineer,[],0
JOB06582,Financial Analyst,[],0
JOB06583,Full Stack Developer,[],0
JOB06584,HR Analyst,[],0
JOB06585,Business Analyst,[],0
JOB06586,BI Analyst,[],0
JOB06587,Full Stack Developer,[],0
JOB06588,Data Analyst,[],0
JOB06589,Data Analyst,[],0
JOB06590,Financial Analyst,[],0
JOB06591,Database Administrator,[],0
JOB06592,Data Analyst,[],0
JOB06593,Web Developer,[],0
JOB06594,BI Analyst,[],0
JOB06595,BI Analyst,[],0
JOB06596,SQL Developer,[],0
JOB06597,Database Administrator,[],0
JOB06598,Machine Learning Engineer,[],0
JOB06599,Power BI Developer,[],0
JOB06600,HR Analyst,['HR Analytics'],1
JOB06601,BI Analyst,[],0
JOB06602,DevOps Engineer,[],0
JOB06603,Database Administrator,[],0
JOB06604,Cloud Engineer,[],0
JOB06605,DevOps Engineer,[],0
JOB06606,Product Analyst,[],0
JOB06607,DevOps Engineer,[],0
JOB06608,Cloud Engineer,[],0
JOB06609,HR Analyst,[],0
JOB06610,DevOps Engineer,[],0
JOB06611,Database Administrator,[],0
JOB06612,Python Developer,[],0
JOB06613,Business Analyst,[],0
JOB06614,HR Analyst,[],0
JOB06615,Web Developer,[],0
JOB06616,QA Engineer,[],0
JOB06617,Financial Analyst,[],0
JOB06618,Database Administrator,[],0
JOB06619,Database Administrator,[],0
JOB06620,Product Analyst,[],0
JOB06621,Machine Learning Engineer,[],0
JOB06622,Marketing Analyst,[],0
JOB06623,Marketing Analyst,[],0
JOB06624,Database Administrator,[],0
JOB06625,DevOps Engineer,[],0
JOB06626,Software Engineer,[],0
JOB06627,Data Scientist,[],0
JOB06628,Product Analyst,['Oracle'],1
JOB06629,Full Stack Developer,[],0
JOB06630,Product Analyst,[],0
JOB06631,Data Analyst,[],0
JOB06632,Data Analyst,[],0
JOB06633,Full Stack Developer,[],0
JOB06634,Power BI Developer,[],0
JOB06635,Python Developer,[],0
JOB06636,Web Developer,[],0
JOB06637,Web Developer,[],0
JOB06638,Full Stack Developer,[],0
JOB06639,BI Analyst,[],0
JOB06640,Power BI Developer,[],0
JOB06641,Software Engineer,[],0
JOB06642,Data Scientist,[],0
JOB06643,Product Analyst,[],0
JOB06644,Web Developer,[],0
JOB06645,Full Stack Developer,[],0
JOB06646,SQL Developer,[],0
JOB06647,Machine Learning Engineer,[],0
JOB06648,HR Analyst,['HR Analytics'],1
JOB06649,QA Engineer,[],0
JOB06650,Full Stack Developer,[],0
JOB06651,Cloud Engineer,[],0
JOB06652,QA Engineer,[],0
JOB06653,Data Scientist,[],0
JOB06654,Data Engineer,[],0
JOB06655,BI Analyst,[],0
JOB06656,Web Developer,[],0
JOB06657,DevOps Engineer,[],0
JOB06658,DevOps Engineer,[],0
JOB06659,Python Developer,[],0
JOB06660,Financial Analyst,[],0
JOB06661,Database Administrator,[],0
JOB06662,Full Stack Developer,[],0
JOB06663,Cloud Engineer,[],0
JOB06664,BI Analyst,[],0
JOB06665,Machine Learning Engineer,[],0
JOB06666,Software Engineer,[],0
JOB06667,Power BI Developer,[],0
JOB06668,Database Administrator,[],0
JOB06669,Machine Learning Engineer,[],0
JOB06670,Database Administrator,[],0
JOB06671,Python Developer,[],0
JOB06672,BI Analyst,[],0
JOB06673,BI Analyst,[],0
JOB06674,Web Developer,[],0
JOB06675,Data Analyst,[],0
JOB06676,Marketing Analyst,[],0
JOB06677,Marketing Analyst,[],0
JOB06678,Product Analyst,[],0
JOB06679,HR Analyst,[],0
JOB06680,HR Analyst,[],0
JOB06681,BI Analyst,[],0
JOB06682,Business Analyst,['Oracle'],1
JOB06683,HR Analyst,[],0
JOB06684,Financial Analyst,[],0
JOB06685,Cloud Engineer,[],0
JOB06686,Data Scientist,[],0
JOB06687,Python Developer,[],0
JOB06688,Power BI Developer,[],0
JOB06689,Data Engineer,[],0
JOB06690,BI Analyst,[],0
JOB06691,Product Analyst,[],0
JOB06692,Data Scientist,[],0
JOB06693,Business Analyst,['Oracle'],1
JOB06694,SQL Developer,[],0
JOB06695,Machine Learning Engineer,[],0
JOB06696,Cloud Engineer,[],0
JOB06697,Business Analyst,[],0
JOB06698,Data Scientist,[],0
JOB06699,Python Developer,[],0
JOB06700,Machine Learning Engineer,[],0
JOB06701,HR Analyst,['HR Analytics'],1
JOB06702,HR Analyst,[],0
JOB06703,Database Administrator,[],0
JOB06704,Financial Analyst,[],0
JOB06705,SQL Developer,[],0
JOB06706,Cloud Engineer,[],0
JOB06707,Business Analyst,[],0
JOB06708,Cloud Engineer,[],0
JOB06709,Data Engineer,[],0
JOB06710,Software Engineer,[],0
JOB06711,Python Developer,[],0
JOB06712,Product Analyst,[],0
JOB06713,Machine Learning Engineer,[],0
JOB06714,Web Developer,[],0
JOB06715,Data Scientist,[],0
JOB06716,Data Analyst,[],0
JOB06717,Web Developer,[],0
JOB06718,SQL Developer,[],0
JOB06719,Product Analyst,[],0
JOB06720,Machine Learning Engineer,[],0
JOB06721,SQL Developer,[],0
JOB06722,HR Analyst,['HR Analytics'],1
JOB06723,Web Developer,[],0
JOB06724,Python Developer,[],0
JOB06725,Data Analyst,[],0
JOB06726,BI Analyst,[],0
JOB06727,Business Analyst,[],0
JOB06728,Data Scientist,[],0
JOB06729,Web Developer,[],0
JOB06730,Data Engineer,[],0
JOB06731,Power BI Developer,[],0
JOB06732,Marketing Analyst,[],0
JOB06733,Database Administrator,[],0
JOB06734,DevOps Engineer,[],0
JOB06735,HR Analyst,['HR Analytics'],1
JOB06736,Web Developer,[],0
JOB06737,Full Stack Developer,[],0
JOB06738,Marketing Analyst,[],0
JOB06739,Machine Learning Engineer,[],0
JOB06740,BI Analyst,[],0
JOB06741,SQL Developer,[],0
JOB06742,Power BI Developer,['Power BI'],1
JOB06743,Cloud Engineer,[],0
JOB06744,Software Engineer,[],0
JOB06745,QA Engineer,[],0
JOB06746,Web Developer,[],0
JOB06747,HR Analyst,[],0
JOB06748,Cloud Engineer,[],0
JOB06749,DevOps Engineer,[],0
JOB06750,Machine Learning Engineer,[],0
JOB06751,SQL Developer,[],0
JOB06752,Cloud Engineer,[],0
JOB06753,SQL Developer,[],0
JOB06754,BI Analyst,[],0
JOB06755,Business Analyst,[],0
JOB06756,QA Engineer,[],0
JOB06757,Machine Learning Engineer,[],0
JOB06758,Machine Learning Engineer,[],0
JOB06759,QA Engineer,[],0
JOB06760,Data Analyst,[],0
JOB06761,Power BI Developer,[],0
JOB06762,Business Analyst,[],0
JOB06763,Database Administrator,[],0
JOB06764,Software Engineer,[],0
JOB06765,Python Developer,[],0
JOB06766,Machine Learning Engineer,[],0
JOB06767,Data Analyst,[],0
JOB06768,Marketing Analyst,[],0
JOB06769,Data Analyst,[],0
JOB06770,Python Developer,[],0
JOB06771,Python Developer,[],0
JOB06772,QA Engineer,[],0
JOB06773,Full Stack Developer,[],0
JOB06774,SQL Developer,[],0
JOB06775,SQL Developer,[],0
JOB06776,BI Analyst,[],0
JOB06777,Web Developer,[],0
JOB06778,Marketing Analyst,[],0
JOB06779,Data Engineer,[],0
JOB06780,BI Analyst,[],0
JOB06781,QA Engineer,[],0
JOB06782,HR Analyst,[],0
JOB06783,Full Stack Developer,[],0
JOB06784,Data Scientist,[],0
JOB06785,Database Administrator,[],0
JOB06786,Business Analyst,[],0
JOB06787,BI Analyst,[],0
JOB06788,Product Analyst,[],0
JOB06789,DevOps Engineer,[],0
JOB06790,Full Stack Developer,[],0
JOB06791,Marketing Analyst,[],0
JOB06792,Data Analyst,[],0
JOB06793,Software Engineer,[],0
JOB06794,Data Analyst,[],0
JOB06795,Software Engineer,[],0
JOB06796,Financial Analyst,[],0
JOB06797,HR Analyst,['HR Analytics'],1
JOB06798,Software Engineer,[],0
JOB06799,Business Analyst,[],0
JOB06800,Marketing Analyst,[],0
JOB06801,Python Developer,[],0
JOB06802,Web Developer,[],0
JOB06803,Power BI Developer,[],0
JOB06804,Database Administrator,[],0
JOB06805,Data Analyst,[],0
JOB06806,Power BI Developer,[],0
JOB06807,Business Analyst,[],0
JOB06808,Database Administrator,[],0
JOB06809,Marketing Analyst,[],0
JOB06810,BI Analyst,[],0
JOB06811,Data Engineer,[],0
JOB06812,QA Engineer,[],0
JOB06813,Database Administrator,[],0
JOB06814,Web Developer,[],0
JOB06815,Data Scientist,[],0
JOB06816,DevOps Engineer,[],0
JOB06817,Full Stack Developer,[],0
JOB06818,QA Engineer,[],0
JOB06819,Financial Analyst,[],0
JOB06820,Data Scientist,[],0
JOB06821,DevOps Engineer,[],0
JOB06822,Full Stack Developer,[],0
JOB06823,QA Engineer,[],0
JOB06824,Software Engineer,[],0
JOB06825,Software Engineer,[],0
JOB06826,Data Engineer,[],0
JOB06827,Data Engineer,[],0
JOB06828,HR Analyst,[],0
JOB06829,Machine Learning Engineer,[],0
JOB06830,SQL Developer,[],0
JOB06831,DevOps Engineer,[],0
JOB06832,HR Analyst,[],0
JOB06833,Marketing Analyst,[],0
JOB06834,Machine Learning Engineer,[],0
JOB06835,Data Analyst,['Oracle'],1
JOB06836,Cloud Engineer,[],0
JOB06837,BI Analyst,[],0
JOB06838,QA Engineer,[],0
JOB06839,Machine Learning Engineer,[],0
JOB06840,Financial Analyst,[],0
JOB06841,Business Analyst,[],0
JOB06842,Business Analyst,[],0
JOB06843,Software Engineer,[],0
JOB06844,Power BI Developer,[],0
JOB06845,BI Analyst,[],0
JOB06846,SQL Developer,[],0
JOB06847,Product Analyst,[],0
JOB06848,Marketing Analyst,[],0
JOB06849,SQL Developer,[],0
JOB06850,Business Analyst,[],0
JOB06851,HR Analyst,[],0
JOB06852,Data Analyst,[],0
JOB06853,Database Administrator,[],0
JOB06854,Marketing Analyst,[],0
JOB06855,Database Administrator,[],0
JOB06856,Python Developer,[],0
JOB06857,Data Analyst,[],0
JOB06858,Business Analyst,[],0
JOB06859,Power BI Developer,[],0
JOB06860,Business Analyst,[],0
JOB06861,Python Developer,[],0
JOB06862,DevOps Engineer,[],0
JOB06863,Python Developer,[],0
JOB06864,Business Analyst,[],0
JOB06865,Product Analyst,[],0
JOB06866,QA Engineer,[],0
JOB06867,Power BI Developer,[],0
JOB06868,Marketing Analyst,[],0
JOB06869,HR Analyst,[],0
JOB06870,Data Analyst,[],0
JOB06871,Power BI Developer,[],0
JOB06872,SQL Developer,[],0
JOB06873,Data Engineer,[],0
JOB06874,DevOps Engineer,[],0
JOB06875,HR Analyst,[],0
JOB06876,Data Scientist,[],0
JOB06877,Python Developer,[],0
JOB06878,Python Developer,[],0
JOB06879,Financial Analyst,[],0
JOB06880,Cloud Engineer,[],0
JOB06881,QA Engineer,[],0
JOB06882,Marketing Analyst,[],0
JOB06883,Business Analyst,[],0
JOB06884,Cloud Engineer,[],0
JOB06885,Marketing Analyst,[],0
JOB06886,Business Analyst,[],0
JOB06887,Business Analyst,[],0
JOB06888,Python Developer,[],0
JOB06889,Data Scientist,[],0
JOB06890,DevOps Engineer,[],0
JOB06891,BI Analyst,[],0
JOB06892,Software Engineer,[],0
JOB06893,BI Analyst,[],0
JOB06894,Data Engineer,[],0
JOB06895,HR Analyst,['HR Analytics'],1
JOB06896,QA Engineer,[],0
JOB06897,Cloud Engineer,[],0
JOB06898,Data Analyst,[],0
JOB06899,Data Scientist,[],0
JOB06900,BI Analyst,[],0
JOB06901,Database Administrator,[],0
JOB06902,Web Developer,[],0
JOB06903,Cloud Engineer,[],0
JOB06904,HR Analyst,['HR Analytics'],1
JOB06905,Business Analyst,[],0
JOB06906,Data Scientist,[],0
JOB06907,BI Analyst,[],0
JOB06908,DevOps Engineer,[],0
JOB06909,Business Analyst,[],0
JOB06910,DevOps Engineer,[],0
JOB06911,DevOps Engineer,[],0
JOB06912,HR Analyst,['HR Analytics'],1
JOB06913,BI Analyst,[],0
JOB06914,Product Analyst,[],0
JOB06915,BI Analyst,[],0
JOB06916,Database Administrator,[],0
JOB06917,HR Analyst,[],0
JOB06918,Machine Learning Engineer,[],0
JOB06919,Python Developer,[],0
JOB06920,Cloud Engineer,[],0
JOB06921,Cloud Engineer,[],0
JOB06922,Financial Analyst,[],0
JOB06923,Software Engineer,[],0
JOB06924,DevOps Engineer,[],0
JOB06925,QA Engineer,[],0
JOB06926,Data Analyst,[],0
JOB06927,Cloud Engineer,[],0
JOB06928,Machine Learning Engineer,[],0
JOB06929,Database Administrator,[],0
JOB06930,SQL Developer,[],0
JOB06931,Cloud Engineer,[],0
JOB06932,Data Engineer,[],0
JOB06933,Python Developer,[],0
JOB06934,SQL Developer,[],0
JOB06935,Power BI Developer,[],0
JOB06936,Marketing Analyst,[],0
JOB06937,Data Scientist,[],0
JOB06938,Business Analyst,[],0
JOB06939,Python Developer,[],0
JOB06940,Software Engineer,[],0
JOB06941,Machine Learning Engineer,[],0
JOB06942,Full Stack Developer,[],0
JOB06943,SQL Developer,[],0
JOB06944,QA Engineer,[],0
JOB06945,Financial Analyst,[],0
JOB06946,Business Analyst,[],0
JOB06947,Business Analyst,[],0
JOB06948,BI Analyst,[],0
JOB06949,Data Scientist,[],0
JOB06950,BI Analyst,[],0
JOB06951,Data Scientist,[],0
JOB06952,Data Engineer,[],0
JOB06953,Data Scientist,[],0
JOB06954,Data Engineer,[],0
JOB06955,Financial Analyst,[],0
JOB06956,BI Analyst,[],0
JOB06957,Product Analyst,[],0
JOB06958,Financial Analyst,[],0
JOB06959,BI Analyst,[],0
JOB06960,Financial Analyst,[],0
JOB06961,Python Developer,[],0
JOB06962,Product Analyst,[],0
JOB06963,Data Analyst,[],0
JOB06964,Full Stack Developer,[],0
JOB06965,Machine Learning Engineer,[],0
JOB06966,Cloud Engineer,[],0
JOB06967,Power BI Developer,[],0
JOB06968,Software Engineer,[],0
JOB06969,Python Developer,[],0
JOB06970,Database Administrator,[],0
JOB06971,Cloud Engineer,[],0
JOB06972,SQL Developer,[],0
JOB06973,Product Analyst,[],0
JOB06974,Web Developer,[],0
JOB06975,Full Stack Developer,[],0
JOB06976,Full Stack Developer,[],0
JOB06977,Cloud Engineer,[],0
JOB06978,QA Engineer,[],0
JOB06979,DevOps Engineer,[],0
JOB06980,Data Engineer,[],0
JOB06981,Data Analyst,[],0
JOB06982,DevOps Engineer,[],0
JOB06983,QA Engineer,[],0
JOB06984,DevOps Engineer,[],0
JOB06985,Cloud Engineer,[],0
JOB06986,Full Stack Developer,[],0
JOB06987,Python Developer,[],0
JOB06988,Data Analyst,[],0
JOB06989,DevOps Engineer,[],0
JOB06990,BI Analyst,[],0
JOB06991,Python Developer,[],0
JOB06992,Data Scientist,[],0
JOB06993,DevOps Engineer,[],0
JOB06994,Marketing Analyst,[],0
JOB06995,Business Analyst,[],0
JOB06996,Data Analyst,[],0
JOB06997,Business Analyst,[],0
JOB06998,Cloud Engineer,[],0
JOB06999,Data Engineer,[],0
JOB07000,Cloud Engineer,[],0
JOB07001,Data Engineer,[],0
JOB07002,HR Analyst,['HR Analytics'],1
JOB07003,Data Scientist,[],0
JOB07004,Data Scientist,[],0
JOB07005,Database Administrator,[],0
JOB07006,Software Engineer,[],0
JOB07007,Power BI Developer,[],0
JOB07008,Machine Learning Engineer,[],0
JOB07009,Software Engineer,[],0
JOB07010,Database Administrator,[],0
JOB07011,Power BI Developer,[],0
JOB07012,Data Analyst,[],0
JOB07013,BI Analyst,[],0
JOB07014,Python Developer,[],0
JOB07015,Database Administrator,[],0
JOB07016,Full Stack Developer,[],0
JOB07017,HR Analyst,['HR Analytics'],1
JOB07018,Marketing Analyst,[],0
JOB07019,Web Developer,[],0
JOB07020,Product Analyst,[],0
JOB07021,Full Stack Developer,[],0
JOB07022,Marketing Analyst,[],0
JOB07023,Power BI Developer,[],0
JOB07024,DevOps Engineer,[],0
JOB07025,Product Analyst,[],0
JOB07026,Machine Learning Engineer,[],0
JOB07027,Financial Analyst,[],0
JOB07028,DevOps Engineer,[],0
JOB07029,Data Engineer,[],0
JOB07030,Financial Analyst,[],0
JOB07031,HR Analyst,[],0
JOB07032,Product Analyst,[],0
JOB07033,HR Analyst,[],0
JOB07034,Database Administrator,[],0
JOB07035,Software Engineer,[],0
JOB07036,Web Developer,[],0
JOB07037,Financial Analyst,[],0
JOB07038,Product Analyst,[],0
JOB07039,Full Stack Developer,[],0
JOB07040,Full Stack Developer,[],0
JOB07041,Database Administrator,[],0
JOB07042,BI Analyst,[],0
JOB07043,Data Scientist,[],0
JOB07044,HR Analyst,[],0
JOB07045,QA Engineer,[],0
JOB07046,Data Analyst,[],0
JOB07047,Python Developer,[],0
JOB07048,Power BI Developer,['Power BI'],1
JOB07049,Web Developer,[],0
JOB07050,QA Engineer,[],0
JOB07051,Data Engineer,[],0
JOB07052,Power BI Developer,[],0
JOB07053,Data Scientist,[],0
JOB07054,Database Administrator,[],0
JOB07055,Business Analyst,[],0
JOB07056,Machine Learning Engineer,[],0
JOB07057,QA Engineer,[],0
JOB07058,Full Stack Developer,[],0
JOB07059,Power BI Developer,[],0
JOB07060,Data Analyst,[],0
JOB07061,Machine Learning Engineer,[],0
JOB07062,Cloud Engineer,[],0
JOB07063,Cloud Engineer,[],0
JOB07064,Financial Analyst,[],0
JOB07065,Full Stack Developer,[],0
JOB07066,Database Administrator,[],0
JOB07067,Power BI Developer,[],0
JOB07068,Machine Learning Engineer,[],0
JOB07069,DevOps Engineer,[],0
JOB07070,Full Stack Developer,[],0
JOB07071,Business Analyst,[],0
JOB07072,BI Analyst,[],0
JOB07073,DevOps Engineer,[],0
JOB07074,Database Administrator,[],0
JOB07075,Business Analyst,[],0
JOB07076,QA Engineer,[],0
JOB07077,Web Developer,[],0
JOB07078,HR Analyst,[],0
JOB07079,Marketing Analyst,[],0
JOB07080,Software Engineer,[],0
JOB07081,Financial Analyst,[],0
JOB07082,Data Analyst,[],0
JOB07083,BI Analyst,[],0
JOB07084,SQL Developer,[],0
JOB07085,SQL Developer,[],0
JOB07086,Database Administrator,[],0
JOB07087,Data Scientist,[],0
JOB07088,DevOps Engineer,[],0
JOB07089,Marketing Analyst,[],0
JOB07090,Database Administrator,[],0
JOB07091,Data Engineer,[],0
JOB07092,Business Analyst,[],0
JOB07093,Machine Learning Engineer,[],0
JOB07094,Machine Learning Engineer,[],0
JOB07095,Business Analyst,[],0
JOB07096,Machine Learning Engineer,[],0
JOB07097,Business Analyst,[],0
JOB07098,Machine Learning Engineer,[],0
JOB07099,HR Analyst,[],0
JOB07100,Machine Learning Engineer,[],0
JOB07101,Marketing Analyst,[],0
JOB07102,Marketing Analyst,[],0
JOB07103,Python Developer,[],0
JOB07104,Database Administrator,[],0
JOB07105,Python Developer,[],0
JOB07106,BI Analyst,[],0
JOB07107,Database Administrator,[],0
JOB07108,Python Developer,[],0
JOB07109,Machine Learning Engineer,[],0
JOB07110,Marketing Analyst,[],0
JOB07111,Data Analyst,[],0
JOB07112,Database Administrator,[],0
JOB07113,DevOps Engineer,[],0
JOB07114,DevOps Engineer,[],0
JOB07115,SQL Developer,[],0
JOB07116,Data Analyst,[],0
JOB07117,DevOps Engineer,[],0
JOB07118,Marketing Analyst,[],0
JOB07119,Financial Analyst,[],0
JOB07120,QA Engineer,[],0
JOB07121,Python Developer,[],0
JOB07122,SQL Developer,[],0
JOB07123,HR Analyst,[],0
JOB07124,QA Engineer,[],0
JOB07125,Full Stack Developer,[],0
JOB07126,Software Engineer,[],0
JOB07127,Software Engineer,[],0
JOB07128,SQL Developer,[],0
JOB07129,Data Scientist,[],0
JOB07130,Data Engineer,[],0
JOB07131,Data Scientist,[],0
JOB07132,QA Engineer,[],0
JOB07133,Marketing Analyst,[],0
JOB07134,Power BI Developer,[],0
JOB07135,QA Engineer,[],0
JOB07136,BI Analyst,[],0
JOB07137,Data Scientist,['Oracle'],1
JOB07138,Business Analyst,[],0
JOB07139,DevOps Engineer,[],0
JOB07140,Business Analyst,[],0
JOB07141,Product Analyst,[],0
JOB07142,HR Analyst,[],0
JOB07143,HR Analyst,[],0
JOB07144,Web Developer,[],0
JOB07145,Financial Analyst,[],0
JOB07146,BI Analyst,[],0
JOB07147,HR Analyst,[],0
JOB07148,DevOps Engineer,[],0
JOB07149,SQL Developer,[],0
JOB07150,BI Analyst,[],0
JOB07151,Power BI Developer,[],0
JOB07152,Database Administrator,[],0
JOB07153,Data Engineer,[],0
JOB07154,SQL Developer,[],0
JOB07155,Python Developer,[],0
JOB07156,QA Engineer,[],0
JOB07157,Business Analyst,[],0
JOB07158,Full Stack Developer,[],0
JOB07159,Business Analyst,[],0
JOB07160,Python Developer,[],0
JOB07161,QA Engineer,[],0
JOB07162,Cloud Engineer,[],0
JOB07163,Data Scientist,[],0
JOB07164,Financial Analyst,[],0
JOB07165,Web Developer,[],0
JOB07166,Full Stack Developer,[],0
JOB07167,Marketing Analyst,[],0
JOB07168,Cloud Engineer,[],0
JOB07169,Data Scientist,[],0
JOB07170,Product Analyst,[],0
JOB07171,Power BI Developer,[],0
JOB07172,Financial Analyst,[],0
JOB07173,Machine Learning Engineer,[],0
JOB07174,SQL Developer,[],0
JOB07175,Financial Analyst,[],0
JOB07176,Python Developer,[],0
JOB07177,Data Engineer,[],0
JOB07178,Power BI Developer,[],0
JOB07179,SQL Developer,[],0
JOB07180,Power BI Developer,[],0
JOB07181,Power BI Developer,[],0
JOB07182,Cloud Engineer,[],0
JOB07183,Financial Analyst,[],0
JOB07184,Database Administrator,[],0
JOB07185,Python Developer,[],0
JOB07186,Product Analyst,[],0
JOB07187,Power BI Developer,[],0
JOB07188,Machine Learning Engineer,[],0
JOB07189,BI Analyst,[],0
JOB07190,Power BI Developer,[],0
JOB07191,BI Analyst,[],0
JOB07192,Power BI Developer,[],0
JOB07193,Cloud Engineer,[],0
JOB07194,Data Analyst,[],0
JOB07195,Business Analyst,[],0
JOB07196,BI Analyst,[],0
JOB07197,Product Analyst,[],0
JOB07198,Business Analyst,[],0
JOB07199,Full Stack Developer,[],0
JOB07200,Data Analyst,[],0
JOB07201,Data Scientist,[],0
JOB07202,Python Developer,[],0
JOB07203,Data Engineer,[],0
JOB07204,Financial Analyst,[],0
JOB07205,Power BI Developer,[],0
JOB07206,Financial Analyst,[],0
JOB07207,Data Engineer,[],0
JOB07208,Cloud Engineer,[],0
JOB07209,HR Analyst,[],0
JOB07210,BI Analyst,[],0
JOB07211,Financial Analyst,[],0
JOB07212,Software Engineer,[],0
JOB07213,Cloud Engineer,[],0
JOB07214,Data Engineer,[],0
JOB07215,Machine Learning Engineer,[],0
JOB07216,Database Administrator,[],0
JOB07217,Financial Analyst,[],0
JOB07218,Data Analyst,[],0
JOB07219,Product Analyst,[],0
JOB07220,Data Engineer,[],0
JOB07221,Data Engineer,[],0
JOB07222,Data Engineer,[],0
JOB07223,Power BI Developer,[],0
JOB07224,DevOps Engineer,[],0
JOB07225,Software Engineer,[],0
JOB07226,Machine Learning Engineer,[],0
JOB07227,Software Engineer,[],0
JOB07228,QA Engineer,[],0
JOB07229,HR Analyst,[],0
JOB07230,QA Engineer,[],0
JOB07231,Web Developer,[],0
JOB07232,Database Administrator,[],0
JOB07233,DevOps Engineer,[],0
JOB07234,SQL Developer,[],0
JOB07235,Cloud Engineer,[],0
JOB07236,Financial Analyst,[],0
JOB07237,Product Analyst,[],0
JOB07238,Python Developer,[],0
JOB07239,QA Engineer,[],0
JOB07240,BI Analyst,[],0
JOB07241,Web Developer,[],0
JOB07242,Machine Learning Engineer,[],0
JOB07243,Data Engineer,[],0
JOB07244,HR Analyst,[],0
JOB07245,Financial Analyst,[],0
JOB07246,Python Developer,[],0
JOB07247,Full Stack Developer,[],0
JOB07248,Cloud Engineer,[],0
JOB07249,Power BI Developer,[],0
JOB07250,Financial Analyst,[],0
JOB07251,BI Analyst,[],0
JOB07252,Cloud Engineer,[],0
JOB07253,Product Analyst,[],0
JOB07254,Financial Analyst,[],0
JOB07255,QA Engineer,[],0
JOB07256,Full Stack Developer,[],0
JOB07257,Database Administrator,[],0
JOB07258,Software Engineer,[],0
JOB07259,BI Analyst,[],0
JOB07260,HR Analyst,['HR Analytics'],1
JOB07261,Software Engineer,[],0
JOB07262,SQL Developer,[],0
JOB07263,HR Analyst,[],0
JOB07264,Full Stack Developer,[],0
JOB07265,Data Engineer,[],0
JOB07266,Product Analyst,[],0
JOB07267,Marketing Analyst,[],0
JOB07268,Full Stack Developer,[],0
JOB07269,Cloud Engineer,[],0
JOB07270,QA Engineer,[],0
JOB07271,Financial Analyst,[],0
JOB07272,HR Analyst,[],0
JOB07273,Web Developer,[],0
JOB07274,Data Analyst,[],0
JOB07275,Data Analyst,[],0
JOB07276,Business Analyst,[],0
JOB07277,QA Engineer,[],0
JOB07278,SQL Developer,[],0
JOB07279,Data Scientist,[],0
JOB07280,BI Analyst,[],0
JOB07281,Full Stack Developer,[],0
JOB07282,Database Administrator,[],0
JOB07283,Web Developer,[],0
JOB07284,Database Administrator,[],0
JOB07285,Business Analyst,[],0
JOB07286,Data Engineer,[],0
JOB07287,SQL Developer,[],0
JOB07288,Financial Analyst,[],0
JOB07289,HR Analyst,[],0
JOB07290,Data Analyst,[],0
JOB07291,Marketing Analyst,[],0
JOB07292,Product Analyst,[],0
JOB07293,Data Analyst,[],0
JOB07294,Data Engineer,[],0
JOB07295,HR Analyst,[],0
JOB07296,Data Analyst,[],0
JOB07297,Business Analyst,[],0
JOB07298,Cloud Engineer,[],0
JOB07299,Full Stack Developer,[],0
JOB07300,Full Stack Developer,[],0
JOB07301,Financial Analyst,[],0
JOB07302,Database Administrator,[],0
JOB07303,QA Engineer,[],0
JOB07304,Product Analyst,[],0
JOB07305,Data Analyst,[],0
JOB07306,Product Analyst,[],0
JOB07307,Business Analyst,[],0
JOB07308,Python Developer,[],0
JOB07309,Software Engineer,[],0
JOB07310,Data Analyst,[],0
JOB07311,Web Developer,[],0
JOB07312,Python Developer,[],0
JOB07313,Data Engineer,[],0
JOB07314,SQL Developer,[],0
JOB07315,HR Analyst,['HR Analytics'],1
JOB07316,Financial Analyst,[],0
JOB07317,BI Analyst,[],0
JOB07318,Power BI Developer,['Power BI'],1
JOB07319,Full Stack Developer,[],0
JOB07320,Financial Analyst,[],0
JOB07321,Product Analyst,[],0
JOB07322,DevOps Engineer,[],0
JOB07323,Financial Analyst,[],0
JOB07324,BI Analyst,[],0
JOB07325,Data Scientist,[],0
JOB07326,Database Administrator,[],0
JOB07327,Cloud Engineer,[],0
JOB07328,DevOps Engineer,[],0
JOB07329,Marketing Analyst,[],0
JOB07330,Database Administrator,[],0
JOB07331,Python Developer,[],0
JOB07332,Cloud Engineer,[],0
JOB07333,Machine Learning Engineer,[],0
JOB07334,Database Administrator,[],0
JOB07335,Product Analyst,[],0
JOB07336,Data Engineer,[],0
JOB07337,Product Analyst,[],0
JOB07338,Data Scientist,[],0
JOB07339,Web Developer,[],0
JOB07340,Data Engineer,[],0
JOB07341,Data Analyst,[],0
JOB07342,Full Stack Developer,[],0
JOB07343,Full Stack Developer,[],0
JOB07344,BI Analyst,[],0
JOB07345,Python Developer,[],0
JOB07346,Product Analyst,[],0
JOB07347,Python Developer,[],0
JOB07348,Database Administrator,[],0
JOB07349,HR Analyst,['HR Analytics'],1
JOB07350,Power BI Developer,[],0
JOB07351,BI Analyst,[],0
JOB07352,BI Analyst,[],0
JOB07353,Business Analyst,[],0
JOB07354,BI Analyst,[],0
JOB07355,Marketing Analyst,[],0
JOB07356,Web Developer,[],0
JOB07357,BI Analyst,[],0
JOB07358,SQL Developer,[],0
JOB07359,SQL Developer,[],0
JOB07360,Web Developer,[],0
JOB07361,Product Analyst,[],0
JOB07362,Full Stack Developer,[],0
JOB07363,Web Developer,[],0
JOB07364,Machine Learning Engineer,[],0
JOB07365,Marketing Analyst,[],0
JOB07366,SQL Developer,[],0
JOB07367,DevOps Engineer,[],0
JOB07368,Full Stack Developer,[],0
JOB07369,Financial Analyst,[],0
JOB07370,Full Stack Developer,[],0
JOB07371,Python Developer,[],0
JOB07372,Product Analyst,[],0
JOB07373,SQL Developer,[],0
JOB07374,QA Engineer,[],0
JOB07375,BI Analyst,[],0
JOB07376,Data Scientist,[],0
JOB07377,Product Analyst,[],0
JOB07378,HR Analyst,[],0
JOB07379,Machine Learning Engineer,[],0
JOB07380,Database Administrator,[],0
JOB07381,Database Administrator,[],0
JOB07382,Full Stack Developer,[],0
JOB07383,QA Engineer,[],0
JOB07384,QA Engineer,[],0
JOB07385,HR Analyst,[],0
JOB07386,Software Engineer,[],0
JOB07387,QA Engineer,[],0
JOB07388,Cloud Engineer,[],0
JOB07389,DevOps Engineer,[],0
JOB07390,Database Administrator,[],0
JOB07391,Web Developer,[],0
JOB07392,Full Stack Developer,[],0
JOB07393,Marketing Analyst,[],0
JOB07394,HR Analyst,[],0
JOB07395,Python Developer,[],0
JOB07396,Cloud Engineer,[],0
JOB07397,HR Analyst,['HR Analytics'],1
JOB07398,BI Analyst,[],0
JOB07399,Python Developer,[],0
JOB07400,Web Developer,[],0
JOB07401,HR Analyst,[],0
JOB07402,Data Scientist,[],0
JOB07403,Product Analyst,[],0
JOB07404,Machine Learning Engineer,[],0
JOB07405,DevOps Engineer,[],0
JOB07406,QA Engineer,[],0
JOB07407,QA Engineer,[],0
JOB07408,Cloud Engineer,[],0
JOB07409,Software Engineer,[],0
JOB07410,HR Analyst,[],0
JOB07411,Web Developer,[],0
JOB07412,Cloud Engineer,[],0
JOB07413,Software Engineer,[],0
JOB07414,Full Stack Developer,[],0
JOB07415,Financial Analyst,[],0
JOB07416,HR Analyst,['HR Analytics'],1
JOB07417,Product Analyst,[],0
JOB07418,Machine Learning Engineer,[],0
JOB07419,Business Analyst,[],0
JOB07420,Power BI Developer,[],0
JOB07421,Database Administrator,[],0
JOB07422,Power BI Developer,['Power BI'],1
JOB07423,QA Engineer,[],0
JOB07424,Product Analyst,[],0
JOB07425,Business Analyst,[],0
JOB07426,SQL Developer,[],0
JOB07427,Software Engineer,[],0
JOB07428,Business Analyst,[],0
JOB07429,Business Analyst,[],0
JOB07430,BI Analyst,[],0
JOB07431,Power BI Developer,[],0
JOB07432,Data Engineer,[],0
JOB07433,SQL Developer,[],0
JOB07434,HR Analyst,[],0
JOB07435,Python Developer,[],0
JOB07436,HR Analyst,[],0
JOB07437,DevOps Engineer,[],0
JOB07438,BI Analyst,[],0
JOB07439,Web Developer,[],0
JOB07440,DevOps Engineer,[],0
JOB07441,Business Analyst,[],0
JOB07442,Python Developer,[],0
JOB07443,Data Scientist,[],0
JOB07444,Marketing Analyst,[],0
JOB07445,BI Analyst,[],0
JOB07446,Product Analyst,[],0
JOB07447,BI Analyst,[],0
JOB07448,SQL Developer,[],0
JOB07449,QA Engineer,[],0
JOB07450,Marketing Analyst,[],0
JOB07451,Marketing Analyst,[],0
JOB07452,BI Analyst,[],0
JOB07453,Financial Analyst,[],0
JOB07454,Python Developer,[],0
JOB07455,Full Stack Developer,[],0
JOB07456,Data Scientist,[],0
JOB07457,SQL Developer,[],0
JOB07458,Web Developer,[],0
JOB07459,Full Stack Developer,[],0
JOB07460,SQL Developer,[],0
JOB07461,Software Engineer,[],0
JOB07462,HR Analyst,[],0
JOB07463,Data Analyst,[],0
JOB07464,QA Engineer,[],0
JOB07465,Machine Learning Engineer,[],0
JOB07466,Financial Analyst,[],0
JOB07467,Full Stack Developer,[],0
JOB07468,Business Analyst,[],0
JOB07469,Power BI Developer,[],0
JOB07470,Web Developer,[],0
JOB07471,Data Analyst,[],0
JOB07472,Product Analyst,[],0
JOB07473,Machine Learning Engineer,[],0
JOB07474,Cloud Engineer,[],0
JOB07475,Data Scientist,[],0
JOB07476,Data Engineer,[],0
JOB07477,BI Analyst,[],0
JOB07478,Marketing Analyst,[],0
JOB07479,Financial Analyst,[],0
JOB07480,Database Administrator,[],0
JOB07481,Data Scientist,[],0
JOB07482,Database Administrator,[],0
JOB07483,Software Engineer,[],0
JOB07484,Python Developer,[],0
JOB07485,Financial Analyst,[],0
JOB07486,Power BI Developer,[],0
JOB07487,Machine Learning Engineer,[],0
JOB07488,Marketing Analyst,[],0
JOB07489,Financial Analyst,[],0
JOB07490,Web Developer,[],0
JOB07491,Data Engineer,[],0
JOB07492,DevOps Engineer,[],0
JOB07493,Machine Learning Engineer,[],0
JOB07494,DevOps Engineer,[],0
JOB07495,Machine Learning Engineer,[],0
JOB07496,Python Developer,[],0
JOB07497,Power BI Developer,[],0
JOB07498,DevOps Engineer,[],0
JOB07499,Business Analyst,[],0
JOB07500,DevOps Engineer,[],0
JOB07501,Product Analyst,[],0
JOB07502,Web Developer,[],0
JOB07503,BI Analyst,[],0
JOB07504,Web Developer,[],0
JOB07505,Power BI Developer,[],0
JOB07506,Financial Analyst,[],0
JOB07507,Marketing Analyst,[],0
JOB07508,Web Developer,[],0
JOB07509,Product Analyst,[],0
JOB07510,Power BI Developer,[],0
JOB07511,HR Analyst,[],0
JOB07512,Full Stack Developer,[],0
JOB07513,DevOps Engineer,[],0
JOB07514,Software Engineer,[],0
JOB07515,Software Engineer,[],0
JOB07516,Marketing Analyst,[],0
JOB07517,Web Developer,[],0
JOB07518,HR Analyst,[],0
JOB07519,Machine Learning Engineer,[],0
JOB07520,Data Analyst,[],0
JOB07521,SQL Developer,[],0
JOB07522,DevOps Engineer,[],0
JOB07523,BI Analyst,[],0
JOB07524,Financial Analyst,[],0
JOB07525,Database Administrator,[],0
JOB07526,Database Administrator,[],0
JOB07527,Data Analyst,[],0
JOB07528,Financial Analyst,[],0
JOB07529,BI Analyst,[],0
JOB07530,Data Engineer,[],0
JOB07531,Business Analyst,[],0
JOB07532,Python Developer,[],0
JOB07533,Machine Learning Engineer,[],0
JOB07534,Business Analyst,[],0
JOB07535,BI Analyst,[],0
JOB07536,Data Engineer,[],0
JOB07537,Data Scientist,[],0
JOB07538,Product Analyst,[],0
JOB07539,BI Analyst,[],0
JOB07540,Product Analyst,[],0
JOB07541,Cloud Engineer,[],0
JOB07542,Data Analyst,[],0
JOB07543,Product Analyst,[],0
JOB07544,Web Developer,[],0
JOB07545,BI Analyst,[],0
JOB07546,Product Analyst,[],0
JOB07547,DevOps Engineer,[],0
JOB07548,Data Scientist,[],0
JOB07549,Python Developer,[],0
JOB07550,Web Developer,[],0
JOB07551,Product Analyst,[],0
JOB07552,Power BI Developer,[],0
JOB07553,Data Scientist,[],0
JOB07554,SQL Developer,[],0
JOB07555,Financial Analyst,[],0
JOB07556,Machine Learning Engineer,[],0
JOB07557,BI Analyst,[],0
JOB07558,Database Administrator,[],0
JOB07559,HR Analyst,['HR Analytics'],1
JOB07560,Data Engineer,[],0
JOB07561,Software Engineer,[],0
JOB07562,SQL Developer,[],0
JOB07563,Data Scientist,[],0
JOB07564,Marketing Analyst,[],0
JOB07565,Data Analyst,[],0
JOB07566,SQL Developer,[],0
JOB07567,Financial Analyst,[],0
JOB07568,Full Stack Developer,[],0
JOB07569,Data Analyst,[],0
JOB07570,HR Analyst,['HR Analytics'],1
JOB07571,HR Analyst,[],0
JOB07572,Full Stack Developer,[],0
JOB07573,Power BI Developer,[],0
JOB07574,SQL Developer,[],0
JOB07575,Machine Learning Engineer,[],0
JOB07576,Python Developer,[],0
JOB07577,Data Scientist,[],0
JOB07578,Database Administrator,[],0
JOB07579,Financial Analyst,[],0
JOB07580,Product Analyst,[],0
JOB07581,Data Analyst,[],0
JOB07582,DevOps Engineer,[],0
JOB07583,DevOps Engineer,[],0
JOB07584,Machine Learning Engineer,[],0
JOB07585,Database Administrator,[],0
JOB07586,BI Analyst,[],0
JOB07587,Power BI Developer,['Power BI'],1
JOB07588,Full Stack Developer,[],0
JOB07589,Cloud Engineer,[],0
JOB07590,Python Developer,[],0
JOB07591,Data Analyst,[],0
JOB07592,BI Analyst,[],0
JOB07593,Business Analyst,[],0
JOB07594,Financial Analyst,[],0
JOB07595,SQL Developer,[],0
JOB07596,Business Analyst,[],0
JOB07597,Financial Analyst,[],0
JOB07598,Data Scientist,[],0
JOB07599,Machine Learning Engineer,[],0
JOB07600,Marketing Analyst,[],0
JOB07601,HR Analyst,[],0
JOB07602,HR Analyst,[],0
JOB07603,Power BI Developer,[],0
JOB07604,Product Analyst,[],0
JOB07605,Product Analyst,[],0
JOB07606,Web Developer,[],0
JOB07607,Software Engineer,[],0
JOB07608,Data Engineer,[],0
JOB07609,QA Engineer,[],0
JOB07610,QA Engineer,[],0
JOB07611,QA Engineer,[],0
JOB07612,Product Analyst,[],0
JOB07613,Power BI Developer,[],0
JOB07614,Power BI Developer,[],0
JOB07615,Marketing Analyst,[],0
JOB07616,Python Developer,[],0
JOB07617,Data Analyst,[],0
JOB07618,Power BI Developer,[],0
JOB07619,SQL Developer,[],0
JOB07620,Machine Learning Engineer,[],0
JOB07621,Financial Analyst,[],0
JOB07622,Machine Learning Engineer,[],0
JOB07623,Product Analyst,[],0
JOB07624,Financial Analyst,[],0
JOB07625,Business Analyst,[],0
JOB07626,Data Scientist,[],0
JOB07627,BI Analyst,[],0
JOB07628,Python Developer,[],0
JOB07629,HR Analyst,[],0
JOB07630,Financial Analyst,[],0
JOB07631,Data Analyst,[],0
JOB07632,DevOps Engineer,[],0
JOB07633,Data Analyst,[],0
JOB07634,Data Engineer,[],0
JOB07635,Product Analyst,[],0
JOB07636,Python Developer,[],0
JOB07637,Marketing Analyst,[],0
JOB07638,Product Analyst,[],0
JOB07639,Database Administrator,[],0
JOB07640,DevOps Engineer,[],0
JOB07641,Python Developer,[],0
JOB07642,Python Developer,[],0
JOB07643,QA Engineer,[],0
JOB07644,DevOps Engineer,[],0
JOB07645,Financial Analyst,[],0
JOB07646,Financial Analyst,[],0
JOB07647,Cloud Engineer,[],0
JOB07648,Full Stack Developer,[],0
JOB07649,Web Developer,[],0
JOB07650,Product Analyst,[],0
JOB07651,HR Analyst,[],0
JOB07652,Python Developer,[],0
JOB07653,Financial Analyst,[],0
JOB07654,QA Engineer,[],0
JOB07655,Data Analyst,[],0
JOB07656,Business Analyst,[],0
JOB07657,Python Developer,[],0
JOB07658,HR Analyst,['HR Analytics'],1
JOB07659,Data Scientist,[],0
JOB07660,Cloud Engineer,[],0
JOB07661,BI Analyst,[],0
JOB07662,Python Developer,[],0
JOB07663,Web Developer,[],0
JOB07664,Power BI Developer,['Power BI'],1
JOB07665,Full Stack Developer,[],0
JOB07666,QA Engineer,[],0
JOB07667,Cloud Engineer,[],0
JOB07668,Power BI Developer,[],0
JOB07669,Web Developer,[],0
JOB07670,Data Engineer,[],0
JOB07671,Database Administrator,[],0
JOB07672,Web Developer,[],0
JOB07673,DevOps Engineer,[],0
JOB07674,Financial Analyst,['Oracle'],1
JOB07675,Software Engineer,[],0
JOB07676,Database Administrator,[],0
JOB07677,Software Engineer,[],0
JOB07678,Full Stack Developer,[],0
JOB07679,Database Administrator,[],0
JOB07680,Machine Learning Engineer,[],0
JOB07681,Data Analyst,[],0
JOB07682,Marketing Analyst,[],0
JOB07683,Cloud Engineer,[],0
JOB07684,Software Engineer,[],0
JOB07685,SQL Developer,[],0
JOB07686,HR Analyst,['HR Analytics'],1
JOB07687,Product Analyst,[],0
JOB07688,Financial Analyst,[],0
JOB07689,Data Analyst,[],0
JOB07690,Software Engineer,[],0
JOB07691,Data Scientist,[],0
JOB07692,Marketing Analyst,[],0
JOB07693,Marketing Analyst,[],0
JOB07694,Data Analyst,[],0
JOB07695,Marketing Analyst,[],0
JOB07696,Machine Learning Engineer,[],0
JOB07697,Product Analyst,[],0
JOB07698,Full Stack Developer,[],0
JOB07699,Product Analyst,[],0
JOB07700,Financial Analyst,[],0
JOB07701,Business Analyst,[],0
JOB07702,BI Analyst,[],0
JOB07703,Machine Learning Engineer,[],0
JOB07704,Data Engineer,[],0
JOB07705,Data Analyst,[],0
JOB07706,HR Analyst,['HR Analytics'],1
JOB07707,QA Engineer,[],0
JOB07708,HR Analyst,[],0
JOB07709,Database Administrator,[],0
JOB07710,Data Analyst,[],0
JOB07711,Python Developer,[],0
JOB07712,QA Engineer,[],0
JOB07713,Web Developer,[],0
JOB07714,Data Analyst,[],0
JOB07715,Python Developer,[],0
JOB07716,SQL Developer,[],0
JOB07717,BI Analyst,[],0
JOB07718,Database Administrator,[],0
JOB07719,SQL Developer,[],0
JOB07720,Database Administrator,[],0
JOB07721,Product Analyst,[],0
JOB07722,DevOps Engineer,[],0
JOB07723,Data Engineer,[],0
JOB07724,HR Analyst,[],0
JOB07725,Power BI Developer,['Power BI'],1
JOB07726,Database Administrator,[],0
JOB07727,Data Engineer,[],0
JOB07728,Cloud Engineer,[],0
JOB07729,Python Developer,[],0
JOB07730,Marketing Analyst,[],0
JOB07731,Power BI Developer,['Power BI'],1
JOB07732,SQL Developer,[],0
JOB07733,BI Analyst,[],0
JOB07734,Marketing Analyst,[],0
JOB07735,HR Analyst,[],0
JOB07736,Data Scientist,[],0
JOB07737,Marketing Analyst,[],0
JOB07738,Database Administrator,['Oracle'],1
JOB07739,Cloud Engineer,[],0
JOB07740,Machine Learning Engineer,[],0
JOB07741,Power BI Developer,[],0
JOB07742,Database Administrator,[],0
JOB07743,Database Administrator,[],0
JOB07744,Marketing Analyst,[],0
JOB07745,Data Engineer,[],0
JOB07746,DevOps Engineer,[],0
JOB07747,Python Developer,[],0
JOB07748,Machine Learning Engineer,[],0
JOB07749,SQL Developer,['Oracle'],1
JOB07750,SQL Developer,[],0
JOB07751,Financial Analyst,[],0
JOB07752,BI Analyst,[],0
JOB07753,Database Administrator,[],0
JOB07754,Product Analyst,['Product Analytics'],1
JOB07755,Marketing Analyst,[],0
JOB07756,Marketing Analyst,[],0
JOB07757,Full Stack Developer,[],0
JOB07758,Cloud Engineer,[],0
JOB07759,Power BI Developer,[],0
JOB07760,Marketing Analyst,[],0
JOB07761,Data Analyst,[],0
JOB07762,Python Developer,[],0
JOB07763,Business Analyst,[],0
JOB07764,QA Engineer,[],0
JOB07765,Software Engineer,[],0
JOB07766,SQL Developer,[],0
JOB07767,BI Analyst,[],0
JOB07768,Power BI Developer,[],0
JOB07769,Cloud Engineer,[],0
JOB07770,Machine Learning Engineer,[],0
JOB07771,Data Engineer,[],0
JOB07772,BI Analyst,[],0
JOB07773,Software Engineer,[],0
JOB07774,Marketing Analyst,[],0
JOB07775,QA Engineer,[],0
JOB07776,Data Scientist,[],0
JOB07777,Full Stack Developer,[],0
JOB07778,Python Developer,[],0
JOB07779,Product Analyst,[],0
JOB07780,Business Analyst,[],0
JOB07781,Web Developer,[],0
JOB07782,Python Developer,[],0
JOB07783,Database Administrator,[],0
JOB07784,Marketing Analyst,[],0
JOB07785,SQL Developer,[],0
JOB07786,Data Scientist,[],0
JOB07787,Data Analyst,[],0
JOB07788,Financial Analyst,[],0
JOB07789,Product Analyst,[],0
JOB07790,Python Developer,[],0
JOB07791,Python Developer,[],0
JOB07792,Software Engineer,[],0
JOB07793,Data Engineer,[],0
JOB07794,Cloud Engineer,[],0
JOB07795,Cloud Engineer,[],0
JOB07796,Financial Analyst,[],0
JOB07797,Full Stack Developer,[],0
JOB07798,Python Developer,[],0
JOB07799,SQL Developer,[],0
JOB07800,Database Administrator,[],0
JOB07801,Product Analyst,[],0
JOB07802,Product Analyst,['Oracle'],1
JOB07803,SQL Developer,[],0
JOB07804,Marketing Analyst,[],0
JOB07805,Product Analyst,[],0
JOB07806,QA Engineer,[],0
JOB07807,Machine Learning Engineer,[],0
JOB07808,DevOps Engineer,[],0
JOB07809,SQL Developer,[],0
JOB07810,Business Analyst,[],0
JOB07811,Marketing Analyst,[],0
JOB07812,Data Scientist,[],0
JOB07813,DevOps Engineer,[],0
JOB07814,DevOps Engineer,[],0
JOB07815,Data Scientist,[],0
JOB07816,HR Analyst,[],0
JOB07817,Full Stack Developer,[],0
JOB07818,Python Developer,[],0
JOB07819,Machine Learning Engineer,[],0
JOB07820,Data Analyst,[],0
JOB07821,Business Analyst,[],0
JOB07822,DevOps Engineer,[],0
JOB07823,Data Analyst,[],0
JOB07824,Python Developer,[],0
JOB07825,Python Developer,[],0
JOB07826,Cloud Engineer,[],0
JOB07827,SQL Developer,[],0
JOB07828,Data Analyst,[],0
JOB07829,Web Developer,[],0
JOB07830,HR Analyst,['HR Analytics'],1
JOB07831,Python Developer,[],0
JOB07832,Product Analyst,[],0
JOB07833,QA Engineer,[],0
JOB07834,Database Administrator,[],0
JOB07835,Web Developer,[],0
JOB07836,Financial Analyst,[],0
JOB07837,Web Developer,[],0
JOB07838,SQL Developer,[],0
JOB07839,Database Administrator,[],0
JOB07840,Database Administrator,[],0
JOB07841,SQL Developer,[],0
JOB07842,Marketing Analyst,[],0
JOB07843,Data Engineer,[],0
JOB07844,QA Engineer,[],0
JOB07845,Web Developer,[],0
JOB07846,Data Engineer,[],0
JOB07847,Database Administrator,[],0
JOB07848,SQL Developer,[],0
JOB07849,Python Developer,[],0
JOB07850,Full Stack Developer,[],0
JOB07851,Web Developer,[],0
JOB07852,DevOps Engineer,[],0
JOB07853,Database Administrator,[],0
JOB07854,Data Analyst,[],0
JOB07855,Software Engineer,[],0
JOB07856,Cloud Engineer,[],0
JOB07857,Full Stack Developer,[],0
JOB07858,Data Scientist,[],0
JOB07859,Power BI Developer,[],0
JOB07860,Financial Analyst,[],0
JOB07861,SQL Developer,[],0
JOB07862,Software Engineer,[],0
JOB07863,Data Analyst,[],0
JOB07864,Data Scientist,[],0
JOB07865,Machine Learning Engineer,[],0
JOB07866,Business Analyst,[],0
JOB07867,Power BI Developer,[],0
JOB07868,QA Engineer,[],0
JOB07869,QA Engineer,[],0
JOB07870,Full Stack Developer,[],0
JOB07871,Business Analyst,[],0
JOB07872,DevOps Engineer,[],0
JOB07873,Financial Analyst,[],0
JOB07874,Machine Learning Engineer,[],0
JOB07875,SQL Developer,[],0
JOB07876,Web Developer,[],0
JOB07877,Machine Learning Engineer,[],0
JOB07878,Web Developer,[],0
JOB07879,Power BI Developer,[],0
JOB07880,Python Developer,[],0
JOB07881,Cloud Engineer,[],0
JOB07882,SQL Developer,[],0
JOB07883,DevOps Engineer,[],0
JOB07884,Software Engineer,[],0
JOB07885,Data Analyst,[],0
JOB07886,DevOps Engineer,[],0
JOB07887,QA Engineer,[],0
JOB07888,Cloud Engineer,[],0
JOB07889,HR Analyst,[],0
JOB07890,Cloud Engineer,[],0
JOB07891,Data Engineer,[],0
JOB07892,Web Developer,[],0
JOB07893,Database Administrator,[],0
JOB07894,Data Engineer,[],0
JOB07895,Machine Learning Engineer,[],0
JOB07896,Data Scientist,[],0
JOB07897,DevOps Engineer,[],0
JOB07898,SQL Developer,[],0
JOB07899,Full Stack Developer,[],0
JOB07900,Machine Learning Engineer,[],0
JOB07901,DevOps Engineer,[],0
JOB07902,QA Engineer,[],0
JOB07903,Business Analyst,[],0
JOB07904,Web Developer,[],0
JOB07905,HR Analyst,[],0
JOB07906,HR Analyst,[],0
JOB07907,Product Analyst,[],0
JOB07908,BI Analyst,[],0
JOB07909,Python Developer,[],0
JOB07910,DevOps Engineer,[],0
JOB07911,Web Developer,[],0
JOB07912,Product Analyst,[],0
JOB07913,QA Engineer,[],0
JOB07914,Web Developer,[],0
JOB07915,Data Scientist,[],0
JOB07916,Power BI Developer,[],0
JOB07917,Product Analyst,[],0
JOB07918,Full Stack Developer,[],0
JOB07919,Marketing Analyst,[],0
JOB07920,Web Developer,[],0
JOB07921,Software Engineer,[],0
JOB07922,SQL Developer,[],0
JOB07923,Cloud Engineer,[],0
JOB07924,SQL Developer,[],0
JOB07925,Power BI Developer,[],0
JOB07926,Machine Learning Engineer,[],0
JOB07927,Business Analyst,[],0
JOB07928,Data Engineer,[],0
JOB07929,Database Administrator,[],0
JOB07930,Machine Learning Engineer,[],0
JOB07931,Machine Learning Engineer,[],0
JOB07932,BI Analyst,[],0
JOB07933,BI Analyst,[],0
JOB07934,Data Analyst,[],0
JOB07935,Marketing Analyst,[],0
JOB07936,SQL Developer,[],0
JOB07937,SQL Developer,[],0
JOB07938,Web Developer,[],0
JOB07939,Cloud Engineer,[],0
JOB07940,QA Engineer,[],0
JOB07941,Data Analyst,[],0
JOB07942,Full Stack Developer,[],0
JOB07943,Cloud Engineer,[],0
JOB07944,Marketing Analyst,[],0
JOB07945,Power BI Developer,[],0
JOB07946,Power BI Developer,[],0
JOB07947,Database Administrator,[],0
JOB07948,Power BI Developer,[],0
JOB07949,Cloud Engineer,[],0
JOB07950,Financial Analyst,[],0
JOB07951,Business Analyst,[],0
JOB07952,Product Analyst,[],0
JOB07953,Web Developer,[],0
JOB07954,Cloud Engineer,[],0
JOB07955,Full Stack Developer,[],0
JOB07956,DevOps Engineer,[],0
JOB07957,SQL Developer,[],0
JOB07958,Financial Analyst,[],0
JOB07959,Database Administrator,[],0
JOB07960,Data Scientist,[],0
JOB07961,Product Analyst,[],0
JOB07962,QA Engineer,[],0
JOB07963,Data Engineer,[],0
JOB07964,Business Analyst,[],0
JOB07965,Power BI Developer,[],0
JOB07966,BI Analyst,[],0
JOB07967,Data Analyst,[],0
JOB07968,Data Engineer,[],0
JOB07969,Python Developer,[],0
JOB07970,Machine Learning Engineer,[],0
JOB07971,QA Engineer,[],0
JOB07972,Financial Analyst,[],0
JOB07973,SQL Developer,[],0
JOB07974,HR Analyst,[],0
JOB07975,Power BI Developer,[],0
JOB07976,Machine Learning Engineer,[],0
JOB07977,Financial Analyst,[],0
JOB07978,Marketing Analyst,[],0
JOB07979,BI Analyst,[],0
JOB07980,QA Engineer,[],0
JOB07981,Data Scientist,[],0
JOB07982,Machine Learning Engineer,[],0
JOB07983,Data Scientist,[],0
JOB07984,HR Analyst,['HR Analytics'],1
JOB07985,Data Analyst,[],0
JOB07986,Financial Analyst,[],0
JOB07987,Python Developer,[],0
JOB07988,Power BI Developer,[],0
JOB07989,Database Administrator,[],0
JOB07990,Data Scientist,[],0
JOB07991,Full Stack Developer,[],0
JOB07992,Marketing Analyst,[],0
JOB07993,Business Analyst,[],0
JOB07994,Full Stack Developer,[],0
JOB07995,Python Developer,[],0
JOB07996,BI Analyst,[],0
JOB07997,SQL Developer,[],0
JOB07998,Python Developer,[],0
JOB07999,Data Scientist,[],0
JOB08000,Full Stack Developer,[],0
JOB08001,Database Administrator,[],0
JOB08002,Software Engineer,[],0
JOB08003,Data Scientist,[],0
JOB08004,Full Stack Developer,[],0
JOB08005,Power BI Developer,['Power BI'],1
JOB08006,Database Administrator,[],0
JOB08007,SQL Developer,[],0
JOB08008,BI Analyst,[],0
JOB08009,Power BI Developer,['Power BI'],1
JOB08010,Business Analyst,[],0
JOB08011,Marketing Analyst,[],0
JOB08012,Cloud Engineer,[],0
JOB08013,Software Engineer,[],0
JOB08014,QA Engineer,[],0
JOB08015,Business Analyst,[],0
JOB08016,Data Scientist,[],0
JOB08017,Machine Learning Engineer,[],0
JOB08018,Data Analyst,[],0
JOB08019,Full Stack Developer,[],0
JOB08020,Data Analyst,['Oracle'],1
JOB08021,Data Engineer,[],0
JOB08022,Data Scientist,[],0
JOB08023,Cloud Engineer,[],0
JOB08024,Product Analyst,[],0
JOB08025,Database Administrator,[],0
JOB08026,SQL Developer,[],0
JOB08027,BI Analyst,[],0
JOB08028,SQL Developer,[],0
JOB08029,Database Administrator,[],0
JOB08030,Full Stack Developer,[],0
JOB08031,Database Administrator,[],0
JOB08032,Data Engineer,[],0
JOB08033,Software Engineer,[],0
JOB08034,Web Developer,[],0
JOB08035,Machine Learning Engineer,[],0
JOB08036,Marketing Analyst,[],0
JOB08037,BI Analyst,[],0
JOB08038,Power BI Developer,[],0
JOB08039,Product Analyst,[],0
JOB08040,Data Engineer,[],0
JOB08041,Full Stack Developer,[],0
JOB08042,Cloud Engineer,[],0
JOB08043,QA Engineer,[],0
JOB08044,Marketing Analyst,[],0
JOB08045,Python Developer,[],0
JOB08046,Business Analyst,[],0
JOB08047,Marketing Analyst,[],0
JOB08048,HR Analyst,[],0
JOB08049,Cloud Engineer,[],0
JOB08050,SQL Developer,[],0
JOB08051,Marketing Analyst,[],0
JOB08052,Business Analyst,[],0
JOB08053,BI Analyst,[],0
JOB08054,Software Engineer,[],0
JOB08055,Data Scientist,[],0
JOB08056,Power BI Developer,[],0
JOB08057,Data Engineer,[],0
JOB08058,Data Analyst,[],0
JOB08059,Cloud Engineer,[],0
JOB08060,Data Analyst,[],0
JOB08061,Database Administrator,[],0
JOB08062,Software Engineer,[],0
JOB08063,Database Administrator,[],0
JOB08064,Product Analyst,[],0
JOB08065,Business Analyst,[],0
JOB08066,Python Developer,[],0
JOB08067,DevOps Engineer,[],0
JOB08068,Power BI Developer,[],0
JOB08069,BI Analyst,[],0
JOB08070,Database Administrator,[],0
JOB08071,Product Analyst,[],0
JOB08072,Power BI Developer,[],0
JOB08073,Product Analyst,[],0
JOB08074,Python Developer,[],0
JOB08075,Business Analyst,[],0
JOB08076,Data Scientist,[],0
JOB08077,DevOps Engineer,[],0
JOB08078,Data Scientist,[],0
JOB08079,HR Analyst,[],0
JOB08080,DevOps Engineer,[],0
JOB08081,Power BI Developer,[],0
JOB08082,Data Scientist,[],0
JOB08083,BI Analyst,[],0
JOB08084,SQL Developer,[],0
JOB08085,QA Engineer,[],0
JOB08086,Product Analyst,[],0
JOB08087,Cloud Engineer,[],0
JOB08088,Marketing Analyst,[],0
JOB08089,Product Analyst,[],0
JOB08090,Full Stack Developer,[],0
JOB08091,Product Analyst,[],0
JOB08092,HR Analyst,['HR Analytics'],1
JOB08093,Software Engineer,[],0
JOB08094,Data Scientist,[],0
JOB08095,Business Analyst,[],0
JOB08096,DevOps Engineer,[],0
JOB08097,Marketing Analyst,[],0
JOB08098,Data Analyst,[],0
JOB08099,Cloud Engineer,[],0
JOB08100,Web Developer,[],0
JOB08101,HR Analyst,[],0
JOB08102,Data Engineer,[],0
JOB08103,BI Analyst,[],0
JOB08104,DevOps Engineer,[],0
JOB08105,Machine Learning Engineer,[],0
JOB08106,Power BI Developer,['Power BI'],1
JOB08107,Product Analyst,[],0
JOB08108,Power BI Developer,[],0
JOB08109,Marketing Analyst,[],0
JOB08110,BI Analyst,[],0
JOB08111,Financial Analyst,[],0
JOB08112,Database Administrator,[],0
JOB08113,Financial Analyst,[],0
JOB08114,DevOps Engineer,[],0
JOB08115,Database Administrator,[],0
JOB08116,Data Analyst,[],0
JOB08117,Web Developer,[],0
JOB08118,Marketing Analyst,[],0
JOB08119,Database Administrator,['Oracle'],1
JOB08120,Financial Analyst,[],0
JOB08121,Data Engineer,[],0
JOB08122,DevOps Engineer,[],0
JOB08123,Product Analyst,[],0
JOB08124,Python Developer,[],0
JOB08125,Web Developer,[],0
JOB08126,Machine Learning Engineer,[],0
JOB08127,Cloud Engineer,[],0
JOB08128,Business Analyst,[],0
JOB08129,Data Engineer,[],0
JOB08130,Machine Learning Engineer,[],0
JOB08131,Business Analyst,[],0
JOB08132,Data Scientist,[],0
JOB08133,Business Analyst,[],0
JOB08134,Financial Analyst,[],0
JOB08135,Data Engineer,[],0
JOB08136,SQL Developer,[],0
JOB08137,BI Analyst,[],0
JOB08138,Web Developer,[],0
JOB08139,Business Analyst,[],0
JOB08140,Database Administrator,[],0
JOB08141,Power BI Developer,[],0
JOB08142,Financial Analyst,[],0
JOB08143,Database Administrator,[],0
JOB08144,Database Administrator,[],0
JOB08145,SQL Developer,[],0
JOB08146,SQL Developer,[],0
JOB08147,BI Analyst,[],0
JOB08148,Business Analyst,[],0
JOB08149,Web Developer,[],0
JOB08150,QA Engineer,[],0
JOB08151,Power BI Developer,['Power BI'],1
JOB08152,Power BI Developer,[],0
JOB08153,BI Analyst,[],0
JOB08154,QA Engineer,[],0
JOB08155,Data Engineer,[],0
JOB08156,Full Stack Developer,[],0
JOB08157,Financial Analyst,[],0
JOB08158,Full Stack Developer,[],0
JOB08159,Database Administrator,[],0
JOB08160,Data Scientist,[],0
JOB08161,Software Engineer,[],0
JOB08162,Machine Learning Engineer,[],0
JOB08163,Product Analyst,[],0
JOB08164,DevOps Engineer,[],0
JOB08165,Power BI Developer,[],0
JOB08166,DevOps Engineer,[],0
JOB08167,Software Engineer,[],0
JOB08168,Power BI Developer,[],0
JOB08169,DevOps Engineer,[],0
JOB08170,Full Stack Developer,[],0
JOB08171,HR Analyst,['HR Analytics'],1
JOB08172,BI Analyst,[],0
JOB08173,Python Developer,[],0
JOB08174,Cloud Engineer,[],0
JOB08175,Machine Learning Engineer,[],0
JOB08176,Financial Analyst,[],0
JOB08177,Database Administrator,[],0
JOB08178,Machine Learning Engineer,[],0
JOB08179,HR Analyst,[],0
JOB08180,Marketing Analyst,[],0
JOB08181,Marketing Analyst,[],0
JOB08182,Product Analyst,['Product Analytics'],1
JOB08183,Full Stack Developer,[],0
JOB08184,BI Analyst,[],0
JOB08185,BI Analyst,[],0
JOB08186,Financial Analyst,[],0
JOB08187,Data Scientist,[],0
JOB08188,BI Analyst,[],0
JOB08189,SQL Developer,[],0
JOB08190,Business Analyst,[],0
JOB08191,Financial Analyst,[],0
JOB08192,Product Analyst,[],0
JOB08193,QA Engineer,[],0
JOB08194,Data Scientist,[],0
JOB08195,QA Engineer,[],0
JOB08196,Machine Learning Engineer,[],0
JOB08197,Web Developer,[],0
JOB08198,Software Engineer,[],0
JOB08199,Marketing Analyst,[],0
JOB08200,QA Engineer,[],0
JOB08201,DevOps Engineer,[],0
JOB08202,Financial Analyst,[],0
JOB08203,Business Analyst,[],0
JOB08204,Web Developer,[],0
JOB08205,Machine Learning Engineer,[],0
JOB08206,BI Analyst,[],0
JOB08207,Machine Learning Engineer,[],0
JOB08208,Machine Learning Engineer,[],0
JOB08209,Full Stack Developer,[],0
JOB08210,Database Administrator,[],0
JOB08211,Power BI Developer,[],0
JOB08212,SQL Developer,[],0
JOB08213,QA Engineer,[],0
JOB08214,Product Analyst,[],0
JOB08215,BI Analyst,[],0
JOB08216,QA Engineer,[],0
JOB08217,BI Analyst,[],0
JOB08218,Cloud Engineer,[],0
JOB08219,Full Stack Developer,[],0
JOB08220,Data Engineer,[],0
JOB08221,SQL Developer,[],0
JOB08222,DevOps Engineer,[],0
JOB08223,Data Analyst,[],0
JOB08224,Cloud Engineer,[],0
JOB08225,Business Analyst,[],0
JOB08226,Data Analyst,[],0
JOB08227,Financial Analyst,[],0
JOB08228,Full Stack Developer,[],0
JOB08229,Cloud Engineer,[],0
JOB08230,Marketing Analyst,[],0
JOB08231,Web Developer,[],0
JOB08232,Data Analyst,['Oracle'],1
JOB08233,Software Engineer,[],0
JOB08234,Data Scientist,[],0
JOB08235,Machine Learning Engineer,[],0
JOB08236,DevOps Engineer,[],0
JOB08237,Business Analyst,[],0
JOB08238,Financial Analyst,[],0
JOB08239,HR Analyst,[],0
JOB08240,QA Engineer,[],0
JOB08241,Database Administrator,[],0
JOB08242,Software Engineer,[],0
JOB08243,QA Engineer,[],0
JOB08244,Software Engineer,[],0
JOB08245,Database Administrator,[],0
JOB08246,Product Analyst,[],0
JOB08247,HR Analyst,[],0
JOB08248,Marketing Analyst,[],0
JOB08249,Machine Learning Engineer,[],0
JOB08250,Data Engineer,[],0
JOB08251,Database Administrator,[],0
JOB08252,SQL Developer,[],0
JOB08253,Product Analyst,[],0
JOB08254,Business Analyst,[],0
JOB08255,Financial Analyst,[],0
JOB08256,Machine Learning Engineer,[],0
JOB08257,Python Developer,[],0
JOB08258,Marketing Analyst,[],0
JOB08259,Machine Learning Engineer,[],0
JOB08260,Data Scientist,[],0
JOB08261,SQL Developer,[],0
JOB08262,Machine Learning Engineer,[],0
JOB08263,Cloud Engineer,[],0
JOB08264,Product Analyst,[],0
JOB08265,Financial Analyst,[],0
JOB08266,BI Analyst,[],0
JOB08267,Software Engineer,[],0
JOB08268,Machine Learning Engineer,[],0
JOB08269,Cloud Engineer,[],0
JOB08270,SQL Developer,[],0
JOB08271,Web Developer,[],0
JOB08272,SQL Developer,[],0
JOB08273,Data Scientist,[],0
JOB08274,Full Stack Developer,[],0
JOB08275,Software Engineer,[],0
JOB08276,Data Scientist,[],0
JOB08277,Power BI Developer,[],0
JOB08278,Power BI Developer,['Power BI'],1
JOB08279,SQL Developer,[],0
JOB08280,Software Engineer,[],0
JOB08281,Python Developer,[],0
JOB08282,Financial Analyst,[],0
JOB08283,Database Administrator,[],0
JOB08284,Cloud Engineer,[],0
JOB08285,Cloud Engineer,[],0
JOB08286,Business Analyst,[],0
JOB08287,Software Engineer,[],0
JOB08288,Cloud Engineer,[],0
JOB08289,Power BI Developer,[],0
JOB08290,Python Developer,[],0
JOB08291,Cloud Engineer,[],0
JOB08292,QA Engineer,[],0
JOB08293,DevOps Engineer,[],0
JOB08294,BI Analyst,[],0
JOB08295,Python Developer,[],0
JOB08296,Business Analyst,[],0
JOB08297,Cloud Engineer,[],0
JOB08298,Database Administrator,[],0
JOB08299,Product Analyst,[],0
JOB08300,Data Analyst,[],0
JOB08301,Database Administrator,[],0
JOB08302,Data Scientist,[],0
JOB08303,Python Developer,[],0
JOB08304,DevOps Engineer,[],0
JOB08305,Data Engineer,[],0
JOB08306,Business Analyst,[],0
JOB08307,Database Administrator,[],0
JOB08308,Software Engineer,[],0
JOB08309,SQL Developer,[],0
JOB08310,Data Analyst,[],0
JOB08311,Python Developer,[],0
JOB08312,Business Analyst,[],0
JOB08313,Power BI Developer,[],0
JOB08314,Full Stack Developer,[],0
JOB08315,Python Developer,[],0
JOB08316,Software Engineer,[],0
JOB08317,Python Developer,[],0
JOB08318,Power BI Developer,[],0
JOB08319,Database Administrator,[],0
JOB08320,Cloud Engineer,[],0
JOB08321,Database Administrator,['Oracle'],1
JOB08322,Python Developer,[],0
JOB08323,Software Engineer,[],0
JOB08324,Marketing Analyst,[],0
JOB08325,Product Analyst,[],0
JOB08326,Product Analyst,[],0
JOB08327,Power BI Developer,[],0
JOB08328,SQL Developer,[],0
JOB08329,Machine Learning Engineer,[],0
JOB08330,Data Analyst,[],0
JOB08331,Data Analyst,[],0
JOB08332,Data Analyst,[],0
JOB08333,Business Analyst,[],0
JOB08334,BI Analyst,[],0
JOB08335,Business Analyst,[],0
JOB08336,Marketing Analyst,[],0
JOB08337,Power BI Developer,[],0
JOB08338,HR Analyst,[],0
JOB08339,DevOps Engineer,[],0
JOB08340,Full Stack Developer,[],0
JOB08341,Database Administrator,[],0
JOB08342,Financial Analyst,[],0
JOB08343,Cloud Engineer,[],0
JOB08344,HR Analyst,[],0
JOB08345,Machine Learning Engineer,[],0
JOB08346,Data Scientist,['Oracle'],1
JOB08347,Product Analyst,[],0
JOB08348,Python Developer,[],0
JOB08349,Product Analyst,[],0
JOB08350,Business Analyst,[],0
JOB08351,DevOps Engineer,[],0
JOB08352,QA Engineer,[],0
JOB08353,Python Developer,[],0
JOB08354,Data Analyst,[],0
JOB08355,HR Analyst,[],0
JOB08356,Cloud Engineer,[],0
JOB08357,Power BI Developer,[],0
JOB08358,Power BI Developer,[],0
JOB08359,Python Developer,[],0
JOB08360,Marketing Analyst,[],0
JOB08361,Cloud Engineer,[],0
JOB08362,QA Engineer,[],0
JOB08363,Software Engineer,[],0
JOB08364,Data Engineer,[],0
JOB08365,Machine Learning Engineer,[],0
JOB08366,HR Analyst,[],0
JOB08367,Power BI Developer,[],0
JOB08368,Data Analyst,[],0
JOB08369,Data Engineer,[],0
JOB08370,Database Administrator,[],0
JOB08371,Machine Learning Engineer,[],0
JOB08372,SQL Developer,[],0
JOB08373,Web Developer,[],0
JOB08374,Cloud Engineer,[],0
JOB08375,Cloud Engineer,[],0
JOB08376,SQL Developer,[],0
JOB08377,Machine Learning Engineer,[],0
JOB08378,Marketing Analyst,[],0
JOB08379,HR Analyst,[],0
JOB08380,DevOps Engineer,[],0
JOB08381,Cloud Engineer,[],0
JOB08382,Python Developer,[],0
JOB08383,SQL Developer,[],0
JOB08384,HR Analyst,[],0
JOB08385,Data Analyst,[],0
JOB08386,Data Engineer,[],0
JOB08387,Financial Analyst,[],0
JOB08388,Database Administrator,[],0
JOB08389,Product Analyst,[],0
JOB08390,Full Stack Developer,[],0
JOB08391,HR Analyst,[],0
JOB08392,Software Engineer,[],0
JOB08393,Cloud Engineer,[],0
JOB08394,Web Developer,[],0
JOB08395,Data Scientist,[],0
JOB08396,HR Analyst,['HR Analytics'],1
JOB08397,Business Analyst,[],0
JOB08398,Financial Analyst,[],0
JOB08399,Web Developer,[],0
JOB08400,Data Analyst,[],0
JOB08401,Machine Learning Engineer,[],0
JOB08402,Business Analyst,[],0
JOB08403,Machine Learning Engineer,[],0
JOB08404,Data Analyst,[],0
JOB08405,BI Analyst,[],0
JOB08406,QA Engineer,[],0
JOB08407,Marketing Analyst,[],0
JOB08408,Business Analyst,[],0
JOB08409,SQL Developer,[],0
JOB08410,QA Engineer,[],0
JOB08411,Full Stack Developer,[],0
JOB08412,Machine Learning Engineer,[],0
JOB08413,Python Developer,[],0
JOB08414,Data Analyst,[],0
JOB08415,Marketing Analyst,[],0
JOB08416,Python Developer,[],0
JOB08417,Python Developer,[],0
JOB08418,Web Developer,[],0
JOB08419,Data Engineer,[],0
JOB08420,HR Analyst,['HR Analytics'],1
JOB08421,BI Analyst,[],0
JOB08422,DevOps Engineer,[],0
JOB08423,Full Stack Developer,[],0
JOB08424,Full Stack Developer,[],0
JOB08425,Data Analyst,[],0
JOB08426,Data Analyst,[],0
JOB08427,Data Engineer,[],0
JOB08428,SQL Developer,[],0
JOB08429,Web Developer,[],0
JOB08430,BI Analyst,[],0
JOB08431,Python Developer,[],0
JOB08432,HR Analyst,['HR Analytics'],1
JOB08433,Power BI Developer,[],0
JOB08434,Power BI Developer,[],0
JOB08435,Power BI Developer,[],0
JOB08436,Data Analyst,[],0
JOB08437,Python Developer,[],0
JOB08438,Database Administrator,[],0
JOB08439,Python Developer,[],0
JOB08440,Full Stack Developer,[],0
JOB08441,DevOps Engineer,[],0
JOB08442,Data Analyst,[],0
JOB08443,Cloud Engineer,[],0
JOB08444,Marketing Analyst,[],0
JOB08445,Data Engineer,[],0
JOB08446,Python Developer,[],0
JOB08447,Data Scientist,[],0
JOB08448,DevOps Engineer,[],0
JOB08449,Product Analyst,[],0
JOB08450,Full Stack Developer,[],0
JOB08451,Business Analyst,[],0
JOB08452,QA Engineer,[],0
JOB08453,BI Analyst,[],0
JOB08454,Database Administrator,[],0
JOB08455,Full Stack Developer,[],0
JOB08456,Python Developer,[],0
JOB08457,Web Developer,[],0
JOB08458,Data Engineer,[],0
JOB08459,Marketing Analyst,[],0
JOB08460,SQL Developer,[],0
JOB08461,Full Stack Developer,[],0
JOB08462,HR Analyst,['HR Analytics'],1
JOB08463,Cloud Engineer,[],0
JOB08464,DevOps Engineer,[],0
JOB08465,Power BI Developer,[],0
JOB08466,Data Scientist,[],0
JOB08467,Business Analyst,[],0
JOB08468,Financial Analyst,[],0
JOB08469,Full Stack Developer,[],0
JOB08470,Power BI Developer,[],0
JOB08471,Machine Learning Engineer,[],0
JOB08472,Data Engineer,[],0
JOB08473,SQL Developer,[],0
JOB08474,Data Engineer,[],0
JOB08475,Marketing Analyst,[],0
JOB08476,Data Engineer,[],0
JOB08477,Machine Learning Engineer,[],0
JOB08478,Financial Analyst,[],0
JOB08479,Marketing Analyst,[],0
JOB08480,Data Analyst,[],0
JOB08481,Product Analyst,[],0
JOB08482,Web Developer,[],0
JOB08483,Data Scientist,[],0
JOB08484,Data Scientist,[],0
JOB08485,Product Analyst,['Product Analytics'],1
JOB08486,Data Analyst,[],0
JOB08487,Data Engineer,[],0
JOB08488,DevOps Engineer,[],0
JOB08489,Database Administrator,[],0
JOB08490,Web Developer,[],0
JOB08491,Marketing Analyst,[],0
JOB08492,Data Analyst,[],0
JOB08493,Full Stack Developer,[],0
JOB08494,Product Analyst,[],0
JOB08495,Power BI Developer,[],0
JOB08496,Cloud Engineer,[],0
JOB08497,Financial Analyst,[],0
JOB08498,Python Developer,[],0
JOB08499,BI Analyst,[],0
JOB08500,Financial Analyst,[],0
JOB08501,Python Developer,[],0
JOB08502,Machine Learning Engineer,[],0
JOB08503,HR Analyst,[],0
JOB08504,Cloud Engineer,[],0
JOB08505,Product Analyst,[],0
JOB08506,Web Developer,[],0
JOB08507,DevOps Engineer,[],0
JOB08508,Machine Learning Engineer,[],0
JOB08509,Marketing Analyst,[],0
JOB08510,Software Engineer,[],0
JOB08511,Full Stack Developer,[],0
JOB08512,Data Scientist,[],0
JOB08513,Software Engineer,[],0
JOB08514,Data Scientist,[],0
JOB08515,Full Stack Developer,[],0
JOB08516,Software Engineer,[],0
JOB08517,Data Analyst,[],0
JOB08518,Software Engineer,[],0
JOB08519,Product Analyst,[],0
JOB08520,Business Analyst,[],0
JOB08521,BI Analyst,[],0
JOB08522,Python Developer,[],0
JOB08523,Data Scientist,[],0
JOB08524,Full Stack Developer,[],0
JOB08525,Power BI Developer,[],0
JOB08526,Database Administrator,[],0
JOB08527,BI Analyst,[],0
JOB08528,DevOps Engineer,[],0
JOB08529,HR Analyst,[],0
JOB08530,HR Analyst,[],0
JOB08531,Python Developer,[],0
JOB08532,HR Analyst,[],0
JOB08533,Data Engineer,[],0
JOB08534,Full Stack Developer,[],0
JOB08535,Business Analyst,[],0
JOB08536,Cloud Engineer,[],0
JOB08537,QA Engineer,[],0
JOB08538,Data Analyst,[],0
JOB08539,Marketing Analyst,[],0
JOB08540,BI Analyst,[],0
JOB08541,HR Analyst,[],0
JOB08542,Financial Analyst,[],0
JOB08543,Software Engineer,[],0
JOB08544,Python Developer,[],0
JOB08545,Marketing Analyst,[],0
JOB08546,Python Developer,[],0
JOB08547,HR Analyst,[],0
JOB08548,QA Engineer,[],0
JOB08549,Web Developer,[],0
JOB08550,HR Analyst,[],0
JOB08551,SQL Developer,[],0
JOB08552,HR Analyst,['HR Analytics'],1
JOB08553,BI Analyst,[],0
JOB08554,Financial Analyst,[],0
JOB08555,Software Engineer,[],0
JOB08556,Full Stack Developer,[],0
JOB08557,Machine Learning Engineer,[],0
JOB08558,DevOps Engineer,[],0
JOB08559,Machine Learning Engineer,[],0
JOB08560,Data Scientist,[],0
JOB08561,Python Developer,[],0
JOB08562,Python Developer,[],0
JOB08563,Machine Learning Engineer,[],0
JOB08564,Web Developer,[],0
JOB08565,Full Stack Developer,[],0
JOB08566,Web Developer,[],0
JOB08567,Database Administrator,[],0
JOB08568,Business Analyst,[],0
JOB08569,Cloud Engineer,[],0
JOB08570,Cloud Engineer,[],0
JOB08571,Data Analyst,[],0
JOB08572,Database Administrator,[],0
JOB08573,Web Developer,[],0
JOB08574,SQL Developer,[],0
JOB08575,Database Administrator,[],0
JOB08576,Machine Learning Engineer,[],0
JOB08577,SQL Developer,[],0
JOB08578,Web Developer,[],0
JOB08579,Data Analyst,[],0
JOB08580,Database Administrator,[],0
JOB08581,Financial Analyst,[],0
JOB08582,Data Engineer,[],0
JOB08583,QA Engineer,[],0
JOB08584,QA Engineer,[],0
JOB08585,Data Scientist,[],0
JOB08586,Cloud Engineer,[],0
JOB08587,Python Developer,[],0
JOB08588,Web Developer,[],0
JOB08589,Marketing Analyst,[],0
JOB08590,Database Administrator,[],0
JOB08591,Cloud Engineer,[],0
JOB08592,Financial Analyst,[],0
JOB08593,Financial Analyst,[],0
JOB08594,Business Analyst,[],0
JOB08595,Software Engineer,[],0
JOB08596,Product Analyst,[],0
JOB08597,Machine Learning Engineer,[],0
JOB08598,Data Engineer,[],0
JOB08599,Full Stack Developer,[],0
JOB08600,Machine Learning Engineer,[],0
JOB08601,Web Developer,[],0
JOB08602,Database Administrator,[],0
JOB08603,Machine Learning Engineer,[],0
JOB08604,Marketing Analyst,[],0
JOB08605,Power BI Developer,[],0
JOB08606,BI Analyst,[],0
JOB08607,Business Analyst,[],0
JOB08608,Python Developer,[],0
JOB08609,Web Developer,[],0
JOB08610,Data Engineer,[],0
JOB08611,Data Engineer,[],0
JOB08612,Business Analyst,[],0
JOB08613,QA Engineer,[],0
JOB08614,Data Scientist,[],0
JOB08615,Cloud Engineer,[],0
JOB08616,Marketing Analyst,[],0
JOB08617,DevOps Engineer,[],0
JOB08618,Full Stack Developer,[],0
JOB08619,Marketing Analyst,[],0
JOB08620,Marketing Analyst,[],0
JOB08621,Machine Learning Engineer,[],0
JOB08622,Power BI Developer,[],0
JOB08623,Machine Learning Engineer,[],0
JOB08624,BI Analyst,[],0
JOB08625,Machine Learning Engineer,[],0
JOB08626,DevOps Engineer,[],0
JOB08627,Data Scientist,[],0
JOB08628,HR Analyst,[],0
JOB08629,Cloud Engineer,[],0
JOB08630,DevOps Engineer,[],0
JOB08631,Software Engineer,[],0
JOB08632,Web Developer,[],0
JOB08633,Data Engineer,[],0
JOB08634,HR Analyst,[],0
JOB08635,Power BI Developer,[],0
JOB08636,Product Analyst,[],0
JOB08637,DevOps Engineer,[],0
JOB08638,Web Developer,[],0
JOB08639,Financial Analyst,[],0
JOB08640,Database Administrator,[],0
JOB08641,Machine Learning Engineer,[],0
JOB08642,Financial Analyst,[],0
JOB08643,DevOps Engineer,[],0
JOB08644,Cloud Engineer,[],0
JOB08645,Marketing Analyst,[],0
JOB08646,Product Analyst,[],0
JOB08647,DevOps Engineer,[],0
JOB08648,Power BI Developer,[],0
JOB08649,Data Analyst,[],0
JOB08650,HR Analyst,[],0
JOB08651,SQL Developer,[],0
JOB08652,HR Analyst,[],0
JOB08653,Data Engineer,[],0
JOB08654,Web Developer,[],0
JOB08655,SQL Developer,[],0
JOB08656,Python Developer,[],0
JOB08657,Product Analyst,[],0
JOB08658,Web Developer,[],0
JOB08659,Financial Analyst,[],0
JOB08660,QA Engineer,[],0
JOB08661,SQL Developer,[],0
JOB08662,Product Analyst,[],0
JOB08663,Data Scientist,[],0
JOB08664,QA Engineer,[],0
JOB08665,Data Engineer,[],0
JOB08666,SQL Developer,[],0
JOB08667,SQL Developer,[],0
JOB08668,Data Engineer,[],0
JOB08669,Product Analyst,[],0
JOB08670,Full Stack Developer,[],0
JOB08671,Data Scientist,[],0
JOB08672,Software Engineer,[],0
JOB08673,Python Developer,[],0
JOB08674,Marketing Analyst,[],0
JOB08675,Data Analyst,[],0
JOB08676,Database Administrator,[],0
JOB08677,Data Scientist,['Oracle'],1
JOB08678,Business Analyst,[],0
JOB08679,Full Stack Developer,[],0
JOB08680,Web Developer,[],0
JOB08681,Data Scientist,[],0
JOB08682,Database Administrator,[],0
JOB08683,Python Developer,[],0
JOB08684,HR Analyst,['HR Analytics'],1
JOB08685,Data Engineer,[],0
JOB08686,DevOps Engineer,[],0
JOB08687,Business Analyst,[],0
JOB08688,Marketing Analyst,[],0
JOB08689,Power BI Developer,['Power BI'],1
JOB08690,Database Administrator,[],0
JOB08691,Full Stack Developer,[],0
JOB08692,BI Analyst,[],0
JOB08693,Financial Analyst,[],0
JOB08694,SQL Developer,[],0
JOB08695,Power BI Developer,[],0
JOB08696,Web Developer,[],0
JOB08697,Business Analyst,[],0
JOB08698,SQL Developer,[],0
JOB08699,Python Developer,[],0
JOB08700,Marketing Analyst,[],0
JOB08701,Machine Learning Engineer,[],0
JOB08702,DevOps Engineer,[],0
JOB08703,Database Administrator,[],0
JOB08704,Web Developer,[],0
JOB08705,Database Administrator,[],0
JOB08706,Web Developer,[],0
JOB08707,Full Stack Developer,[],0
JOB08708,SQL Developer,[],0
JOB08709,BI Analyst,[],0
JOB08710,Data Analyst,[],0
JOB08711,HR Analyst,[],0
JOB08712,Power BI Developer,[],0
JOB08713,Cloud Engineer,[],0
JOB08714,Business Analyst,[],0
JOB08715,HR Analyst,['HR Analytics'],1
JOB08716,Machine Learning Engineer,[],0
JOB08717,Full Stack Developer,[],0
JOB08718,Web Developer,[],0
JOB08719,Financial Analyst,[],0
JOB08720,Cloud Engineer,[],0
JOB08721,Financial Analyst,[],0
JOB08722,Business Analyst,[],0
JOB08723,BI Analyst,[],0
JOB08724,BI Analyst,[],0
JOB08725,Data Engineer,[],0
JOB08726,Product Analyst,[],0
JOB08727,DevOps Engineer,[],0
JOB08728,Full Stack Developer,[],0
JOB08729,BI Analyst,[],0
JOB08730,Data Analyst,[],0
JOB08731,BI Analyst,[],0
JOB08732,DevOps Engineer,[],0
JOB08733,Cloud Engineer,[],0
JOB08734,Product Analyst,[],0
JOB08735,DevOps Engineer,[],0
JOB08736,Python Developer,[],0
JOB08737,DevOps Engineer,[],0
JOB08738,Database Administrator,[],0
JOB08739,Marketing Analyst,[],0
JOB08740,Data Scientist,[],0
JOB08741,Software Engineer,[],0
JOB08742,DevOps Engineer,[],0
JOB08743,Python Developer,[],0
JOB08744,Financial Analyst,[],0
JOB08745,DevOps Engineer,[],0
JOB08746,Full Stack Developer,[],0
JOB08747,Web Developer,[],0
JOB08748,Product Analyst,[],0
JOB08749,Marketing Analyst,[],0
JOB08750,QA Engineer,[],0
JOB08751,Product Analyst,[],0
JOB08752,Software Engineer,[],0
JOB08753,BI Analyst,[],0
JOB08754,Python Developer,[],0
JOB08755,Product Analyst,[],0
JOB08756,Machine Learning Engineer,[],0
JOB08757,Full Stack Developer,[],0
JOB08758,Cloud Engineer,[],0
JOB08759,Database Administrator,[],0
JOB08760,BI Analyst,[],0
JOB08761,Data Engineer,[],0
JOB08762,Python Developer,[],0
JOB08763,Business Analyst,[],0
JOB08764,Product Analyst,[],0
JOB08765,Power BI Developer,['Power BI'],1
JOB08766,DevOps Engineer,[],0
JOB08767,Software Engineer,[],0
JOB08768,Python Developer,[],0
JOB08769,QA Engineer,[],0
JOB08770,Full Stack Developer,[],0
JOB08771,Machine Learning Engineer,[],0
JOB08772,HR Analyst,[],0
JOB08773,Business Analyst,[],0
JOB08774,HR Analyst,[],0
JOB08775,BI Analyst,[],0
JOB08776,Python Developer,[],0
JOB08777,Power BI Developer,[],0
JOB08778,Software Engineer,[],0
JOB08779,Business Analyst,[],0
JOB08780,SQL Developer,[],0
JOB08781,SQL Developer,[],0
JOB08782,Marketing Analyst,[],0
JOB08783,QA Engineer,[],0
JOB08784,Business Analyst,[],0
JOB08785,Data Engineer,[],0
JOB08786,HR Analyst,[],0
JOB08787,Power BI Developer,[],0
JOB08788,QA Engineer,[],0
JOB08789,Financial Analyst,[],0
JOB08790,BI Analyst,[],0
JOB08791,BI Analyst,[],0
JOB08792,Marketing Analyst,[],0
JOB08793,HR Analyst,[],0
JOB08794,Full Stack Developer,[],0
JOB08795,BI Analyst,[],0
JOB08796,Python Developer,[],0
JOB08797,Python Developer,[],0
JOB08798,Database Administrator,[],0
JOB08799,Python Developer,[],0
JOB08800,SQL Developer,[],0
JOB08801,Python Developer,[],0
JOB08802,QA Engineer,[],0
JOB08803,SQL Developer,[],0
JOB08804,Data Analyst,[],0
JOB08805,Data Engineer,[],0
JOB08806,HR Analyst,[],0
JOB08807,Data Engineer,[],0
JOB08808,Business Analyst,[],0
JOB08809,Power BI Developer,[],0
JOB08810,Data Engineer,[],0
JOB08811,Database Administrator,[],0
JOB08812,Cloud Engineer,[],0
JOB08813,Python Developer,[],0
JOB08814,SQL Developer,[],0
JOB08815,Database Administrator,[],0
JOB08816,Data Engineer,[],0
JOB08817,Data Engineer,[],0
JOB08818,Software Engineer,[],0
JOB08819,Data Analyst,[],0
JOB08820,Marketing Analyst,[],0
JOB08821,Data Engineer,[],0
JOB08822,Data Scientist,[],0
JOB08823,Machine Learning Engineer,[],0
JOB08824,Power BI Developer,[],0
JOB08825,SQL Developer,[],0
JOB08826,Database Administrator,[],0
JOB08827,Marketing Analyst,[],0
JOB08828,Business Analyst,[],0
JOB08829,Marketing Analyst,[],0
JOB08830,Python Developer,[],0
JOB08831,Cloud Engineer,[],0
JOB08832,BI Analyst,[],0
JOB08833,Product Analyst,[],0
JOB08834,Data Scientist,[],0
JOB08835,Database Administrator,['Oracle'],1
JOB08836,Machine Learning Engineer,[],0
JOB08837,Python Developer,[],0
JOB08838,Cloud Engineer,[],0
JOB08839,Web Developer,[],0
JOB08840,Power BI Developer,[],0
JOB08841,Cloud Engineer,[],0
JOB08842,Web Developer,[],0
JOB08843,Database Administrator,[],0
JOB08844,Business Analyst,[],0
JOB08845,Data Analyst,[],0
JOB08846,Data Analyst,[],0
JOB08847,Software Engineer,[],0
JOB08848,QA Engineer,[],0
JOB08849,Product Analyst,[],0
JOB08850,Machine Learning Engineer,[],0
JOB08851,SQL Developer,[],0
JOB08852,Machine Learning Engineer,[],0
JOB08853,Machine Learning Engineer,[],0
JOB08854,Machine Learning Engineer,[],0
JOB08855,Machine Learning Engineer,[],0
JOB08856,Product Analyst,[],0
JOB08857,Python Developer,[],0
JOB08858,DevOps Engineer,[],0
JOB08859,Full Stack Developer,[],0
JOB08860,QA Engineer,[],0
JOB08861,Cloud Engineer,[],0
JOB08862,QA Engineer,[],0
JOB08863,Machine Learning Engineer,[],0
JOB08864,Financial Analyst,[],0
JOB08865,Data Analyst,[],0
JOB08866,HR Analyst,['HR Analytics'],1
JOB08867,BI Analyst,[],0
JOB08868,QA Engineer,[],0
JOB08869,Software Engineer,[],0
JOB08870,DevOps Engineer,[],0
JOB08871,Machine Learning Engineer,[],0
JOB08872,DevOps Engineer,[],0
JOB08873,Data Engineer,[],0
JOB08874,Machine Learning Engineer,[],0
JOB08875,Full Stack Developer,[],0
JOB08876,SQL Developer,[],0
JOB08877,DevOps Engineer,[],0
JOB08878,HR Analyst,['HR Analytics'],1
JOB08879,SQL Developer,[],0
JOB08880,Python Developer,[],0
JOB08881,Product Analyst,[],0
JOB08882,Power BI Developer,[],0
JOB08883,SQL Developer,[],0
JOB08884,SQL Developer,[],0
JOB08885,Business Analyst,[],0
JOB08886,Business Analyst,[],0
JOB08887,HR Analyst,[],0
JOB08888,Cloud Engineer,[],0
JOB08889,Cloud Engineer,[],0
JOB08890,HR Analyst,[],0
JOB08891,QA Engineer,[],0
JOB08892,Software Engineer,[],0
JOB08893,Power BI Developer,[],0
JOB08894,BI Analyst,[],0
JOB08895,Marketing Analyst,[],0
JOB08896,Web Developer,[],0
JOB08897,Python Developer,[],0
JOB08898,Cloud Engineer,[],0
JOB08899,Software Engineer,[],0
JOB08900,Software Engineer,[],0
JOB08901,Web Developer,[],0
JOB08902,Power BI Developer,['Power BI'],1
JOB08903,Full Stack Developer,[],0
JOB08904,Power BI Developer,['Power BI'],1
JOB08905,Python Developer,[],0
JOB08906,Data Scientist,[],0
JOB08907,Machine Learning Engineer,[],0
JOB08908,Cloud Engineer,[],0
JOB08909,Marketing Analyst,[],0
JOB08910,Python Developer,[],0
JOB08911,Product Analyst,[],0
JOB08912,Marketing Analyst,[],0
JOB08913,HR Analyst,[],0
JOB08914,Database Administrator,[],0
JOB08915,BI Analyst,[],0
JOB08916,DevOps Engineer,[],0
JOB08917,Software Engineer,[],0
JOB08918,Software Engineer,[],0
JOB08919,SQL Developer,['Oracle'],1
JOB08920,SQL Developer,[],0
JOB08921,DevOps Engineer,[],0
JOB08922,Full Stack Developer,[],0
JOB08923,Cloud Engineer,[],0
JOB08924,Power BI Developer,[],0
JOB08925,QA Engineer,[],0
JOB08926,Python Developer,[],0
JOB08927,Data Engineer,[],0
JOB08928,Marketing Analyst,[],0
JOB08929,QA Engineer,[],0
JOB08930,Product Analyst,[],0
JOB08931,Product Analyst,[],0
JOB08932,DevOps Engineer,[],0
JOB08933,Software Engineer,[],0
JOB08934,Data Engineer,[],0
JOB08935,Data Engineer,[],0
JOB08936,Marketing Analyst,[],0
JOB08937,Financial Analyst,[],0
JOB08938,Web Developer,[],0
JOB08939,Full Stack Developer,[],0
JOB08940,QA Engineer,[],0
JOB08941,Software Engineer,[],0
JOB08942,SQL Developer,[],0
JOB08943,Power BI Developer,[],0
JOB08944,BI Analyst,[],0
JOB08945,HR Analyst,[],0
JOB08946,BI Analyst,[],0
JOB08947,Python Developer,[],0
JOB08948,Full Stack Developer,[],0
JOB08949,Power BI Developer,['Power BI'],1
JOB08950,Financial Analyst,[],0
JOB08951,BI Analyst,[],0
JOB08952,Cloud Engineer,[],0
JOB08953,Power BI Developer,[],0
JOB08954,HR Analyst,[],0
JOB08955,SQL Developer,['Oracle'],1
JOB08956,DevOps Engineer,[],0
JOB08957,Business Analyst,[],0
JOB08958,HR Analyst,[],0
JOB08959,HR Analyst,[],0
JOB08960,BI Analyst,[],0
JOB08961,Machine Learning Engineer,[],0
JOB08962,Product Analyst,[],0
JOB08963,BI Analyst,[],0
JOB08964,Software Engineer,[],0
JOB08965,BI Analyst,[],0
JOB08966,DevOps Engineer,[],0
JOB08967,Software Engineer,[],0
JOB08968,Financial Analyst,[],0
JOB08969,Product Analyst,[],0
JOB08970,Data Scientist,[],0
JOB08971,Power BI Developer,[],0
JOB08972,Machine Learning Engineer,[],0
JOB08973,Data Engineer,[],0
JOB08974,Software Engineer,[],0
JOB08975,Web Developer,[],0
JOB08976,Cloud Engineer,[],0
JOB08977,DevOps Engineer,[],0
JOB08978,DevOps Engineer,[],0
JOB08979,Data Engineer,[],0
JOB08980,Python Developer,[],0
JOB08981,QA Engineer,[],0
JOB08982,Machine Learning Engineer,[],0
JOB08983,Software Engineer,[],0
JOB08984,Data Scientist,[],0
JOB08985,Full Stack Developer,[],0
JOB08986,Python Developer,[],0
JOB08987,Software Engineer,[],0
JOB08988,Financial Analyst,[],0
JOB08989,Data Engineer,[],0
JOB08990,Marketing Analyst,[],0
JOB08991,Marketing Analyst,[],0
JOB08992,Python Developer,[],0
JOB08993,Data Analyst,[],0
JOB08994,Software Engineer,[],0
JOB08995,Product Analyst,[],0
JOB08996,QA Engineer,[],0
JOB08997,Python Developer,[],0
JOB08998,Marketing Analyst,[],0
JOB08999,Machine Learning Engineer,[],0
JOB09000,Database Administrator,[],0
JOB09001,Software Engineer,[],0
JOB09002,Data Engineer,[],0
JOB09003,Data Analyst,[],0
JOB09004,Cloud Engineer,[],0
JOB09005,Software Engineer,[],0
JOB09006,Data Scientist,[],0
JOB09007,Business Analyst,[],0
JOB09008,Python Developer,[],0
JOB09009,Python Developer,[],0
JOB09010,Machine Learning Engineer,[],0
JOB09011,Data Scientist,[],0
JOB09012,Financial Analyst,[],0
JOB09013,Python Developer,[],0
JOB09014,DevOps Engineer,[],0
JOB09015,Marketing Analyst,[],0
JOB09016,HR Analyst,[],0
JOB09017,Full Stack Developer,[],0
JOB09018,SQL Developer,[],0
JOB09019,Cloud Engineer,[],0
JOB09020,Cloud Engineer,[],0
JOB09021,Python Developer,[],0
JOB09022,Data Analyst,[],0
JOB09023,Data Analyst,[],0
JOB09024,Database Administrator,[],0
JOB09025,Data Analyst,[],0
JOB09026,Financial Analyst,[],0
JOB09027,Data Engineer,[],0
JOB09028,Marketing Analyst,[],0
JOB09029,Machine Learning Engineer,[],0
JOB09030,QA Engineer,[],0
JOB09031,Data Scientist,[],0
JOB09032,Cloud Engineer,[],0
JOB09033,Web Developer,[],0
JOB09034,Cloud Engineer,[],0
JOB09035,Data Engineer,[],0
JOB09036,Financial Analyst,[],0
JOB09037,Database Administrator,[],0
JOB09038,SQL Developer,[],0
JOB09039,SQL Developer,[],0
JOB09040,Software Engineer,[],0
JOB09041,Machine Learning Engineer,[],0
JOB09042,Financial Analyst,['Oracle'],1
JOB09043,Machine Learning Engineer,[],0
JOB09044,Machine Learning Engineer,[],0
JOB09045,BI Analyst,[],0
JOB09046,Data Analyst,[],0
JOB09047,Cloud Engineer,[],0
JOB09048,SQL Developer,[],0
JOB09049,Data Scientist,[],0
JOB09050,QA Engineer,[],0
JOB09051,Data Analyst,[],0
JOB09052,Product Analyst,[],0
JOB09053,Data Scientist,[],0
JOB09054,Business Analyst,[],0
JOB09055,Marketing Analyst,[],0
JOB09056,BI Analyst,[],0
JOB09057,DevOps Engineer,[],0
JOB09058,BI Analyst,[],0
JOB09059,Python Developer,[],0
JOB09060,Machine Learning Engineer,[],0
JOB09061,Database Administrator,[],0
JOB09062,BI Analyst,[],0
JOB09063,Database Administrator,[],0
JOB09064,HR Analyst,[],0
JOB09065,SQL Developer,[],0
JOB09066,Full Stack Developer,[],0
JOB09067,Web Developer,[],0
JOB09068,Machine Learning Engineer,[],0
JOB09069,BI Analyst,[],0
JOB09070,QA Engineer,[],0
JOB09071,Software Engineer,[],0
JOB09072,Machine Learning Engineer,[],0
JOB09073,HR Analyst,['HR Analytics'],1
JOB09074,Financial Analyst,[],0
JOB09075,Web Developer,[],0
JOB09076,Software Engineer,[],0
JOB09077,Power BI Developer,[],0
JOB09078,QA Engineer,[],0
JOB09079,BI Analyst,[],0
JOB09080,Full Stack Developer,[],0
JOB09081,Data Analyst,[],0
JOB09082,Full Stack Developer,[],0
JOB09083,BI Analyst,[],0
JOB09084,Business Analyst,[],0
JOB09085,DevOps Engineer,[],0
JOB09086,Python Developer,[],0
JOB09087,Machine Learning Engineer,[],0
JOB09088,Python Developer,[],0
JOB09089,HR Analyst,['HR Analytics'],1
JOB09090,Web Developer,[],0
JOB09091,Financial Analyst,[],0
JOB09092,HR Analyst,[],0
JOB09093,Python Developer,[],0
JOB09094,Machine Learning Engineer,[],0
JOB09095,DevOps Engineer,[],0
JOB09096,Product Analyst,[],0
JOB09097,Machine Learning Engineer,[],0
JOB09098,QA Engineer,[],0
JOB09099,Machine Learning Engineer,[],0
JOB09100,QA Engineer,[],0
JOB09101,Database Administrator,[],0
JOB09102,Business Analyst,[],0
JOB09103,Power BI Developer,[],0
JOB09104,Cloud Engineer,[],0
JOB09105,Financial Analyst,[],0
JOB09106,SQL Developer,[],0
JOB09107,Software Engineer,[],0
JOB09108,DevOps Engineer,[],0
JOB09109,Data Analyst,[],0
JOB09110,Data Engineer,[],0
JOB09111,SQL Developer,[],0
JOB09112,SQL Developer,[],0
JOB09113,Data Scientist,[],0
JOB09114,Machine Learning Engineer,[],0
JOB09115,Business Analyst,[],0
JOB09116,Product Analyst,[],0
JOB09117,Marketing Analyst,[],0
JOB09118,Business Analyst,[],0
JOB09119,Financial Analyst,[],0
JOB09120,Business Analyst,[],0
JOB09121,Full Stack Developer,[],0
JOB09122,Marketing Analyst,[],0
JOB09123,BI Analyst,[],0
JOB09124,Marketing Analyst,[],0
JOB09125,Python Developer,[],0
JOB09126,Power BI Developer,[],0
JOB09127,Marketing Analyst,[],0
JOB09128,Machine Learning Engineer,[],0
JOB09129,Python Developer,[],0
JOB09130,Data Engineer,[],0
JOB09131,Marketing Analyst,[],0
JOB09132,SQL Developer,[],0
JOB09133,Power BI Developer,[],0
JOB09134,Data Scientist,[],0
JOB09135,HR Analyst,[],0
JOB09136,Financial Analyst,[],0
JOB09137,Data Analyst,[],0
JOB09138,Data Scientist,[],0
JOB09139,Software Engineer,[],0
JOB09140,DevOps Engineer,[],0
JOB09141,Python Developer,[],0
JOB09142,Data Scientist,[],0
JOB09143,SQL Developer,[],0
JOB09144,Marketing Analyst,[],0
JOB09145,Power BI Developer,[],0
JOB09146,Data Scientist,[],0
JOB09147,SQL Developer,[],0
JOB09148,Cloud Engineer,[],0
JOB09149,Financial Analyst,[],0
JOB09150,DevOps Engineer,[],0
JOB09151,Financial Analyst,[],0
JOB09152,Data Scientist,[],0
JOB09153,Marketing Analyst,[],0
JOB09154,Data Engineer,[],0
JOB09155,Web Developer,[],0
JOB09156,Python Developer,[],0
JOB09157,Data Analyst,[],0
JOB09158,SQL Developer,[],0
JOB09159,Marketing Analyst,[],0
JOB09160,BI Analyst,[],0
JOB09161,HR Analyst,[],0
JOB09162,Cloud Engineer,[],0
JOB09163,BI Analyst,[],0
JOB09164,HR Analyst,[],0
JOB09165,SQL Developer,[],0
JOB09166,Python Developer,[],0
JOB09167,Machine Learning Engineer,[],0
JOB09168,Machine Learning Engineer,[],0
JOB09169,Marketing Analyst,[],0
JOB09170,Python Developer,[],0
JOB09171,Full Stack Developer,[],0
JOB09172,Web Developer,[],0
JOB09173,Marketing Analyst,[],0
JOB09174,Data Scientist,[],0
JOB09175,Data Engineer,[],0
JOB09176,Product Analyst,[],0
JOB09177,HR Analyst,[],0
JOB09178,BI Analyst,[],0
JOB09179,Product Analyst,[],0
JOB09180,Product Analyst,[],0
JOB09181,Machine Learning Engineer,[],0
JOB09182,Machine Learning Engineer,[],0
JOB09183,Machine Learning Engineer,[],0
JOB09184,Full Stack Developer,[],0
JOB09185,Full Stack Developer,[],0
JOB09186,BI Analyst,[],0
JOB09187,Python Developer,[],0
JOB09188,Product Analyst,[],0
JOB09189,Cloud Engineer,[],0
JOB09190,Software Engineer,[],0
JOB09191,Data Engineer,[],0
JOB09192,HR Analyst,[],0
JOB09193,BI Analyst,[],0
JOB09194,SQL Developer,[],0
JOB09195,BI Analyst,[],0
JOB09196,Product Analyst,[],0
JOB09197,Cloud Engineer,[],0
JOB09198,Software Engineer,[],0
JOB09199,HR Analyst,[],0
JOB09200,Data Analyst,[],0
JOB09201,QA Engineer,[],0
JOB09202,Database Administrator,[],0
JOB09203,Web Developer,[],0
JOB09204,Data Analyst,[],0
JOB09205,QA Engineer,[],0
JOB09206,Data Analyst,[],0
JOB09207,Web Developer,[],0
JOB09208,Business Analyst,[],0
JOB09209,Financial Analyst,[],0
JOB09210,Product Analyst,[],0
JOB09211,Cloud Engineer,[],0
JOB09212,Cloud Engineer,[],0
JOB09213,HR Analyst,[],0
JOB09214,Product Analyst,[],0
JOB09215,Software Engineer,[],0
JOB09216,Machine Learning Engineer,[],0
JOB09217,Machine Learning Engineer,[],0
JOB09218,Data Analyst,[],0
JOB09219,Data Scientist,[],0
JOB09220,Python Developer,[],0
JOB09221,QA Engineer,[],0
JOB09222,DevOps Engineer,[],0
JOB09223,QA Engineer,[],0
JOB09224,HR Analyst,[],0
JOB09225,Business Analyst,[],0
JOB09226,Data Analyst,[],0
JOB09227,QA Engineer,[],0
JOB09228,Software Engineer,[],0
JOB09229,HR Analyst,['HR Analytics'],1
JOB09230,DevOps Engineer,[],0
JOB09231,Marketing Analyst,[],0
JOB09232,Web Developer,[],0
JOB09233,QA Engineer,[],0
JOB09234,DevOps Engineer,[],0
JOB09235,Machine Learning Engineer,[],0
JOB09236,Data Engineer,[],0
JOB09237,Data Scientist,[],0
JOB09238,Financial Analyst,[],0
JOB09239,Full Stack Developer,[],0
JOB09240,Power BI Developer,[],0
JOB09241,Web Developer,[],0
JOB09242,Data Analyst,[],0
JOB09243,Cloud Engineer,[],0
JOB09244,Software Engineer,[],0
JOB09245,QA Engineer,[],0
JOB09246,Marketing Analyst,[],0
JOB09247,Data Scientist,[],0
JOB09248,Product Analyst,[],0
JOB09249,QA Engineer,[],0
JOB09250,Data Analyst,[],0
JOB09251,Business Analyst,[],0
JOB09252,Cloud Engineer,[],0
JOB09253,Business Analyst,[],0
JOB09254,Software Engineer,[],0
JOB09255,QA Engineer,[],0
JOB09256,Power BI Developer,[],0
JOB09257,Machine Learning Engineer,[],0
JOB09258,Web Developer,[],0
JOB09259,DevOps Engineer,[],0
JOB09260,Data Scientist,[],0
JOB09261,DevOps Engineer,[],0
JOB09262,Financial Analyst,[],0
JOB09263,Product Analyst,[],0
JOB09264,HR Analyst,[],0
JOB09265,SQL Developer,[],0
JOB09266,Power BI Developer,['Power BI'],1
JOB09267,Python Developer,[],0
JOB09268,Power BI Developer,[],0
JOB09269,Data Analyst,[],0
JOB09270,BI Analyst,[],0
JOB09271,DevOps Engineer,[],0
JOB09272,SQL Developer,[],0
JOB09273,Machine Learning Engineer,[],0
JOB09274,Product Analyst,[],0
JOB09275,Product Analyst,[],0
JOB09276,Full Stack Developer,[],0
JOB09277,Full Stack Developer,[],0
JOB09278,Power BI Developer,[],0
JOB09279,SQL Developer,[],0
JOB09280,Web Developer,[],0
JOB09281,Data Analyst,[],0
JOB09282,BI Analyst,[],0
JOB09283,Python Developer,[],0
JOB09284,BI Analyst,[],0
JOB09285,Python Developer,[],0
JOB09286,Data Analyst,[],0
JOB09287,Financial Analyst,[],0
JOB09288,Software Engineer,[],0
JOB09289,SQL Developer,[],0
JOB09290,Software Engineer,[],0
JOB09291,Full Stack Developer,[],0
JOB09292,Cloud Engineer,[],0
JOB09293,Marketing Analyst,[],0
JOB09294,Marketing Analyst,[],0
JOB09295,DevOps Engineer,[],0
JOB09296,Full Stack Developer,[],0
JOB09297,Power BI Developer,[],0
JOB09298,Machine Learning Engineer,[],0
JOB09299,Cloud Engineer,[],0
JOB09300,QA Engineer,[],0
JOB09301,Marketing Analyst,[],0
JOB09302,Marketing Analyst,[],0
JOB09303,Machine Learning Engineer,[],0
JOB09304,Data Engineer,[],0
JOB09305,DevOps Engineer,[],0
JOB09306,BI Analyst,[],0
JOB09307,Data Analyst,[],0
JOB09308,Full Stack Developer,[],0
JOB09309,Cloud Engineer,[],0
JOB09310,Python Developer,[],0
JOB09311,BI Analyst,[],0
JOB09312,Financial Analyst,[],0
JOB09313,Database Administrator,[],0
JOB09314,Python Developer,[],0
JOB09315,Web Developer,[],0
JOB09316,SQL Developer,[],0
JOB09317,Full Stack Developer,[],0
JOB09318,Machine Learning Engineer,[],0
JOB09319,Financial Analyst,[],0
JOB09320,DevOps Engineer,[],0
JOB09321,Power BI Developer,[],0
JOB09322,Marketing Analyst,[],0
JOB09323,Data Analyst,[],0
JOB09324,Python Developer,[],0
JOB09325,HR Analyst,[],0
JOB09326,DevOps Engineer,[],0
JOB09327,Data Analyst,[],0
JOB09328,QA Engineer,[],0
JOB09329,Business Analyst,[],0
JOB09330,Python Developer,[],0
JOB09331,Database Administrator,[],0
JOB09332,Product Analyst,[],0
JOB09333,Data Analyst,[],0
JOB09334,Data Scientist,[],0
JOB09335,Software Engineer,[],0
JOB09336,Data Scientist,[],0
JOB09337,Power BI Developer,[],0
JOB09338,DevOps Engineer,[],0
JOB09339,Data Analyst,[],0
JOB09340,Full Stack Developer,[],0
JOB09341,Machine Learning Engineer,[],0
JOB09342,BI Analyst,[],0
JOB09343,Cloud Engineer,[],0
JOB09344,Power BI Developer,['Power BI'],1
JOB09345,Product Analyst,[],0
JOB09346,Data Engineer,[],0
JOB09347,Full Stack Developer,[],0
JOB09348,Database Administrator,[],0
JOB09349,Cloud Engineer,[],0
JOB09350,Database Administrator,[],0
JOB09351,Python Developer,[],0
JOB09352,Database Administrator,[],0
JOB09353,Data Scientist,[],0
JOB09354,Product Analyst,[],0
JOB09355,Machine Learning Engineer,[],0
JOB09356,Cloud Engineer,[],0
JOB09357,Financial Analyst,[],0
JOB09358,Data Analyst,[],0
JOB09359,Marketing Analyst,[],0
JOB09360,Data Engineer,[],0
JOB09361,Data Engineer,[],0
JOB09362,Python Developer,[],0
JOB09363,Data Scientist,[],0
JOB09364,Business Analyst,['Oracle'],1
JOB09365,QA Engineer,[],0
JOB09366,Web Developer,[],0
JOB09367,HR Analyst,[],0
JOB09368,Machine Learning Engineer,[],0
JOB09369,Business Analyst,[],0
JOB09370,QA Engineer,[],0
JOB09371,Machine Learning Engineer,[],0
JOB09372,Database Administrator,[],0
JOB09373,Web Developer,[],0
JOB09374,Software Engineer,[],0
JOB09375,Financial Analyst,[],0
JOB09376,Software Engineer,[],0
JOB09377,Machine Learning Engineer,[],0
JOB09378,Marketing Analyst,[],0
JOB09379,Cloud Engineer,[],0
JOB09380,Data Analyst,[],0
JOB09381,Software Engineer,[],0
JOB09382,Cloud Engineer,[],0
JOB09383,Product Analyst,[],0
JOB09384,Data Engineer,[],0
JOB09385,SQL Developer,[],0
JOB09386,Business Analyst,[],0
JOB09387,Cloud Engineer,[],0
JOB09388,Data Analyst,[],0
JOB09389,Software Engineer,[],0
JOB09390,HR Analyst,[],0
JOB09391,Data Analyst,[],0
JOB09392,Full Stack Developer,[],0
JOB09393,Marketing Analyst,[],0
JOB09394,Business Analyst,[],0
JOB09395,DevOps Engineer,[],0
JOB09396,Machine Learning Engineer,[],0
JOB09397,Data Scientist,['Oracle'],1
JOB09398,Marketing Analyst,[],0
JOB09399,Cloud Engineer,[],0
JOB09400,Web Developer,[],0
JOB09401,SQL Developer,[],0
JOB09402,Web Developer,[],0
JOB09403,Database Administrator,[],0
JOB09404,Product Analyst,[],0
JOB09405,Data Analyst,[],0
JOB09406,Business Analyst,[],0
JOB09407,Power BI Developer,[],0
JOB09408,Database Administrator,[],0
JOB09409,Data Scientist,[],0
JOB09410,HR Analyst,[],0
JOB09411,Data Scientist,[],0
JOB09412,Data Scientist,[],0
JOB09413,SQL Developer,[],0
JOB09414,Business Analyst,[],0
JOB09415,HR Analyst,[],0
JOB09416,Machine Learning Engineer,[],0
JOB09417,Financial Analyst,[],0
JOB09418,SQL Developer,['Oracle'],1
JOB09419,SQL Developer,[],0
JOB09420,BI Analyst,[],0
JOB09421,Software Engineer,[],0
JOB09422,Power BI Developer,[],0
JOB09423,SQL Developer,[],0
JOB09424,Web Developer,[],0
JOB09425,SQL Developer,[],0
JOB09426,SQL Developer,[],0
JOB09427,Data Scientist,[],0
JOB09428,Marketing Analyst,[],0
JOB09429,Full Stack Developer,[],0
JOB09430,Data Analyst,[],0
JOB09431,Product Analyst,[],0
JOB09432,Python Developer,[],0
JOB09433,Financial Analyst,[],0
JOB09434,QA Engineer,[],0
JOB09435,Python Developer,[],0
JOB09436,Data Analyst,[],0
JOB09437,Financial Analyst,[],0
JOB09438,Data Scientist,[],0
JOB09439,Full Stack Developer,[],0
JOB09440,Data Engineer,[],0
JOB09441,Product Analyst,[],0
JOB09442,HR Analyst,[],0
JOB09443,SQL Developer,[],0
JOB09444,BI Analyst,[],0
JOB09445,Power BI Developer,['Power BI'],1
JOB09446,Financial Analyst,[],0
JOB09447,Cloud Engineer,[],0
JOB09448,QA Engineer,[],0
JOB09449,Python Developer,[],0
JOB09450,Data Engineer,[],0
JOB09451,Data Scientist,[],0
JOB09452,HR Analyst,['HR Analytics'],1
JOB09453,Business Analyst,[],0
JOB09454,BI Analyst,[],0
JOB09455,HR Analyst,[],0
JOB09456,Business Analyst,[],0
JOB09457,SQL Developer,[],0
JOB09458,Financial Analyst,[],0
JOB09459,Web Developer,[],0
JOB09460,Machine Learning Engineer,[],0
JOB09461,Python Developer,[],0
JOB09462,Financial Analyst,[],0
JOB09463,BI Analyst,[],0
JOB09464,Power BI Developer,[],0
JOB09465,Business Analyst,[],0
JOB09466,HR Analyst,[],0
JOB09467,BI Analyst,[],0
JOB09468,Product Analyst,[],0
JOB09469,Cloud Engineer,[],0
JOB09470,HR Analyst,[],0
JOB09471,Financial Analyst,[],0
JOB09472,DevOps Engineer,[],0
JOB09473,Machine Learning Engineer,[],0
JOB09474,SQL Developer,[],0
JOB09475,Database Administrator,[],0
JOB09476,HR Analyst,[],0
JOB09477,Data Scientist,[],0
JOB09478,QA Engineer,[],0
JOB09479,Database Administrator,[],0
JOB09480,Software Engineer,[],0
JOB09481,HR Analyst,['HR Analytics'],1
JOB09482,Power BI Developer,[],0
JOB09483,Power BI Developer,[],0
JOB09484,Product Analyst,[],0
JOB09485,Web Developer,[],0
JOB09486,Cloud Engineer,[],0
JOB09487,Power BI Developer,[],0
JOB09488,Data Engineer,[],0
JOB09489,DevOps Engineer,[],0
JOB09490,BI Analyst,[],0
JOB09491,Data Analyst,[],0
JOB09492,Web Developer,[],0
JOB09493,SQL Developer,[],0
JOB09494,Python Developer,[],0
JOB09495,Full Stack Developer,[],0
JOB09496,Database Administrator,[],0
JOB09497,Database Administrator,[],0
JOB09498,Data Analyst,[],0
JOB09499,Web Developer,[],0
JOB09500,Business Analyst,[],0
JOB09501,QA Engineer,[],0
JOB09502,QA Engineer,[],0
JOB09503,DevOps Engineer,[],0
JOB09504,Machine Learning Engineer,[],0
JOB09505,Machine Learning Engineer,[],0
JOB09506,Machine Learning Engineer,[],0
JOB09507,DevOps Engineer,[],0
JOB09508,Data Analyst,[],0
JOB09509,SQL Developer,[],0
JOB09510,DevOps Engineer,[],0
JOB09511,Machine Learning Engineer,[],0
JOB09512,Data Scientist,[],0
JOB09513,Data Scientist,[],0
JOB09514,Product Analyst,[],0
JOB09515,Machine Learning Engineer,[],0
JOB09516,Full Stack Developer,[],0
JOB09517,Machine Learning Engineer,[],0
JOB09518,Machine Learning Engineer,[],0
JOB09519,Machine Learning Engineer,[],0
JOB09520,Cloud Engineer,[],0
JOB09521,Full Stack Developer,[],0
JOB09522,BI Analyst,[],0
JOB09523,Software Engineer,[],0
JOB09524,Full Stack Developer,[],0
JOB09525,Full Stack Developer,[],0
JOB09526,Data Analyst,[],0
JOB09527,Python Developer,[],0
JOB09528,Data Analyst,[],0
JOB09529,Machine Learning Engineer,[],0
JOB09530,Product Analyst,[],0
JOB09531,Data Scientist,[],0
JOB09532,Machine Learning Engineer,[],0
JOB09533,Product Analyst,[],0
JOB09534,DevOps Engineer,[],0
JOB09535,Product Analyst,[],0
JOB09536,DevOps Engineer,[],0
JOB09537,QA Engineer,[],0
JOB09538,Web Developer,[],0
JOB09539,Full Stack Developer,[],0
JOB09540,Business Analyst,[],0
JOB09541,Business Analyst,[],0
JOB09542,Cloud Engineer,[],0
JOB09543,Data Scientist,[],0
JOB09544,Full Stack Developer,[],0
JOB09545,Data Analyst,[],0
JOB09546,Python Developer,[],0
JOB09547,QA Engineer,[],0
JOB09548,Software Engineer,[],0
JOB09549,HR Analyst,[],0
JOB09550,Full Stack Developer,[],0
JOB09551,DevOps Engineer,[],0
JOB09552,Data Analyst,[],0
JOB09553,Machine Learning Engineer,[],0
JOB09554,Web Developer,[],0
JOB09555,Web Developer,[],0
JOB09556,SQL Developer,[],0
JOB09557,DevOps Engineer,[],0
JOB09558,Data Scientist,[],0
JOB09559,Full Stack Developer,[],0
JOB09560,Financial Analyst,[],0
JOB09561,BI Analyst,[],0
JOB09562,Data Analyst,[],0
JOB09563,Machine Learning Engineer,[],0
JOB09564,HR Analyst,[],0
JOB09565,Software Engineer,[],0
JOB09566,Marketing Analyst,[],0
JOB09567,Financial Analyst,[],0
JOB09568,Data Scientist,[],0
JOB09569,Machine Learning Engineer,[],0
JOB09570,BI Analyst,[],0
JOB09571,Data Engineer,[],0
JOB09572,Machine Learning Engineer,[],0
JOB09573,Power BI Developer,[],0
JOB09574,Data Analyst,[],0
JOB09575,Product Analyst,[],0
JOB09576,Data Scientist,[],0
JOB09577,HR Analyst,[],0
JOB09578,Financial Analyst,[],0
JOB09579,HR Analyst,['HR Analytics'],1
JOB09580,Financial Analyst,[],0
JOB09581,Machine Learning Engineer,[],0
JOB09582,Python Developer,[],0
JOB09583,Cloud Engineer,[],0
JOB09584,Data Analyst,[],0
JOB09585,Product Analyst,[],0
JOB09586,Web Developer,[],0
JOB09587,Data Analyst,[],0
JOB09588,Data Scientist,[],0
JOB09589,QA Engineer,[],0
JOB09590,Data Scientist,[],0
JOB09591,SQL Developer,[],0
JOB09592,Machine Learning Engineer,[],0
JOB09593,Power BI Developer,[],0
JOB09594,Data Scientist,[],0
JOB09595,Cloud Engineer,[],0
JOB09596,Python Developer,[],0
JOB09597,Product Analyst,[],0
JOB09598,Cloud Engineer,[],0
JOB09599,SQL Developer,[],0
JOB09600,Data Scientist,[],0
JOB09601,DevOps Engineer,[],0
JOB09602,Business Analyst,[],0
JOB09603,HR Analyst,[],0
JOB09604,SQL Developer,[],0
JOB09605,Power BI Developer,[],0
JOB09606,Machine Learning Engineer,[],0
JOB09607,Machine Learning Engineer,[],0
JOB09608,Power BI Developer,[],0
JOB09609,HR Analyst,[],0
JOB09610,Full Stack Developer,[],0
JOB09611,Marketing Analyst,[],0
JOB09612,Business Analyst,[],0
JOB09613,Web Developer,[],0
JOB09614,Financial Analyst,[],0
JOB09615,HR Analyst,[],0
JOB09616,Cloud Engineer,[],0
JOB09617,BI Analyst,[],0
JOB09618,Data Analyst,[],0
JOB09619,Python Developer,[],0
JOB09620,Marketing Analyst,[],0
JOB09621,SQL Developer,[],0
JOB09622,Power BI Developer,['Power BI'],1
JOB09623,DevOps Engineer,[],0
JOB09624,Marketing Analyst,[],0
JOB09625,DevOps Engineer,[],0
JOB09626,Web Developer,[],0
JOB09627,Power BI Developer,['Power BI'],1
JOB09628,SQL Developer,['Oracle'],1
JOB09629,Data Engineer,[],0
JOB09630,BI Analyst,[],0
JOB09631,Python Developer,[],0
JOB09632,Python Developer,[],0
JOB09633,BI Analyst,[],0
JOB09634,Data Analyst,[],0
JOB09635,BI Analyst,[],0
JOB09636,Data Engineer,[],0
JOB09637,Full Stack Developer,[],0
JOB09638,SQL Developer,[],0
JOB09639,Web Developer,[],0
JOB09640,Cloud Engineer,[],0
JOB09641,Cloud Engineer,[],0
JOB09642,Cloud Engineer,[],0
JOB09643,Cloud Engineer,[],0
JOB09644,BI Analyst,[],0
JOB09645,Power BI Developer,[],0
JOB09646,Data Scientist,[],0
JOB09647,Data Analyst,[],0
JOB09648,Cloud Engineer,[],0
JOB09649,Product Analyst,[],0
JOB09650,Data Engineer,[],0
JOB09651,Machine Learning Engineer,[],0
JOB09652,Data Scientist,[],0
JOB09653,Product Analyst,[],0
JOB09654,Python Developer,[],0
JOB09655,Web Developer,[],0
JOB09656,SQL Developer,[],0
JOB09657,Web Developer,[],0
JOB09658,Financial Analyst,[],0
JOB09659,QA Engineer,[],0
JOB09660,Data Scientist,[],0
JOB09661,SQL Developer,[],0
JOB09662,Full Stack Developer,[],0
JOB09663,Marketing Analyst,[],0
JOB09664,Cloud Engineer,[],0
JOB09665,Database Administrator,[],0
JOB09666,BI Analyst,[],0
JOB09667,DevOps Engineer,[],0
JOB09668,Marketing Analyst,['Oracle'],1
JOB09669,Database Administrator,[],0
JOB09670,DevOps Engineer,[],0
JOB09671,Data Scientist,[],0
JOB09672,Power BI Developer,[],0
JOB09673,DevOps Engineer,[],0
JOB09674,Software Engineer,[],0
JOB09675,Data Scientist,[],0
JOB09676,Marketing Analyst,[],0
JOB09677,Software Engineer,[],0
JOB09678,Power BI Developer,[],0
JOB09679,Software Engineer,[],0
JOB09680,Data Engineer,[],0
JOB09681,BI Analyst,[],0
JOB09682,SQL Developer,[],0
JOB09683,BI Analyst,[],0
JOB09684,Product Analyst,[],0
JOB09685,Data Scientist,[],0
JOB09686,Financial Analyst,[],0
JOB09687,BI Analyst,[],0
JOB09688,Full Stack Developer,[],0
JOB09689,Data Scientist,[],0
JOB09690,Machine Learning Engineer,[],0
JOB09691,QA Engineer,[],0
JOB09692,QA Engineer,[],0
JOB09693,Data Scientist,[],0
JOB09694,HR Analyst,[],0
JOB09695,Software Engineer,[],0
JOB09696,Power BI Developer,['Power BI'],1
JOB09697,Power BI Developer,['Power BI'],1
JOB09698,Machine Learning Engineer,[],0
JOB09699,Data Engineer,[],0
JOB09700,Data Scientist,[],0
JOB09701,SQL Developer,[],0
JOB09702,Data Engineer,[],0
JOB09703,Full Stack Developer,[],0
JOB09704,SQL Developer,[],0
JOB09705,Web Developer,[],0
JOB09706,Marketing Analyst,[],0
JOB09707,Database Administrator,[],0
JOB09708,Machine Learning Engineer,[],0
JOB09709,DevOps Engineer,[],0
JOB09710,Machine Learning Engineer,[],0
JOB09711,SQL Developer,[],0
JOB09712,Database Administrator,['Oracle'],1
JOB09713,HR Analyst,[],0
JOB09714,SQL Developer,[],0
JOB09715,Machine Learning Engineer,[],0
JOB09716,Web Developer,[],0
JOB09717,Software Engineer,[],0
JOB09718,Software Engineer,[],0
JOB09719,Data Analyst,[],0
JOB09720,Cloud Engineer,[],0
JOB09721,Financial Analyst,[],0
JOB09722,Database Administrator,[],0
JOB09723,DevOps Engineer,[],0
JOB09724,Business Analyst,[],0
JOB09725,Data Engineer,[],0
JOB09726,Power BI Developer,[],0
JOB09727,Financial Analyst,[],0
JOB09728,Software Engineer,[],0
JOB09729,Data Analyst,[],0
JOB09730,BI Analyst,[],0
JOB09731,Data Engineer,[],0
JOB09732,Power BI Developer,[],0
JOB09733,Product Analyst,[],0
JOB09734,Financial Analyst,[],0
JOB09735,Business Analyst,[],0
JOB09736,Power BI Developer,[],0
JOB09737,Data Analyst,[],0
JOB09738,Data Engineer,[],0
JOB09739,Financial Analyst,[],0
JOB09740,Data Scientist,[],0
JOB09741,SQL Developer,[],0
JOB09742,Product Analyst,[],0
JOB09743,Python Developer,[],0
JOB09744,QA Engineer,[],0
JOB09745,Data Engineer,[],0
JOB09746,Software Engineer,[],0
JOB09747,Product Analyst,[],0
JOB09748,Marketing Analyst,[],0
JOB09749,Python Developer,[],0
JOB09750,BI Analyst,[],0
JOB09751,Cloud Engineer,[],0
JOB09752,Business Analyst,[],0
JOB09753,Machine Learning Engineer,[],0
JOB09754,Data Scientist,[],0
JOB09755,Python Developer,[],0
JOB09756,Database Administrator,[],0
JOB09757,QA Engineer,[],0
JOB09758,DevOps Engineer,[],0
JOB09759,BI Analyst,[],0
JOB09760,Financial Analyst,[],0
JOB09761,Product Analyst,[],0
JOB09762,Python Developer,[],0
JOB09763,Full Stack Developer,[],0
JOB09764,DevOps Engineer,[],0
JOB09765,BI Analyst,[],0
JOB09766,Marketing Analyst,[],0
JOB09767,BI Analyst,[],0
JOB09768,BI Analyst,[],0
JOB09769,Power BI Developer,[],0
JOB09770,Financial Analyst,[],0
JOB09771,Marketing Analyst,[],0
JOB09772,Product Analyst,[],0
JOB09773,Web Developer,[],0
JOB09774,DevOps Engineer,[],0
JOB09775,Cloud Engineer,[],0
JOB09776,Data Engineer,[],0
JOB09777,Product Analyst,[],0
JOB09778,Database Administrator,[],0
JOB09779,HR Analyst,[],0
JOB09780,Data Analyst,[],0
JOB09781,Marketing Analyst,[],0
JOB09782,QA Engineer,[],0
JOB09783,Database Administrator,[],0
JOB09784,Database Administrator,[],0
JOB09785,Data Analyst,[],0
JOB09786,BI Analyst,[],0
JOB09787,Product Analyst,[],0
JOB09788,QA Engineer,[],0
JOB09789,Financial Analyst,[],0
JOB09790,QA Engineer,[],0
JOB09791,Database Administrator,[],0
JOB09792,Cloud Engineer,[],0
JOB09793,Web Developer,[],0
JOB09794,BI Analyst,[],0
JOB09795,Data Analyst,[],0
JOB09796,Data Engineer,[],0
JOB09797,Machine Learning Engineer,[],0
JOB09798,Data Engineer,[],0
JOB09799,Machine Learning Engineer,[],0
JOB09800,Data Analyst,[],0
JOB09801,Marketing Analyst,[],0
JOB09802,Machine Learning Engineer,[],0
JOB09803,Data Scientist,[],0
JOB09804,Data Engineer,[],0
JOB09805,Marketing Analyst,[],0
JOB09806,Data Scientist,[],0
JOB09807,HR Analyst,['HR Analytics'],1
JOB09808,Financial Analyst,[],0
JOB09809,Cloud Engineer,[],0
JOB09810,Database Administrator,[],0
JOB09811,Financial Analyst,[],0
JOB09812,QA Engineer,[],0
JOB09813,Marketing Analyst,[],0
JOB09814,Product Analyst,[],0
JOB09815,Machine Learning Engineer,[],0
JOB09816,Software Engineer,[],0
JOB09817,DevOps Engineer,[],0
JOB09818,Web Developer,[],0
JOB09819,BI Analyst,[],0
JOB09820,Power BI Developer,[],0
JOB09821,Power BI Developer,[],0
JOB09822,BI Analyst,[],0
JOB09823,Business Analyst,[],0
JOB09824,DevOps Engineer,[],0
JOB09825,DevOps Engineer,[],0
JOB09826,BI Analyst,[],0
JOB09827,Web Developer,[],0
JOB09828,QA Engineer,[],0
JOB09829,Financial Analyst,[],0
JOB09830,SQL Developer,[],0
JOB09831,Full Stack Developer,[],0
JOB09832,Cloud Engineer,[],0
JOB09833,Machine Learning Engineer,[],0
JOB09834,Product Analyst,[],0
JOB09835,Data Scientist,[],0
JOB09836,Financial Analyst,[],0
JOB09837,Python Developer,[],0
JOB09838,Financial Analyst,[],0
JOB09839,Database Administrator,[],0
JOB09840,Web Developer,[],0
JOB09841,Cloud Engineer,[],0
JOB09842,Power BI Developer,[],0
JOB09843,Product Analyst,[],0
JOB09844,Machine Learning Engineer,[],0
JOB09845,DevOps Engineer,[],0
JOB09846,Power BI Developer,[],0
JOB09847,Product Analyst,[],0
JOB09848,Web Developer,[],0
JOB09849,Product Analyst,[],0
JOB09850,Power BI Developer,[],0
JOB09851,Full Stack Developer,[],0
JOB09852,Python Developer,[],0
JOB09853,Data Analyst,[],0
JOB09854,DevOps Engineer,[],0
JOB09855,Web Developer,[],0
JOB09856,QA Engineer,[],0
JOB09857,Data Scientist,[],0
JOB09858,Cloud Engineer,[],0
JOB09859,SQL Developer,[],0
JOB09860,Database Administrator,[],0
JOB09861,DevOps Engineer,[],0
JOB09862,Software Engineer,[],0
JOB09863,Web Developer,[],0
JOB09864,Software Engineer,[],0
JOB09865,Marketing Analyst,[],0
JOB09866,Data Analyst,[],0
JOB09867,QA Engineer,[],0
JOB09868,Web Developer,[],0
JOB09869,Marketing Analyst,[],0
JOB09870,Cloud Engineer,[],0
JOB09871,Data Engineer,[],0
JOB09872,Database Administrator,[],0
JOB09873,Software Engineer,[],0
JOB09874,Product Analyst,[],0
JOB09875,SQL Developer,['Oracle'],1
JOB09876,Financial Analyst,[],0
JOB09877,Power BI Developer,[],0
JOB09878,Power BI Developer,[],0
JOB09879,Financial Analyst,[],0
JOB09880,Product Analyst,[],0
JOB09881,Python Developer,[],0
JOB09882,Machine Learning Engineer,[],0
JOB09883,Web Developer,[],0
JOB09884,Data Scientist,[],0
JOB09885,Business Analyst,[],0
JOB09886,Data Analyst,['Oracle'],1
JOB09887,Web Developer,[],0
JOB09888,Product Analyst,[],0
JOB09889,Data Scientist,[],0
JOB09890,Marketing Analyst,[],0
JOB09891,BI Analyst,[],0
JOB09892,Marketing Analyst,[],0
JOB09893,Power BI Developer,[],0
JOB09894,Full Stack Developer,[],0
JOB09895,Machine Learning Engineer,[],0
JOB09896,Data Engineer,[],0
JOB09897,Product Analyst,[],0
JOB09898,Data Analyst,[],0
JOB09899,Business Analyst,[],0
JOB09900,QA Engineer,[],0
JOB09901,Data Analyst,[],0
JOB09902,Full Stack Developer,[],0
JOB09903,Machine Learning Engineer,[],0
JOB09904,Product Analyst,[],0
JOB09905,BI Analyst,[],0
JOB09906,QA Engineer,[],0
JOB09907,QA Engineer,[],0
JOB09908,Machine Learning Engineer,[],0
JOB09909,Full Stack Developer,[],0
JOB09910,Python Developer,[],0
JOB09911,Data Analyst,[],0
JOB09912,BI Analyst,[],0
JOB09913,Data Scientist,[],0
JOB09914,Data Scientist,[],0
JOB09915,Web Developer,[],0
JOB09916,Database Administrator,[],0
JOB09917,Full Stack Developer,[],0
JOB09918,Data Analyst,[],0
JOB09919,Web Developer,[],0
JOB09920,Software Engineer,[],0
JOB09921,Data Scientist,[],0
JOB09922,Data Analyst,[],0
JOB09923,Data Analyst,[],0
JOB09924,Web Developer,[],0
JOB09925,QA Engineer,[],0
JOB09926,Data Engineer,[],0
JOB09927,Machine Learning Engineer,[],0
JOB09928,Cloud Engineer,[],0
JOB09929,Power BI Developer,[],0
JOB09930,Full Stack Developer,[],0
JOB09931,Data Engineer,[],0
JOB09932,Database Administrator,[],0
JOB09933,Business Analyst,[],0
JOB09934,BI Analyst,[],0
JOB09935,Cloud Engineer,[],0
JOB09936,Web Developer,[],0
JOB09937,Database Administrator,['Oracle'],1
JOB09938,Business Analyst,[],0
JOB09939,SQL Developer,[],0
JOB09940,Data Scientist,[],0
JOB09941,Marketing Analyst,[],0
JOB09942,Data Analyst,[],0
JOB09943,Business Analyst,[],0
JOB09944,Product Analyst,[],0
JOB09945,Software Engineer,[],0
JOB09946,Power BI Developer,['Power BI'],1
JOB09947,SQL Developer,[],0
JOB09948,BI Analyst,[],0
JOB09949,Business Analyst,[],0
JOB09950,Business Analyst,[],0
JOB09951,Power BI Developer,[],0
JOB09952,Database Administrator,[],0
JOB09953,Power BI Developer,[],0
JOB09954,Business Analyst,[],0
JOB09955,Data Engineer,[],0
JOB09956,Data Engineer,[],0
JOB09957,Data Analyst,[],0
JOB09958,QA Engineer,[],0
JOB09959,Power BI Developer,[],0
JOB09960,Full Stack Developer,[],0
JOB09961,Database Administrator,[],0
JOB09962,Business Analyst,[],0
JOB09963,Web Developer,[],0
JOB09964,Data Scientist,[],0
JOB09965,Power BI Developer,['Power BI'],1
JOB09966,SQL Developer,[],0
JOB09967,Marketing Analyst,[],0
JOB09968,Database Administrator,[],0
JOB09969,BI Analyst,[],0
JOB09970,QA Engineer,[],0
JOB09971,Product Analyst,[],0
JOB09972,Software Engineer,[],0
JOB09973,Data Scientist,[],0
JOB09974,Database Administrator,[],0
JOB09975,QA Engineer,[],0
JOB09976,Data Analyst,[],0
JOB09977,Database Administrator,[],0
JOB09978,Database Administrator,[],0
JOB09979,Data Engineer,[],0
JOB09980,Python Developer,[],0
JOB09981,Power BI Developer,[],0
JOB09982,Marketing Analyst,[],0
JOB09983,Cloud Engineer,[],0
JOB09984,HR Analyst,[],0
JOB09985,Machine Learning Engineer,[],0
JOB09986,Data Scientist,[],0
JOB09987,Data Scientist,[],0
JOB09988,HR Analyst,[],0
JOB09989,QA Engineer,[],0
JOB09990,Machine Learning Engineer,[],0
JOB09991,DevOps Engineer,[],0
JOB09992,Cloud Engineer,[],0
JOB09993,Data Analyst,[],0
JOB09994,DevOps Engineer,[],0
JOB09995,Software Engineer,[],0
JOB09996,SQL Developer,[],0
JOB09997,Data Engineer,[],0
JOB09998,Business Analyst,[],0
JOB09999,Software Engineer,[],0
JOB10000,Python Developer,[],0
